{
    "opt": {
        "train_epochs": 9.9,
        "batch_size": 1536,
        "lr": 17.25,
        "momentum": 0.85,
        "weight_decay": 0.0153,
        "bias_scaler": 64.0,
        "label_smoothing": 0.2,
        "whiten_bias_epochs": 3
    },
    "aug": {
        "flip": true,
        "translate": 2
    },
    "net": {
        "widths": {
            "block1": 64,
            "block2": 256,
            "block3": 256
        },
        "batchnorm_momentum": 0.6,
        "scaling_factor": 0.1111111111111111,
        "tta_level": 2
    },
    "random_seed": 99,
    "git_commit_hash": "85402c5c6fafc553256ddda6a38a5e86792e3fed",
    "elapsed_wclock_time": 3.936033041238785,
    "final acc": 0.935699999332428,
    "last batch loss": 0.9459635416666666,
    "epoch_val_accs": [
        0.5184999704360962,
        0.5231999754905701,
        0.7246999740600586,
        0.48339998722076416,
        0.7533999681472778,
        0.8107999563217163,
        0.7986999750137329,
        0.8959999680519104,
        0.9169999957084656,
        0.9294999837875366
    ],
    "epoch_losses": [
        1.5104166666666667,
        1.37890625,
        1.240234375,
        1.2467447916666667,
        1.169921875,
        1.1061197916666667,
        1.078125,
        1.0123697916666667,
        0.994140625,
        0.9459635416666666
    ]
}