{
    "opt": {
        "train_epochs": 9.9,
        "batch_size": 1536,
        "lr": 17.25,
        "momentum": 0.85,
        "weight_decay": 0.0153,
        "bias_scaler": 64.0,
        "label_smoothing": 0.2,
        "whiten_bias_epochs": 3
    },
    "aug": {
        "flip": true,
        "translate": 2
    },
    "net": {
        "widths": {
            "block1": 64,
            "block2": 256,
            "block3": 256
        },
        "batchnorm_momentum": 0.6,
        "scaling_factor": 0.1111111111111111,
        "tta_level": 2
    },
    "random_seed": 99,
    "git_commit_hash": "85402c5c6fafc553256ddda6a38a5e86792e3fed",
    "elapsed_wclock_time": 3.946105000972748,
    "final acc": 0.934499979019165,
    "last batch loss": 0.953125,
    "epoch_val_accs": [
        0.5932999849319458,
        0.6215999722480774,
        0.6976999640464783,
        0.6092000007629395,
        0.7777000069618225,
        0.8417999744415283,
        0.8556999564170837,
        0.890999972820282,
        0.9169999957084656,
        0.9264999628067017
    ],
    "epoch_losses": [
        1.5677083333333333,
        1.3209635416666667,
        1.2493489583333333,
        1.2740885416666667,
        1.1640625,
        1.1263020833333333,
        1.0950520833333333,
        1.0260416666666667,
        0.9869791666666666,
        0.953125
    ]
}