{
    "opt": {
        "train_epochs": 9.9,
        "batch_size": 1536,
        "lr": 17.25,
        "momentum": 0.85,
        "weight_decay": 0.0153,
        "bias_scaler": 64.0,
        "label_smoothing": 0.2,
        "whiten_bias_epochs": 3
    },
    "aug": {
        "flip": true,
        "translate": 2
    },
    "net": {
        "widths": {
            "block1": 64,
            "block2": 256,
            "block3": 256
        },
        "batchnorm_momentum": 0.6,
        "scaling_factor": 0.1111111111111111,
        "tta_level": 2
    },
    "random_seed": 99,
    "git_commit_hash": "85402c5c6fafc553256ddda6a38a5e86792e3fed",
    "elapsed_wclock_time": 3.9820123534202576,
    "final acc": 0.9395999908447266,
    "last batch loss": 0.9498697916666666,
    "epoch_val_accs": [
        0.6197999715805054,
        0.5968999862670898,
        0.6432999968528748,
        0.7483999729156494,
        0.8150999546051025,
        0.7465999722480774,
        0.8532999753952026,
        0.8989999890327454,
        0.9158999919891357,
        0.9327999949455261
    ],
    "epoch_losses": [
        1.46484375,
        1.3372395833333333,
        1.2389322916666667,
        1.2057291666666667,
        1.1276041666666667,
        1.107421875,
        1.08203125,
        1.0091145833333333,
        0.9798177083333334,
        0.9498697916666666
    ]
}