{
    "opt": {
        "train_epochs": 9.9,
        "batch_size": 1536,
        "lr": 17.25,
        "momentum": 0.85,
        "weight_decay": 0.0153,
        "bias_scaler": 64.0,
        "label_smoothing": 0.2,
        "whiten_bias_epochs": 3
    },
    "aug": {
        "flip": true,
        "translate": 2
    },
    "net": {
        "widths": {
            "block1": 64,
            "block2": 256,
            "block3": 256
        },
        "batchnorm_momentum": 0.6,
        "scaling_factor": 0.1111111111111111,
        "tta_level": 2
    },
    "random_seed": 99,
    "git_commit_hash": "85402c5c6fafc553256ddda6a38a5e86792e3fed",
    "elapsed_wclock_time": 3.934552184343338,
    "final acc": 0.9365999698638916,
    "last batch loss": 0.9479166666666666,
    "epoch_val_accs": [
        0.6295999884605408,
        0.6083999872207642,
        0.7242000102996826,
        0.7724999785423279,
        0.8281999826431274,
        0.7572999596595764,
        0.8432999849319458,
        0.8969999551773071,
        0.9194999933242798,
        0.9281999468803406
    ],
    "epoch_losses": [
        1.4895833333333333,
        1.3033854166666667,
        1.2161458333333333,
        1.2057291666666667,
        1.1588541666666667,
        1.0944010416666667,
        1.0520833333333333,
        1.0078125,
        0.9934895833333334,
        0.9479166666666666
    ]
}