{
    "opt": {
        "train_epochs": 9.9,
        "batch_size": 1536,
        "lr": 17.25,
        "momentum": 0.85,
        "weight_decay": 0.0153,
        "bias_scaler": 64.0,
        "label_smoothing": 0.2,
        "whiten_bias_epochs": 3
    },
    "aug": {
        "flip": true,
        "translate": 2
    },
    "net": {
        "widths": {
            "block1": 64,
            "block2": 256,
            "block3": 256
        },
        "batchnorm_momentum": 0.6,
        "scaling_factor": 0.1111111111111111,
        "tta_level": 2
    },
    "random_seed": 99,
    "git_commit_hash": "85402c5c6fafc553256ddda6a38a5e86792e3fed",
    "elapsed_wclock_time": 3.9398482482433326,
    "final acc": 0.9346999526023865,
    "last batch loss": 0.9674479166666666,
    "epoch_val_accs": [
        0.5270999670028687,
        0.45319998264312744,
        0.5830999612808228,
        0.7511000037193298,
        0.8068999648094177,
        0.7964999675750732,
        0.8424999713897705,
        0.8722999691963196,
        0.9126999974250793,
        0.9269999861717224
    ],
    "epoch_losses": [
        1.484375,
        1.37109375,
        1.26171875,
        1.1946614583333333,
        1.1673177083333333,
        1.12890625,
        1.0891927083333333,
        1.0279947916666667,
        0.998046875,
        0.9674479166666666
    ]
}