{
    "opt": {
        "train_epochs": 9.9,
        "batch_size": 1536,
        "lr": 17.25,
        "momentum": 0.85,
        "weight_decay": 0.0153,
        "bias_scaler": 64.0,
        "label_smoothing": 0.2,
        "whiten_bias_epochs": 3
    },
    "aug": {
        "flip": true,
        "translate": 2
    },
    "net": {
        "widths": {
            "block1": 64,
            "block2": 256,
            "block3": 256
        },
        "batchnorm_momentum": 0.6,
        "scaling_factor": 0.1111111111111111,
        "tta_level": 2
    },
    "random_seed": 99,
    "git_commit_hash": "85402c5c6fafc553256ddda6a38a5e86792e3fed",
    "elapsed_wclock_time": 3.9914167699813845,
    "final acc": 0.9377999901771545,
    "last batch loss": 0.9446614583333334,
    "epoch_val_accs": [
        0.6245999932289124,
        0.7206999659538269,
        0.6484999656677246,
        0.6068999767303467,
        0.8429999947547913,
        0.8173999786376953,
        0.851099967956543,
        0.9017999768257141,
        0.9182999730110168,
        0.9303999543190002
    ],
    "epoch_losses": [
        1.52734375,
        1.330078125,
        1.28125,
        1.21875,
        1.1484375,
        1.0852864583333333,
        1.0651041666666667,
        1.0247395833333333,
        0.9928385416666666,
        0.9446614583333334
    ]
}