{
    "opt": {
        "train_epochs": 9.9,
        "batch_size": 1536,
        "lr": 17.25,
        "momentum": 0.85,
        "weight_decay": 0.0153,
        "bias_scaler": 64.0,
        "label_smoothing": 0.2,
        "whiten_bias_epochs": 3
    },
    "aug": {
        "flip": true,
        "translate": 2
    },
    "net": {
        "widths": {
            "block1": 64,
            "block2": 256,
            "block3": 256
        },
        "batchnorm_momentum": 0.6,
        "scaling_factor": 0.1111111111111111,
        "tta_level": 2
    },
    "random_seed": 99,
    "git_commit_hash": "85402c5c6fafc553256ddda6a38a5e86792e3fed",
    "elapsed_wclock_time": 3.9404987719058995,
    "final acc": 0.9388999938964844,
    "last batch loss": 0.9466145833333334,
    "epoch_val_accs": [
        0.6229000091552734,
        0.5422999858856201,
        0.7398999929428101,
        0.5821999907493591,
        0.8470999598503113,
        0.8452999591827393,
        0.8650999665260315,
        0.8912000060081482,
        0.9115999937057495,
        0.9304999709129333
    ],
    "epoch_losses": [
        1.5065104166666667,
        1.3489583333333333,
        1.2395833333333333,
        1.2200520833333333,
        1.1380208333333333,
        1.0794270833333333,
        1.0611979166666667,
        1.0091145833333333,
        0.9817708333333334,
        0.9466145833333334
    ]
}