{
    "opt": {
        "train_epochs": 9.9,
        "batch_size": 1536,
        "lr": 17.25,
        "momentum": 0.85,
        "weight_decay": 0.0153,
        "bias_scaler": 64.0,
        "label_smoothing": 0.2,
        "whiten_bias_epochs": 3
    },
    "aug": {
        "flip": true,
        "translate": 2
    },
    "net": {
        "widths": {
            "block1": 64,
            "block2": 256,
            "block3": 256
        },
        "batchnorm_momentum": 0.6,
        "scaling_factor": 0.1111111111111111,
        "tta_level": 2
    },
    "random_seed": 99,
    "git_commit_hash": "85402c5c6fafc553256ddda6a38a5e86792e3fed",
    "elapsed_wclock_time": 3.9450790724754334,
    "final acc": 0.9355999827384949,
    "last batch loss": 0.9446614583333334,
    "epoch_val_accs": [
        0.4490000009536743,
        0.4375999867916107,
        0.761199951171875,
        0.7899999618530273,
        0.830299973487854,
        0.8567000031471252,
        0.854200005531311,
        0.9012999534606934,
        0.9177999496459961,
        0.9296000003814697
    ],
    "epoch_losses": [
        1.4934895833333333,
        1.3424479166666667,
        1.2630208333333333,
        1.166015625,
        1.1334635416666667,
        1.0930989583333333,
        1.0579427083333333,
        1.009765625,
        0.9921875,
        0.9446614583333334
    ]
}