{
    "opt": {
        "train_epochs": 9.9,
        "batch_size": 1536,
        "lr": 17.25,
        "momentum": 0.85,
        "weight_decay": 0.0153,
        "bias_scaler": 64.0,
        "label_smoothing": 0.2,
        "whiten_bias_epochs": 3
    },
    "aug": {
        "flip": true,
        "translate": 2
    },
    "net": {
        "widths": {
            "block1": 64,
            "block2": 256,
            "block3": 256
        },
        "batchnorm_momentum": 0.6,
        "scaling_factor": 0.1111111111111111,
        "tta_level": 2
    },
    "random_seed": 99,
    "git_commit_hash": "85402c5c6fafc553256ddda6a38a5e86792e3fed",
    "elapsed_wclock_time": 3.857831607580185,
    "final acc": 0.9390999674797058,
    "last batch loss": 0.9544270833333334,
    "epoch_val_accs": [
        0.5555999875068665,
        0.3392999768257141,
        0.7342000007629395,
        0.7232999801635742,
        0.7954999804496765,
        0.8434000015258789,
        0.8610999584197998,
        0.9023999571800232,
        0.9196999669075012,
        0.9300999641418457
    ],
    "epoch_losses": [
        1.5286458333333333,
        1.4440104166666667,
        1.2213541666666667,
        1.1985677083333333,
        1.1419270833333333,
        1.1158854166666667,
        1.08984375,
        1.0104166666666667,
        0.9830729166666666,
        0.9544270833333334
    ]
}