{
    "opt": {
        "train_epochs": 9.9,
        "batch_size": 1536,
        "lr": 17.25,
        "momentum": 0.85,
        "weight_decay": 0.0153,
        "bias_scaler": 64.0,
        "label_smoothing": 0.2,
        "whiten_bias_epochs": 3
    },
    "aug": {
        "flip": true,
        "translate": 2
    },
    "net": {
        "widths": {
            "block1": 64,
            "block2": 256,
            "block3": 256
        },
        "batchnorm_momentum": 0.6,
        "scaling_factor": 0.1111111111111111,
        "tta_level": 2
    },
    "random_seed": 99,
    "git_commit_hash": "85402c5c6fafc553256ddda6a38a5e86792e3fed",
    "elapsed_wclock_time": 3.851809808969498,
    "final acc": 0.9370999932289124,
    "last batch loss": 0.947265625,
    "epoch_val_accs": [
        0.618399977684021,
        0.5947999954223633,
        0.6848999857902527,
        0.7537999749183655,
        0.8326999545097351,
        0.8238999843597412,
        0.8093000054359436,
        0.9062999486923218,
        0.9154999852180481,
        0.9299999475479126
    ],
    "epoch_losses": [
        1.4921875,
        1.28515625,
        1.25,
        1.19140625,
        1.12109375,
        1.099609375,
        1.0833333333333333,
        1.0240885416666667,
        0.9778645833333334,
        0.947265625
    ]
}