{
    "opt": {
        "train_epochs": 9.9,
        "batch_size": 1536,
        "lr": 17.25,
        "momentum": 0.85,
        "weight_decay": 0.0153,
        "bias_scaler": 64.0,
        "label_smoothing": 0.2,
        "whiten_bias_epochs": 3
    },
    "aug": {
        "flip": true,
        "translate": 2
    },
    "net": {
        "widths": {
            "block1": 64,
            "block2": 256,
            "block3": 256
        },
        "batchnorm_momentum": 0.6,
        "scaling_factor": 0.1111111111111111,
        "tta_level": 2
    },
    "random_seed": 99,
    "git_commit_hash": "85402c5c6fafc553256ddda6a38a5e86792e3fed",
    "elapsed_wclock_time": 3.8561945047378536,
    "final acc": 0.936199963092804,
    "last batch loss": 0.947265625,
    "epoch_val_accs": [
        0.6491999626159668,
        0.5631999969482422,
        0.7293999791145325,
        0.738599956035614,
        0.814300000667572,
        0.823199987411499,
        0.8587999939918518,
        0.8885999917984009,
        0.9125999808311462,
        0.9299999475479126
    ],
    "epoch_losses": [
        1.46484375,
        1.3932291666666667,
        1.2395833333333333,
        1.189453125,
        1.1692708333333333,
        1.0944010416666667,
        1.0729166666666667,
        1.0104166666666667,
        0.9733072916666666,
        0.947265625
    ]
}