{
    "opt": {
        "train_epochs": 9.9,
        "batch_size": 1536,
        "lr": 17.25,
        "momentum": 0.85,
        "weight_decay": 0.0153,
        "bias_scaler": 64.0,
        "label_smoothing": 0.2,
        "whiten_bias_epochs": 3
    },
    "aug": {
        "flip": true,
        "translate": 2
    },
    "net": {
        "widths": {
            "block1": 64,
            "block2": 256,
            "block3": 256
        },
        "batchnorm_momentum": 0.6,
        "scaling_factor": 0.1111111111111111,
        "tta_level": 2
    },
    "random_seed": 99,
    "git_commit_hash": "85402c5c6fafc553256ddda6a38a5e86792e3fed",
    "elapsed_wclock_time": 3.946079811096191,
    "final acc": 0.9391999840736389,
    "last batch loss": 0.9375,
    "epoch_val_accs": [
        0.5467999577522278,
        0.6662999987602234,
        0.686199963092804,
        0.786799967288971,
        0.8077999949455261,
        0.8380999565124512,
        0.8242999911308289,
        0.8828999996185303,
        0.9167999625205994,
        0.9305999875068665
    ],
    "epoch_losses": [
        1.46875,
        1.3502604166666667,
        1.2350260416666667,
        1.18359375,
        1.1302083333333333,
        1.1100260416666667,
        1.0716145833333333,
        1.0110677083333333,
        0.9856770833333334,
        0.9375
    ]
}