{
    "opt": {
        "train_epochs": 9.9,
        "batch_size": 1536,
        "lr": 17.25,
        "momentum": 0.85,
        "weight_decay": 0.0153,
        "bias_scaler": 64.0,
        "label_smoothing": 0.2,
        "whiten_bias_epochs": 3
    },
    "aug": {
        "flip": true,
        "translate": 2
    },
    "net": {
        "widths": {
            "block1": 64,
            "block2": 256,
            "block3": 256
        },
        "batchnorm_momentum": 0.6,
        "scaling_factor": 0.1111111111111111,
        "tta_level": 2
    },
    "random_seed": 99,
    "git_commit_hash": "85402c5c6fafc553256ddda6a38a5e86792e3fed",
    "elapsed_wclock_time": 3.8552671246528623,
    "final acc": 0.937999963760376,
    "last batch loss": 0.9524739583333334,
    "epoch_val_accs": [
        0.4903999865055084,
        0.5860999822616577,
        0.6816999912261963,
        0.6647999882698059,
        0.8001999855041504,
        0.842799961566925,
        0.8507999777793884,
        0.8886999487876892,
        0.9175999760627747,
        0.9314000010490417
    ],
    "epoch_losses": [
        1.53515625,
        1.3619791666666667,
        1.2649739583333333,
        1.1751302083333333,
        1.154296875,
        1.0950520833333333,
        1.078125,
        1.0234375,
        0.9876302083333334,
        0.9524739583333334
    ]
}