{
    "opt": {
        "train_epochs": 9.9,
        "batch_size": 1536,
        "lr": 17.25,
        "momentum": 0.85,
        "weight_decay": 0.0153,
        "bias_scaler": 64.0,
        "label_smoothing": 0.2,
        "whiten_bias_epochs": 3
    },
    "aug": {
        "flip": true,
        "translate": 2
    },
    "net": {
        "widths": {
            "block1": 64,
            "block2": 256,
            "block3": 256
        },
        "batchnorm_momentum": 0.6,
        "scaling_factor": 0.1111111111111111,
        "tta_level": 2
    },
    "random_seed": 99,
    "git_commit_hash": "85402c5c6fafc553256ddda6a38a5e86792e3fed",
    "elapsed_wclock_time": 3.9416214349269865,
    "final acc": 0.9368999600410461,
    "last batch loss": 0.943359375,
    "epoch_val_accs": [
        0.654699981212616,
        0.39399999380111694,
        0.6484000086784363,
        0.7418000102043152,
        0.8062999844551086,
        0.8406999707221985,
        0.8639999628067017,
        0.8919000029563904,
        0.9111999869346619,
        0.9271000027656555
    ],
    "epoch_losses": [
        1.4401041666666667,
        1.4049479166666667,
        1.2350260416666667,
        1.177734375,
        1.1686197916666667,
        1.125,
        1.0755208333333333,
        1.0084635416666667,
        0.982421875,
        0.943359375
    ]
}