{
    "opt": {
        "train_epochs": 9.9,
        "batch_size": 1536,
        "lr": 17.25,
        "momentum": 0.85,
        "weight_decay": 0.0153,
        "bias_scaler": 64.0,
        "label_smoothing": 0.2,
        "whiten_bias_epochs": 3
    },
    "aug": {
        "flip": true,
        "translate": 2
    },
    "net": {
        "widths": {
            "block1": 64,
            "block2": 256,
            "block3": 256
        },
        "batchnorm_momentum": 0.6,
        "scaling_factor": 0.1111111111111111,
        "tta_level": 2
    },
    "random_seed": 99,
    "git_commit_hash": "85402c5c6fafc553256ddda6a38a5e86792e3fed",
    "elapsed_wclock_time": 3.8555025658607485,
    "final acc": 0.9386999607086182,
    "last batch loss": 0.9635416666666666,
    "epoch_val_accs": [
        0.6473000049591064,
        0.6195999979972839,
        0.7900999784469604,
        0.7489999532699585,
        0.7257999777793884,
        0.7875999808311462,
        0.8571999669075012,
        0.8718999624252319,
        0.9157999753952026,
        0.929099977016449
    ],
    "epoch_losses": [
        1.45703125,
        1.3209635416666667,
        1.23046875,
        1.20703125,
        1.1432291666666667,
        1.0970052083333333,
        1.080078125,
        1.0123697916666667,
        0.9934895833333334,
        0.9635416666666666
    ]
}