{
    "opt": {
        "train_epochs": 9.9,
        "batch_size": 1536,
        "lr": 17.25,
        "momentum": 0.85,
        "weight_decay": 0.0153,
        "bias_scaler": 64.0,
        "label_smoothing": 0.2,
        "whiten_bias_epochs": 3
    },
    "aug": {
        "flip": true,
        "translate": 2
    },
    "net": {
        "widths": {
            "block1": 64,
            "block2": 256,
            "block3": 256
        },
        "batchnorm_momentum": 0.6,
        "scaling_factor": 0.1111111111111111,
        "tta_level": 2
    },
    "random_seed": 99,
    "git_commit_hash": "85402c5c6fafc553256ddda6a38a5e86792e3fed",
    "elapsed_wclock_time": 3.944389050483704,
    "final acc": 0.9362999796867371,
    "last batch loss": 0.94921875,
    "epoch_val_accs": [
        0.6449999809265137,
        0.611799955368042,
        0.66839998960495,
        0.7634999752044678,
        0.7591999769210815,
        0.836899995803833,
        0.851099967956543,
        0.8948999643325806,
        0.9180999994277954,
        0.9264999628067017
    ],
    "epoch_losses": [
        1.4661458333333333,
        1.3294270833333333,
        1.2252604166666667,
        1.1712239583333333,
        1.17578125,
        1.0924479166666667,
        1.0787760416666667,
        1.021484375,
        0.9778645833333334,
        0.94921875
    ]
}