{
    "opt": {
        "train_epochs": 9.9,
        "batch_size": 1536,
        "lr": 17.25,
        "momentum": 0.85,
        "weight_decay": 0.0153,
        "bias_scaler": 64.0,
        "label_smoothing": 0.2,
        "whiten_bias_epochs": 3
    },
    "aug": {
        "flip": true,
        "translate": 2
    },
    "net": {
        "widths": {
            "block1": 64,
            "block2": 256,
            "block3": 256
        },
        "batchnorm_momentum": 0.6,
        "scaling_factor": 0.1111111111111111,
        "tta_level": 2
    },
    "random_seed": 99,
    "git_commit_hash": "85402c5c6fafc553256ddda6a38a5e86792e3fed",
    "elapsed_wclock_time": 3.990509002685547,
    "final acc": 0.9376999735832214,
    "last batch loss": 0.9479166666666666,
    "epoch_val_accs": [
        0.6653000116348267,
        0.545799970626831,
        0.6726999878883362,
        0.7734000086784363,
        0.8069999814033508,
        0.8299999833106995,
        0.7879999876022339,
        0.9084999561309814,
        0.9213999509811401,
        0.9321999549865723
    ],
    "epoch_losses": [
        1.48046875,
        1.3216145833333333,
        1.2610677083333333,
        1.1881510416666667,
        1.166015625,
        1.1080729166666667,
        1.0872395833333333,
        0.9967447916666666,
        0.9908854166666666,
        0.9479166666666666
    ]
}