{
    "opt": {
        "train_epochs": 9.9,
        "batch_size": 1536,
        "lr": 17.25,
        "momentum": 0.85,
        "weight_decay": 0.0153,
        "bias_scaler": 64.0,
        "label_smoothing": 0.2,
        "whiten_bias_epochs": 3
    },
    "aug": {
        "flip": true,
        "translate": 2
    },
    "net": {
        "widths": {
            "block1": 64,
            "block2": 256,
            "block3": 256
        },
        "batchnorm_momentum": 0.6,
        "scaling_factor": 0.1111111111111111,
        "tta_level": 2
    },
    "random_seed": 99,
    "git_commit_hash": "85402c5c6fafc553256ddda6a38a5e86792e3fed",
    "elapsed_wclock_time": 3.944017181158066,
    "final acc": 0.937999963760376,
    "last batch loss": 0.9485677083333334,
    "epoch_val_accs": [
        0.636900007724762,
        0.7299000024795532,
        0.5407999753952026,
        0.6194999814033508,
        0.7950999736785889,
        0.8459999561309814,
        0.7994999885559082,
        0.8995999693870544,
        0.91239994764328,
        0.9307000041007996
    ],
    "epoch_losses": [
        1.515625,
        1.2903645833333333,
        1.2220052083333333,
        1.228515625,
        1.14453125,
        1.115234375,
        1.09765625,
        1.013671875,
        0.9973958333333334,
        0.9485677083333334
    ]
}