{
    "opt": {
        "train_epochs": 9.9,
        "batch_size": 1536,
        "lr": 17.25,
        "momentum": 0.85,
        "weight_decay": 0.0153,
        "bias_scaler": 64.0,
        "label_smoothing": 0.2,
        "whiten_bias_epochs": 3
    },
    "aug": {
        "flip": true,
        "translate": 2
    },
    "net": {
        "widths": {
            "block1": 64,
            "block2": 256,
            "block3": 256
        },
        "batchnorm_momentum": 0.6,
        "scaling_factor": 0.1111111111111111,
        "tta_level": 2
    },
    "random_seed": 99,
    "git_commit_hash": "85402c5c6fafc553256ddda6a38a5e86792e3fed",
    "elapsed_wclock_time": 3.899505140781402,
    "final acc": 0.9357999563217163,
    "last batch loss": 0.9544270833333334,
    "epoch_val_accs": [
        0.4333999752998352,
        0.48909997940063477,
        0.5386999845504761,
        0.7342999577522278,
        0.7592999935150146,
        0.8449999690055847,
        0.8579999804496765,
        0.902999997138977,
        0.9170999526977539,
        0.9297999739646912
    ],
    "epoch_losses": [
        1.5703125,
        1.3880208333333333,
        1.2350260416666667,
        1.1692708333333333,
        1.1744791666666667,
        1.103515625,
        1.0794270833333333,
        1.0045572916666667,
        0.9869791666666666,
        0.9544270833333334
    ]
}