{
    "opt": {
        "train_epochs": 9.9,
        "batch_size": 1536,
        "lr": 17.25,
        "momentum": 0.85,
        "weight_decay": 0.0153,
        "bias_scaler": 64.0,
        "label_smoothing": 0.2,
        "whiten_bias_epochs": 3
    },
    "aug": {
        "flip": true,
        "translate": 2
    },
    "net": {
        "widths": {
            "block1": 64,
            "block2": 256,
            "block3": 256
        },
        "batchnorm_momentum": 0.6,
        "scaling_factor": 0.1111111111111111,
        "tta_level": 2
    },
    "random_seed": 99,
    "git_commit_hash": "85402c5c6fafc553256ddda6a38a5e86792e3fed",
    "elapsed_wclock_time": 3.9855799775123595,
    "final acc": 0.9375999569892883,
    "last batch loss": 0.9505208333333334,
    "epoch_val_accs": [
        0.5922999978065491,
        0.5986999869346619,
        0.6875999569892883,
        0.757099986076355,
        0.7983999848365784,
        0.8521999716758728,
        0.8427000045776367,
        0.8921999931335449,
        0.9178999662399292,
        0.9289999604225159
    ],
    "epoch_losses": [
        1.484375,
        1.3216145833333333,
        1.2747395833333333,
        1.2083333333333333,
        1.14453125,
        1.1126302083333333,
        1.048828125,
        1.0006510416666667,
        0.9895833333333334,
        0.9505208333333334
    ]
}