{
    "opt": {
        "train_epochs": 9.9,
        "batch_size": 1536,
        "lr": 17.25,
        "momentum": 0.85,
        "weight_decay": 0.0153,
        "bias_scaler": 64.0,
        "label_smoothing": 0.2,
        "whiten_bias_epochs": 3
    },
    "aug": {
        "flip": true,
        "translate": 2
    },
    "net": {
        "widths": {
            "block1": 64,
            "block2": 256,
            "block3": 256
        },
        "batchnorm_momentum": 0.6,
        "scaling_factor": 0.1111111111111111,
        "tta_level": 2
    },
    "random_seed": 99,
    "git_commit_hash": "85402c5c6fafc553256ddda6a38a5e86792e3fed",
    "elapsed_wclock_time": 3.8566455380916596,
    "final acc": 0.9404000043869019,
    "last batch loss": 0.947265625,
    "epoch_val_accs": [
        0.5819999575614929,
        0.35589998960494995,
        0.7039999961853027,
        0.7450000047683716,
        0.8495000004768372,
        0.8499000072479248,
        0.8836999535560608,
        0.9106000065803528,
        0.9120999574661255,
        0.9297999739646912
    ],
    "epoch_losses": [
        1.48046875,
        1.4036458333333333,
        1.2291666666666667,
        1.1803385416666667,
        1.1438802083333333,
        1.1022135416666667,
        1.0748697916666667,
        1.0234375,
        0.984375,
        0.947265625
    ]
}