{
    "opt": {
        "train_epochs": 9.9,
        "batch_size": 1536,
        "lr": 17.25,
        "momentum": 0.85,
        "weight_decay": 0.0153,
        "bias_scaler": 64.0,
        "label_smoothing": 0.2,
        "whiten_bias_epochs": 3
    },
    "aug": {
        "flip": true,
        "translate": 2
    },
    "net": {
        "widths": {
            "block1": 64,
            "block2": 256,
            "block3": 256
        },
        "batchnorm_momentum": 0.6,
        "scaling_factor": 0.1111111111111111,
        "tta_level": 2
    },
    "random_seed": 99,
    "git_commit_hash": "85402c5c6fafc553256ddda6a38a5e86792e3fed",
    "elapsed_wclock_time": 3.99134805893898,
    "final acc": 0.939300000667572,
    "last batch loss": 0.9518229166666666,
    "epoch_val_accs": [
        0.5309000015258789,
        0.4242999851703644,
        0.7218999862670898,
        0.6851999759674072,
        0.8173999786376953,
        0.8707999587059021,
        0.8458999991416931,
        0.8716999888420105,
        0.9174000024795532,
        0.9325999617576599
    ],
    "epoch_losses": [
        1.5325520833333333,
        1.4244791666666667,
        1.2473958333333333,
        1.1829427083333333,
        1.1608072916666667,
        1.0865885416666667,
        1.078125,
        1.009765625,
        0.982421875,
        0.9518229166666666
    ]
}