{
    "opt": {
        "train_epochs": 9.9,
        "batch_size": 1536,
        "lr": 17.25,
        "momentum": 0.85,
        "weight_decay": 0.0153,
        "bias_scaler": 64.0,
        "label_smoothing": 0.2,
        "whiten_bias_epochs": 3
    },
    "aug": {
        "flip": true,
        "translate": 2
    },
    "net": {
        "widths": {
            "block1": 64,
            "block2": 256,
            "block3": 256
        },
        "batchnorm_momentum": 0.6,
        "scaling_factor": 0.1111111111111111,
        "tta_level": 2
    },
    "random_seed": 99,
    "git_commit_hash": "85402c5c6fafc553256ddda6a38a5e86792e3fed",
    "elapsed_wclock_time": 3.941429827690125,
    "final acc": 0.9373999834060669,
    "last batch loss": 0.9609375,
    "epoch_val_accs": [
        0.5758999586105347,
        0.7085999846458435,
        0.6588000059127808,
        0.6110999584197998,
        0.8082999587059021,
        0.8133999705314636,
        0.8634999990463257,
        0.8948999643325806,
        0.9136999845504761,
        0.9280999898910522
    ],
    "epoch_losses": [
        1.5416666666666667,
        1.3346354166666667,
        1.2532552083333333,
        1.2018229166666667,
        1.1614583333333333,
        1.1282552083333333,
        1.0833333333333333,
        1.0266927083333333,
        0.9895833333333334,
        0.9609375
    ]
}