{
    "opt": {
        "train_epochs": 9.9,
        "batch_size": 1536,
        "lr": 17.25,
        "momentum": 0.85,
        "weight_decay": 0.0153,
        "bias_scaler": 64.0,
        "label_smoothing": 0.2,
        "whiten_bias_epochs": 3
    },
    "aug": {
        "flip": true,
        "translate": 2
    },
    "net": {
        "widths": {
            "block1": 64,
            "block2": 256,
            "block3": 256
        },
        "batchnorm_momentum": 0.6,
        "scaling_factor": 0.1111111111111111,
        "tta_level": 2
    },
    "random_seed": 99,
    "git_commit_hash": "85402c5c6fafc553256ddda6a38a5e86792e3fed",
    "elapsed_wclock_time": 3.897861642122269,
    "final acc": 0.9377999901771545,
    "last batch loss": 0.94921875,
    "epoch_val_accs": [
        0.6060000061988831,
        0.6535999774932861,
        0.4518999755382538,
        0.5130999684333801,
        0.8073999881744385,
        0.8497999906539917,
        0.8693999648094177,
        0.8902999758720398,
        0.9146999716758728,
        0.9307000041007996
    ],
    "epoch_losses": [
        1.4817708333333333,
        1.330078125,
        1.2317708333333333,
        1.2180989583333333,
        1.1477864583333333,
        1.08984375,
        1.056640625,
        1.0162760416666667,
        0.998046875,
        0.94921875
    ]
}