{
    "opt": {
        "train_epochs": 9.9,
        "batch_size": 1536,
        "lr": 17.25,
        "momentum": 0.85,
        "weight_decay": 0.0153,
        "bias_scaler": 64.0,
        "label_smoothing": 0.2,
        "whiten_bias_epochs": 3
    },
    "aug": {
        "flip": true,
        "translate": 2
    },
    "net": {
        "widths": {
            "block1": 64,
            "block2": 256,
            "block3": 256
        },
        "batchnorm_momentum": 0.6,
        "scaling_factor": 0.1111111111111111,
        "tta_level": 2
    },
    "random_seed": 99,
    "git_commit_hash": "85402c5c6fafc553256ddda6a38a5e86792e3fed",
    "elapsed_wclock_time": 3.8564324567317967,
    "final acc": 0.9373999834060669,
    "last batch loss": 0.9537760416666666,
    "epoch_val_accs": [
        0.6650999784469604,
        0.6075999736785889,
        0.7663999795913696,
        0.7396999597549438,
        0.8197000026702881,
        0.85999995470047,
        0.8744999766349792,
        0.8455999493598938,
        0.9181999564170837,
        0.9296000003814697
    ],
    "epoch_losses": [
        1.4622395833333333,
        1.3567708333333333,
        1.2330729166666667,
        1.1673177083333333,
        1.1783854166666667,
        1.0911458333333333,
        1.0696614583333333,
        1.0071614583333333,
        0.984375,
        0.9537760416666666
    ]
}