{
    "opt": {
        "train_epochs": 9.9,
        "batch_size": 1536,
        "lr": 17.25,
        "momentum": 0.85,
        "weight_decay": 0.0153,
        "bias_scaler": 64.0,
        "label_smoothing": 0.2,
        "whiten_bias_epochs": 3
    },
    "aug": {
        "flip": true,
        "translate": 2
    },
    "net": {
        "widths": {
            "block1": 64,
            "block2": 256,
            "block3": 256
        },
        "batchnorm_momentum": 0.6,
        "scaling_factor": 0.1111111111111111,
        "tta_level": 2
    },
    "random_seed": 99,
    "git_commit_hash": "85402c5c6fafc553256ddda6a38a5e86792e3fed",
    "elapsed_wclock_time": 3.9894611694812774,
    "final acc": 0.9365999698638916,
    "last batch loss": 0.955078125,
    "epoch_val_accs": [
        0.6556999683380127,
        0.5419999957084656,
        0.5385000109672546,
        0.7226999998092651,
        0.7587999701499939,
        0.7592999935150146,
        0.8678999543190002,
        0.8815999627113342,
        0.9111999869346619,
        0.9283999800682068
    ],
    "epoch_losses": [
        1.4778645833333333,
        1.35546875,
        1.228515625,
        1.15625,
        1.1451822916666667,
        1.0852864583333333,
        1.0579427083333333,
        0.9973958333333334,
        0.978515625,
        0.955078125
    ]
}