{
    "opt": {
        "train_epochs": 9.9,
        "batch_size": 1536,
        "lr": 17.25,
        "momentum": 0.85,
        "weight_decay": 0.0153,
        "bias_scaler": 64.0,
        "label_smoothing": 0.2,
        "whiten_bias_epochs": 3
    },
    "aug": {
        "flip": true,
        "translate": 2
    },
    "net": {
        "widths": {
            "block1": 64,
            "block2": 256,
            "block3": 256
        },
        "batchnorm_momentum": 0.6,
        "scaling_factor": 0.1111111111111111,
        "tta_level": 2
    },
    "random_seed": 99,
    "git_commit_hash": "85402c5c6fafc553256ddda6a38a5e86792e3fed",
    "elapsed_wclock_time": 3.9450283048152928,
    "final acc": 0.9345999956130981,
    "last batch loss": 0.9524739583333334,
    "epoch_val_accs": [
        0.6385999917984009,
        0.5277999639511108,
        0.33319997787475586,
        0.7471999526023865,
        0.8374999761581421,
        0.8229999542236328,
        0.8691999912261963,
        0.8858000040054321,
        0.9149999618530273,
        0.9259999990463257
    ],
    "epoch_losses": [
        1.51171875,
        1.27734375,
        1.3014322916666667,
        1.2018229166666667,
        1.1393229166666667,
        1.1067708333333333,
        1.072265625,
        1.0182291666666667,
        0.98828125,
        0.9524739583333334
    ]
}