{
    "opt": {
        "train_epochs": 9.9,
        "batch_size": 1536,
        "lr": 17.25,
        "momentum": 0.85,
        "weight_decay": 0.0153,
        "bias_scaler": 64.0,
        "label_smoothing": 0.2,
        "whiten_bias_epochs": 3
    },
    "aug": {
        "flip": true,
        "translate": 2
    },
    "net": {
        "widths": {
            "block1": 64,
            "block2": 256,
            "block3": 256
        },
        "batchnorm_momentum": 0.6,
        "scaling_factor": 0.1111111111111111,
        "tta_level": 2
    },
    "random_seed": 99,
    "git_commit_hash": "85402c5c6fafc553256ddda6a38a5e86792e3fed",
    "elapsed_wclock_time": 3.9881950607299803,
    "final acc": 0.9375,
    "last batch loss": 0.9407552083333334,
    "epoch_val_accs": [
        0.5133000016212463,
        0.38329997658729553,
        0.5906999707221985,
        0.7940999865531921,
        0.8281999826431274,
        0.8003999590873718,
        0.8420000076293945,
        0.9060999751091003,
        0.9070000052452087,
        0.9297999739646912
    ],
    "epoch_losses": [
        1.5143229166666667,
        1.4505208333333333,
        1.2506510416666667,
        1.1666666666666667,
        1.142578125,
        1.1276041666666667,
        1.0625,
        1.01171875,
        0.9895833333333334,
        0.9407552083333334
    ]
}