{
    "opt": {
        "train_epochs": 9.9,
        "batch_size": 1536,
        "lr": 17.25,
        "momentum": 0.85,
        "weight_decay": 0.0153,
        "bias_scaler": 64.0,
        "label_smoothing": 0.2,
        "whiten_bias_epochs": 3
    },
    "aug": {
        "flip": true,
        "translate": 2
    },
    "net": {
        "widths": {
            "block1": 64,
            "block2": 256,
            "block3": 256
        },
        "batchnorm_momentum": 0.6,
        "scaling_factor": 0.1111111111111111,
        "tta_level": 2
    },
    "random_seed": 99,
    "git_commit_hash": "85402c5c6fafc553256ddda6a38a5e86792e3fed",
    "elapsed_wclock_time": 3.9891388282775884,
    "final acc": 0.9369999766349792,
    "last batch loss": 0.9518229166666666,
    "epoch_val_accs": [
        0.5902999639511108,
        0.7465999722480774,
        0.7917999625205994,
        0.703499972820282,
        0.824999988079071,
        0.7621999979019165,
        0.8262999653816223,
        0.8906999826431274,
        0.9169999957084656,
        0.9289999604225159
    ],
    "epoch_losses": [
        1.4778645833333333,
        1.3567708333333333,
        1.212890625,
        1.1979166666666667,
        1.1555989583333333,
        1.1022135416666667,
        1.0657552083333333,
        1.013671875,
        0.9772135416666666,
        0.9518229166666666
    ]
}