{
    "opt": {
        "train_epochs": 9.9,
        "batch_size": 1536,
        "lr": 17.25,
        "momentum": 0.85,
        "weight_decay": 0.0153,
        "bias_scaler": 64.0,
        "label_smoothing": 0.2,
        "whiten_bias_epochs": 3
    },
    "aug": {
        "flip": true,
        "translate": 2
    },
    "net": {
        "widths": {
            "block1": 64,
            "block2": 256,
            "block3": 256
        },
        "batchnorm_momentum": 0.6,
        "scaling_factor": 0.1111111111111111,
        "tta_level": 2
    },
    "random_seed": 99,
    "git_commit_hash": "85402c5c6fafc553256ddda6a38a5e86792e3fed",
    "elapsed_wclock_time": 3.9841966574192047,
    "final acc": 0.9384999871253967,
    "last batch loss": 0.953125,
    "epoch_val_accs": [
        0.6040999889373779,
        0.3580999970436096,
        0.6301999688148499,
        0.7039999961853027,
        0.8003999590873718,
        0.7950999736785889,
        0.8543999791145325,
        0.8872999548912048,
        0.920699954032898,
        0.9307000041007996
    ],
    "epoch_losses": [
        1.4778645833333333,
        1.4127604166666667,
        1.240234375,
        1.2194010416666667,
        1.146484375,
        1.115234375,
        1.0553385416666667,
        1.0149739583333333,
        0.9798177083333334,
        0.953125
    ]
}