{
    "opt": {
        "train_epochs": 9.9,
        "batch_size": 1536,
        "lr": 17.25,
        "momentum": 0.85,
        "weight_decay": 0.0153,
        "bias_scaler": 64.0,
        "label_smoothing": 0.2,
        "whiten_bias_epochs": 3
    },
    "aug": {
        "flip": true,
        "translate": 2
    },
    "net": {
        "widths": {
            "block1": 64,
            "block2": 256,
            "block3": 256
        },
        "batchnorm_momentum": 0.6,
        "scaling_factor": 0.1111111111111111,
        "tta_level": 2
    },
    "random_seed": 99,
    "git_commit_hash": "85402c5c6fafc553256ddda6a38a5e86792e3fed",
    "elapsed_wclock_time": 3.9419805881977075,
    "final acc": 0.9389999508857727,
    "last batch loss": 0.943359375,
    "epoch_val_accs": [
        0.637499988079071,
        0.5988999605178833,
        0.6615999937057495,
        0.7392999529838562,
        0.8628000020980835,
        0.8762999773025513,
        0.8208999633789062,
        0.8964999914169312,
        0.9188999533653259,
        0.9320999979972839
    ],
    "epoch_losses": [
        1.4908854166666667,
        1.3385416666666667,
        1.2389322916666667,
        1.2200520833333333,
        1.1341145833333333,
        1.0852864583333333,
        1.07421875,
        1.0026041666666667,
        0.9778645833333334,
        0.943359375
    ]
}