{
    "opt": {
        "train_epochs": 9.9,
        "batch_size": 1536,
        "lr": 17.25,
        "momentum": 0.85,
        "weight_decay": 0.0153,
        "bias_scaler": 64.0,
        "label_smoothing": 0.2,
        "whiten_bias_epochs": 3
    },
    "aug": {
        "flip": true,
        "translate": 2
    },
    "net": {
        "widths": {
            "block1": 64,
            "block2": 256,
            "block3": 256
        },
        "batchnorm_momentum": 0.6,
        "scaling_factor": 0.1111111111111111,
        "tta_level": 2
    },
    "random_seed": 99,
    "git_commit_hash": "85402c5c6fafc553256ddda6a38a5e86792e3fed",
    "elapsed_wclock_time": 3.9672455976009373,
    "final acc": 0.9391999840736389,
    "last batch loss": 0.9485677083333334,
    "epoch_val_accs": [
        0.652899980545044,
        0.42819997668266296,
        0.505299985408783,
        0.7434999942779541,
        0.8248999714851379,
        0.8306999802589417,
        0.8686999678611755,
        0.9031999707221985,
        0.9176999926567078,
        0.9291999936103821
    ],
    "epoch_losses": [
        1.515625,
        1.3528645833333333,
        1.2571614583333333,
        1.1829427083333333,
        1.173828125,
        1.107421875,
        1.0813802083333333,
        1.013671875,
        0.9837239583333334,
        0.9485677083333334
    ]
}