{
    "opt": {
        "train_epochs": 9.9,
        "batch_size": 1536,
        "lr": 17.25,
        "momentum": 0.85,
        "weight_decay": 0.0153,
        "bias_scaler": 64.0,
        "label_smoothing": 0.2,
        "whiten_bias_epochs": 3
    },
    "aug": {
        "flip": true,
        "translate": 2
    },
    "net": {
        "widths": {
            "block1": 64,
            "block2": 256,
            "block3": 256
        },
        "batchnorm_momentum": 0.6,
        "scaling_factor": 0.1111111111111111,
        "tta_level": 2
    },
    "random_seed": 99,
    "git_commit_hash": "85402c5c6fafc553256ddda6a38a5e86792e3fed",
    "elapsed_wclock_time": 3.943332365989685,
    "final acc": 0.9361000061035156,
    "last batch loss": 0.953125,
    "epoch_val_accs": [
        0.618399977684021,
        0.6198999881744385,
        0.6899999976158142,
        0.7426999807357788,
        0.8296999931335449,
        0.833899974822998,
        0.861799955368042,
        0.8951999545097351,
        0.9174999594688416,
        0.9307999610900879
    ],
    "epoch_losses": [
        1.5182291666666667,
        1.390625,
        1.208984375,
        1.2024739583333333,
        1.1731770833333333,
        1.1126302083333333,
        1.0833333333333333,
        1.0091145833333333,
        0.9889322916666666,
        0.953125
    ]
}