{
    "opt": {
        "train_epochs": 9.9,
        "batch_size": 1536,
        "lr": 17.25,
        "momentum": 0.85,
        "weight_decay": 0.0153,
        "bias_scaler": 64.0,
        "label_smoothing": 0.2,
        "whiten_bias_epochs": 3
    },
    "aug": {
        "flip": true,
        "translate": 2
    },
    "net": {
        "widths": {
            "block1": 64,
            "block2": 256,
            "block3": 256
        },
        "batchnorm_momentum": 0.6,
        "scaling_factor": 0.1111111111111111,
        "tta_level": 2
    },
    "random_seed": 99,
    "git_commit_hash": "85402c5c6fafc553256ddda6a38a5e86792e3fed",
    "elapsed_wclock_time": 3.944139385700226,
    "final acc": 0.9375,
    "last batch loss": 0.94921875,
    "epoch_val_accs": [
        0.6273999810218811,
        0.5412999987602234,
        0.7526999711990356,
        0.7752999663352966,
        0.7630999684333801,
        0.8374999761581421,
        0.8402999639511108,
        0.9083999991416931,
        0.9036999940872192,
        0.9320999979972839
    ],
    "epoch_losses": [
        1.4765625,
        1.41796875,
        1.2239583333333333,
        1.1953125,
        1.1764322916666667,
        1.0924479166666667,
        1.0631510416666667,
        1.0091145833333333,
        0.9928385416666666,
        0.94921875
    ]
}