{
    "opt": {
        "train_epochs": 9.9,
        "batch_size": 1536,
        "lr": 17.25,
        "momentum": 0.85,
        "weight_decay": 0.0153,
        "bias_scaler": 64.0,
        "label_smoothing": 0.2,
        "whiten_bias_epochs": 3
    },
    "aug": {
        "flip": true,
        "translate": 2
    },
    "net": {
        "widths": {
            "block1": 64,
            "block2": 256,
            "block3": 256
        },
        "batchnorm_momentum": 0.6,
        "scaling_factor": 0.1111111111111111,
        "tta_level": 2
    },
    "random_seed": 99,
    "git_commit_hash": "85402c5c6fafc553256ddda6a38a5e86792e3fed",
    "elapsed_wclock_time": 3.9439592432975763,
    "final acc": 0.9358999729156494,
    "last batch loss": 0.9576822916666666,
    "epoch_val_accs": [
        0.5094000101089478,
        0.5760999917984009,
        0.5745999813079834,
        0.6994999647140503,
        0.8154000043869019,
        0.8136999607086182,
        0.8703999519348145,
        0.9005999565124512,
        0.9128999710083008,
        0.9267999529838562
    ],
    "epoch_losses": [
        1.4869791666666667,
        1.30859375,
        1.2233072916666667,
        1.1920572916666667,
        1.1588541666666667,
        1.109375,
        1.0690104166666667,
        1.0052083333333333,
        0.9830729166666666,
        0.9576822916666666
    ]
}