{
    "opt": {
        "train_epochs": 9.9,
        "batch_size": 1536,
        "lr": 17.25,
        "momentum": 0.85,
        "weight_decay": 0.0153,
        "bias_scaler": 64.0,
        "label_smoothing": 0.2,
        "whiten_bias_epochs": 3
    },
    "aug": {
        "flip": true,
        "translate": 2
    },
    "net": {
        "widths": {
            "block1": 64,
            "block2": 256,
            "block3": 256
        },
        "batchnorm_momentum": 0.6,
        "scaling_factor": 0.1111111111111111,
        "tta_level": 2
    },
    "random_seed": 99,
    "git_commit_hash": "85402c5c6fafc553256ddda6a38a5e86792e3fed",
    "elapsed_wclock_time": 3.929220763206482,
    "final acc": 0.9382999539375305,
    "last batch loss": 0.9459635416666666,
    "epoch_val_accs": [
        0.4334999918937683,
        0.617900013923645,
        0.7574999928474426,
        0.7565000057220459,
        0.7475999593734741,
        0.7706999778747559,
        0.6906999945640564,
        0.9041999578475952,
        0.9157999753952026,
        0.9305999875068665
    ],
    "epoch_losses": [
        1.5208333333333333,
        1.3196614583333333,
        1.228515625,
        1.1751302083333333,
        1.1692708333333333,
        1.1165364583333333,
        1.083984375,
        1.0013020833333333,
        0.9837239583333334,
        0.9459635416666666
    ]
}