{
    "opt": {
        "train_epochs": 9.9,
        "batch_size": 1536,
        "lr": 17.25,
        "momentum": 0.85,
        "weight_decay": 0.0153,
        "bias_scaler": 64.0,
        "label_smoothing": 0.2,
        "whiten_bias_epochs": 3
    },
    "aug": {
        "flip": true,
        "translate": 2
    },
    "net": {
        "widths": {
            "block1": 64,
            "block2": 256,
            "block3": 256
        },
        "batchnorm_momentum": 0.6,
        "scaling_factor": 0.1111111111111111,
        "tta_level": 2
    },
    "random_seed": 99,
    "git_commit_hash": "85402c5c6fafc553256ddda6a38a5e86792e3fed",
    "elapsed_wclock_time": 3.8553880884647365,
    "final acc": 0.9365999698638916,
    "last batch loss": 0.9498697916666666,
    "epoch_val_accs": [
        0.5676000118255615,
        0.5742999911308289,
        0.7099999785423279,
        0.7371000051498413,
        0.8046999573707581,
        0.7962999939918518,
        0.8596000075340271,
        0.8836999535560608,
        0.9120999574661255,
        0.9281999468803406
    ],
    "epoch_losses": [
        1.4700520833333333,
        1.4453125,
        1.234375,
        1.1744791666666667,
        1.1555989583333333,
        1.12890625,
        1.0625,
        1.0123697916666667,
        0.982421875,
        0.9498697916666666
    ]
}