{
    "opt": {
        "train_epochs": 9.9,
        "batch_size": 1536,
        "lr": 17.25,
        "momentum": 0.85,
        "weight_decay": 0.0153,
        "bias_scaler": 64.0,
        "label_smoothing": 0.2,
        "whiten_bias_epochs": 3
    },
    "aug": {
        "flip": true,
        "translate": 2
    },
    "net": {
        "widths": {
            "block1": 64,
            "block2": 256,
            "block3": 256
        },
        "batchnorm_momentum": 0.6,
        "scaling_factor": 0.1111111111111111,
        "tta_level": 2
    },
    "random_seed": 99,
    "git_commit_hash": "85402c5c6fafc553256ddda6a38a5e86792e3fed",
    "elapsed_wclock_time": 3.986422748565674,
    "final acc": 0.9377999901771545,
    "last batch loss": 0.9466145833333334,
    "epoch_val_accs": [
        0.522599995136261,
        0.6312999725341797,
        0.6922000050544739,
        0.765500009059906,
        0.7793999910354614,
        0.8282999992370605,
        0.8473999500274658,
        0.9096999764442444,
        0.9196999669075012,
        0.9333999752998352
    ],
    "epoch_losses": [
        1.5494791666666667,
        1.3346354166666667,
        1.2194010416666667,
        1.1705729166666667,
        1.162109375,
        1.109375,
        1.0625,
        1.0006510416666667,
        0.9661458333333334,
        0.9466145833333334
    ]
}