{
    "opt": {
        "train_epochs": 9.9,
        "batch_size": 1536,
        "lr": 17.25,
        "momentum": 0.85,
        "weight_decay": 0.0153,
        "bias_scaler": 64.0,
        "label_smoothing": 0.2,
        "whiten_bias_epochs": 3
    },
    "aug": {
        "flip": true,
        "translate": 2
    },
    "net": {
        "widths": {
            "block1": 64,
            "block2": 256,
            "block3": 256
        },
        "batchnorm_momentum": 0.6,
        "scaling_factor": 0.1111111111111111,
        "tta_level": 2
    },
    "random_seed": 99,
    "git_commit_hash": "85402c5c6fafc553256ddda6a38a5e86792e3fed",
    "elapsed_wclock_time": 3.9825888602733617,
    "final acc": 0.936199963092804,
    "last batch loss": 0.9440104166666666,
    "epoch_val_accs": [
        0.5774999856948853,
        0.6309999823570251,
        0.7268999814987183,
        0.7874999642372131,
        0.8217999935150146,
        0.745199978351593,
        0.8240999579429626,
        0.8991000056266785,
        0.911799967288971,
        0.9291999936103821
    ],
    "epoch_losses": [
        1.53125,
        1.310546875,
        1.2278645833333333,
        1.2122395833333333,
        1.15234375,
        1.1458333333333333,
        1.0748697916666667,
        1.0169270833333333,
        0.9869791666666666,
        0.9440104166666666
    ]
}