{
    "opt": {
        "train_epochs": 9.9,
        "batch_size": 1536,
        "lr": 17.25,
        "momentum": 0.85,
        "weight_decay": 0.0153,
        "bias_scaler": 64.0,
        "label_smoothing": 0.2,
        "whiten_bias_epochs": 3
    },
    "aug": {
        "flip": true,
        "translate": 2
    },
    "net": {
        "widths": {
            "block1": 64,
            "block2": 256,
            "block3": 256
        },
        "batchnorm_momentum": 0.6,
        "scaling_factor": 0.1111111111111111,
        "tta_level": 2
    },
    "random_seed": 99,
    "git_commit_hash": "85402c5c6fafc553256ddda6a38a5e86792e3fed",
    "elapsed_wclock_time": 3.856334186077118,
    "final acc": 0.9373999834060669,
    "last batch loss": 0.9654947916666666,
    "epoch_val_accs": [
        0.6245999932289124,
        0.6423999667167664,
        0.6292999982833862,
        0.7361999750137329,
        0.8482999801635742,
        0.808899998664856,
        0.8578999638557434,
        0.9050999879837036,
        0.9134999513626099,
        0.9287999868392944
    ],
    "epoch_losses": [
        1.484375,
        1.302734375,
        1.25390625,
        1.1940104166666667,
        1.1536458333333333,
        1.1015625,
        1.0709635416666667,
        1.009765625,
        0.974609375,
        0.9654947916666666
    ]
}