{
    "opt": {
        "train_epochs": 9.9,
        "batch_size": 1536,
        "lr": 17.25,
        "momentum": 0.85,
        "weight_decay": 0.0153,
        "bias_scaler": 64.0,
        "label_smoothing": 0.2,
        "whiten_bias_epochs": 3
    },
    "aug": {
        "flip": true,
        "translate": 2
    },
    "net": {
        "widths": {
            "block1": 64,
            "block2": 256,
            "block3": 256
        },
        "batchnorm_momentum": 0.6,
        "scaling_factor": 0.1111111111111111,
        "tta_level": 2
    },
    "random_seed": 99,
    "git_commit_hash": "85402c5c6fafc553256ddda6a38a5e86792e3fed",
    "elapsed_wclock_time": 3.941831080913544,
    "final acc": 0.9365999698638916,
    "last batch loss": 0.94921875,
    "epoch_val_accs": [
        0.5313000082969666,
        0.6951999664306641,
        0.7208999991416931,
        0.7785999774932861,
        0.8229999542236328,
        0.8531000018119812,
        0.8572999835014343,
        0.8862999677658081,
        0.9144999980926514,
        0.9298999905586243
    ],
    "epoch_losses": [
        1.4934895833333333,
        1.3854166666666667,
        1.2584635416666667,
        1.177734375,
        1.15234375,
        1.0911458333333333,
        1.083984375,
        1.0071614583333333,
        0.9798177083333334,
        0.94921875
    ]
}