{
    "opt": {
        "train_epochs": 9.9,
        "batch_size": 1536,
        "lr": 17.25,
        "momentum": 0.85,
        "weight_decay": 0.0153,
        "bias_scaler": 64.0,
        "label_smoothing": 0.2,
        "whiten_bias_epochs": 3
    },
    "aug": {
        "flip": true,
        "translate": 2
    },
    "net": {
        "widths": {
            "block1": 64,
            "block2": 256,
            "block3": 256
        },
        "batchnorm_momentum": 0.6,
        "scaling_factor": 0.1111111111111111,
        "tta_level": 2
    },
    "random_seed": 99,
    "git_commit_hash": "85402c5c6fafc553256ddda6a38a5e86792e3fed",
    "elapsed_wclock_time": 3.9938757998943335,
    "final acc": 0.9386999607086182,
    "last batch loss": 0.9420572916666666,
    "epoch_val_accs": [
        0.5759999752044678,
        0.5358999967575073,
        0.7222999930381775,
        0.7152999639511108,
        0.8087999820709229,
        0.810699999332428,
        0.8551999926567078,
        0.8919000029563904,
        0.917199969291687,
        0.9303999543190002
    ],
    "epoch_losses": [
        1.4544270833333333,
        1.3828125,
        1.25390625,
        1.1809895833333333,
        1.16015625,
        1.091796875,
        1.09375,
        1.001953125,
        0.9791666666666666,
        0.9420572916666666
    ]
}