{
    "opt": {
        "train_epochs": 9.9,
        "batch_size": 1536,
        "lr": 17.25,
        "momentum": 0.85,
        "weight_decay": 0.0153,
        "bias_scaler": 64.0,
        "label_smoothing": 0.2,
        "whiten_bias_epochs": 3
    },
    "aug": {
        "flip": true,
        "translate": 2
    },
    "net": {
        "widths": {
            "block1": 64,
            "block2": 256,
            "block3": 256
        },
        "batchnorm_momentum": 0.6,
        "scaling_factor": 0.1111111111111111,
        "tta_level": 2
    },
    "random_seed": 99,
    "git_commit_hash": "85402c5c6fafc553256ddda6a38a5e86792e3fed",
    "elapsed_wclock_time": 3.9802366654872894,
    "final acc": 0.9358999729156494,
    "last batch loss": 0.94921875,
    "epoch_val_accs": [
        0.6281999945640564,
        0.5087000131607056,
        0.6261999607086182,
        0.6570999622344971,
        0.8015999794006348,
        0.8132999539375305,
        0.8774999976158142,
        0.8982999920845032,
        0.9179999828338623,
        0.9267999529838562
    ],
    "epoch_losses": [
        1.5638020833333333,
        1.39453125,
        1.2408854166666667,
        1.1555989583333333,
        1.146484375,
        1.1158854166666667,
        1.0787760416666667,
        1.0162760416666667,
        0.9817708333333334,
        0.94921875
    ]
}