{
    "opt": {
        "train_epochs": 9.9,
        "batch_size": 1536,
        "lr": 17.25,
        "momentum": 0.85,
        "weight_decay": 0.0153,
        "bias_scaler": 64.0,
        "label_smoothing": 0.2,
        "whiten_bias_epochs": 3
    },
    "aug": {
        "flip": true,
        "translate": 2
    },
    "net": {
        "widths": {
            "block1": 64,
            "block2": 256,
            "block3": 256
        },
        "batchnorm_momentum": 0.6,
        "scaling_factor": 0.1111111111111111,
        "tta_level": 2
    },
    "random_seed": 99,
    "git_commit_hash": "85402c5c6fafc553256ddda6a38a5e86792e3fed",
    "elapsed_wclock_time": 3.9026470837593084,
    "final acc": 0.9372999668121338,
    "last batch loss": 0.9544270833333334,
    "epoch_val_accs": [
        0.5440999865531921,
        0.6444999575614929,
        0.6565999984741211,
        0.7849000096321106,
        0.8100000023841858,
        0.8281999826431274,
        0.8449999690055847,
        0.8671999573707581,
        0.9167999625205994,
        0.9303999543190002
    ],
    "epoch_losses": [
        1.53125,
        1.3014322916666667,
        1.25390625,
        1.2102864583333333,
        1.13671875,
        1.1041666666666667,
        1.072265625,
        1.0084635416666667,
        0.9908854166666666,
        0.9544270833333334
    ]
}