{
    "opt": {
        "train_epochs": 9.9,
        "batch_size": 1536,
        "lr": 17.25,
        "momentum": 0.85,
        "weight_decay": 0.0153,
        "bias_scaler": 64.0,
        "label_smoothing": 0.2,
        "whiten_bias_epochs": 3
    },
    "aug": {
        "flip": true,
        "translate": 2
    },
    "net": {
        "widths": {
            "block1": 64,
            "block2": 256,
            "block3": 256
        },
        "batchnorm_momentum": 0.6,
        "scaling_factor": 0.1111111111111111,
        "tta_level": 2
    },
    "random_seed": 99,
    "git_commit_hash": "85402c5c6fafc553256ddda6a38a5e86792e3fed",
    "elapsed_wclock_time": 3.9911044616699223,
    "final acc": 0.939300000667572,
    "last batch loss": 0.9466145833333334,
    "epoch_val_accs": [
        0.6256999969482422,
        0.6956999897956848,
        0.7200999855995178,
        0.7292999625205994,
        0.8294000029563904,
        0.8610000014305115,
        0.8671999573707581,
        0.9009000062942505,
        0.9192000031471252,
        0.9307000041007996
    ],
    "epoch_losses": [
        1.4596354166666667,
        1.3515625,
        1.2311197916666667,
        1.2102864583333333,
        1.15625,
        1.0865885416666667,
        1.072265625,
        1.00390625,
        0.9791666666666666,
        0.9466145833333334
    ]
}