{
    "opt": {
        "train_epochs": 9.9,
        "batch_size": 1536,
        "lr": 17.25,
        "momentum": 0.85,
        "weight_decay": 0.0153,
        "bias_scaler": 64.0,
        "label_smoothing": 0.2,
        "whiten_bias_epochs": 3
    },
    "aug": {
        "flip": true,
        "translate": 2
    },
    "net": {
        "widths": {
            "block1": 64,
            "block2": 256,
            "block3": 256
        },
        "batchnorm_momentum": 0.6,
        "scaling_factor": 0.1111111111111111,
        "tta_level": 2
    },
    "random_seed": 99,
    "git_commit_hash": "85402c5c6fafc553256ddda6a38a5e86792e3fed",
    "elapsed_wclock_time": 3.994668403625488,
    "final acc": 0.9373999834060669,
    "last batch loss": 0.9375,
    "epoch_val_accs": [
        0.6936999559402466,
        0.651699960231781,
        0.7001999616622925,
        0.32099997997283936,
        0.8442999720573425,
        0.8531999588012695,
        0.8586999773979187,
        0.8917999863624573,
        0.9170999526977539,
        0.9310999512672424
    ],
    "epoch_losses": [
        1.4908854166666667,
        1.3098958333333333,
        1.255859375,
        1.189453125,
        1.1536458333333333,
        1.0989583333333333,
        1.05078125,
        1.0234375,
        0.9817708333333334,
        0.9375
    ]
}