{
    "opt": {
        "train_epochs": 9.9,
        "batch_size": 1536,
        "lr": 17.25,
        "momentum": 0.85,
        "weight_decay": 0.0153,
        "bias_scaler": 64.0,
        "label_smoothing": 0.2,
        "whiten_bias_epochs": 3
    },
    "aug": {
        "flip": true,
        "translate": 2
    },
    "net": {
        "widths": {
            "block1": 64,
            "block2": 256,
            "block3": 256
        },
        "batchnorm_momentum": 0.6,
        "scaling_factor": 0.1111111111111111,
        "tta_level": 2
    },
    "random_seed": 99,
    "git_commit_hash": "85402c5c6fafc553256ddda6a38a5e86792e3fed",
    "elapsed_wclock_time": 3.991694410562516,
    "final acc": 0.9375999569892883,
    "last batch loss": 0.9485677083333334,
    "epoch_val_accs": [
        0.6398000121116638,
        0.5342999696731567,
        0.6762999892234802,
        0.7737999558448792,
        0.8285999894142151,
        0.6823999881744385,
        0.8560000061988831,
        0.9043999910354614,
        0.9179999828338623,
        0.9319999814033508
    ],
    "epoch_losses": [
        1.48828125,
        1.3294270833333333,
        1.2428385416666667,
        1.1653645833333333,
        1.1484375,
        1.1106770833333333,
        1.08984375,
        1.0091145833333333,
        0.98828125,
        0.9485677083333334
    ]
}