{
    "opt": {
        "train_epochs": 9.9,
        "batch_size": 1536,
        "lr": 17.25,
        "momentum": 0.85,
        "weight_decay": 0.0153,
        "bias_scaler": 64.0,
        "label_smoothing": 0.2,
        "whiten_bias_epochs": 3
    },
    "aug": {
        "flip": true,
        "translate": 2
    },
    "net": {
        "widths": {
            "block1": 64,
            "block2": 256,
            "block3": 256
        },
        "batchnorm_momentum": 0.6,
        "scaling_factor": 0.1111111111111111,
        "tta_level": 2
    },
    "random_seed": 99,
    "git_commit_hash": "85402c5c6fafc553256ddda6a38a5e86792e3fed",
    "elapsed_wclock_time": 3.9430104792118073,
    "final acc": 0.9350999593734741,
    "last batch loss": 0.9485677083333334,
    "epoch_val_accs": [
        0.6087999939918518,
        0.44029998779296875,
        0.7084000110626221,
        0.7809000015258789,
        0.7763999700546265,
        0.7906999588012695,
        0.849399983882904,
        0.8904999494552612,
        0.916700005531311,
        0.9274999499320984
    ],
    "epoch_losses": [
        1.5286458333333333,
        1.4205729166666667,
        1.2330729166666667,
        1.171875,
        1.1419270833333333,
        1.1341145833333333,
        1.0651041666666667,
        1.005859375,
        0.982421875,
        0.9485677083333334
    ]
}