{
    "opt": {
        "train_epochs": 9.9,
        "batch_size": 1536,
        "lr": 17.25,
        "momentum": 0.85,
        "weight_decay": 0.0153,
        "bias_scaler": 64.0,
        "label_smoothing": 0.2,
        "whiten_bias_epochs": 3
    },
    "aug": {
        "flip": true,
        "translate": 2
    },
    "net": {
        "widths": {
            "block1": 64,
            "block2": 256,
            "block3": 256
        },
        "batchnorm_momentum": 0.6,
        "scaling_factor": 0.1111111111111111,
        "tta_level": 2
    },
    "random_seed": 99,
    "git_commit_hash": "85402c5c6fafc553256ddda6a38a5e86792e3fed",
    "elapsed_wclock_time": 3.903051440238953,
    "final acc": 0.9370999932289124,
    "last batch loss": 0.951171875,
    "epoch_val_accs": [
        0.6456999778747559,
        0.6175000071525574,
        0.7242000102996826,
        0.7198999524116516,
        0.8295999765396118,
        0.799299955368042,
        0.8159999847412109,
        0.9041000008583069,
        0.9156999588012695,
        0.9307999610900879
    ],
    "epoch_losses": [
        1.4765625,
        1.3489583333333333,
        1.24609375,
        1.2662760416666667,
        1.1640625,
        1.0930989583333333,
        1.0924479166666667,
        1.0026041666666667,
        0.9733072916666666,
        0.951171875
    ]
}