{
    "opt": {
        "train_epochs": 9.9,
        "batch_size": 1536,
        "lr": 17.25,
        "momentum": 0.85,
        "weight_decay": 0.0153,
        "bias_scaler": 64.0,
        "label_smoothing": 0.2,
        "whiten_bias_epochs": 3
    },
    "aug": {
        "flip": true,
        "translate": 2
    },
    "net": {
        "widths": {
            "block1": 64,
            "block2": 256,
            "block3": 256
        },
        "batchnorm_momentum": 0.6,
        "scaling_factor": 0.1111111111111111,
        "tta_level": 2
    },
    "random_seed": 99,
    "git_commit_hash": "85402c5c6fafc553256ddda6a38a5e86792e3fed",
    "elapsed_wclock_time": 3.9383758780956266,
    "final acc": 0.9378999471664429,
    "last batch loss": 0.9479166666666666,
    "epoch_val_accs": [
        0.5338999629020691,
        0.7001000046730042,
        0.5902000069618225,
        0.7049999833106995,
        0.8071999549865723,
        0.7924000024795532,
        0.8708999752998352,
        0.9073999524116516,
        0.921999990940094,
        0.9314999580383301
    ],
    "epoch_losses": [
        1.51171875,
        1.3385416666666667,
        1.2135416666666667,
        1.177734375,
        1.1640625,
        1.1100260416666667,
        1.072265625,
        1.0032552083333333,
        0.9837239583333334,
        0.9479166666666666
    ]
}