{
    "opt": {
        "train_epochs": 9.9,
        "batch_size": 1536,
        "lr": 17.25,
        "momentum": 0.85,
        "weight_decay": 0.0153,
        "bias_scaler": 64.0,
        "label_smoothing": 0.2,
        "whiten_bias_epochs": 3
    },
    "aug": {
        "flip": true,
        "translate": 2
    },
    "net": {
        "widths": {
            "block1": 64,
            "block2": 256,
            "block3": 256
        },
        "batchnorm_momentum": 0.6,
        "scaling_factor": 0.1111111111111111,
        "tta_level": 2
    },
    "random_seed": 99,
    "git_commit_hash": "85402c5c6fafc553256ddda6a38a5e86792e3fed",
    "elapsed_wclock_time": 3.947897403001785,
    "final acc": 0.9386000037193298,
    "last batch loss": 0.939453125,
    "epoch_val_accs": [
        0.5899999737739563,
        0.6080999970436096,
        0.5830999612808228,
        0.6196999549865723,
        0.8277999758720398,
        0.8511999845504761,
        0.8710999488830566,
        0.8984999656677246,
        0.9163999557495117,
        0.9305999875068665
    ],
    "epoch_losses": [
        1.46875,
        1.3033854166666667,
        1.2259114583333333,
        1.1940104166666667,
        1.1471354166666667,
        1.1276041666666667,
        1.0670572916666667,
        1.0130208333333333,
        0.9973958333333334,
        0.939453125
    ]
}