{
    "opt": {
        "train_epochs": 9.9,
        "batch_size": 1536,
        "lr": 17.25,
        "momentum": 0.85,
        "weight_decay": 0.0153,
        "bias_scaler": 64.0,
        "label_smoothing": 0.2,
        "whiten_bias_epochs": 3
    },
    "aug": {
        "flip": true,
        "translate": 2
    },
    "net": {
        "widths": {
            "block1": 64,
            "block2": 256,
            "block3": 256
        },
        "batchnorm_momentum": 0.6,
        "scaling_factor": 0.1111111111111111,
        "tta_level": 2
    },
    "random_seed": 99,
    "git_commit_hash": "85402c5c6fafc553256ddda6a38a5e86792e3fed",
    "elapsed_wclock_time": 3.901326011180878,
    "final acc": 0.9292999505996704,
    "last batch loss": 0.96484375,
    "epoch_val_accs": [
        0.4799000024795532,
        0.6516000032424927,
        0.5051000118255615,
        0.6173999905586243,
        0.7755999565124512,
        0.7989000082015991,
        0.7870000004768372,
        0.8851000070571899,
        0.8981999754905701,
        0.9221999645233154
    ],
    "epoch_losses": [
        1.50390625,
        1.3528645833333333,
        1.3346354166666667,
        1.236328125,
        1.201171875,
        1.1471354166666667,
        1.12109375,
        1.0384114583333333,
        0.99609375,
        0.96484375
    ]
}