{
    "opt": {
        "train_epochs": 9.9,
        "batch_size": 1536,
        "lr": 17.25,
        "momentum": 0.85,
        "weight_decay": 0.0153,
        "bias_scaler": 64.0,
        "label_smoothing": 0.2,
        "whiten_bias_epochs": 3
    },
    "aug": {
        "flip": true,
        "translate": 2
    },
    "net": {
        "widths": {
            "block1": 64,
            "block2": 256,
            "block3": 256
        },
        "batchnorm_momentum": 0.6,
        "scaling_factor": 0.1111111111111111,
        "tta_level": 2
    },
    "random_seed": 99,
    "git_commit_hash": "85402c5c6fafc553256ddda6a38a5e86792e3fed",
    "elapsed_wclock_time": 3.8588213551044466,
    "final acc": 0.9386000037193298,
    "last batch loss": 0.9459635416666666,
    "epoch_val_accs": [
        0.5331999659538269,
        0.6140999794006348,
        0.6092999577522278,
        0.7807999849319458,
        0.8353999853134155,
        0.7203999757766724,
        0.8227999806404114,
        0.9072999954223633,
        0.9200999736785889,
        0.9322999715805054
    ],
    "epoch_losses": [
        1.4765625,
        1.3385416666666667,
        1.2981770833333333,
        1.1614583333333333,
        1.1334635416666667,
        1.11328125,
        1.087890625,
        1.017578125,
        0.9798177083333334,
        0.9459635416666666
    ]
}