{
    "opt": {
        "train_epochs": 9.9,
        "batch_size": 1536,
        "lr": 17.25,
        "momentum": 0.85,
        "weight_decay": 0.0153,
        "bias_scaler": 64.0,
        "label_smoothing": 0.2,
        "whiten_bias_epochs": 3
    },
    "aug": {
        "flip": true,
        "translate": 2
    },
    "net": {
        "widths": {
            "block1": 64,
            "block2": 256,
            "block3": 256
        },
        "batchnorm_momentum": 0.6,
        "scaling_factor": 0.1111111111111111,
        "tta_level": 2
    },
    "random_seed": 99,
    "git_commit_hash": "85402c5c6fafc553256ddda6a38a5e86792e3fed",
    "elapsed_wclock_time": 3.855224818944931,
    "final acc": 0.9375999569892883,
    "last batch loss": 0.9563802083333334,
    "epoch_val_accs": [
        0.6337999701499939,
        0.7031999826431274,
        0.5821999907493591,
        0.7879999876022339,
        0.73499995470047,
        0.8423999547958374,
        0.8515999913215637,
        0.9039999842643738,
        0.9195999503135681,
        0.9283999800682068
    ],
    "epoch_losses": [
        1.4453125,
        1.2936197916666667,
        1.2545572916666667,
        1.208984375,
        1.1484375,
        1.1217447916666667,
        1.09375,
        1.0279947916666667,
        0.9876302083333334,
        0.9563802083333334
    ]
}