{
    "opt": {
        "train_epochs": 9.9,
        "batch_size": 1536,
        "lr": 17.25,
        "momentum": 0.85,
        "weight_decay": 0.0153,
        "bias_scaler": 64.0,
        "label_smoothing": 0.2,
        "whiten_bias_epochs": 3
    },
    "aug": {
        "flip": true,
        "translate": 2
    },
    "net": {
        "widths": {
            "block1": 64,
            "block2": 256,
            "block3": 256
        },
        "batchnorm_momentum": 0.6,
        "scaling_factor": 0.1111111111111111,
        "tta_level": 2
    },
    "random_seed": 99,
    "git_commit_hash": "85402c5c6fafc553256ddda6a38a5e86792e3fed",
    "elapsed_wclock_time": 3.9421277990341186,
    "final acc": 0.9368000030517578,
    "last batch loss": 0.9544270833333334,
    "epoch_val_accs": [
        0.5726999640464783,
        0.7202999591827393,
        0.7356999516487122,
        0.7078999876976013,
        0.7922999858856201,
        0.854699969291687,
        0.8637999892234802,
        0.9086999893188477,
        0.9161999821662903,
        0.9289999604225159
    ],
    "epoch_losses": [
        1.5234375,
        1.3372395833333333,
        1.2493489583333333,
        1.1796875,
        1.1751302083333333,
        1.0826822916666667,
        1.0716145833333333,
        1.0006510416666667,
        0.990234375,
        0.9544270833333334
    ]
}