{
    "opt": {
        "train_epochs": 9.9,
        "batch_size": 1536,
        "lr": 17.25,
        "momentum": 0.85,
        "weight_decay": 0.0153,
        "bias_scaler": 64.0,
        "label_smoothing": 0.2,
        "whiten_bias_epochs": 3
    },
    "aug": {
        "flip": true,
        "translate": 2
    },
    "net": {
        "widths": {
            "block1": 64,
            "block2": 256,
            "block3": 256
        },
        "batchnorm_momentum": 0.6,
        "scaling_factor": 0.1111111111111111,
        "tta_level": 2
    },
    "random_seed": 99,
    "git_commit_hash": "85402c5c6fafc553256ddda6a38a5e86792e3fed",
    "elapsed_wclock_time": 3.942081560850143,
    "final acc": 0.9387999773025513,
    "last batch loss": 0.9563802083333334,
    "epoch_val_accs": [
        0.6011999845504761,
        0.6173999905586243,
        0.7156999707221985,
        0.7559999823570251,
        0.8175999522209167,
        0.8346999883651733,
        0.8703999519348145,
        0.9072999954223633,
        0.9175999760627747,
        0.9282999634742737
    ],
    "epoch_losses": [
        1.5143229166666667,
        1.3248697916666667,
        1.208984375,
        1.2063802083333333,
        1.15234375,
        1.1119791666666667,
        1.0533854166666667,
        1.0052083333333333,
        0.9739583333333334,
        0.9563802083333334
    ]
}