{
    "opt": {
        "train_epochs": 9.9,
        "batch_size": 1536,
        "lr": 17.25,
        "momentum": 0.85,
        "weight_decay": 0.0153,
        "bias_scaler": 64.0,
        "label_smoothing": 0.2,
        "whiten_bias_epochs": 3
    },
    "aug": {
        "flip": true,
        "translate": 2
    },
    "net": {
        "widths": {
            "block1": 64,
            "block2": 256,
            "block3": 256
        },
        "batchnorm_momentum": 0.6,
        "scaling_factor": 0.1111111111111111,
        "tta_level": 2
    },
    "random_seed": 99,
    "git_commit_hash": "85402c5c6fafc553256ddda6a38a5e86792e3fed",
    "elapsed_wclock_time": 3.986138848781586,
    "final acc": 0.9368000030517578,
    "last batch loss": 0.9466145833333334,
    "epoch_val_accs": [
        0.5728999972343445,
        0.3999999761581421,
        0.6940000057220459,
        0.7092999815940857,
        0.8337000012397766,
        0.8152999877929688,
        0.8768999576568604,
        0.8948999643325806,
        0.9187999963760376,
        0.9296999573707581
    ],
    "epoch_losses": [
        1.5572916666666667,
        1.3658854166666667,
        1.3196614583333333,
        1.2037760416666667,
        1.1686197916666667,
        1.1100260416666667,
        1.076171875,
        1.0240885416666667,
        0.9889322916666666,
        0.9466145833333334
    ]
}