{
    "opt": {
        "train_epochs": 9.9,
        "batch_size": 1536,
        "lr": 17.25,
        "momentum": 0.85,
        "weight_decay": 0.0153,
        "bias_scaler": 64.0,
        "label_smoothing": 0.2,
        "whiten_bias_epochs": 3
    },
    "aug": {
        "flip": true,
        "translate": 2
    },
    "net": {
        "widths": {
            "block1": 64,
            "block2": 256,
            "block3": 256
        },
        "batchnorm_momentum": 0.6,
        "scaling_factor": 0.1111111111111111,
        "tta_level": 2
    },
    "random_seed": 99,
    "git_commit_hash": "85402c5c6fafc553256ddda6a38a5e86792e3fed",
    "elapsed_wclock_time": 3.9328194274902346,
    "final acc": 0.9343999624252319,
    "last batch loss": 0.955078125,
    "epoch_val_accs": [
        0.6333999633789062,
        0.7102999687194824,
        0.6924999952316284,
        0.6451999545097351,
        0.7609999775886536,
        0.795799970626831,
        0.8101999759674072,
        0.8980000019073486,
        0.911300003528595,
        0.9268999695777893
    ],
    "epoch_losses": [
        1.4583333333333333,
        1.3092447916666667,
        1.2740885416666667,
        1.2194010416666667,
        1.2057291666666667,
        1.1184895833333333,
        1.0950520833333333,
        1.0345052083333333,
        1.0084635416666667,
        0.955078125
    ]
}