{
    "opt": {
        "train_epochs": 9.9,
        "batch_size": 1536,
        "lr": 17.25,
        "momentum": 0.85,
        "weight_decay": 0.0153,
        "bias_scaler": 64.0,
        "label_smoothing": 0.2,
        "whiten_bias_epochs": 3
    },
    "aug": {
        "flip": true,
        "translate": 2
    },
    "net": {
        "widths": {
            "block1": 64,
            "block2": 256,
            "block3": 256
        },
        "batchnorm_momentum": 0.6,
        "scaling_factor": 0.1111111111111111,
        "tta_level": 2
    },
    "random_seed": 99,
    "git_commit_hash": "85402c5c6fafc553256ddda6a38a5e86792e3fed",
    "elapsed_wclock_time": 3.988326507568359,
    "final acc": 0.939300000667572,
    "last batch loss": 0.9537760416666666,
    "epoch_val_accs": [
        0.5884000062942505,
        0.49539998173713684,
        0.7878999710083008,
        0.590399980545044,
        0.8060999512672424,
        0.8339999914169312,
        0.865399956703186,
        0.9010999798774719,
        0.9056999683380127,
        0.930899977684021
    ],
    "epoch_losses": [
        1.4986979166666667,
        1.3450520833333333,
        1.2057291666666667,
        1.2669270833333333,
        1.15234375,
        1.103515625,
        1.0598958333333333,
        1.017578125,
        0.9850260416666666,
        0.9537760416666666
    ]
}