{
    "opt": {
        "train_epochs": 9.9,
        "batch_size": 1536,
        "lr": 17.25,
        "momentum": 0.85,
        "weight_decay": 0.0153,
        "bias_scaler": 64.0,
        "label_smoothing": 0.2,
        "whiten_bias_epochs": 3
    },
    "aug": {
        "flip": true,
        "translate": 2
    },
    "net": {
        "widths": {
            "block1": 64,
            "block2": 256,
            "block3": 256
        },
        "batchnorm_momentum": 0.6,
        "scaling_factor": 0.1111111111111111,
        "tta_level": 2
    },
    "random_seed": 99,
    "git_commit_hash": "85402c5c6fafc553256ddda6a38a5e86792e3fed",
    "elapsed_wclock_time": 3.945228035211563,
    "final acc": 0.9369999766349792,
    "last batch loss": 0.9485677083333334,
    "epoch_val_accs": [
        0.5194000005722046,
        0.5295999646186829,
        0.6588999629020691,
        0.7857999801635742,
        0.7809000015258789,
        0.8438000082969666,
        0.8560999631881714,
        0.8970999717712402,
        0.9092999696731567,
        0.9319999814033508
    ],
    "epoch_losses": [
        1.5260416666666667,
        1.30859375,
        1.283203125,
        1.181640625,
        1.14453125,
        1.0865885416666667,
        1.09765625,
        0.998046875,
        0.9850260416666666,
        0.9485677083333334
    ]
}