{
    "opt": {
        "train_epochs": 9.9,
        "batch_size": 1536,
        "lr": 17.25,
        "momentum": 0.85,
        "weight_decay": 0.0153,
        "bias_scaler": 64.0,
        "label_smoothing": 0.2,
        "whiten_bias_epochs": 3
    },
    "aug": {
        "flip": true,
        "translate": 2
    },
    "net": {
        "widths": {
            "block1": 64,
            "block2": 256,
            "block3": 256
        },
        "batchnorm_momentum": 0.6,
        "scaling_factor": 0.1111111111111111,
        "tta_level": 2
    },
    "random_seed": 99,
    "git_commit_hash": "85402c5c6fafc553256ddda6a38a5e86792e3fed",
    "elapsed_wclock_time": 3.945576828479767,
    "final acc": 0.9350999593734741,
    "last batch loss": 0.9544270833333334,
    "epoch_val_accs": [
        0.5449999570846558,
        0.676800012588501,
        0.7723000049591064,
        0.7444999814033508,
        0.7227999567985535,
        0.8407999873161316,
        0.8587999939918518,
        0.9024999737739563,
        0.9114999771118164,
        0.9289000034332275
    ],
    "epoch_losses": [
        1.4739583333333333,
        1.296875,
        1.2389322916666667,
        1.1888020833333333,
        1.1673177083333333,
        1.125,
        1.068359375,
        1.0279947916666667,
        0.984375,
        0.9544270833333334
    ]
}