{
    "opt": {
        "train_epochs": 9.9,
        "batch_size": 1536,
        "lr": 17.25,
        "momentum": 0.85,
        "weight_decay": 0.0153,
        "bias_scaler": 64.0,
        "label_smoothing": 0.2,
        "whiten_bias_epochs": 3
    },
    "aug": {
        "flip": true,
        "translate": 2
    },
    "net": {
        "widths": {
            "block1": 64,
            "block2": 256,
            "block3": 256
        },
        "batchnorm_momentum": 0.6,
        "scaling_factor": 0.1111111111111111,
        "tta_level": 2
    },
    "random_seed": 99,
    "git_commit_hash": "85402c5c6fafc553256ddda6a38a5e86792e3fed",
    "elapsed_wclock_time": 3.9813647952079774,
    "final acc": 0.9347999691963196,
    "last batch loss": 0.9440104166666666,
    "epoch_val_accs": [
        0.5120999813079834,
        0.7157999873161316,
        0.7759000062942505,
        0.7633000016212463,
        0.8256999850273132,
        0.7932999730110168,
        0.8643999695777893,
        0.9054999947547913,
        0.9143999814987183,
        0.9296999573707581
    ],
    "epoch_losses": [
        1.48828125,
        1.3209635416666667,
        1.2265625,
        1.1861979166666667,
        1.1516927083333333,
        1.1041666666666667,
        1.0670572916666667,
        1.0143229166666667,
        0.9759114583333334,
        0.9440104166666666
    ]
}