{
    "opt": {
        "train_epochs": 9.9,
        "batch_size": 1536,
        "lr": 17.25,
        "momentum": 0.85,
        "weight_decay": 0.0153,
        "bias_scaler": 64.0,
        "label_smoothing": 0.2,
        "whiten_bias_epochs": 3
    },
    "aug": {
        "flip": true,
        "translate": 2
    },
    "net": {
        "widths": {
            "block1": 64,
            "block2": 256,
            "block3": 256
        },
        "batchnorm_momentum": 0.6,
        "scaling_factor": 0.1111111111111111,
        "tta_level": 2
    },
    "random_seed": 99,
    "git_commit_hash": "85402c5c6fafc553256ddda6a38a5e86792e3fed",
    "elapsed_wclock_time": 3.9841642932891843,
    "final acc": 0.9377999901771545,
    "last batch loss": 0.9505208333333334,
    "epoch_val_accs": [
        0.5601999759674072,
        0.6908999681472778,
        0.6692999601364136,
        0.7049999833106995,
        0.8104000091552734,
        0.7253999710083008,
        0.8366999626159668,
        0.8777999877929688,
        0.916700005531311,
        0.9276999831199646
    ],
    "epoch_losses": [
        1.49609375,
        1.3346354166666667,
        1.2506510416666667,
        1.1907552083333333,
        1.1549479166666667,
        1.1360677083333333,
        1.0716145833333333,
        1.0234375,
        0.9830729166666666,
        0.9505208333333334
    ]
}