{
    "opt": {
        "train_epochs": 9.9,
        "batch_size": 1536,
        "lr": 17.25,
        "momentum": 0.85,
        "weight_decay": 0.0153,
        "bias_scaler": 64.0,
        "label_smoothing": 0.2,
        "whiten_bias_epochs": 3
    },
    "aug": {
        "flip": true,
        "translate": 2
    },
    "net": {
        "widths": {
            "block1": 64,
            "block2": 256,
            "block3": 256
        },
        "batchnorm_momentum": 0.6,
        "scaling_factor": 0.1111111111111111,
        "tta_level": 2
    },
    "random_seed": 99,
    "git_commit_hash": "85402c5c6fafc553256ddda6a38a5e86792e3fed",
    "elapsed_wclock_time": 3.9461370391845705,
    "final acc": 0.9368999600410461,
    "last batch loss": 0.9466145833333334,
    "epoch_val_accs": [
        0.6161999702453613,
        0.3604999780654907,
        0.6638999581336975,
        0.7732999920845032,
        0.7227999567985535,
        0.8533999919891357,
        0.8529999852180481,
        0.8765999674797058,
        0.9177999496459961,
        0.9302999973297119
    ],
    "epoch_losses": [
        1.4765625,
        1.4921875,
        1.228515625,
        1.1764322916666667,
        1.1595052083333333,
        1.091796875,
        1.0755208333333333,
        1.0104166666666667,
        0.9791666666666666,
        0.9466145833333334
    ]
}