{
    "opt": {
        "train_epochs": 9.9,
        "batch_size": 1536,
        "lr": 17.25,
        "momentum": 0.85,
        "weight_decay": 0.0153,
        "bias_scaler": 64.0,
        "label_smoothing": 0.2,
        "whiten_bias_epochs": 3
    },
    "aug": {
        "flip": true,
        "translate": 2
    },
    "net": {
        "widths": {
            "block1": 64,
            "block2": 256,
            "block3": 256
        },
        "batchnorm_momentum": 0.6,
        "scaling_factor": 0.1111111111111111,
        "tta_level": 2
    },
    "random_seed": 99,
    "git_commit_hash": "85402c5c6fafc553256ddda6a38a5e86792e3fed",
    "elapsed_wclock_time": 3.9426388084888457,
    "final acc": 0.9369999766349792,
    "last batch loss": 0.9537760416666666,
    "epoch_val_accs": [
        0.6711999773979187,
        0.6615999937057495,
        0.6038999557495117,
        0.7507999539375305,
        0.8373000025749207,
        0.8126999735832214,
        0.840399980545044,
        0.9066999554634094,
        0.9199999570846558,
        0.9302999973297119
    ],
    "epoch_losses": [
        1.4856770833333333,
        1.3346354166666667,
        1.3287760416666667,
        1.2122395833333333,
        1.1666666666666667,
        1.1041666666666667,
        1.07421875,
        1.0052083333333333,
        0.9837239583333334,
        0.9537760416666666
    ]
}