{
    "opt": {
        "train_epochs": 9.9,
        "batch_size": 1536,
        "lr": 17.25,
        "momentum": 0.85,
        "weight_decay": 0.0153,
        "bias_scaler": 64.0,
        "label_smoothing": 0.2,
        "whiten_bias_epochs": 3
    },
    "aug": {
        "flip": true,
        "translate": 2
    },
    "net": {
        "widths": {
            "block1": 64,
            "block2": 256,
            "block3": 256
        },
        "batchnorm_momentum": 0.6,
        "scaling_factor": 0.1111111111111111,
        "tta_level": 2
    },
    "random_seed": 99,
    "git_commit_hash": "85402c5c6fafc553256ddda6a38a5e86792e3fed",
    "elapsed_wclock_time": 3.9876847076416015,
    "final acc": 0.9373999834060669,
    "last batch loss": 0.9505208333333334,
    "epoch_val_accs": [
        0.4728999733924866,
        0.6782999634742737,
        0.6848999857902527,
        0.7721999883651733,
        0.8376999497413635,
        0.866599977016449,
        0.8709999918937683,
        0.9010999798774719,
        0.9113999605178833,
        0.9286999702453613
    ],
    "epoch_losses": [
        1.5052083333333333,
        1.3125,
        1.2311197916666667,
        1.1959635416666667,
        1.1575520833333333,
        1.0729166666666667,
        1.087890625,
        1.0091145833333333,
        0.9817708333333334,
        0.9505208333333334
    ]
}