{
    "opt": {
        "train_epochs": 9.9,
        "batch_size": 1536,
        "lr": 17.25,
        "momentum": 0.85,
        "weight_decay": 0.0153,
        "bias_scaler": 64.0,
        "label_smoothing": 0.2,
        "whiten_bias_epochs": 3
    },
    "aug": {
        "flip": true,
        "translate": 2
    },
    "net": {
        "widths": {
            "block1": 64,
            "block2": 256,
            "block3": 256
        },
        "batchnorm_momentum": 0.6,
        "scaling_factor": 0.1111111111111111,
        "tta_level": 2
    },
    "random_seed": 99,
    "git_commit_hash": "85402c5c6fafc553256ddda6a38a5e86792e3fed",
    "elapsed_wclock_time": 3.940465822219849,
    "final acc": 0.9378999471664429,
    "last batch loss": 0.9466145833333334,
    "epoch_val_accs": [
        0.6134999990463257,
        0.6209999918937683,
        0.7350999712944031,
        0.7775999903678894,
        0.7963999509811401,
        0.7978999614715576,
        0.85589998960495,
        0.8988999724388123,
        0.8998000025749207,
        0.9307999610900879
    ],
    "epoch_losses": [
        1.4557291666666667,
        1.27734375,
        1.2239583333333333,
        1.1673177083333333,
        1.1516927083333333,
        1.09375,
        1.0774739583333333,
        1.0065104166666667,
        0.9850260416666666,
        0.9466145833333334
    ]
}