{
    "opt": {
        "train_epochs": 9.9,
        "batch_size": 1536,
        "lr": 17.25,
        "momentum": 0.85,
        "weight_decay": 0.0153,
        "bias_scaler": 64.0,
        "label_smoothing": 0.2,
        "whiten_bias_epochs": 3
    },
    "aug": {
        "flip": true,
        "translate": 2
    },
    "net": {
        "widths": {
            "block1": 64,
            "block2": 256,
            "block3": 256
        },
        "batchnorm_momentum": 0.6,
        "scaling_factor": 0.1111111111111111,
        "tta_level": 2
    },
    "random_seed": 99,
    "git_commit_hash": "85402c5c6fafc553256ddda6a38a5e86792e3fed",
    "elapsed_wclock_time": 3.9450500497817993,
    "final acc": 0.9384999871253967,
    "last batch loss": 0.9466145833333334,
    "epoch_val_accs": [
        0.5180000066757202,
        0.3771999776363373,
        0.6158999800682068,
        0.8438000082969666,
        0.7591999769210815,
        0.7965999841690063,
        0.8216999769210815,
        0.9049999713897705,
        0.914900004863739,
        0.9319999814033508
    ],
    "epoch_losses": [
        1.4830729166666667,
        1.3255208333333333,
        1.2369791666666667,
        1.1529947916666667,
        1.1666666666666667,
        1.0924479166666667,
        1.0657552083333333,
        0.9986979166666666,
        0.982421875,
        0.9466145833333334
    ]
}