{
    "opt": {
        "train_epochs": 9.9,
        "batch_size": 1536,
        "lr": 17.25,
        "momentum": 0.85,
        "weight_decay": 0.0153,
        "bias_scaler": 64.0,
        "label_smoothing": 0.2,
        "whiten_bias_epochs": 3
    },
    "aug": {
        "flip": true,
        "translate": 2
    },
    "net": {
        "widths": {
            "block1": 64,
            "block2": 256,
            "block3": 256
        },
        "batchnorm_momentum": 0.6,
        "scaling_factor": 0.1111111111111111,
        "tta_level": 2
    },
    "random_seed": 99,
    "git_commit_hash": "85402c5c6fafc553256ddda6a38a5e86792e3fed",
    "elapsed_wclock_time": 3.941966154098511,
    "final acc": 0.9325999617576599,
    "last batch loss": 0.9602864583333334,
    "epoch_val_accs": [
        0.6678999662399292,
        0.48829999566078186,
        0.5859000086784363,
        0.6664999723434448,
        0.8343999981880188,
        0.753600001335144,
        0.8554999828338623,
        0.8793999552726746,
        0.9059000015258789,
        0.9243999719619751
    ],
    "epoch_losses": [
        1.4869791666666667,
        1.3138020833333333,
        1.2955729166666667,
        1.2161458333333333,
        1.169921875,
        1.123046875,
        1.0983072916666667,
        1.0305989583333333,
        1.0162760416666667,
        0.9602864583333334
    ]
}