{
    "opt": {
        "train_epochs": 9.9,
        "batch_size": 1536,
        "lr": 17.25,
        "momentum": 0.85,
        "weight_decay": 0.0153,
        "bias_scaler": 64.0,
        "label_smoothing": 0.2,
        "whiten_bias_epochs": 3
    },
    "aug": {
        "flip": true,
        "translate": 2
    },
    "net": {
        "widths": {
            "block1": 64,
            "block2": 256,
            "block3": 256
        },
        "batchnorm_momentum": 0.6,
        "scaling_factor": 0.1111111111111111,
        "tta_level": 2
    },
    "random_seed": 99,
    "git_commit_hash": "85402c5c6fafc553256ddda6a38a5e86792e3fed",
    "elapsed_wclock_time": 3.939582607269287,
    "final acc": 0.9391999840736389,
    "last batch loss": 0.9505208333333334,
    "epoch_val_accs": [
        0.6069999933242798,
        0.5575000047683716,
        0.7671999931335449,
        0.6944999694824219,
        0.8112999796867371,
        0.8215000033378601,
        0.866599977016449,
        0.902899980545044,
        0.9136999845504761,
        0.9301999807357788
    ],
    "epoch_losses": [
        1.4778645833333333,
        1.275390625,
        1.2057291666666667,
        1.1790364583333333,
        1.14453125,
        1.1002604166666667,
        1.0657552083333333,
        1.017578125,
        0.984375,
        0.9505208333333334
    ]
}