{
    "opt": {
        "train_epochs": 9.9,
        "batch_size": 1536,
        "lr": 17.25,
        "momentum": 0.85,
        "weight_decay": 0.0153,
        "bias_scaler": 64.0,
        "label_smoothing": 0.2,
        "whiten_bias_epochs": 3
    },
    "aug": {
        "flip": true,
        "translate": 2
    },
    "net": {
        "widths": {
            "block1": 64,
            "block2": 256,
            "block3": 256
        },
        "batchnorm_momentum": 0.6,
        "scaling_factor": 0.1111111111111111,
        "tta_level": 2
    },
    "random_seed": 99,
    "git_commit_hash": "85402c5c6fafc553256ddda6a38a5e86792e3fed",
    "elapsed_wclock_time": 3.941160474538803,
    "final acc": 0.935699999332428,
    "last batch loss": 0.951171875,
    "epoch_val_accs": [
        0.5884000062942505,
        0.6509999632835388,
        0.7087999582290649,
        0.6359999775886536,
        0.7892999649047852,
        0.8334999680519104,
        0.8303999900817871,
        0.8824999928474426,
        0.914900004863739,
        0.9292999505996704
    ],
    "epoch_losses": [
        1.5013020833333333,
        1.3684895833333333,
        1.259765625,
        1.1673177083333333,
        1.158203125,
        1.1009114583333333,
        1.0598958333333333,
        1.0110677083333333,
        0.9869791666666666,
        0.951171875
    ]
}