{
    "opt": {
        "train_epochs": 9.9,
        "batch_size": 1536,
        "lr": 17.25,
        "momentum": 0.85,
        "weight_decay": 0.0153,
        "bias_scaler": 64.0,
        "label_smoothing": 0.2,
        "whiten_bias_epochs": 3
    },
    "aug": {
        "flip": true,
        "translate": 2
    },
    "net": {
        "widths": {
            "block1": 64,
            "block2": 256,
            "block3": 256
        },
        "batchnorm_momentum": 0.6,
        "scaling_factor": 0.1111111111111111,
        "tta_level": 2
    },
    "random_seed": 99,
    "git_commit_hash": "85402c5c6fafc553256ddda6a38a5e86792e3fed",
    "elapsed_wclock_time": 3.988895906686783,
    "final acc": 0.9375,
    "last batch loss": 0.9459635416666666,
    "epoch_val_accs": [
        0.625499963760376,
        0.7077999711036682,
        0.6754999756813049,
        0.6258999705314636,
        0.8083999752998352,
        0.8341000080108643,
        0.8526999950408936,
        0.8903999924659729,
        0.9205999970436096,
        0.9311999678611755
    ],
    "epoch_losses": [
        1.4479166666666667,
        1.3059895833333333,
        1.2486979166666667,
        1.216796875,
        1.154296875,
        1.099609375,
        1.099609375,
        1.0149739583333333,
        0.9850260416666666,
        0.9459635416666666
    ]
}