{
    "opt": {
        "train_epochs": 9.9,
        "batch_size": 1536,
        "lr": 17.25,
        "momentum": 0.85,
        "weight_decay": 0.0153,
        "bias_scaler": 64.0,
        "label_smoothing": 0.2,
        "whiten_bias_epochs": 3
    },
    "aug": {
        "flip": true,
        "translate": 2
    },
    "net": {
        "widths": {
            "block1": 64,
            "block2": 256,
            "block3": 256
        },
        "batchnorm_momentum": 0.6,
        "scaling_factor": 0.1111111111111111,
        "tta_level": 2
    },
    "random_seed": 99,
    "git_commit_hash": "85402c5c6fafc553256ddda6a38a5e86792e3fed",
    "elapsed_wclock_time": 3.989740030527115,
    "final acc": 0.9365999698638916,
    "last batch loss": 0.9537760416666666,
    "epoch_val_accs": [
        0.49879997968673706,
        0.5607999563217163,
        0.764799952507019,
        0.6473000049591064,
        0.8185999989509583,
        0.8400999903678894,
        0.81659996509552,
        0.8915999531745911,
        0.9073999524116516,
        0.9271999597549438
    ],
    "epoch_losses": [
        1.4739583333333333,
        1.3138020833333333,
        1.23046875,
        1.1744791666666667,
        1.1803385416666667,
        1.1087239583333333,
        1.0807291666666667,
        1.01171875,
        0.984375,
        0.9537760416666666
    ]
}