{
    "opt": {
        "train_epochs": 9.9,
        "batch_size": 1536,
        "lr": 17.25,
        "momentum": 0.85,
        "weight_decay": 0.0153,
        "bias_scaler": 64.0,
        "label_smoothing": 0.2,
        "whiten_bias_epochs": 3
    },
    "aug": {
        "flip": true,
        "translate": 2
    },
    "net": {
        "widths": {
            "block1": 64,
            "block2": 256,
            "block3": 256
        },
        "batchnorm_momentum": 0.6,
        "scaling_factor": 0.1111111111111111,
        "tta_level": 2
    },
    "random_seed": 99,
    "git_commit_hash": "85402c5c6fafc553256ddda6a38a5e86792e3fed",
    "elapsed_wclock_time": 3.9857936305999755,
    "final acc": 0.9384999871253967,
    "last batch loss": 0.951171875,
    "epoch_val_accs": [
        0.5331000089645386,
        0.48819997906684875,
        0.7723000049591064,
        0.740399956703186,
        0.8050000071525574,
        0.8395999670028687,
        0.856499969959259,
        0.9030999541282654,
        0.9129999876022339,
        0.9265999794006348
    ],
    "epoch_losses": [
        1.51171875,
        1.3248697916666667,
        1.2076822916666667,
        1.216796875,
        1.1640625,
        1.12890625,
        1.060546875,
        0.9986979166666666,
        0.9889322916666666,
        0.951171875
    ]
}