{
    "opt": {
        "train_epochs": 9.9,
        "batch_size": 1536,
        "lr": 17.25,
        "momentum": 0.85,
        "weight_decay": 0.0153,
        "bias_scaler": 64.0,
        "label_smoothing": 0.2,
        "whiten_bias_epochs": 3
    },
    "aug": {
        "flip": true,
        "translate": 2
    },
    "net": {
        "widths": {
            "block1": 64,
            "block2": 256,
            "block3": 256
        },
        "batchnorm_momentum": 0.6,
        "scaling_factor": 0.1111111111111111,
        "tta_level": 2
    },
    "random_seed": 99,
    "git_commit_hash": "85402c5c6fafc553256ddda6a38a5e86792e3fed",
    "elapsed_wclock_time": 3.9855037918090823,
    "final acc": 0.9388999938964844,
    "last batch loss": 0.9498697916666666,
    "epoch_val_accs": [
        0.5656999945640564,
        0.47609999775886536,
        0.512499988079071,
        0.7015999555587769,
        0.8222000002861023,
        0.8014999628067017,
        0.8537999987602234,
        0.9003999829292297,
        0.9092999696731567,
        0.9311999678611755
    ],
    "epoch_losses": [
        1.4921875,
        1.4401041666666667,
        1.22265625,
        1.173828125,
        1.177734375,
        1.1165364583333333,
        1.0930989583333333,
        1.0149739583333333,
        0.9934895833333334,
        0.9498697916666666
    ]
}