{
    "opt": {
        "train_epochs": 9.9,
        "batch_size": 1536,
        "lr": 17.25,
        "momentum": 0.85,
        "weight_decay": 0.0153,
        "bias_scaler": 64.0,
        "label_smoothing": 0.2,
        "whiten_bias_epochs": 3
    },
    "aug": {
        "flip": true,
        "translate": 2
    },
    "net": {
        "widths": {
            "block1": 64,
            "block2": 256,
            "block3": 256
        },
        "batchnorm_momentum": 0.6,
        "scaling_factor": 0.1111111111111111,
        "tta_level": 2
    },
    "random_seed": 99,
    "git_commit_hash": "85402c5c6fafc553256ddda6a38a5e86792e3fed",
    "elapsed_wclock_time": 3.9786934461593626,
    "final acc": 0.9371999502182007,
    "last batch loss": 0.9544270833333334,
    "epoch_val_accs": [
        0.5913000106811523,
        0.40539997816085815,
        0.7767999768257141,
        0.7544999718666077,
        0.8039000034332275,
        0.8343999981880188,
        0.8571999669075012,
        0.9043999910354614,
        0.9140999913215637,
        0.9314000010490417
    ],
    "epoch_losses": [
        1.46875,
        1.40234375,
        1.2180989583333333,
        1.177734375,
        1.1790364583333333,
        1.0885416666666667,
        1.0553385416666667,
        1.0110677083333333,
        0.9720052083333334,
        0.9544270833333334
    ]
}