{
    "opt": {
        "train_epochs": 9.9,
        "batch_size": 1536,
        "lr": 17.25,
        "momentum": 0.85,
        "weight_decay": 0.0153,
        "bias_scaler": 64.0,
        "label_smoothing": 0.2,
        "whiten_bias_epochs": 3
    },
    "aug": {
        "flip": true,
        "translate": 2
    },
    "net": {
        "widths": {
            "block1": 64,
            "block2": 256,
            "block3": 256
        },
        "batchnorm_momentum": 0.6,
        "scaling_factor": 0.1111111111111111,
        "tta_level": 2
    },
    "random_seed": 99,
    "git_commit_hash": "85402c5c6fafc553256ddda6a38a5e86792e3fed",
    "elapsed_wclock_time": 3.9856130452156067,
    "final acc": 0.9389999508857727,
    "last batch loss": 0.9459635416666666,
    "epoch_val_accs": [
        0.6137999892234802,
        0.5638999938964844,
        0.6295999884605408,
        0.772599995136261,
        0.7439000010490417,
        0.849399983882904,
        0.8646000027656555,
        0.9012999534606934,
        0.9132999777793884,
        0.9322999715805054
    ],
    "epoch_losses": [
        1.5,
        1.2962239583333333,
        1.279296875,
        1.1627604166666667,
        1.15234375,
        1.1119791666666667,
        1.0735677083333333,
        1.0169270833333333,
        0.9876302083333334,
        0.9459635416666666
    ]
}