{
    "opt": {
        "train_epochs": 9.9,
        "batch_size": 1536,
        "lr": 17.25,
        "momentum": 0.85,
        "weight_decay": 0.0153,
        "bias_scaler": 64.0,
        "label_smoothing": 0.2,
        "whiten_bias_epochs": 3
    },
    "aug": {
        "flip": true,
        "translate": 2
    },
    "net": {
        "widths": {
            "block1": 64,
            "block2": 256,
            "block3": 256
        },
        "batchnorm_momentum": 0.6,
        "scaling_factor": 0.1111111111111111,
        "tta_level": 2
    },
    "random_seed": 99,
    "git_commit_hash": "85402c5c6fafc553256ddda6a38a5e86792e3fed",
    "elapsed_wclock_time": 3.853861807823181,
    "final acc": 0.9391999840736389,
    "last batch loss": 0.9420572916666666,
    "epoch_val_accs": [
        0.6218000054359436,
        0.6098999977111816,
        0.6681999564170837,
        0.7135999798774719,
        0.8148999810218811,
        0.7774999737739563,
        0.8669999837875366,
        0.8614999651908875,
        0.9086999893188477,
        0.9314999580383301
    ],
    "epoch_losses": [
        1.51953125,
        1.3346354166666667,
        1.2727864583333333,
        1.19140625,
        1.1490885416666667,
        1.0970052083333333,
        1.080078125,
        1.015625,
        0.9837239583333334,
        0.9420572916666666
    ]
}