{
    "opt": {
        "train_epochs": 9.9,
        "batch_size": 1536,
        "lr": 17.25,
        "momentum": 0.85,
        "weight_decay": 0.0153,
        "bias_scaler": 64.0,
        "label_smoothing": 0.2,
        "whiten_bias_epochs": 3
    },
    "aug": {
        "flip": true,
        "translate": 2
    },
    "net": {
        "widths": {
            "block1": 64,
            "block2": 256,
            "block3": 256
        },
        "batchnorm_momentum": 0.6,
        "scaling_factor": 0.1111111111111111,
        "tta_level": 2
    },
    "random_seed": 99,
    "git_commit_hash": "85402c5c6fafc553256ddda6a38a5e86792e3fed",
    "elapsed_wclock_time": 3.995960249185562,
    "final acc": 0.9361000061035156,
    "last batch loss": 0.953125,
    "epoch_val_accs": [
        0.6148999929428101,
        0.5155999660491943,
        0.6685000061988831,
        0.6416999697685242,
        0.8185999989509583,
        0.8312000036239624,
        0.7576000094413757,
        0.9042999744415283,
        0.9162999987602234,
        0.9289000034332275
    ],
    "epoch_losses": [
        1.4713541666666667,
        1.326171875,
        1.2408854166666667,
        1.1822916666666667,
        1.1412760416666667,
        1.1061197916666667,
        1.0950520833333333,
        1.0110677083333333,
        0.9798177083333334,
        0.953125
    ]
}