{
    "opt": {
        "train_epochs": 9.9,
        "batch_size": 1536,
        "lr": 17.25,
        "momentum": 0.85,
        "weight_decay": 0.0153,
        "bias_scaler": 64.0,
        "label_smoothing": 0.2,
        "whiten_bias_epochs": 3
    },
    "aug": {
        "flip": true,
        "translate": 2
    },
    "net": {
        "widths": {
            "block1": 64,
            "block2": 256,
            "block3": 256
        },
        "batchnorm_momentum": 0.6,
        "scaling_factor": 0.1111111111111111,
        "tta_level": 2
    },
    "random_seed": 99,
    "git_commit_hash": "85402c5c6fafc553256ddda6a38a5e86792e3fed",
    "elapsed_wclock_time": 3.9404526464939122,
    "final acc": 0.9375999569892883,
    "last batch loss": 0.94921875,
    "epoch_val_accs": [
        0.6036999821662903,
        0.5938000082969666,
        0.6550999879837036,
        0.7870999574661255,
        0.7444999814033508,
        0.8626999855041504,
        0.8500999808311462,
        0.8849999904632568,
        0.9149999618530273,
        0.9309999942779541
    ],
    "epoch_losses": [
        1.52734375,
        1.4036458333333333,
        1.2239583333333333,
        1.1920572916666667,
        1.19140625,
        1.10546875,
        1.0703125,
        1.01953125,
        0.9752604166666666,
        0.94921875
    ]
}