{
    "opt": {
        "train_epochs": 9.9,
        "batch_size": 1536,
        "lr": 17.25,
        "momentum": 0.85,
        "weight_decay": 0.0153,
        "bias_scaler": 64.0,
        "label_smoothing": 0.2,
        "whiten_bias_epochs": 3
    },
    "aug": {
        "flip": true,
        "translate": 2
    },
    "net": {
        "widths": {
            "block1": 64,
            "block2": 256,
            "block3": 256
        },
        "batchnorm_momentum": 0.6,
        "scaling_factor": 0.1111111111111111,
        "tta_level": 2
    },
    "random_seed": 99,
    "git_commit_hash": "85402c5c6fafc553256ddda6a38a5e86792e3fed",
    "elapsed_wclock_time": 3.9383981816768645,
    "final acc": 0.9386000037193298,
    "last batch loss": 0.9518229166666666,
    "epoch_val_accs": [
        0.6013999581336975,
        0.6650999784469604,
        0.7260000109672546,
        0.7287999987602234,
        0.8223999738693237,
        0.7904999852180481,
        0.8434999585151672,
        0.9106999635696411,
        0.9174999594688416,
        0.9303999543190002
    ],
    "epoch_losses": [
        1.5247395833333333,
        1.3606770833333333,
        1.2513020833333333,
        1.1927083333333333,
        1.1373697916666667,
        1.087890625,
        1.0631510416666667,
        1.0065104166666667,
        0.9811197916666666,
        0.9518229166666666
    ]
}