{
    "opt": {
        "train_epochs": 9.9,
        "batch_size": 1536,
        "lr": 17.25,
        "momentum": 0.85,
        "weight_decay": 0.0153,
        "bias_scaler": 64.0,
        "label_smoothing": 0.2,
        "whiten_bias_epochs": 3
    },
    "aug": {
        "flip": true,
        "translate": 2
    },
    "net": {
        "widths": {
            "block1": 64,
            "block2": 256,
            "block3": 256
        },
        "batchnorm_momentum": 0.6,
        "scaling_factor": 0.1111111111111111,
        "tta_level": 2
    },
    "random_seed": 99,
    "git_commit_hash": "85402c5c6fafc553256ddda6a38a5e86792e3fed",
    "elapsed_wclock_time": 3.995347557067871,
    "final acc": 0.9376999735832214,
    "last batch loss": 0.9407552083333334,
    "epoch_val_accs": [
        0.6029999852180481,
        0.5791999697685242,
        0.7098000049591064,
        0.7648999691009521,
        0.833299994468689,
        0.8113999962806702,
        0.8689999580383301,
        0.9072999954223633,
        0.9169999957084656,
        0.9318999648094177
    ],
    "epoch_losses": [
        1.47265625,
        1.3815104166666667,
        1.2584635416666667,
        1.1979166666666667,
        1.1263020833333333,
        1.091796875,
        1.0813802083333333,
        1.0201822916666667,
        0.9928385416666666,
        0.9407552083333334
    ]
}