{
    "opt": {
        "train_epochs": 9.9,
        "batch_size": 1536,
        "lr": 17.25,
        "momentum": 0.85,
        "weight_decay": 0.0153,
        "bias_scaler": 64.0,
        "label_smoothing": 0.2,
        "whiten_bias_epochs": 3
    },
    "aug": {
        "flip": true,
        "translate": 2
    },
    "net": {
        "widths": {
            "block1": 64,
            "block2": 256,
            "block3": 256
        },
        "batchnorm_momentum": 0.6,
        "scaling_factor": 0.1111111111111111,
        "tta_level": 2
    },
    "random_seed": 99,
    "git_commit_hash": "85402c5c6fafc553256ddda6a38a5e86792e3fed",
    "elapsed_wclock_time": 3.881006924629211,
    "final acc": 0.9380999803543091,
    "last batch loss": 0.9466145833333334,
    "epoch_val_accs": [
        0.617900013923645,
        0.7060999870300293,
        0.7400000095367432,
        0.7840999960899353,
        0.8378999829292297,
        0.7217999696731567,
        0.8603000044822693,
        0.8964999914169312,
        0.9145999550819397,
        0.9300999641418457
    ],
    "epoch_losses": [
        1.4674479166666667,
        1.3111979166666667,
        1.2513020833333333,
        1.1848958333333333,
        1.166015625,
        1.1041666666666667,
        1.0813802083333333,
        1.0130208333333333,
        0.9778645833333334,
        0.9466145833333334
    ]
}