{
    "opt": {
        "train_epochs": 9.9,
        "batch_size": 1536,
        "lr": 17.25,
        "momentum": 0.85,
        "weight_decay": 0.0153,
        "bias_scaler": 64.0,
        "label_smoothing": 0.2,
        "whiten_bias_epochs": 3
    },
    "aug": {
        "flip": true,
        "translate": 2
    },
    "net": {
        "widths": {
            "block1": 64,
            "block2": 256,
            "block3": 256
        },
        "batchnorm_momentum": 0.6,
        "scaling_factor": 0.1111111111111111,
        "tta_level": 2
    },
    "random_seed": 99,
    "git_commit_hash": "85402c5c6fafc553256ddda6a38a5e86792e3fed",
    "elapsed_wclock_time": 3.861760000944138,
    "final acc": 0.9364999532699585,
    "last batch loss": 0.9635416666666666,
    "epoch_val_accs": [
        0.6060999631881714,
        0.6622999906539917,
        0.6115999817848206,
        0.7261999845504761,
        0.7069999575614929,
        0.7422999739646912,
        0.85589998960495,
        0.8860999941825867,
        0.9156000018119812,
        0.9291999936103821
    ],
    "epoch_losses": [
        1.4622395833333333,
        1.32421875,
        1.248046875,
        1.1783854166666667,
        1.2115885416666667,
        1.10546875,
        1.0611979166666667,
        1.0227864583333333,
        0.986328125,
        0.9635416666666666
    ]
}