{
    "opt": {
        "train_epochs": 9.9,
        "batch_size": 1536,
        "lr": 17.25,
        "momentum": 0.85,
        "weight_decay": 0.0153,
        "bias_scaler": 64.0,
        "label_smoothing": 0.2,
        "whiten_bias_epochs": 3
    },
    "aug": {
        "flip": true,
        "translate": 2
    },
    "net": {
        "widths": {
            "block1": 64,
            "block2": 256,
            "block3": 256
        },
        "batchnorm_momentum": 0.6,
        "scaling_factor": 0.1111111111111111,
        "tta_level": 2
    },
    "random_seed": 99,
    "git_commit_hash": "85402c5c6fafc553256ddda6a38a5e86792e3fed",
    "elapsed_wclock_time": 3.944645202636719,
    "final acc": 0.9396999478340149,
    "last batch loss": 0.94140625,
    "epoch_val_accs": [
        0.5956999659538269,
        0.5726999640464783,
        0.798799991607666,
        0.7461000084877014,
        0.8307999968528748,
        0.7752999663352966,
        0.8234999775886536,
        0.9041000008583069,
        0.9202999472618103,
        0.9330999851226807
    ],
    "epoch_losses": [
        1.484375,
        1.45703125,
        1.2239583333333333,
        1.21484375,
        1.14453125,
        1.1243489583333333,
        1.0735677083333333,
        1.0110677083333333,
        0.978515625,
        0.94140625
    ]
}