{
    "opt": {
        "train_epochs": 9.9,
        "batch_size": 1536,
        "lr": 17.25,
        "momentum": 0.85,
        "weight_decay": 0.0153,
        "bias_scaler": 64.0,
        "label_smoothing": 0.2,
        "whiten_bias_epochs": 3
    },
    "aug": {
        "flip": true,
        "translate": 2
    },
    "net": {
        "widths": {
            "block1": 64,
            "block2": 256,
            "block3": 256
        },
        "batchnorm_momentum": 0.6,
        "scaling_factor": 0.1111111111111111,
        "tta_level": 2
    },
    "random_seed": 99,
    "git_commit_hash": "85402c5c6fafc553256ddda6a38a5e86792e3fed",
    "elapsed_wclock_time": 3.9397404677867884,
    "final acc": 0.9382999539375305,
    "last batch loss": 0.9440104166666666,
    "epoch_val_accs": [
        0.5667999982833862,
        0.5769999623298645,
        0.6316999793052673,
        0.6908000111579895,
        0.7849000096321106,
        0.8537999987602234,
        0.8206999897956848,
        0.9002999663352966,
        0.9192000031471252,
        0.9279999732971191
    ],
    "epoch_losses": [
        1.4973958333333333,
        1.3372395833333333,
        1.3079427083333333,
        1.23828125,
        1.126953125,
        1.0924479166666667,
        1.08203125,
        1.017578125,
        0.984375,
        0.9440104166666666
    ]
}