{
    "opt": {
        "train_epochs": 9.9,
        "batch_size": 1536,
        "lr": 17.25,
        "momentum": 0.85,
        "weight_decay": 0.0153,
        "bias_scaler": 64.0,
        "label_smoothing": 0.2,
        "whiten_bias_epochs": 3
    },
    "aug": {
        "flip": true,
        "translate": 2
    },
    "net": {
        "widths": {
            "block1": 64,
            "block2": 256,
            "block3": 256
        },
        "batchnorm_momentum": 0.6,
        "scaling_factor": 0.1111111111111111,
        "tta_level": 2
    },
    "random_seed": 99,
    "git_commit_hash": "85402c5c6fafc553256ddda6a38a5e86792e3fed",
    "elapsed_wclock_time": 3.984774251937866,
    "final acc": 0.9372999668121338,
    "last batch loss": 0.94921875,
    "epoch_val_accs": [
        0.6092000007629395,
        0.7156999707221985,
        0.7409999966621399,
        0.7371000051498413,
        0.7777999639511108,
        0.8678999543190002,
        0.8578999638557434,
        0.8865000009536743,
        0.9163999557495117,
        0.9286999702453613
    ],
    "epoch_losses": [
        1.5325520833333333,
        1.2819010416666667,
        1.2122395833333333,
        1.1979166666666667,
        1.1640625,
        1.0963541666666667,
        1.0540364583333333,
        1.0234375,
        0.9791666666666666,
        0.94921875
    ]
}