{
    "opt": {
        "train_epochs": 9.9,
        "batch_size": 1536,
        "lr": 17.25,
        "momentum": 0.85,
        "weight_decay": 0.0153,
        "bias_scaler": 64.0,
        "label_smoothing": 0.2,
        "whiten_bias_epochs": 3
    },
    "aug": {
        "flip": true,
        "translate": 2
    },
    "net": {
        "widths": {
            "block1": 64,
            "block2": 256,
            "block3": 256
        },
        "batchnorm_momentum": 0.6,
        "scaling_factor": 0.1111111111111111,
        "tta_level": 2
    },
    "random_seed": 99,
    "git_commit_hash": "85402c5c6fafc553256ddda6a38a5e86792e3fed",
    "elapsed_wclock_time": 3.8525609118938444,
    "final acc": 0.9384999871253967,
    "last batch loss": 0.9557291666666666,
    "epoch_val_accs": [
        0.6819999814033508,
        0.680899977684021,
        0.7839999794960022,
        0.8000999689102173,
        0.8118000030517578,
        0.8369999527931213,
        0.8738999962806702,
        0.8968999981880188,
        0.911799967288971,
        0.9319999814033508
    ],
    "epoch_losses": [
        1.4713541666666667,
        1.2955729166666667,
        1.201171875,
        1.162109375,
        1.1484375,
        1.1028645833333333,
        1.0559895833333333,
        1.0149739583333333,
        0.986328125,
        0.9557291666666666
    ]
}