{
    "opt": {
        "train_epochs": 9.9,
        "batch_size": 1536,
        "lr": 17.25,
        "momentum": 0.85,
        "weight_decay": 0.0153,
        "bias_scaler": 64.0,
        "label_smoothing": 0.2,
        "whiten_bias_epochs": 3
    },
    "aug": {
        "flip": true,
        "translate": 2
    },
    "net": {
        "widths": {
            "block1": 64,
            "block2": 256,
            "block3": 256
        },
        "batchnorm_momentum": 0.6,
        "scaling_factor": 0.1111111111111111,
        "tta_level": 2
    },
    "random_seed": 99,
    "git_commit_hash": "85402c5c6fafc553256ddda6a38a5e86792e3fed",
    "elapsed_wclock_time": 3.854500172376633,
    "final acc": 0.9361000061035156,
    "last batch loss": 0.9544270833333334,
    "epoch_val_accs": [
        0.6777999997138977,
        0.3650999963283539,
        0.6739999651908875,
        0.6773999929428101,
        0.7955999970436096,
        0.8418999910354614,
        0.7793999910354614,
        0.9084999561309814,
        0.9097999930381775,
        0.9275999665260315
    ],
    "epoch_losses": [
        1.4713541666666667,
        1.4309895833333333,
        1.232421875,
        1.2506510416666667,
        1.1614583333333333,
        1.1119791666666667,
        1.08203125,
        1.0169270833333333,
        0.9915364583333334,
        0.9544270833333334
    ]
}