{
    "opt": {
        "train_epochs": 9.9,
        "batch_size": 1536,
        "lr": 17.25,
        "momentum": 0.85,
        "weight_decay": 0.0153,
        "bias_scaler": 64.0,
        "label_smoothing": 0.2,
        "whiten_bias_epochs": 3
    },
    "aug": {
        "flip": true,
        "translate": 2
    },
    "net": {
        "widths": {
            "block1": 64,
            "block2": 256,
            "block3": 256
        },
        "batchnorm_momentum": 0.6,
        "scaling_factor": 0.1111111111111111,
        "tta_level": 2
    },
    "random_seed": 99,
    "git_commit_hash": "85402c5c6fafc553256ddda6a38a5e86792e3fed",
    "elapsed_wclock_time": 3.9412614219188686,
    "final acc": 0.9371999502182007,
    "last batch loss": 0.9453125,
    "epoch_val_accs": [
        0.48919999599456787,
        0.6062999963760376,
        0.6908000111579895,
        0.6071999669075012,
        0.8517999649047852,
        0.8423999547958374,
        0.843999981880188,
        0.9017999768257141,
        0.9163999557495117,
        0.9285999536514282
    ],
    "epoch_losses": [
        1.5,
        1.298828125,
        1.2154947916666667,
        1.1946614583333333,
        1.16015625,
        1.0807291666666667,
        1.076171875,
        1.0130208333333333,
        0.9889322916666666,
        0.9453125
    ]
}