{
    "opt": {
        "train_epochs": 9.9,
        "batch_size": 1536,
        "lr": 17.25,
        "momentum": 0.85,
        "weight_decay": 0.0153,
        "bias_scaler": 64.0,
        "label_smoothing": 0.2,
        "whiten_bias_epochs": 3
    },
    "aug": {
        "flip": true,
        "translate": 2
    },
    "net": {
        "widths": {
            "block1": 64,
            "block2": 256,
            "block3": 256
        },
        "batchnorm_momentum": 0.6,
        "scaling_factor": 0.1111111111111111,
        "tta_level": 2
    },
    "random_seed": 99,
    "git_commit_hash": "85402c5c6fafc553256ddda6a38a5e86792e3fed",
    "elapsed_wclock_time": 3.933844864606857,
    "final acc": 0.9393999576568604,
    "last batch loss": 0.9576822916666666,
    "epoch_val_accs": [
        0.6067000031471252,
        0.710099995136261,
        0.78329998254776,
        0.6953999996185303,
        0.8133999705314636,
        0.8285999894142151,
        0.8514999747276306,
        0.9001999497413635,
        0.9167999625205994,
        0.9296999573707581
    ],
    "epoch_losses": [
        1.5026041666666667,
        1.3346354166666667,
        1.267578125,
        1.2109375,
        1.13671875,
        1.09765625,
        1.0709635416666667,
        1.0013020833333333,
        0.9739583333333334,
        0.9576822916666666
    ]
}