{
    "opt": {
        "train_epochs": 9.9,
        "batch_size": 1536,
        "lr": 17.25,
        "momentum": 0.85,
        "weight_decay": 0.0153,
        "bias_scaler": 64.0,
        "label_smoothing": 0.2,
        "whiten_bias_epochs": 3
    },
    "aug": {
        "flip": true,
        "translate": 2
    },
    "net": {
        "widths": {
            "block1": 64,
            "block2": 256,
            "block3": 256
        },
        "batchnorm_momentum": 0.6,
        "scaling_factor": 0.1111111111111111,
        "tta_level": 2
    },
    "random_seed": 99,
    "git_commit_hash": "85402c5c6fafc553256ddda6a38a5e86792e3fed",
    "elapsed_wclock_time": 3.982982065200806,
    "final acc": 0.9384999871253967,
    "last batch loss": 0.943359375,
    "epoch_val_accs": [
        0.5943999886512756,
        0.6322000026702881,
        0.6110999584197998,
        0.748699963092804,
        0.79339998960495,
        0.8726999759674072,
        0.8639999628067017,
        0.9089999794960022,
        0.9196999669075012,
        0.9314999580383301
    ],
    "epoch_losses": [
        1.4713541666666667,
        1.3502604166666667,
        1.2233072916666667,
        1.203125,
        1.1725260416666667,
        1.0983072916666667,
        1.0794270833333333,
        1.0078125,
        0.9837239583333334,
        0.943359375
    ]
}