{
    "opt": {
        "train_epochs": 9.9,
        "batch_size": 1536,
        "lr": 17.25,
        "momentum": 0.85,
        "weight_decay": 0.0153,
        "bias_scaler": 64.0,
        "label_smoothing": 0.2,
        "whiten_bias_epochs": 3
    },
    "aug": {
        "flip": true,
        "translate": 2
    },
    "net": {
        "widths": {
            "block1": 64,
            "block2": 256,
            "block3": 256
        },
        "batchnorm_momentum": 0.6,
        "scaling_factor": 0.1111111111111111,
        "tta_level": 2
    },
    "random_seed": 99,
    "git_commit_hash": "85402c5c6fafc553256ddda6a38a5e86792e3fed",
    "elapsed_wclock_time": 3.9883199238777163,
    "final acc": 0.9388999938964844,
    "last batch loss": 0.9524739583333334,
    "epoch_val_accs": [
        0.5313000082969666,
        0.7102000117301941,
        0.7062999606132507,
        0.7282999753952026,
        0.7660999894142151,
        0.8163999915122986,
        0.8434000015258789,
        0.8919000029563904,
        0.9164999723434448,
        0.9311999678611755
    ],
    "epoch_losses": [
        1.4765625,
        1.3372395833333333,
        1.2369791666666667,
        1.22265625,
        1.1595052083333333,
        1.1106770833333333,
        1.0729166666666667,
        1.02734375,
        0.9798177083333334,
        0.9524739583333334
    ]
}