{
    "opt": {
        "train_epochs": 9.9,
        "batch_size": 1536,
        "lr": 17.25,
        "momentum": 0.85,
        "weight_decay": 0.0153,
        "bias_scaler": 64.0,
        "label_smoothing": 0.2,
        "whiten_bias_epochs": 3
    },
    "aug": {
        "flip": true,
        "translate": 2
    },
    "net": {
        "widths": {
            "block1": 64,
            "block2": 256,
            "block3": 256
        },
        "batchnorm_momentum": 0.6,
        "scaling_factor": 0.1111111111111111,
        "tta_level": 2
    },
    "random_seed": 99,
    "git_commit_hash": "85402c5c6fafc553256ddda6a38a5e86792e3fed",
    "elapsed_wclock_time": 3.941303204536438,
    "final acc": 0.9358999729156494,
    "last batch loss": 0.953125,
    "epoch_val_accs": [
        0.2985000014305115,
        0.6218000054359436,
        0.582099974155426,
        0.7330999970436096,
        0.8097999691963196,
        0.7890999913215637,
        0.8394999504089355,
        0.9059999585151672,
        0.9073999524116516,
        0.9282999634742737
    ],
    "epoch_losses": [
        1.53515625,
        1.306640625,
        1.2428385416666667,
        1.17578125,
        1.1627604166666667,
        1.1217447916666667,
        1.0690104166666667,
        1.0130208333333333,
        0.990234375,
        0.953125
    ]
}