{
    "opt": {
        "train_epochs": 9.9,
        "batch_size": 1536,
        "lr": 17.25,
        "momentum": 0.85,
        "weight_decay": 0.0153,
        "bias_scaler": 64.0,
        "label_smoothing": 0.2,
        "whiten_bias_epochs": 3
    },
    "aug": {
        "flip": true,
        "translate": 2
    },
    "net": {
        "widths": {
            "block1": 64,
            "block2": 256,
            "block3": 256
        },
        "batchnorm_momentum": 0.6,
        "scaling_factor": 0.1111111111111111,
        "tta_level": 2
    },
    "random_seed": 99,
    "git_commit_hash": "85402c5c6fafc553256ddda6a38a5e86792e3fed",
    "elapsed_wclock_time": 3.978903599023819,
    "final acc": 0.9387999773025513,
    "last batch loss": 0.947265625,
    "epoch_val_accs": [
        0.5992000102996826,
        0.6502999663352966,
        0.698199987411499,
        0.8149999976158142,
        0.8459999561309814,
        0.8087999820709229,
        0.8709999918937683,
        0.8894000053405762,
        0.9152999520301819,
        0.9302999973297119
    ],
    "epoch_losses": [
        1.4544270833333333,
        1.3079427083333333,
        1.2473958333333333,
        1.2044270833333333,
        1.1341145833333333,
        1.115234375,
        1.0696614583333333,
        1.015625,
        0.9876302083333334,
        0.947265625
    ]
}