{
    "opt": {
        "train_epochs": 9.9,
        "batch_size": 1536,
        "lr": 17.25,
        "momentum": 0.85,
        "weight_decay": 0.0153,
        "bias_scaler": 64.0,
        "label_smoothing": 0.2,
        "whiten_bias_epochs": 3
    },
    "aug": {
        "flip": true,
        "translate": 2
    },
    "net": {
        "widths": {
            "block1": 64,
            "block2": 256,
            "block3": 256
        },
        "batchnorm_momentum": 0.6,
        "scaling_factor": 0.1111111111111111,
        "tta_level": 2
    },
    "random_seed": 99,
    "git_commit_hash": "85402c5c6fafc553256ddda6a38a5e86792e3fed",
    "elapsed_wclock_time": 3.990257174730301,
    "final acc": 0.9340999722480774,
    "last batch loss": 0.9557291666666666,
    "epoch_val_accs": [
        0.5947999954223633,
        0.5734999775886536,
        0.7239999771118164,
        0.7577999830245972,
        0.8104000091552734,
        0.6733999848365784,
        0.7994999885559082,
        0.8676999807357788,
        0.9124999642372131,
        0.9239999651908875
    ],
    "epoch_losses": [
        1.5104166666666667,
        1.3196614583333333,
        1.3541666666666667,
        1.2356770833333333,
        1.173828125,
        1.1458333333333333,
        1.0963541666666667,
        1.0416666666666667,
        0.9856770833333334,
        0.9557291666666666
    ]
}