{
    "opt": {
        "train_epochs": 9.9,
        "batch_size": 1536,
        "lr": 17.25,
        "momentum": 0.85,
        "weight_decay": 0.0153,
        "bias_scaler": 64.0,
        "label_smoothing": 0.2,
        "whiten_bias_epochs": 3
    },
    "aug": {
        "flip": true,
        "translate": 2
    },
    "net": {
        "widths": {
            "block1": 64,
            "block2": 256,
            "block3": 256
        },
        "batchnorm_momentum": 0.6,
        "scaling_factor": 0.1111111111111111,
        "tta_level": 2
    },
    "random_seed": 99,
    "git_commit_hash": "85402c5c6fafc553256ddda6a38a5e86792e3fed",
    "elapsed_wclock_time": 3.8552420520782475,
    "final acc": 0.9368999600410461,
    "last batch loss": 0.94921875,
    "epoch_val_accs": [
        0.6362999677658081,
        0.7028999924659729,
        0.7709999680519104,
        0.7649999856948853,
        0.7712999582290649,
        0.8014000058174133,
        0.825499951839447,
        0.8986999988555908,
        0.9181999564170837,
        0.9307000041007996
    ],
    "epoch_losses": [
        1.5065104166666667,
        1.2981770833333333,
        1.212890625,
        1.1640625,
        1.16015625,
        1.103515625,
        1.0970052083333333,
        1.0110677083333333,
        0.9993489583333334,
        0.94921875
    ]
}