{
    "opt": {
        "train_epochs": 9.9,
        "batch_size": 1536,
        "lr": 17.25,
        "momentum": 0.85,
        "weight_decay": 0.0153,
        "bias_scaler": 64.0,
        "label_smoothing": 0.2,
        "whiten_bias_epochs": 3
    },
    "aug": {
        "flip": true,
        "translate": 2
    },
    "net": {
        "widths": {
            "block1": 64,
            "block2": 256,
            "block3": 256
        },
        "batchnorm_momentum": 0.6,
        "scaling_factor": 0.1111111111111111,
        "tta_level": 2
    },
    "random_seed": 99,
    "git_commit_hash": "85402c5c6fafc553256ddda6a38a5e86792e3fed",
    "elapsed_wclock_time": 3.9793580813407905,
    "final acc": 0.9376999735832214,
    "last batch loss": 0.9466145833333334,
    "epoch_val_accs": [
        0.6194999814033508,
        0.346699982881546,
        0.5968999862670898,
        0.7094999551773071,
        0.8327999711036682,
        0.8212999701499939,
        0.8079999685287476,
        0.9048999547958374,
        0.9097999930381775,
        0.9309999942779541
    ],
    "epoch_losses": [
        1.4609375,
        1.4192708333333333,
        1.2428385416666667,
        1.1822916666666667,
        1.1438802083333333,
        1.1263020833333333,
        1.0813802083333333,
        1.01953125,
        0.9895833333333334,
        0.9466145833333334
    ]
}