{
    "opt": {
        "train_epochs": 9.9,
        "batch_size": 1536,
        "lr": 17.25,
        "momentum": 0.85,
        "weight_decay": 0.0153,
        "bias_scaler": 64.0,
        "label_smoothing": 0.2,
        "whiten_bias_epochs": 3
    },
    "aug": {
        "flip": true,
        "translate": 2
    },
    "net": {
        "widths": {
            "block1": 64,
            "block2": 256,
            "block3": 256
        },
        "batchnorm_momentum": 0.6,
        "scaling_factor": 0.1111111111111111,
        "tta_level": 2
    },
    "random_seed": 99,
    "git_commit_hash": "85402c5c6fafc553256ddda6a38a5e86792e3fed",
    "elapsed_wclock_time": 3.929190449237823,
    "final acc": 0.9372999668121338,
    "last batch loss": 0.9518229166666666,
    "epoch_val_accs": [
        0.6358999609947205,
        0.5370000004768372,
        0.7559999823570251,
        0.808899998664856,
        0.819599986076355,
        0.7888999581336975,
        0.8761999607086182,
        0.8964999914169312,
        0.9157999753952026,
        0.9310999512672424
    ],
    "epoch_losses": [
        1.5390625,
        1.3736979166666667,
        1.2122395833333333,
        1.1888020833333333,
        1.1380208333333333,
        1.1041666666666667,
        1.0638020833333333,
        1.013671875,
        0.978515625,
        0.9518229166666666
    ]
}