{
    "opt": {
        "train_epochs": 9.9,
        "batch_size": 1536,
        "lr": 17.25,
        "momentum": 0.85,
        "weight_decay": 0.0153,
        "bias_scaler": 64.0,
        "label_smoothing": 0.2,
        "whiten_bias_epochs": 3
    },
    "aug": {
        "flip": true,
        "translate": 2
    },
    "net": {
        "widths": {
            "block1": 64,
            "block2": 256,
            "block3": 256
        },
        "batchnorm_momentum": 0.6,
        "scaling_factor": 0.1111111111111111,
        "tta_level": 2
    },
    "random_seed": 99,
    "git_commit_hash": "85402c5c6fafc553256ddda6a38a5e86792e3fed",
    "elapsed_wclock_time": 3.85292422413826,
    "final acc": 0.9361000061035156,
    "last batch loss": 0.953125,
    "epoch_val_accs": [
        0.6229000091552734,
        0.6811000108718872,
        0.7166000008583069,
        0.7764999866485596,
        0.7033999562263489,
        0.7626999616622925,
        0.8659999966621399,
        0.9009000062942505,
        0.9151999950408936,
        0.9279999732971191
    ],
    "epoch_losses": [
        1.4765625,
        1.3209635416666667,
        1.21875,
        1.2024739583333333,
        1.1627604166666667,
        1.1276041666666667,
        1.0677083333333333,
        1.017578125,
        0.9817708333333334,
        0.953125
    ]
}