{
    "opt": {
        "train_epochs": 9.9,
        "batch_size": 1536,
        "lr": 17.25,
        "momentum": 0.85,
        "weight_decay": 0.0153,
        "bias_scaler": 64.0,
        "label_smoothing": 0.2,
        "whiten_bias_epochs": 3
    },
    "aug": {
        "flip": true,
        "translate": 2
    },
    "net": {
        "widths": {
            "block1": 64,
            "block2": 256,
            "block3": 256
        },
        "batchnorm_momentum": 0.6,
        "scaling_factor": 0.1111111111111111,
        "tta_level": 2
    },
    "random_seed": 99,
    "git_commit_hash": "85402c5c6fafc553256ddda6a38a5e86792e3fed",
    "elapsed_wclock_time": 3.8573112213611607,
    "final acc": 0.9368000030517578,
    "last batch loss": 0.9453125,
    "epoch_val_accs": [
        0.627299964427948,
        0.5934999585151672,
        0.6909999847412109,
        0.6177999973297119,
        0.8014999628067017,
        0.8220999836921692,
        0.8597999811172485,
        0.9021999835968018,
        0.914199948310852,
        0.9291999936103821
    ],
    "epoch_losses": [
        1.5,
        1.3046875,
        1.2291666666666667,
        1.2005208333333333,
        1.1725260416666667,
        1.11328125,
        1.0813802083333333,
        1.0169270833333333,
        0.9837239583333334,
        0.9453125
    ]
}