{
    "opt": {
        "train_epochs": 9.9,
        "batch_size": 1536,
        "lr": 17.25,
        "momentum": 0.85,
        "weight_decay": 0.0153,
        "bias_scaler": 64.0,
        "label_smoothing": 0.2,
        "whiten_bias_epochs": 3
    },
    "aug": {
        "flip": true,
        "translate": 2
    },
    "net": {
        "widths": {
            "block1": 64,
            "block2": 256,
            "block3": 256
        },
        "batchnorm_momentum": 0.6,
        "scaling_factor": 0.1111111111111111,
        "tta_level": 2
    },
    "random_seed": 99,
    "git_commit_hash": "85402c5c6fafc553256ddda6a38a5e86792e3fed",
    "elapsed_wclock_time": 3.9895509548187253,
    "final acc": 0.9371999502182007,
    "last batch loss": 0.94140625,
    "epoch_val_accs": [
        0.5981000065803528,
        0.7253999710083008,
        0.6583999991416931,
        0.7396000027656555,
        0.8229999542236328,
        0.8313999772071838,
        0.8305000066757202,
        0.8926999568939209,
        0.9193999767303467,
        0.9302999973297119
    ],
    "epoch_losses": [
        1.5143229166666667,
        1.3157552083333333,
        1.2389322916666667,
        1.1842447916666667,
        1.154296875,
        1.1009114583333333,
        1.0794270833333333,
        1.0026041666666667,
        0.9817708333333334,
        0.94140625
    ]
}