{
    "opt": {
        "train_epochs": 9.9,
        "batch_size": 1536,
        "lr": 17.25,
        "momentum": 0.85,
        "weight_decay": 0.0153,
        "bias_scaler": 64.0,
        "label_smoothing": 0.2,
        "whiten_bias_epochs": 3
    },
    "aug": {
        "flip": true,
        "translate": 2
    },
    "net": {
        "widths": {
            "block1": 64,
            "block2": 256,
            "block3": 256
        },
        "batchnorm_momentum": 0.6,
        "scaling_factor": 0.1111111111111111,
        "tta_level": 2
    },
    "random_seed": 99,
    "git_commit_hash": "85402c5c6fafc553256ddda6a38a5e86792e3fed",
    "elapsed_wclock_time": 3.988406067848206,
    "final acc": 0.9363999962806702,
    "last batch loss": 0.9713541666666666,
    "epoch_val_accs": [
        0.6157999634742737,
        0.4499000012874603,
        0.6819999814033508,
        0.5791999697685242,
        0.8145999908447266,
        0.6484000086784363,
        0.8382999897003174,
        0.8780999779701233,
        0.8921999931335449,
        0.9296999573707581
    ],
    "epoch_losses": [
        1.5078125,
        1.2805989583333333,
        1.2962239583333333,
        1.2265625,
        1.1979166666666667,
        1.1282552083333333,
        1.1080729166666667,
        1.0403645833333333,
        1.0071614583333333,
        0.9713541666666666
    ]
}