{
    "opt": {
        "train_epochs": 9.9,
        "batch_size": 1536,
        "lr": 17.25,
        "momentum": 0.85,
        "weight_decay": 0.0153,
        "bias_scaler": 64.0,
        "label_smoothing": 0.2,
        "whiten_bias_epochs": 3
    },
    "aug": {
        "flip": true,
        "translate": 2
    },
    "net": {
        "widths": {
            "block1": 64,
            "block2": 256,
            "block3": 256
        },
        "batchnorm_momentum": 0.6,
        "scaling_factor": 0.1111111111111111,
        "tta_level": 2
    },
    "random_seed": 99,
    "git_commit_hash": "85402c5c6fafc553256ddda6a38a5e86792e3fed",
    "elapsed_wclock_time": 4.026020050048828,
    "final acc": 0.9384999871253967,
    "last batch loss": 0.9466145833333334,
    "epoch_val_accs": [
        0.645799994468689,
        0.5587999820709229,
        0.6399999856948853,
        0.7206000089645386,
        0.8247999548912048,
        0.7882999777793884,
        0.8531000018119812,
        0.8984999656677246,
        0.9102999567985535,
        0.9307999610900879
    ],
    "epoch_losses": [
        1.4921875,
        1.3359375,
        1.2389322916666667,
        1.19921875,
        1.1627604166666667,
        1.09375,
        1.0696614583333333,
        1.0208333333333333,
        0.9798177083333334,
        0.9466145833333334
    ]
}