{
    "opt": {
        "train_epochs": 9.9,
        "batch_size": 1536,
        "lr": 17.25,
        "momentum": 0.85,
        "weight_decay": 0.0153,
        "bias_scaler": 64.0,
        "label_smoothing": 0.2,
        "whiten_bias_epochs": 3
    },
    "aug": {
        "flip": true,
        "translate": 2
    },
    "net": {
        "widths": {
            "block1": 64,
            "block2": 256,
            "block3": 256
        },
        "batchnorm_momentum": 0.6,
        "scaling_factor": 0.1111111111111111,
        "tta_level": 2
    },
    "random_seed": 99,
    "git_commit_hash": "85402c5c6fafc553256ddda6a38a5e86792e3fed",
    "elapsed_wclock_time": 3.9847839803695675,
    "final acc": 0.9358999729156494,
    "last batch loss": 0.9459635416666666,
    "epoch_val_accs": [
        0.5875999927520752,
        0.7092999815940857,
        0.708899974822998,
        0.7888000011444092,
        0.7407000064849854,
        0.8208000063896179,
        0.8370999693870544,
        0.8992999792098999,
        0.9178999662399292,
        0.9269999861717224
    ],
    "epoch_losses": [
        1.4869791666666667,
        1.2981770833333333,
        1.1920572916666667,
        1.1627604166666667,
        1.1875,
        1.09765625,
        1.0716145833333333,
        1.01953125,
        0.9811197916666666,
        0.9459635416666666
    ]
}