{
    "opt": {
        "train_epochs": 9.9,
        "batch_size": 1536,
        "lr": 17.25,
        "momentum": 0.85,
        "weight_decay": 0.0153,
        "bias_scaler": 64.0,
        "label_smoothing": 0.2,
        "whiten_bias_epochs": 3
    },
    "aug": {
        "flip": true,
        "translate": 2
    },
    "net": {
        "widths": {
            "block1": 64,
            "block2": 256,
            "block3": 256
        },
        "batchnorm_momentum": 0.6,
        "scaling_factor": 0.1111111111111111,
        "tta_level": 2
    },
    "random_seed": 99,
    "git_commit_hash": "85402c5c6fafc553256ddda6a38a5e86792e3fed",
    "elapsed_wclock_time": 3.896094931125641,
    "final acc": 0.9375999569892883,
    "last batch loss": 0.94921875,
    "epoch_val_accs": [
        0.47279998660087585,
        0.5270000100135803,
        0.7475000023841858,
        0.6202999949455261,
        0.7945999503135681,
        0.8283999562263489,
        0.833899974822998,
        0.901699960231781,
        0.9084999561309814,
        0.9302999973297119
    ],
    "epoch_losses": [
        1.515625,
        1.3815104166666667,
        1.23046875,
        1.1927083333333333,
        1.138671875,
        1.1139322916666667,
        1.0611979166666667,
        1.0130208333333333,
        0.9895833333333334,
        0.94921875
    ]
}