{
    "opt": {
        "train_epochs": 9.9,
        "batch_size": 1536,
        "lr": 17.25,
        "momentum": 0.85,
        "weight_decay": 0.0153,
        "bias_scaler": 64.0,
        "label_smoothing": 0.2,
        "whiten_bias_epochs": 3
    },
    "aug": {
        "flip": true,
        "translate": 2
    },
    "net": {
        "widths": {
            "block1": 64,
            "block2": 256,
            "block3": 256
        },
        "batchnorm_momentum": 0.6,
        "scaling_factor": 0.1111111111111111,
        "tta_level": 2
    },
    "random_seed": 99,
    "git_commit_hash": "85402c5c6fafc553256ddda6a38a5e86792e3fed",
    "elapsed_wclock_time": 4.076645034790039,
    "final acc": 0.9388999938964844,
    "last batch loss": 0.9401041666666666,
    "epoch_val_accs": [
        0.505299985408783,
        0.47609999775886536,
        0.5569999814033508,
        0.760699987411499,
        0.8053999543190002,
        0.843999981880188,
        0.8657999634742737,
        0.9065999984741211,
        0.9177999496459961,
        0.9287999868392944
    ],
    "epoch_losses": [
        1.47265625,
        1.34765625,
        1.2506510416666667,
        1.1966145833333333,
        1.1744791666666667,
        1.1087239583333333,
        1.0768229166666667,
        1.0208333333333333,
        0.978515625,
        0.9401041666666666
    ]
}