{
    "opt": {
        "train_epochs": 9.9,
        "batch_size": 1536,
        "lr": 17.25,
        "momentum": 0.85,
        "weight_decay": 0.0153,
        "bias_scaler": 64.0,
        "label_smoothing": 0.2,
        "whiten_bias_epochs": 3
    },
    "aug": {
        "flip": true,
        "translate": 2
    },
    "net": {
        "widths": {
            "block1": 64,
            "block2": 256,
            "block3": 256
        },
        "batchnorm_momentum": 0.6,
        "scaling_factor": 0.1111111111111111,
        "tta_level": 2
    },
    "random_seed": 99,
    "git_commit_hash": "85402c5c6fafc553256ddda6a38a5e86792e3fed",
    "elapsed_wclock_time": 3.9430301952362057,
    "final acc": 0.9388999938964844,
    "last batch loss": 0.9420572916666666,
    "epoch_val_accs": [
        0.6268999576568604,
        0.6389999985694885,
        0.5705999732017517,
        0.7461999654769897,
        0.8101999759674072,
        0.7734000086784363,
        0.8422999978065491,
        0.8887999653816223,
        0.9187999963760376,
        0.930899977684021
    ],
    "epoch_losses": [
        1.4713541666666667,
        1.3802083333333333,
        1.2493489583333333,
        1.2109375,
        1.1458333333333333,
        1.1165364583333333,
        1.0846354166666667,
        1.01171875,
        0.9856770833333334,
        0.9420572916666666
    ]
}