{
    "opt": {
        "train_epochs": 9.9,
        "batch_size": 1536,
        "lr": 17.25,
        "momentum": 0.85,
        "weight_decay": 0.0153,
        "bias_scaler": 64.0,
        "label_smoothing": 0.2,
        "whiten_bias_epochs": 3
    },
    "aug": {
        "flip": true,
        "translate": 2
    },
    "net": {
        "widths": {
            "block1": 64,
            "block2": 256,
            "block3": 256
        },
        "batchnorm_momentum": 0.6,
        "scaling_factor": 0.1111111111111111,
        "tta_level": 2
    },
    "random_seed": 99,
    "git_commit_hash": "85402c5c6fafc553256ddda6a38a5e86792e3fed",
    "elapsed_wclock_time": 3.8523637135028843,
    "final acc": 0.937999963760376,
    "last batch loss": 0.9518229166666666,
    "epoch_val_accs": [
        0.616599977016449,
        0.41130000352859497,
        0.7039999961853027,
        0.7833999991416931,
        0.8097999691963196,
        0.8409000039100647,
        0.866599977016449,
        0.9018999934196472,
        0.9151999950408936,
        0.9307000041007996
    ],
    "epoch_losses": [
        1.48046875,
        1.3815104166666667,
        1.2018229166666667,
        1.1901041666666667,
        1.1399739583333333,
        1.11328125,
        1.0572916666666667,
        1.0032552083333333,
        0.9817708333333334,
        0.9518229166666666
    ]
}