{
    "opt": {
        "train_epochs": 9.9,
        "batch_size": 1536,
        "lr": 17.25,
        "momentum": 0.85,
        "weight_decay": 0.0153,
        "bias_scaler": 64.0,
        "label_smoothing": 0.2,
        "whiten_bias_epochs": 3
    },
    "aug": {
        "flip": true,
        "translate": 2
    },
    "net": {
        "widths": {
            "block1": 64,
            "block2": 256,
            "block3": 256
        },
        "batchnorm_momentum": 0.6,
        "scaling_factor": 0.1111111111111111,
        "tta_level": 2
    },
    "random_seed": 99,
    "git_commit_hash": "85402c5c6fafc553256ddda6a38a5e86792e3fed",
    "elapsed_wclock_time": 3.943852868795395,
    "final acc": 0.9387999773025513,
    "last batch loss": 0.939453125,
    "epoch_val_accs": [
        0.5644999742507935,
        0.32099997997283936,
        0.7257999777793884,
        0.7195999622344971,
        0.7823999524116516,
        0.820099949836731,
        0.8745999932289124,
        0.9041999578475952,
        0.9190999865531921,
        0.9296000003814697
    ],
    "epoch_losses": [
        1.5130208333333333,
        1.3854166666666667,
        1.263671875,
        1.177734375,
        1.169921875,
        1.119140625,
        1.06640625,
        1.0032552083333333,
        0.9798177083333334,
        0.939453125
    ]
}