{
    "opt": {
        "train_epochs": 9.9,
        "batch_size": 1536,
        "lr": 17.25,
        "momentum": 0.85,
        "weight_decay": 0.0153,
        "bias_scaler": 64.0,
        "label_smoothing": 0.2,
        "whiten_bias_epochs": 3
    },
    "aug": {
        "flip": true,
        "translate": 2
    },
    "net": {
        "widths": {
            "block1": 64,
            "block2": 256,
            "block3": 256
        },
        "batchnorm_momentum": 0.6,
        "scaling_factor": 0.1111111111111111,
        "tta_level": 2
    },
    "random_seed": 99,
    "git_commit_hash": "85402c5c6fafc553256ddda6a38a5e86792e3fed",
    "elapsed_wclock_time": 3.8578886880874634,
    "final acc": 0.9381999969482422,
    "last batch loss": 0.9524739583333334,
    "epoch_val_accs": [
        0.590999960899353,
        0.593999981880188,
        0.7250999808311462,
        0.630899965763092,
        0.8179000020027161,
        0.8035999536514282,
        0.858299970626831,
        0.8697999715805054,
        0.9185999631881714,
        0.9325000047683716
    ],
    "epoch_losses": [
        1.5052083333333333,
        1.3385416666666667,
        1.25,
        1.1803385416666667,
        1.16015625,
        1.1171875,
        1.0846354166666667,
        1.0091145833333333,
        0.97265625,
        0.9524739583333334
    ]
}