{
    "opt": {
        "train_epochs": 9.9,
        "batch_size": 1536,
        "lr": 17.25,
        "momentum": 0.85,
        "weight_decay": 0.0153,
        "bias_scaler": 64.0,
        "label_smoothing": 0.2,
        "whiten_bias_epochs": 3
    },
    "aug": {
        "flip": true,
        "translate": 2
    },
    "net": {
        "widths": {
            "block1": 64,
            "block2": 256,
            "block3": 256
        },
        "batchnorm_momentum": 0.6,
        "scaling_factor": 0.1111111111111111,
        "tta_level": 2
    },
    "random_seed": 99,
    "git_commit_hash": "85402c5c6fafc553256ddda6a38a5e86792e3fed",
    "elapsed_wclock_time": 3.9450848543643953,
    "final acc": 0.9391999840736389,
    "last batch loss": 0.9368489583333334,
    "epoch_val_accs": [
        0.6040999889373779,
        0.5432999730110168,
        0.7167999744415283,
        0.621399998664856,
        0.8055999875068665,
        0.8143999576568604,
        0.873699963092804,
        0.9025999903678894,
        0.9199000000953674,
        0.9304999709129333
    ],
    "epoch_losses": [
        1.5065104166666667,
        1.3001302083333333,
        1.197265625,
        1.1686197916666667,
        1.181640625,
        1.0924479166666667,
        1.0651041666666667,
        1.0045572916666667,
        0.9947916666666666,
        0.9368489583333334
    ]
}