{
    "opt": {
        "train_epochs": 9.9,
        "batch_size": 1536,
        "lr": 17.25,
        "momentum": 0.85,
        "weight_decay": 0.0153,
        "bias_scaler": 64.0,
        "label_smoothing": 0.2,
        "whiten_bias_epochs": 3
    },
    "aug": {
        "flip": true,
        "translate": 2
    },
    "net": {
        "widths": {
            "block1": 64,
            "block2": 256,
            "block3": 256
        },
        "batchnorm_momentum": 0.6,
        "scaling_factor": 0.1111111111111111,
        "tta_level": 2
    },
    "random_seed": 99,
    "git_commit_hash": "85402c5c6fafc553256ddda6a38a5e86792e3fed",
    "elapsed_wclock_time": 3.8586479647159577,
    "final acc": 0.9371999502182007,
    "last batch loss": 0.953125,
    "epoch_val_accs": [
        0.6103000044822693,
        0.5015000104904175,
        0.6884999871253967,
        0.6942999958992004,
        0.8471999764442444,
        0.801099956035614,
        0.8412999510765076,
        0.8915999531745911,
        0.9089999794960022,
        0.927899956703186
    ],
    "epoch_losses": [
        1.5,
        1.34765625,
        1.2239583333333333,
        1.1985677083333333,
        1.1595052083333333,
        1.109375,
        1.064453125,
        1.0188802083333333,
        0.9876302083333334,
        0.953125
    ]
}