{
    "opt": {
        "train_epochs": 9.9,
        "batch_size": 1536,
        "lr": 17.25,
        "momentum": 0.85,
        "weight_decay": 0.0153,
        "bias_scaler": 64.0,
        "label_smoothing": 0.2,
        "whiten_bias_epochs": 3
    },
    "aug": {
        "flip": true,
        "translate": 2
    },
    "net": {
        "widths": {
            "block1": 64,
            "block2": 256,
            "block3": 256
        },
        "batchnorm_momentum": 0.6,
        "scaling_factor": 0.1111111111111111,
        "tta_level": 2
    },
    "random_seed": 99,
    "git_commit_hash": "85402c5c6fafc553256ddda6a38a5e86792e3fed",
    "elapsed_wclock_time": 3.9879065155982967,
    "final acc": 0.9380999803543091,
    "last batch loss": 0.9518229166666666,
    "epoch_val_accs": [
        0.5430999994277954,
        0.748699963092804,
        0.6538999676704407,
        0.767300009727478,
        0.7972999811172485,
        0.8341999650001526,
        0.8376999497413635,
        0.9023999571800232,
        0.914900004863739,
        0.9292999505996704
    ],
    "epoch_losses": [
        1.4778645833333333,
        1.3424479166666667,
        1.2337239583333333,
        1.2024739583333333,
        1.1458333333333333,
        1.1256510416666667,
        1.0891927083333333,
        1.0208333333333333,
        0.9837239583333334,
        0.9518229166666666
    ]
}