{
    "opt": {
        "train_epochs": 9.9,
        "batch_size": 1536,
        "lr": 17.25,
        "momentum": 0.85,
        "weight_decay": 0.0153,
        "bias_scaler": 64.0,
        "label_smoothing": 0.2,
        "whiten_bias_epochs": 3
    },
    "aug": {
        "flip": true,
        "translate": 2
    },
    "net": {
        "widths": {
            "block1": 64,
            "block2": 256,
            "block3": 256
        },
        "batchnorm_momentum": 0.6,
        "scaling_factor": 0.1111111111111111,
        "tta_level": 2
    },
    "random_seed": 99,
    "git_commit_hash": "85402c5c6fafc553256ddda6a38a5e86792e3fed",
    "elapsed_wclock_time": 3.9882350692749027,
    "final acc": 0.9381999969482422,
    "last batch loss": 0.9518229166666666,
    "epoch_val_accs": [
        0.6086999773979187,
        0.5286999940872192,
        0.6984999775886536,
        0.7637999653816223,
        0.8078999519348145,
        0.8551999926567078,
        0.8300999999046326,
        0.8953999876976013,
        0.9146999716758728,
        0.9314000010490417
    ],
    "epoch_losses": [
        1.43359375,
        1.3619791666666667,
        1.2161458333333333,
        1.2063802083333333,
        1.1380208333333333,
        1.095703125,
        1.0846354166666667,
        1.0227864583333333,
        0.9856770833333334,
        0.9518229166666666
    ]
}