{
    "opt": {
        "train_epochs": 9.9,
        "batch_size": 1536,
        "lr": 17.25,
        "momentum": 0.85,
        "weight_decay": 0.0153,
        "bias_scaler": 64.0,
        "label_smoothing": 0.2,
        "whiten_bias_epochs": 3
    },
    "aug": {
        "flip": true,
        "translate": 2
    },
    "net": {
        "widths": {
            "block1": 64,
            "block2": 256,
            "block3": 256
        },
        "batchnorm_momentum": 0.6,
        "scaling_factor": 0.1111111111111111,
        "tta_level": 2
    },
    "random_seed": 99,
    "git_commit_hash": "85402c5c6fafc553256ddda6a38a5e86792e3fed",
    "elapsed_wclock_time": 3.992064659118652,
    "final acc": 0.9369999766349792,
    "last batch loss": 0.9479166666666666,
    "epoch_val_accs": [
        0.6334999799728394,
        0.5814999938011169,
        0.6297000050544739,
        0.7823999524116516,
        0.8434000015258789,
        0.8637999892234802,
        0.8434000015258789,
        0.9036999940872192,
        0.9217000007629395,
        0.9314000010490417
    ],
    "epoch_losses": [
        1.4817708333333333,
        1.37890625,
        1.2389322916666667,
        1.1516927083333333,
        1.1354166666666667,
        1.0859375,
        1.0709635416666667,
        1.0221354166666667,
        0.984375,
        0.9479166666666666
    ]
}