{
    "opt": {
        "train_epochs": 9.9,
        "batch_size": 1536,
        "lr": 17.25,
        "momentum": 0.85,
        "weight_decay": 0.0153,
        "bias_scaler": 64.0,
        "label_smoothing": 0.2,
        "whiten_bias_epochs": 3
    },
    "aug": {
        "flip": true,
        "translate": 2
    },
    "net": {
        "widths": {
            "block1": 64,
            "block2": 256,
            "block3": 256
        },
        "batchnorm_momentum": 0.6,
        "scaling_factor": 0.1111111111111111,
        "tta_level": 2
    },
    "random_seed": 99,
    "git_commit_hash": "85402c5c6fafc553256ddda6a38a5e86792e3fed",
    "elapsed_wclock_time": 3.900480299949646,
    "final acc": 0.9364999532699585,
    "last batch loss": 0.9420572916666666,
    "epoch_val_accs": [
        0.5206999778747559,
        0.6223999857902527,
        0.7001000046730042,
        0.7150999903678894,
        0.8328999876976013,
        0.8561999797821045,
        0.8689000010490417,
        0.8938999772071838,
        0.9142999649047852,
        0.9284999966621399
    ],
    "epoch_losses": [
        1.4713541666666667,
        1.3880208333333333,
        1.2174479166666667,
        1.181640625,
        1.169921875,
        1.0930989583333333,
        1.0540364583333333,
        1.025390625,
        0.9765625,
        0.9420572916666666
    ]
}