{
    "opt": {
        "train_epochs": 9.9,
        "batch_size": 1536,
        "lr": 17.25,
        "momentum": 0.85,
        "weight_decay": 0.0153,
        "bias_scaler": 64.0,
        "label_smoothing": 0.2,
        "whiten_bias_epochs": 3
    },
    "aug": {
        "flip": true,
        "translate": 2
    },
    "net": {
        "widths": {
            "block1": 64,
            "block2": 256,
            "block3": 256
        },
        "batchnorm_momentum": 0.6,
        "scaling_factor": 0.1111111111111111,
        "tta_level": 2
    },
    "random_seed": 99,
    "git_commit_hash": "85402c5c6fafc553256ddda6a38a5e86792e3fed",
    "elapsed_wclock_time": 3.95118709564209,
    "final acc": 0.9368000030517578,
    "last batch loss": 0.9440104166666666,
    "epoch_val_accs": [
        0.6291999816894531,
        0.6987000107765198,
        0.46949997544288635,
        0.7563999891281128,
        0.7640999555587769,
        0.8470999598503113,
        0.812999963760376,
        0.8976999521255493,
        0.9132999777793884,
        0.927899956703186
    ],
    "epoch_losses": [
        1.484375,
        1.3040364583333333,
        1.2415364583333333,
        1.1744791666666667,
        1.1875,
        1.08203125,
        1.0729166666666667,
        1.015625,
        0.986328125,
        0.9440104166666666
    ]
}