{
    "opt": {
        "train_epochs": 9.9,
        "batch_size": 1536,
        "lr": 17.25,
        "momentum": 0.85,
        "weight_decay": 0.0153,
        "bias_scaler": 64.0,
        "label_smoothing": 0.2,
        "whiten_bias_epochs": 3
    },
    "aug": {
        "flip": true,
        "translate": 2
    },
    "net": {
        "widths": {
            "block1": 64,
            "block2": 256,
            "block3": 256
        },
        "batchnorm_momentum": 0.6,
        "scaling_factor": 0.1111111111111111,
        "tta_level": 2
    },
    "random_seed": 99,
    "git_commit_hash": "85402c5c6fafc553256ddda6a38a5e86792e3fed",
    "elapsed_wclock_time": 3.9866721775531775,
    "final acc": 0.9369999766349792,
    "last batch loss": 0.95703125,
    "epoch_val_accs": [
        0.611799955368042,
        0.6247000098228455,
        0.7477999925613403,
        0.7339999675750732,
        0.7319999933242798,
        0.8035999536514282,
        0.8912000060081482,
        0.9078999757766724,
        0.9202999472618103,
        0.9300999641418457
    ],
    "epoch_losses": [
        1.4518229166666667,
        1.3411458333333333,
        1.220703125,
        1.1998697916666667,
        1.1536458333333333,
        1.080078125,
        1.0787760416666667,
        1.0143229166666667,
        0.9811197916666666,
        0.95703125
    ]
}