{
    "opt": {
        "train_epochs": 9.9,
        "batch_size": 1536,
        "lr": 17.25,
        "momentum": 0.85,
        "weight_decay": 0.0153,
        "bias_scaler": 64.0,
        "label_smoothing": 0.2,
        "whiten_bias_epochs": 3
    },
    "aug": {
        "flip": true,
        "translate": 2
    },
    "net": {
        "widths": {
            "block1": 64,
            "block2": 256,
            "block3": 256
        },
        "batchnorm_momentum": 0.6,
        "scaling_factor": 0.1111111111111111,
        "tta_level": 2
    },
    "random_seed": 99,
    "git_commit_hash": "85402c5c6fafc553256ddda6a38a5e86792e3fed",
    "elapsed_wclock_time": 3.939726583242417,
    "final acc": 0.94159996509552,
    "last batch loss": 0.9446614583333334,
    "epoch_val_accs": [
        0.6216999888420105,
        0.50409996509552,
        0.7139999866485596,
        0.7811999917030334,
        0.7973999977111816,
        0.847599983215332,
        0.8418999910354614,
        0.9057999849319458,
        0.9188999533653259,
        0.9320999979972839
    ],
    "epoch_losses": [
        1.5091145833333333,
        1.3645833333333333,
        1.255859375,
        1.22265625,
        1.140625,
        1.109375,
        1.0625,
        1.0,
        0.9811197916666666,
        0.9446614583333334
    ]
}