{
    "opt": {
        "train_epochs": 9.9,
        "batch_size": 1536,
        "lr": 17.25,
        "momentum": 0.85,
        "weight_decay": 0.0153,
        "bias_scaler": 64.0,
        "label_smoothing": 0.2,
        "whiten_bias_epochs": 3
    },
    "aug": {
        "flip": true,
        "translate": 2
    },
    "net": {
        "widths": {
            "block1": 64,
            "block2": 256,
            "block3": 256
        },
        "batchnorm_momentum": 0.6,
        "scaling_factor": 0.1111111111111111,
        "tta_level": 2
    },
    "random_seed": 99,
    "git_commit_hash": "85402c5c6fafc553256ddda6a38a5e86792e3fed",
    "elapsed_wclock_time": 3.942852918863296,
    "final acc": 0.9376999735832214,
    "last batch loss": 0.9466145833333334,
    "epoch_val_accs": [
        0.6273999810218811,
        0.44339999556541443,
        0.7267999649047852,
        0.7655999660491943,
        0.8219999670982361,
        0.8181999921798706,
        0.8119999766349792,
        0.9025999903678894,
        0.9103999733924866,
        0.9309999942779541
    ],
    "epoch_losses": [
        1.44921875,
        1.3385416666666667,
        1.2311197916666667,
        1.1888020833333333,
        1.1321614583333333,
        1.1165364583333333,
        1.0891927083333333,
        1.01171875,
        0.9733072916666666,
        0.9466145833333334
    ]
}