{
    "opt": {
        "train_epochs": 9.9,
        "batch_size": 1536,
        "lr": 17.25,
        "momentum": 0.85,
        "weight_decay": 0.0153,
        "bias_scaler": 64.0,
        "label_smoothing": 0.2,
        "whiten_bias_epochs": 3
    },
    "aug": {
        "flip": true,
        "translate": 2
    },
    "net": {
        "widths": {
            "block1": 64,
            "block2": 256,
            "block3": 256
        },
        "batchnorm_momentum": 0.6,
        "scaling_factor": 0.1111111111111111,
        "tta_level": 2
    },
    "random_seed": 99,
    "git_commit_hash": "85402c5c6fafc553256ddda6a38a5e86792e3fed",
    "elapsed_wclock_time": 3.982255944728851,
    "final acc": 0.9364999532699585,
    "last batch loss": 0.953125,
    "epoch_val_accs": [
        0.560699999332428,
        0.4113999903202057,
        0.7134000062942505,
        0.6208999752998352,
        0.823199987411499,
        0.7831999659538269,
        0.8547999858856201,
        0.8890999555587769,
        0.911300003528595,
        0.9277999997138977
    ],
    "epoch_losses": [
        1.51953125,
        1.3645833333333333,
        1.2552083333333333,
        1.234375,
        1.146484375,
        1.1028645833333333,
        1.0826822916666667,
        1.009765625,
        0.9759114583333334,
        0.953125
    ]
}