{
    "opt": {
        "train_epochs": 9.9,
        "batch_size": 1536,
        "lr": 17.25,
        "momentum": 0.85,
        "weight_decay": 0.0153,
        "bias_scaler": 64.0,
        "label_smoothing": 0.2,
        "whiten_bias_epochs": 3
    },
    "aug": {
        "flip": true,
        "translate": 2
    },
    "net": {
        "widths": {
            "block1": 64,
            "block2": 256,
            "block3": 256
        },
        "batchnorm_momentum": 0.6,
        "scaling_factor": 0.1111111111111111,
        "tta_level": 2
    },
    "random_seed": 99,
    "git_commit_hash": "85402c5c6fafc553256ddda6a38a5e86792e3fed",
    "elapsed_wclock_time": 3.941979868650437,
    "final acc": 0.9366999864578247,
    "last batch loss": 0.955078125,
    "epoch_val_accs": [
        0.597000002861023,
        0.5435999631881714,
        0.676099956035614,
        0.5852999687194824,
        0.7784000039100647,
        0.8233000040054321,
        0.8456999659538269,
        0.9027000069618225,
        0.9162999987602234,
        0.9303999543190002
    ],
    "epoch_losses": [
        1.5091145833333333,
        1.3046875,
        1.2760416666666667,
        1.1907552083333333,
        1.1484375,
        1.1100260416666667,
        1.064453125,
        1.0169270833333333,
        0.986328125,
        0.955078125
    ]
}