{
    "opt": {
        "train_epochs": 9.9,
        "batch_size": 1536,
        "lr": 17.25,
        "momentum": 0.85,
        "weight_decay": 0.0153,
        "bias_scaler": 64.0,
        "label_smoothing": 0.2,
        "whiten_bias_epochs": 3
    },
    "aug": {
        "flip": true,
        "translate": 2
    },
    "net": {
        "widths": {
            "block1": 64,
            "block2": 256,
            "block3": 256
        },
        "batchnorm_momentum": 0.6,
        "scaling_factor": 0.1111111111111111,
        "tta_level": 2
    },
    "random_seed": 99,
    "git_commit_hash": "85402c5c6fafc553256ddda6a38a5e86792e3fed",
    "elapsed_wclock_time": 3.9392737877368926,
    "final acc": 0.9376999735832214,
    "last batch loss": 0.9446614583333334,
    "epoch_val_accs": [
        0.5867999792098999,
        0.3990999758243561,
        0.6966999769210815,
        0.7392999529838562,
        0.8190000057220459,
        0.8204999566078186,
        0.8664999604225159,
        0.8807999491691589,
        0.9065999984741211,
        0.927899956703186
    ],
    "epoch_losses": [
        1.4986979166666667,
        1.3606770833333333,
        1.2421875,
        1.189453125,
        1.1341145833333333,
        1.1178385416666667,
        1.0833333333333333,
        1.0201822916666667,
        0.9850260416666666,
        0.9446614583333334
    ]
}