{
    "opt": {
        "train_epochs": 9.9,
        "batch_size": 1536,
        "lr": 17.25,
        "momentum": 0.85,
        "weight_decay": 0.0153,
        "bias_scaler": 64.0,
        "label_smoothing": 0.2,
        "whiten_bias_epochs": 3
    },
    "aug": {
        "flip": true,
        "translate": 2
    },
    "net": {
        "widths": {
            "block1": 64,
            "block2": 256,
            "block3": 256
        },
        "batchnorm_momentum": 0.6,
        "scaling_factor": 0.1111111111111111,
        "tta_level": 2
    },
    "random_seed": 99,
    "git_commit_hash": "85402c5c6fafc553256ddda6a38a5e86792e3fed",
    "elapsed_wclock_time": 3.979570090055466,
    "final acc": 0.9412999749183655,
    "last batch loss": 0.9518229166666666,
    "epoch_val_accs": [
        0.6319000124931335,
        0.5608999729156494,
        0.7135999798774719,
        0.7454999685287476,
        0.7319999933242798,
        0.8193999528884888,
        0.8059999942779541,
        0.8813999891281128,
        0.911799967288971,
        0.9322999715805054
    ],
    "epoch_losses": [
        1.4908854166666667,
        1.375,
        1.30859375,
        1.2194010416666667,
        1.1588541666666667,
        1.10546875,
        1.06640625,
        1.025390625,
        0.9850260416666666,
        0.9518229166666666
    ]
}