{
    "opt": {
        "train_epochs": 9.9,
        "batch_size": 1536,
        "lr": 17.25,
        "momentum": 0.85,
        "weight_decay": 0.0153,
        "bias_scaler": 64.0,
        "label_smoothing": 0.2,
        "whiten_bias_epochs": 3
    },
    "aug": {
        "flip": true,
        "translate": 2
    },
    "net": {
        "widths": {
            "block1": 64,
            "block2": 256,
            "block3": 256
        },
        "batchnorm_momentum": 0.6,
        "scaling_factor": 0.1111111111111111,
        "tta_level": 2
    },
    "random_seed": 99,
    "git_commit_hash": "85402c5c6fafc553256ddda6a38a5e86792e3fed",
    "elapsed_wclock_time": 3.9428393859863284,
    "final acc": 0.9386000037193298,
    "last batch loss": 0.9485677083333334,
    "epoch_val_accs": [
        0.5845999717712402,
        0.5953999757766724,
        0.7339999675750732,
        0.786300003528595,
        0.7669999599456787,
        0.8417999744415283,
        0.8588999509811401,
        0.9041000008583069,
        0.9215999841690063,
        0.9307000041007996
    ],
    "epoch_losses": [
        1.48828125,
        1.2916666666666667,
        1.2200520833333333,
        1.1647135416666667,
        1.15625,
        1.1041666666666667,
        1.0833333333333333,
        1.01171875,
        0.9811197916666666,
        0.9485677083333334
    ]
}