{
    "opt": {
        "train_epochs": 9.9,
        "batch_size": 1536,
        "lr": 17.25,
        "momentum": 0.85,
        "weight_decay": 0.0153,
        "bias_scaler": 64.0,
        "label_smoothing": 0.2,
        "whiten_bias_epochs": 3
    },
    "aug": {
        "flip": true,
        "translate": 2
    },
    "net": {
        "widths": {
            "block1": 64,
            "block2": 256,
            "block3": 256
        },
        "batchnorm_momentum": 0.6,
        "scaling_factor": 0.1111111111111111,
        "tta_level": 2
    },
    "random_seed": 99,
    "git_commit_hash": "85402c5c6fafc553256ddda6a38a5e86792e3fed",
    "elapsed_wclock_time": 3.9904002761840816,
    "final acc": 0.9358999729156494,
    "last batch loss": 0.9381510416666666,
    "epoch_val_accs": [
        0.561199963092804,
        0.600600004196167,
        0.7942999601364136,
        0.5321999788284302,
        0.7705000042915344,
        0.7947999835014343,
        0.8567999601364136,
        0.8940999507904053,
        0.9151999950408936,
        0.9271000027656555
    ],
    "epoch_losses": [
        1.4947916666666667,
        1.375,
        1.24609375,
        1.1927083333333333,
        1.173828125,
        1.1171875,
        1.0572916666666667,
        0.9993489583333334,
        0.9739583333333334,
        0.9381510416666666
    ]
}