{
    "opt": {
        "train_epochs": 9.9,
        "batch_size": 1536,
        "lr": 17.25,
        "momentum": 0.85,
        "weight_decay": 0.0153,
        "bias_scaler": 64.0,
        "label_smoothing": 0.2,
        "whiten_bias_epochs": 3
    },
    "aug": {
        "flip": true,
        "translate": 2
    },
    "net": {
        "widths": {
            "block1": 64,
            "block2": 256,
            "block3": 256
        },
        "batchnorm_momentum": 0.6,
        "scaling_factor": 0.1111111111111111,
        "tta_level": 2
    },
    "random_seed": 99,
    "git_commit_hash": "85402c5c6fafc553256ddda6a38a5e86792e3fed",
    "elapsed_wclock_time": 3.9186931977272037,
    "final acc": 0.9386999607086182,
    "last batch loss": 0.943359375,
    "epoch_val_accs": [
        0.54339998960495,
        0.7053999900817871,
        0.6920999884605408,
        0.765500009059906,
        0.8144999742507935,
        0.8339999914169312,
        0.8723999857902527,
        0.8984999656677246,
        0.9121999740600586,
        0.9314000010490417
    ],
    "epoch_losses": [
        1.4973958333333333,
        1.3671875,
        1.3138020833333333,
        1.181640625,
        1.1575520833333333,
        1.1119791666666667,
        1.0559895833333333,
        1.0162760416666667,
        0.970703125,
        0.943359375
    ]
}