{
    "opt": {
        "train_epochs": 9.9,
        "batch_size": 1536,
        "lr": 17.25,
        "momentum": 0.85,
        "weight_decay": 0.0153,
        "bias_scaler": 64.0,
        "label_smoothing": 0.2,
        "whiten_bias_epochs": 3
    },
    "aug": {
        "flip": true,
        "translate": 2
    },
    "net": {
        "widths": {
            "block1": 64,
            "block2": 256,
            "block3": 256
        },
        "batchnorm_momentum": 0.6,
        "scaling_factor": 0.1111111111111111,
        "tta_level": 2
    },
    "random_seed": 99,
    "git_commit_hash": "85402c5c6fafc553256ddda6a38a5e86792e3fed",
    "elapsed_wclock_time": 3.935122909545898,
    "final acc": 0.9335999488830566,
    "last batch loss": 0.9602864583333334,
    "epoch_val_accs": [
        0.616599977016449,
        0.705299973487854,
        0.699999988079071,
        0.7017999887466431,
        0.7985000014305115,
        0.8330999612808228,
        0.8482999801635742,
        0.8722999691963196,
        0.9066999554634094,
        0.9244999885559082
    ],
    "epoch_losses": [
        1.45703125,
        1.3001302083333333,
        1.2890625,
        1.1881510416666667,
        1.1744791666666667,
        1.134765625,
        1.0865885416666667,
        1.0247395833333333,
        1.0052083333333333,
        0.9602864583333334
    ]
}