{
    "opt": {
        "train_epochs": 9.9,
        "batch_size": 1536,
        "lr": 17.25,
        "momentum": 0.85,
        "weight_decay": 0.0153,
        "bias_scaler": 64.0,
        "label_smoothing": 0.2,
        "whiten_bias_epochs": 3
    },
    "aug": {
        "flip": true,
        "translate": 2
    },
    "net": {
        "widths": {
            "block1": 64,
            "block2": 256,
            "block3": 256
        },
        "batchnorm_momentum": 0.6,
        "scaling_factor": 0.1111111111111111,
        "tta_level": 2
    },
    "random_seed": 99,
    "git_commit_hash": "85402c5c6fafc553256ddda6a38a5e86792e3fed",
    "elapsed_wclock_time": 3.9418326332569125,
    "final acc": 0.9406999945640564,
    "last batch loss": 0.9466145833333334,
    "epoch_val_accs": [
        0.5794000029563904,
        0.6995999813079834,
        0.7648999691009521,
        0.7529000043869019,
        0.8044999837875366,
        0.7936999797821045,
        0.8669999837875366,
        0.8840999603271484,
        0.9097999930381775,
        0.9312999844551086
    ],
    "epoch_losses": [
        1.48046875,
        1.3268229166666667,
        1.2057291666666667,
        1.2122395833333333,
        1.1380208333333333,
        1.11328125,
        1.0677083333333333,
        1.0006510416666667,
        0.98828125,
        0.9466145833333334
    ]
}