{
    "opt": {
        "train_epochs": 9.9,
        "batch_size": 1536,
        "lr": 17.25,
        "momentum": 0.85,
        "weight_decay": 0.0153,
        "bias_scaler": 64.0,
        "label_smoothing": 0.2,
        "whiten_bias_epochs": 3
    },
    "aug": {
        "flip": true,
        "translate": 2
    },
    "net": {
        "widths": {
            "block1": 64,
            "block2": 256,
            "block3": 256
        },
        "batchnorm_momentum": 0.6,
        "scaling_factor": 0.1111111111111111,
        "tta_level": 2
    },
    "random_seed": 99,
    "git_commit_hash": "85402c5c6fafc553256ddda6a38a5e86792e3fed",
    "elapsed_wclock_time": 3.941325614929199,
    "final acc": 0.9363999962806702,
    "last batch loss": 0.9466145833333334,
    "epoch_val_accs": [
        0.5597000122070312,
        0.5963999629020691,
        0.6323999762535095,
        0.7813999652862549,
        0.8412999510765076,
        0.8224999904632568,
        0.8448999524116516,
        0.9080999493598938,
        0.9138999581336975,
        0.9279999732971191
    ],
    "epoch_losses": [
        1.5026041666666667,
        1.4296875,
        1.2688802083333333,
        1.185546875,
        1.1555989583333333,
        1.1373697916666667,
        1.0703125,
        1.01171875,
        0.9908854166666666,
        0.9466145833333334
    ]
}