{
    "opt": {
        "train_epochs": 9.9,
        "batch_size": 1536,
        "lr": 17.25,
        "momentum": 0.85,
        "weight_decay": 0.0153,
        "bias_scaler": 64.0,
        "label_smoothing": 0.2,
        "whiten_bias_epochs": 3
    },
    "aug": {
        "flip": true,
        "translate": 2
    },
    "net": {
        "widths": {
            "block1": 64,
            "block2": 256,
            "block3": 256
        },
        "batchnorm_momentum": 0.6,
        "scaling_factor": 0.1111111111111111,
        "tta_level": 2
    },
    "random_seed": 99,
    "git_commit_hash": "85402c5c6fafc553256ddda6a38a5e86792e3fed",
    "elapsed_wclock_time": 3.943307910203934,
    "final acc": 0.9371999502182007,
    "last batch loss": 0.9466145833333334,
    "epoch_val_accs": [
        0.5485000014305115,
        0.6818999648094177,
        0.7914999723434448,
        0.7125999927520752,
        0.8155999779701233,
        0.8363999724388123,
        0.8465999960899353,
        0.8981999754905701,
        0.9185999631881714,
        0.9291999936103821
    ],
    "epoch_losses": [
        1.51953125,
        1.2994791666666667,
        1.1998697916666667,
        1.203125,
        1.1653645833333333,
        1.0963541666666667,
        1.0598958333333333,
        1.021484375,
        0.9908854166666666,
        0.9466145833333334
    ]
}