{
    "opt": {
        "train_epochs": 9.9,
        "batch_size": 1536,
        "lr": 17.25,
        "momentum": 0.85,
        "weight_decay": 0.0153,
        "bias_scaler": 64.0,
        "label_smoothing": 0.2,
        "whiten_bias_epochs": 3
    },
    "aug": {
        "flip": true,
        "translate": 2
    },
    "net": {
        "widths": {
            "block1": 64,
            "block2": 256,
            "block3": 256
        },
        "batchnorm_momentum": 0.6,
        "scaling_factor": 0.1111111111111111,
        "tta_level": 2
    },
    "random_seed": 99,
    "git_commit_hash": "85402c5c6fafc553256ddda6a38a5e86792e3fed",
    "elapsed_wclock_time": 3.9443897187709807,
    "final acc": 0.9377999901771545,
    "last batch loss": 0.9498697916666666,
    "epoch_val_accs": [
        0.6182999610900879,
        0.604699969291687,
        0.5914999842643738,
        0.7770000100135803,
        0.7760999798774719,
        0.8499999642372131,
        0.8745999932289124,
        0.8824999928474426,
        0.9078999757766724,
        0.929099977016449
    ],
    "epoch_losses": [
        1.5130208333333333,
        1.33203125,
        1.306640625,
        1.1920572916666667,
        1.1451822916666667,
        1.103515625,
        1.0657552083333333,
        1.0091145833333333,
        0.9791666666666666,
        0.9498697916666666
    ]
}