{
    "opt": {
        "train_epochs": 9.9,
        "batch_size": 1536,
        "lr": 17.25,
        "momentum": 0.85,
        "weight_decay": 0.0153,
        "bias_scaler": 64.0,
        "label_smoothing": 0.2,
        "whiten_bias_epochs": 3
    },
    "aug": {
        "flip": true,
        "translate": 2
    },
    "net": {
        "widths": {
            "block1": 64,
            "block2": 256,
            "block3": 256
        },
        "batchnorm_momentum": 0.6,
        "scaling_factor": 0.1111111111111111,
        "tta_level": 2
    },
    "random_seed": 99,
    "git_commit_hash": "85402c5c6fafc553256ddda6a38a5e86792e3fed",
    "elapsed_wclock_time": 3.9848345549106594,
    "final acc": 0.9399999976158142,
    "last batch loss": 0.94921875,
    "epoch_val_accs": [
        0.5792999863624573,
        0.6430999636650085,
        0.5360999703407288,
        0.7295999526977539,
        0.8190000057220459,
        0.8068000078201294,
        0.852899968624115,
        0.8917999863624573,
        0.9181999564170837,
        0.9314000010490417
    ],
    "epoch_losses": [
        1.5260416666666667,
        1.4114583333333333,
        1.2532552083333333,
        1.2233072916666667,
        1.1842447916666667,
        1.0963541666666667,
        1.0703125,
        1.0078125,
        0.98046875,
        0.94921875
    ]
}