{
    "opt": {
        "train_epochs": 9.9,
        "batch_size": 1536,
        "lr": 17.25,
        "momentum": 0.85,
        "weight_decay": 0.0153,
        "bias_scaler": 64.0,
        "label_smoothing": 0.2,
        "whiten_bias_epochs": 3
    },
    "aug": {
        "flip": true,
        "translate": 2
    },
    "net": {
        "widths": {
            "block1": 64,
            "block2": 256,
            "block3": 256
        },
        "batchnorm_momentum": 0.6,
        "scaling_factor": 0.1111111111111111,
        "tta_level": 2
    },
    "random_seed": 99,
    "git_commit_hash": "85402c5c6fafc553256ddda6a38a5e86792e3fed",
    "elapsed_wclock_time": 3.9389927978515624,
    "final acc": 0.9387999773025513,
    "last batch loss": 0.9485677083333334,
    "epoch_val_accs": [
        0.6324999928474426,
        0.7324999570846558,
        0.6663999557495117,
        0.7727999687194824,
        0.6062999963760376,
        0.7996000051498413,
        0.8567999601364136,
        0.8956999778747559,
        0.9211999773979187,
        0.9316999912261963
    ],
    "epoch_losses": [
        1.4752604166666667,
        1.2981770833333333,
        1.2467447916666667,
        1.169921875,
        1.1569010416666667,
        1.107421875,
        1.0904947916666667,
        1.0208333333333333,
        0.9765625,
        0.9485677083333334
    ]
}