{
    "opt": {
        "train_epochs": 9.9,
        "batch_size": 1536,
        "lr": 17.25,
        "momentum": 0.85,
        "weight_decay": 0.0153,
        "bias_scaler": 64.0,
        "label_smoothing": 0.2,
        "whiten_bias_epochs": 3
    },
    "aug": {
        "flip": true,
        "translate": 2
    },
    "net": {
        "widths": {
            "block1": 64,
            "block2": 256,
            "block3": 256
        },
        "batchnorm_momentum": 0.6,
        "scaling_factor": 0.1111111111111111,
        "tta_level": 2
    },
    "random_seed": 99,
    "git_commit_hash": "85402c5c6fafc553256ddda6a38a5e86792e3fed",
    "elapsed_wclock_time": 3.924508588314056,
    "final acc": 0.9393999576568604,
    "last batch loss": 0.951171875,
    "epoch_val_accs": [
        0.6157000064849854,
        0.20999999344348907,
        0.6800999641418457,
        0.6323999762535095,
        0.739799976348877,
        0.825499951839447,
        0.8503999710083008,
        0.8987999558448792,
        0.9200999736785889,
        0.9319999814033508
    ],
    "epoch_losses": [
        1.4583333333333333,
        1.4153645833333333,
        1.2545572916666667,
        1.2037760416666667,
        1.1432291666666667,
        1.1022135416666667,
        1.0579427083333333,
        1.0188802083333333,
        0.9752604166666666,
        0.951171875
    ]
}