{
    "opt": {
        "train_epochs": 9.9,
        "batch_size": 1536,
        "lr": 17.25,
        "momentum": 0.85,
        "weight_decay": 0.0153,
        "bias_scaler": 64.0,
        "label_smoothing": 0.2,
        "whiten_bias_epochs": 3
    },
    "aug": {
        "flip": true,
        "translate": 2
    },
    "net": {
        "widths": {
            "block1": 64,
            "block2": 256,
            "block3": 256
        },
        "batchnorm_momentum": 0.6,
        "scaling_factor": 0.1111111111111111,
        "tta_level": 2
    },
    "random_seed": 99,
    "git_commit_hash": "85402c5c6fafc553256ddda6a38a5e86792e3fed",
    "elapsed_wclock_time": 3.9863358259201047,
    "final acc": 0.9384999871253967,
    "last batch loss": 0.9479166666666666,
    "epoch_val_accs": [
        0.5085999965667725,
        0.7173999547958374,
        0.5001999735832214,
        0.7152000069618225,
        0.7852999567985535,
        0.8280999660491943,
        0.8152999877929688,
        0.8981999754905701,
        0.9142999649047852,
        0.9302999973297119
    ],
    "epoch_losses": [
        1.5494791666666667,
        1.2779947916666667,
        1.2662760416666667,
        1.2369791666666667,
        1.1640625,
        1.1184895833333333,
        1.0768229166666667,
        1.0143229166666667,
        0.986328125,
        0.9479166666666666
    ]
}