{
    "opt": {
        "train_epochs": 9.9,
        "batch_size": 1536,
        "lr": 17.25,
        "momentum": 0.85,
        "weight_decay": 0.0153,
        "bias_scaler": 64.0,
        "label_smoothing": 0.2,
        "whiten_bias_epochs": 3
    },
    "aug": {
        "flip": true,
        "translate": 2
    },
    "net": {
        "widths": {
            "block1": 64,
            "block2": 256,
            "block3": 256
        },
        "batchnorm_momentum": 0.6,
        "scaling_factor": 0.1111111111111111,
        "tta_level": 2
    },
    "random_seed": 99,
    "git_commit_hash": "85402c5c6fafc553256ddda6a38a5e86792e3fed",
    "elapsed_wclock_time": 3.8997300624847413,
    "final acc": 0.9368999600410461,
    "last batch loss": 0.9537760416666666,
    "epoch_val_accs": [
        0.5360000133514404,
        0.43549999594688416,
        0.7817999720573425,
        0.8154999613761902,
        0.8544999957084656,
        0.8277999758720398,
        0.8456999659538269,
        0.8991000056266785,
        0.9121999740600586,
        0.9296000003814697
    ],
    "epoch_losses": [
        1.5208333333333333,
        1.3997395833333333,
        1.212890625,
        1.166015625,
        1.1555989583333333,
        1.103515625,
        1.0950520833333333,
        1.001953125,
        0.97265625,
        0.9537760416666666
    ]
}