{
    "opt": {
        "train_epochs": 9.9,
        "batch_size": 1536,
        "lr": 17.25,
        "momentum": 0.85,
        "weight_decay": 0.0153,
        "bias_scaler": 64.0,
        "label_smoothing": 0.2,
        "whiten_bias_epochs": 3
    },
    "aug": {
        "flip": true,
        "translate": 2
    },
    "net": {
        "widths": {
            "block1": 64,
            "block2": 256,
            "block3": 256
        },
        "batchnorm_momentum": 0.6,
        "scaling_factor": 0.1111111111111111,
        "tta_level": 2
    },
    "random_seed": 99,
    "git_commit_hash": "85402c5c6fafc553256ddda6a38a5e86792e3fed",
    "elapsed_wclock_time": 3.944092681884766,
    "final acc": 0.9359999895095825,
    "last batch loss": 0.9440104166666666,
    "epoch_val_accs": [
        0.5275999903678894,
        0.5246999859809875,
        0.7396000027656555,
        0.7767999768257141,
        0.823699951171875,
        0.8507999777793884,
        0.8607999682426453,
        0.9027999639511108,
        0.9196999669075012,
        0.9301999807357788
    ],
    "epoch_losses": [
        1.4700520833333333,
        1.298828125,
        1.2076822916666667,
        1.2278645833333333,
        1.1666666666666667,
        1.1282552083333333,
        1.0709635416666667,
        1.0169270833333333,
        0.982421875,
        0.9440104166666666
    ]
}