{
    "opt": {
        "train_epochs": 9.9,
        "batch_size": 1536,
        "lr": 17.25,
        "momentum": 0.85,
        "weight_decay": 0.0153,
        "bias_scaler": 64.0,
        "label_smoothing": 0.2,
        "whiten_bias_epochs": 3
    },
    "aug": {
        "flip": true,
        "translate": 2
    },
    "net": {
        "widths": {
            "block1": 64,
            "block2": 256,
            "block3": 256
        },
        "batchnorm_momentum": 0.6,
        "scaling_factor": 0.1111111111111111,
        "tta_level": 2
    },
    "random_seed": 99,
    "git_commit_hash": "85402c5c6fafc553256ddda6a38a5e86792e3fed",
    "elapsed_wclock_time": 3.984999171972275,
    "final acc": 0.9393999576568604,
    "last batch loss": 0.9440104166666666,
    "epoch_val_accs": [
        0.5507000088691711,
        0.6362999677658081,
        0.7671999931335449,
        0.746999979019165,
        0.8565999865531921,
        0.8345999717712402,
        0.8606999516487122,
        0.8913999795913696,
        0.9163999557495117,
        0.9307000041007996
    ],
    "epoch_losses": [
        1.4713541666666667,
        1.3541666666666667,
        1.2337239583333333,
        1.2337239583333333,
        1.1139322916666667,
        1.1256510416666667,
        1.0657552083333333,
        1.0182291666666667,
        0.97265625,
        0.9440104166666666
    ]
}