{
    "opt": {
        "train_epochs": 9.9,
        "batch_size": 1536,
        "lr": 17.25,
        "momentum": 0.85,
        "weight_decay": 0.0153,
        "bias_scaler": 64.0,
        "label_smoothing": 0.2,
        "whiten_bias_epochs": 3
    },
    "aug": {
        "flip": true,
        "translate": 2
    },
    "net": {
        "widths": {
            "block1": 64,
            "block2": 256,
            "block3": 256
        },
        "batchnorm_momentum": 0.6,
        "scaling_factor": 0.1111111111111111,
        "tta_level": 2
    },
    "random_seed": 99,
    "git_commit_hash": "85402c5c6fafc553256ddda6a38a5e86792e3fed",
    "elapsed_wclock_time": 3.952646113395691,
    "final acc": 0.9408999681472778,
    "last batch loss": 0.9466145833333334,
    "epoch_val_accs": [
        0.6115999817848206,
        0.4258999824523926,
        0.7906999588012695,
        0.7416999936103821,
        0.8078999519348145,
        0.8574999570846558,
        0.8755999803543091,
        0.8956999778747559,
        0.9186999797821045,
        0.9311999678611755
    ],
    "epoch_losses": [
        1.43359375,
        1.41015625,
        1.2337239583333333,
        1.212890625,
        1.1770833333333333,
        1.0774739583333333,
        1.0696614583333333,
        1.0013020833333333,
        0.9713541666666666,
        0.9466145833333334
    ]
}