{
    "opt": {
        "train_epochs": 9.9,
        "batch_size": 1536,
        "lr": 17.25,
        "momentum": 0.85,
        "weight_decay": 0.0153,
        "bias_scaler": 64.0,
        "label_smoothing": 0.2,
        "whiten_bias_epochs": 3
    },
    "aug": {
        "flip": true,
        "translate": 2
    },
    "net": {
        "widths": {
            "block1": 64,
            "block2": 256,
            "block3": 256
        },
        "batchnorm_momentum": 0.6,
        "scaling_factor": 0.1111111111111111,
        "tta_level": 2
    },
    "random_seed": 99,
    "git_commit_hash": "85402c5c6fafc553256ddda6a38a5e86792e3fed",
    "elapsed_wclock_time": 3.8585744194984435,
    "final acc": 0.9387999773025513,
    "last batch loss": 0.9466145833333334,
    "epoch_val_accs": [
        0.5259000062942505,
        0.6940000057220459,
        0.5137999653816223,
        0.7716000080108643,
        0.7901999950408936,
        0.7854999899864197,
        0.8208000063896179,
        0.901199996471405,
        0.9185000061988831,
        0.9307000041007996
    ],
    "epoch_losses": [
        1.4986979166666667,
        1.3294270833333333,
        1.2747395833333333,
        1.18359375,
        1.1770833333333333,
        1.1022135416666667,
        1.05078125,
        1.0266927083333333,
        0.978515625,
        0.9466145833333334
    ]
}