{
    "opt": {
        "train_epochs": 9.9,
        "batch_size": 1536,
        "lr": 17.25,
        "momentum": 0.85,
        "weight_decay": 0.0153,
        "bias_scaler": 64.0,
        "label_smoothing": 0.2,
        "whiten_bias_epochs": 3
    },
    "aug": {
        "flip": true,
        "translate": 2
    },
    "net": {
        "widths": {
            "block1": 64,
            "block2": 256,
            "block3": 256
        },
        "batchnorm_momentum": 0.6,
        "scaling_factor": 0.1111111111111111,
        "tta_level": 2
    },
    "random_seed": 99,
    "git_commit_hash": "85402c5c6fafc553256ddda6a38a5e86792e3fed",
    "elapsed_wclock_time": 3.9838061528205877,
    "final acc": 0.9380999803543091,
    "last batch loss": 0.951171875,
    "epoch_val_accs": [
        0.6103999614715576,
        0.6922000050544739,
        0.6890999674797058,
        0.7089999914169312,
        0.7472999691963196,
        0.7888000011444092,
        0.8488999605178833,
        0.9039999842643738,
        0.914199948310852,
        0.9296000003814697
    ],
    "epoch_losses": [
        1.4622395833333333,
        1.318359375,
        1.2994791666666667,
        1.1920572916666667,
        1.1764322916666667,
        1.1184895833333333,
        1.0611979166666667,
        1.0260416666666667,
        0.982421875,
        0.951171875
    ]
}