{
    "opt": {
        "train_epochs": 9.9,
        "batch_size": 1536,
        "lr": 17.25,
        "momentum": 0.85,
        "weight_decay": 0.0153,
        "bias_scaler": 64.0,
        "label_smoothing": 0.2,
        "whiten_bias_epochs": 3
    },
    "aug": {
        "flip": true,
        "translate": 2
    },
    "net": {
        "widths": {
            "block1": 64,
            "block2": 256,
            "block3": 256
        },
        "batchnorm_momentum": 0.6,
        "scaling_factor": 0.1111111111111111,
        "tta_level": 2
    },
    "random_seed": 99,
    "git_commit_hash": "85402c5c6fafc553256ddda6a38a5e86792e3fed",
    "elapsed_wclock_time": 3.977620023965836,
    "final acc": 0.9375,
    "last batch loss": 0.947265625,
    "epoch_val_accs": [
        0.5428999662399292,
        0.6086999773979187,
        0.7608000040054321,
        0.6674000024795532,
        0.8060999512672424,
        0.8294999599456787,
        0.8618999719619751,
        0.9013999700546265,
        0.9187999963760376,
        0.9297999739646912
    ],
    "epoch_losses": [
        1.4856770833333333,
        1.330078125,
        1.203125,
        1.1809895833333333,
        1.1822916666666667,
        1.0911458333333333,
        1.05859375,
        1.01171875,
        0.9850260416666666,
        0.947265625
    ]
}