{
    "opt": {
        "train_epochs": 9.9,
        "batch_size": 1536,
        "lr": 17.25,
        "momentum": 0.85,
        "weight_decay": 0.0153,
        "bias_scaler": 64.0,
        "label_smoothing": 0.2,
        "whiten_bias_epochs": 3
    },
    "aug": {
        "flip": true,
        "translate": 2
    },
    "net": {
        "widths": {
            "block1": 64,
            "block2": 256,
            "block3": 256
        },
        "batchnorm_momentum": 0.6,
        "scaling_factor": 0.1111111111111111,
        "tta_level": 2
    },
    "random_seed": 99,
    "git_commit_hash": "85402c5c6fafc553256ddda6a38a5e86792e3fed",
    "elapsed_wclock_time": 3.9445549595355986,
    "final acc": 0.9366999864578247,
    "last batch loss": 0.9375,
    "epoch_val_accs": [
        0.5676999688148499,
        0.5036999583244324,
        0.6412999629974365,
        0.7940999865531921,
        0.8256999850273132,
        0.8326999545097351,
        0.7978999614715576,
        0.9036999940872192,
        0.9158999919891357,
        0.9296000003814697
    ],
    "epoch_losses": [
        1.4661458333333333,
        1.3645833333333333,
        1.21875,
        1.1809895833333333,
        1.1529947916666667,
        1.1048177083333333,
        1.07421875,
        1.0091145833333333,
        0.9934895833333334,
        0.9375
    ]
}