{
    "opt": {
        "train_epochs": 9.9,
        "batch_size": 1536,
        "lr": 17.25,
        "momentum": 0.85,
        "weight_decay": 0.0153,
        "bias_scaler": 64.0,
        "label_smoothing": 0.2,
        "whiten_bias_epochs": 3
    },
    "aug": {
        "flip": true,
        "translate": 2
    },
    "net": {
        "widths": {
            "block1": 64,
            "block2": 256,
            "block3": 256
        },
        "batchnorm_momentum": 0.6,
        "scaling_factor": 0.1111111111111111,
        "tta_level": 2
    },
    "random_seed": 99,
    "git_commit_hash": "85402c5c6fafc553256ddda6a38a5e86792e3fed",
    "elapsed_wclock_time": 3.98509591460228,
    "final acc": 0.939300000667572,
    "last batch loss": 0.9427083333333334,
    "epoch_val_accs": [
        0.5507000088691711,
        0.25589999556541443,
        0.7121999859809875,
        0.6854999661445618,
        0.8192999958992004,
        0.849399983882904,
        0.7773999571800232,
        0.9041000008583069,
        0.9190999865531921,
        0.9294999837875366
    ],
    "epoch_losses": [
        1.4934895833333333,
        1.3723958333333333,
        1.1901041666666667,
        1.2317708333333333,
        1.15625,
        1.1334635416666667,
        1.1022135416666667,
        1.0143229166666667,
        0.9986979166666666,
        0.9427083333333334
    ]
}