{
    "opt": {
        "train_epochs": 9.9,
        "batch_size": 1536,
        "lr": 17.25,
        "momentum": 0.85,
        "weight_decay": 0.0153,
        "bias_scaler": 64.0,
        "label_smoothing": 0.2,
        "whiten_bias_epochs": 3
    },
    "aug": {
        "flip": true,
        "translate": 2
    },
    "net": {
        "widths": {
            "block1": 64,
            "block2": 256,
            "block3": 256
        },
        "batchnorm_momentum": 0.6,
        "scaling_factor": 0.1111111111111111,
        "tta_level": 2
    },
    "random_seed": 99,
    "git_commit_hash": "85402c5c6fafc553256ddda6a38a5e86792e3fed",
    "elapsed_wclock_time": 3.9398696565628053,
    "final acc": 0.9372999668121338,
    "last batch loss": 0.95703125,
    "epoch_val_accs": [
        0.6624999642372131,
        0.6352999806404114,
        0.5602999925613403,
        0.6978999972343445,
        0.7159000039100647,
        0.8501999974250793,
        0.8279999494552612,
        0.8883999586105347,
        0.914900004863739,
        0.9292999505996704
    ],
    "epoch_losses": [
        1.47265625,
        1.3502604166666667,
        1.2330729166666667,
        1.1868489583333333,
        1.1796875,
        1.09375,
        1.0963541666666667,
        1.0188802083333333,
        0.974609375,
        0.95703125
    ]
}