{
    "opt": {
        "train_epochs": 9.9,
        "batch_size": 1536,
        "lr": 17.25,
        "momentum": 0.85,
        "weight_decay": 0.0153,
        "bias_scaler": 64.0,
        "label_smoothing": 0.2,
        "whiten_bias_epochs": 3
    },
    "aug": {
        "flip": true,
        "translate": 2
    },
    "net": {
        "widths": {
            "block1": 64,
            "block2": 256,
            "block3": 256
        },
        "batchnorm_momentum": 0.6,
        "scaling_factor": 0.1111111111111111,
        "tta_level": 2
    },
    "random_seed": 99,
    "git_commit_hash": "85402c5c6fafc553256ddda6a38a5e86792e3fed",
    "elapsed_wclock_time": 3.9010342812538146,
    "final acc": 0.9378999471664429,
    "last batch loss": 0.9427083333333334,
    "epoch_val_accs": [
        0.493399977684021,
        0.48659998178482056,
        0.7506999969482422,
        0.6647999882698059,
        0.8445999622344971,
        0.713699996471405,
        0.8511999845504761,
        0.8973000049591064,
        0.9179999828338623,
        0.9302999973297119
    ],
    "epoch_losses": [
        1.5247395833333333,
        1.39453125,
        1.2630208333333333,
        1.1946614583333333,
        1.1334635416666667,
        1.1158854166666667,
        1.0846354166666667,
        1.01171875,
        0.9830729166666666,
        0.9427083333333334
    ]
}