{
    "opt": {
        "train_epochs": 9.9,
        "batch_size": 1536,
        "lr": 17.25,
        "momentum": 0.85,
        "weight_decay": 0.0153,
        "bias_scaler": 64.0,
        "label_smoothing": 0.2,
        "whiten_bias_epochs": 3
    },
    "aug": {
        "flip": true,
        "translate": 2
    },
    "net": {
        "widths": {
            "block1": 64,
            "block2": 256,
            "block3": 256
        },
        "batchnorm_momentum": 0.6,
        "scaling_factor": 0.1111111111111111,
        "tta_level": 2
    },
    "random_seed": 99,
    "git_commit_hash": "85402c5c6fafc553256ddda6a38a5e86792e3fed",
    "elapsed_wclock_time": 3.939923935890198,
    "final acc": 0.9375999569892883,
    "last batch loss": 0.951171875,
    "epoch_val_accs": [
        0.5740000009536743,
        0.18299999833106995,
        0.6837999820709229,
        0.7989000082015991,
        0.8136000037193298,
        0.8398000001907349,
        0.7853999733924866,
        0.8950999975204468,
        0.9185999631881714,
        0.9293999671936035
    ],
    "epoch_losses": [
        1.52734375,
        1.4309895833333333,
        1.1927083333333333,
        1.2272135416666667,
        1.1510416666666667,
        1.1204427083333333,
        1.0826822916666667,
        1.0110677083333333,
        0.98828125,
        0.951171875
    ]
}