{
    "opt": {
        "train_epochs": 9.9,
        "batch_size": 1536,
        "lr": 17.25,
        "momentum": 0.85,
        "weight_decay": 0.0153,
        "bias_scaler": 64.0,
        "label_smoothing": 0.2,
        "whiten_bias_epochs": 3
    },
    "aug": {
        "flip": true,
        "translate": 2
    },
    "net": {
        "widths": {
            "block1": 64,
            "block2": 256,
            "block3": 256
        },
        "batchnorm_momentum": 0.6,
        "scaling_factor": 0.1111111111111111,
        "tta_level": 2
    },
    "random_seed": 99,
    "git_commit_hash": "85402c5c6fafc553256ddda6a38a5e86792e3fed",
    "elapsed_wclock_time": 3.9968601760864253,
    "final acc": 0.9388999938964844,
    "last batch loss": 0.9485677083333334,
    "epoch_val_accs": [
        0.5309999585151672,
        0.5755000114440918,
        0.7436000108718872,
        0.8087999820709229,
        0.8301999568939209,
        0.7849999666213989,
        0.8410999774932861,
        0.9009999632835388,
        0.9071999788284302,
        0.9320999979972839
    ],
    "epoch_losses": [
        1.515625,
        1.3274739583333333,
        1.2513020833333333,
        1.1510416666666667,
        1.1555989583333333,
        1.1243489583333333,
        1.0807291666666667,
        1.0182291666666667,
        0.9837239583333334,
        0.9485677083333334
    ]
}