{
    "opt": {
        "train_epochs": 9.9,
        "batch_size": 1536,
        "lr": 17.25,
        "momentum": 0.85,
        "weight_decay": 0.0153,
        "bias_scaler": 64.0,
        "label_smoothing": 0.2,
        "whiten_bias_epochs": 3
    },
    "aug": {
        "flip": true,
        "translate": 2
    },
    "net": {
        "widths": {
            "block1": 64,
            "block2": 256,
            "block3": 256
        },
        "batchnorm_momentum": 0.6,
        "scaling_factor": 0.1111111111111111,
        "tta_level": 2
    },
    "random_seed": 99,
    "git_commit_hash": "85402c5c6fafc553256ddda6a38a5e86792e3fed",
    "elapsed_wclock_time": 3.9432620284557345,
    "final acc": 0.9354999661445618,
    "last batch loss": 0.9615885416666666,
    "epoch_val_accs": [
        0.5881999731063843,
        0.615399956703186,
        0.7619999647140503,
        0.7224999666213989,
        0.7667999863624573,
        0.8571999669075012,
        0.8547999858856201,
        0.9007999897003174,
        0.9136999845504761,
        0.9305999875068665
    ],
    "epoch_losses": [
        1.4778645833333333,
        1.3463541666666667,
        1.2135416666666667,
        1.2154947916666667,
        1.1555989583333333,
        1.0885416666666667,
        1.0690104166666667,
        1.0169270833333333,
        0.9869791666666666,
        0.9615885416666666
    ]
}