{
    "opt": {
        "train_epochs": 9.9,
        "batch_size": 1536,
        "lr": 17.25,
        "momentum": 0.85,
        "weight_decay": 0.0153,
        "bias_scaler": 64.0,
        "label_smoothing": 0.2,
        "whiten_bias_epochs": 3
    },
    "aug": {
        "flip": true,
        "translate": 2
    },
    "net": {
        "widths": {
            "block1": 64,
            "block2": 256,
            "block3": 256
        },
        "batchnorm_momentum": 0.6,
        "scaling_factor": 0.1111111111111111,
        "tta_level": 2
    },
    "random_seed": 99,
    "git_commit_hash": "85402c5c6fafc553256ddda6a38a5e86792e3fed",
    "elapsed_wclock_time": 3.937675659894943,
    "final acc": 0.9386000037193298,
    "last batch loss": 0.9498697916666666,
    "epoch_val_accs": [
        0.6039999723434448,
        0.6625999808311462,
        0.760699987411499,
        0.8163999915122986,
        0.646399974822998,
        0.8750999569892883,
        0.7738999724388123,
        0.892799973487854,
        0.9190999865531921,
        0.9325999617576599
    ],
    "epoch_losses": [
        1.52734375,
        1.3229166666666667,
        1.2838541666666667,
        1.1627604166666667,
        1.1471354166666667,
        1.0944010416666667,
        1.0696614583333333,
        1.0221354166666667,
        0.984375,
        0.9498697916666666
    ]
}