{
    "opt": {
        "train_epochs": 9.9,
        "batch_size": 1536,
        "lr": 17.25,
        "momentum": 0.85,
        "weight_decay": 0.0153,
        "bias_scaler": 64.0,
        "label_smoothing": 0.2,
        "whiten_bias_epochs": 3
    },
    "aug": {
        "flip": true,
        "translate": 2
    },
    "net": {
        "widths": {
            "block1": 64,
            "block2": 256,
            "block3": 256
        },
        "batchnorm_momentum": 0.6,
        "scaling_factor": 0.1111111111111111,
        "tta_level": 2
    },
    "random_seed": 99,
    "git_commit_hash": "85402c5c6fafc553256ddda6a38a5e86792e3fed",
    "elapsed_wclock_time": 3.9822734498977663,
    "final acc": 0.9359999895095825,
    "last batch loss": 0.9459635416666666,
    "epoch_val_accs": [
        0.4967999756336212,
        0.6484999656677246,
        0.7999999523162842,
        0.7378000020980835,
        0.850600004196167,
        0.7662999629974365,
        0.8545999526977539,
        0.8980000019073486,
        0.9175999760627747,
        0.9316999912261963
    ],
    "epoch_losses": [
        1.5130208333333333,
        1.3118489583333333,
        1.2291666666666667,
        1.216796875,
        1.1653645833333333,
        1.0924479166666667,
        1.0748697916666667,
        1.03125,
        0.990234375,
        0.9459635416666666
    ]
}