{
    "opt": {
        "train_epochs": 9.9,
        "batch_size": 1536,
        "lr": 17.25,
        "momentum": 0.85,
        "weight_decay": 0.0153,
        "bias_scaler": 64.0,
        "label_smoothing": 0.2,
        "whiten_bias_epochs": 3
    },
    "aug": {
        "flip": true,
        "translate": 2
    },
    "net": {
        "widths": {
            "block1": 64,
            "block2": 256,
            "block3": 256
        },
        "batchnorm_momentum": 0.6,
        "scaling_factor": 0.1111111111111111,
        "tta_level": 2
    },
    "random_seed": 99,
    "git_commit_hash": "85402c5c6fafc553256ddda6a38a5e86792e3fed",
    "elapsed_wclock_time": 3.941324441432953,
    "final acc": 0.937999963760376,
    "last batch loss": 0.955078125,
    "epoch_val_accs": [
        0.5995000004768372,
        0.7051999568939209,
        0.6797999739646912,
        0.5929999947547913,
        0.8518999814987183,
        0.8435999751091003,
        0.8545999526977539,
        0.8886999487876892,
        0.9203999638557434,
        0.9292999505996704
    ],
    "epoch_losses": [
        1.48046875,
        1.36328125,
        1.23828125,
        1.2265625,
        1.154296875,
        1.1178385416666667,
        1.0696614583333333,
        1.0227864583333333,
        0.9850260416666666,
        0.955078125
    ]
}