{
    "opt": {
        "train_epochs": 9.9,
        "batch_size": 1536,
        "lr": 17.25,
        "momentum": 0.85,
        "weight_decay": 0.0153,
        "bias_scaler": 64.0,
        "label_smoothing": 0.2,
        "whiten_bias_epochs": 3
    },
    "aug": {
        "flip": true,
        "translate": 2
    },
    "net": {
        "widths": {
            "block1": 64,
            "block2": 256,
            "block3": 256
        },
        "batchnorm_momentum": 0.6,
        "scaling_factor": 0.1111111111111111,
        "tta_level": 2
    },
    "random_seed": 99,
    "git_commit_hash": "85402c5c6fafc553256ddda6a38a5e86792e3fed",
    "elapsed_wclock_time": 3.943183067321778,
    "final acc": 0.9381999969482422,
    "last batch loss": 0.9407552083333334,
    "epoch_val_accs": [
        0.6478999853134155,
        0.6775999665260315,
        0.6947999596595764,
        0.5148000121116638,
        0.8294000029563904,
        0.8648999929428101,
        0.8841999769210815,
        0.9050999879837036,
        0.9157999753952026,
        0.9312999844551086
    ],
    "epoch_losses": [
        1.484375,
        1.2975260416666667,
        1.2330729166666667,
        1.1712239583333333,
        1.1686197916666667,
        1.0911458333333333,
        1.0540364583333333,
        1.0052083333333333,
        0.9772135416666666,
        0.9407552083333334
    ]
}