{
    "opt": {
        "train_epochs": 9.9,
        "batch_size": 1536,
        "lr": 17.25,
        "momentum": 0.85,
        "weight_decay": 0.0153,
        "bias_scaler": 64.0,
        "label_smoothing": 0.2,
        "whiten_bias_epochs": 3
    },
    "aug": {
        "flip": true,
        "translate": 2
    },
    "net": {
        "widths": {
            "block1": 64,
            "block2": 256,
            "block3": 256
        },
        "batchnorm_momentum": 0.6,
        "scaling_factor": 0.1111111111111111,
        "tta_level": 2
    },
    "random_seed": 99,
    "git_commit_hash": "85402c5c6fafc553256ddda6a38a5e86792e3fed",
    "elapsed_wclock_time": 3.9782330887317667,
    "final acc": 0.939300000667572,
    "last batch loss": 0.947265625,
    "epoch_val_accs": [
        0.6121999621391296,
        0.5692999958992004,
        0.680899977684021,
        0.7789999842643738,
        0.7167999744415283,
        0.8574000000953674,
        0.8592000007629395,
        0.904699981212616,
        0.9172999858856201,
        0.9318999648094177
    ],
    "epoch_losses": [
        1.4947916666666667,
        1.4778645833333333,
        1.279296875,
        1.1829427083333333,
        1.205078125,
        1.0930989583333333,
        1.0657552083333333,
        0.9947916666666666,
        0.9869791666666666,
        0.947265625
    ]
}