{
    "opt": {
        "train_epochs": 9.9,
        "batch_size": 1536,
        "lr": 17.25,
        "momentum": 0.85,
        "weight_decay": 0.0153,
        "bias_scaler": 64.0,
        "label_smoothing": 0.2,
        "whiten_bias_epochs": 3
    },
    "aug": {
        "flip": true,
        "translate": 2
    },
    "net": {
        "widths": {
            "block1": 64,
            "block2": 256,
            "block3": 256
        },
        "batchnorm_momentum": 0.6,
        "scaling_factor": 0.1111111111111111,
        "tta_level": 2
    },
    "random_seed": 99,
    "git_commit_hash": "85402c5c6fafc553256ddda6a38a5e86792e3fed",
    "elapsed_wclock_time": 3.944380256891251,
    "final acc": 0.9382999539375305,
    "last batch loss": 0.9537760416666666,
    "epoch_val_accs": [
        0.5730999708175659,
        0.649899959564209,
        0.7300999760627747,
        0.7137999534606934,
        0.8101999759674072,
        0.8265999555587769,
        0.8788999915122986,
        0.9060999751091003,
        0.9139999747276306,
        0.9302999973297119
    ],
    "epoch_losses": [
        1.48046875,
        1.3346354166666667,
        1.23046875,
        1.2180989583333333,
        1.1725260416666667,
        1.1236979166666667,
        1.0611979166666667,
        1.0110677083333333,
        0.9889322916666666,
        0.9537760416666666
    ]
}