{
    "opt": {
        "train_epochs": 9.9,
        "batch_size": 1536,
        "lr": 17.25,
        "momentum": 0.85,
        "weight_decay": 0.0153,
        "bias_scaler": 64.0,
        "label_smoothing": 0.2,
        "whiten_bias_epochs": 3
    },
    "aug": {
        "flip": true,
        "translate": 2
    },
    "net": {
        "widths": {
            "block1": 64,
            "block2": 256,
            "block3": 256
        },
        "batchnorm_momentum": 0.6,
        "scaling_factor": 0.1111111111111111,
        "tta_level": 2
    },
    "random_seed": 99,
    "git_commit_hash": "85402c5c6fafc553256ddda6a38a5e86792e3fed",
    "elapsed_wclock_time": 3.9865347414016714,
    "final acc": 0.9364999532699585,
    "last batch loss": 0.9537760416666666,
    "epoch_val_accs": [
        0.6518999934196472,
        0.47759997844696045,
        0.6883999705314636,
        0.7572999596595764,
        0.8382999897003174,
        0.8104000091552734,
        0.8445000052452087,
        0.9060999751091003,
        0.9170999526977539,
        0.9289999604225159
    ],
    "epoch_losses": [
        1.4895833333333333,
        1.306640625,
        1.2473958333333333,
        1.2005208333333333,
        1.1484375,
        1.1126302083333333,
        1.0846354166666667,
        1.01953125,
        0.9915364583333334,
        0.9537760416666666
    ]
}