{
    "opt": {
        "train_epochs": 9.9,
        "batch_size": 1536,
        "lr": 17.25,
        "momentum": 0.85,
        "weight_decay": 0.0153,
        "bias_scaler": 64.0,
        "label_smoothing": 0.2,
        "whiten_bias_epochs": 3
    },
    "aug": {
        "flip": true,
        "translate": 2
    },
    "net": {
        "widths": {
            "block1": 64,
            "block2": 256,
            "block3": 256
        },
        "batchnorm_momentum": 0.6,
        "scaling_factor": 0.1111111111111111,
        "tta_level": 2
    },
    "random_seed": 99,
    "git_commit_hash": "85402c5c6fafc553256ddda6a38a5e86792e3fed",
    "elapsed_wclock_time": 3.9022654674053188,
    "final acc": 0.9399999976158142,
    "last batch loss": 0.9518229166666666,
    "epoch_val_accs": [
        0.5845999717712402,
        0.7268999814987183,
        0.613099992275238,
        0.7718999981880188,
        0.7712999582290649,
        0.836899995803833,
        0.8662999868392944,
        0.9021999835968018,
        0.9174999594688416,
        0.9321999549865723
    ],
    "epoch_losses": [
        1.4700520833333333,
        1.291015625,
        1.2252604166666667,
        1.1783854166666667,
        1.1419270833333333,
        1.1041666666666667,
        1.0670572916666667,
        0.998046875,
        0.97265625,
        0.9518229166666666
    ]
}