{
    "opt": {
        "train_epochs": 9.9,
        "batch_size": 1536,
        "lr": 17.25,
        "momentum": 0.85,
        "weight_decay": 0.0153,
        "bias_scaler": 64.0,
        "label_smoothing": 0.2,
        "whiten_bias_epochs": 3
    },
    "aug": {
        "flip": true,
        "translate": 2
    },
    "net": {
        "widths": {
            "block1": 64,
            "block2": 256,
            "block3": 256
        },
        "batchnorm_momentum": 0.6,
        "scaling_factor": 0.1111111111111111,
        "tta_level": 2
    },
    "random_seed": 99,
    "git_commit_hash": "85402c5c6fafc553256ddda6a38a5e86792e3fed",
    "elapsed_wclock_time": 3.986245385169983,
    "final acc": 0.9345999956130981,
    "last batch loss": 0.955078125,
    "epoch_val_accs": [
        0.6196999549865723,
        0.6599999666213989,
        0.5735999941825867,
        0.6337999701499939,
        0.7797999978065491,
        0.8111000061035156,
        0.8186999559402466,
        0.8913999795913696,
        0.8910999894142151,
        0.9259999990463257
    ],
    "epoch_losses": [
        1.46484375,
        1.3333333333333333,
        1.2760416666666667,
        1.1966145833333333,
        1.1595052083333333,
        1.1223958333333333,
        1.1139322916666667,
        1.0234375,
        1.0188802083333333,
        0.955078125
    ]
}