{
    "opt": {
        "train_epochs": 9.9,
        "batch_size": 1536,
        "lr": 17.25,
        "momentum": 0.85,
        "weight_decay": 0.0153,
        "bias_scaler": 64.0,
        "label_smoothing": 0.2,
        "whiten_bias_epochs": 3
    },
    "aug": {
        "flip": true,
        "translate": 2
    },
    "net": {
        "widths": {
            "block1": 64,
            "block2": 256,
            "block3": 256
        },
        "batchnorm_momentum": 0.6,
        "scaling_factor": 0.1111111111111111,
        "tta_level": 2
    },
    "random_seed": 99,
    "git_commit_hash": "85402c5c6fafc553256ddda6a38a5e86792e3fed",
    "elapsed_wclock_time": 3.987091798067093,
    "final acc": 0.9388999938964844,
    "last batch loss": 0.9459635416666666,
    "epoch_val_accs": [
        0.48240000009536743,
        0.7232999801635742,
        0.7734999656677246,
        0.6365000009536743,
        0.7767999768257141,
        0.7973999977111816,
        0.8547999858856201,
        0.8881999850273132,
        0.9228999614715576,
        0.9315999746322632
    ],
    "epoch_losses": [
        1.4908854166666667,
        1.2923177083333333,
        1.2200520833333333,
        1.1998697916666667,
        1.1302083333333333,
        1.0911458333333333,
        1.0807291666666667,
        1.0221354166666667,
        0.9759114583333334,
        0.9459635416666666
    ]
}