{
    "opt": {
        "train_epochs": 9.9,
        "batch_size": 1536,
        "lr": 17.25,
        "momentum": 0.85,
        "weight_decay": 0.0153,
        "bias_scaler": 64.0,
        "label_smoothing": 0.2,
        "whiten_bias_epochs": 3
    },
    "aug": {
        "flip": true,
        "translate": 2
    },
    "net": {
        "widths": {
            "block1": 64,
            "block2": 256,
            "block3": 256
        },
        "batchnorm_momentum": 0.6,
        "scaling_factor": 0.1111111111111111,
        "tta_level": 2
    },
    "random_seed": 99,
    "git_commit_hash": "85402c5c6fafc553256ddda6a38a5e86792e3fed",
    "elapsed_wclock_time": 3.915469556093216,
    "final acc": 0.9393999576568604,
    "last batch loss": 0.955078125,
    "epoch_val_accs": [
        0.5855000019073486,
        0.5317999720573425,
        0.711899995803833,
        0.7287999987602234,
        0.7999999523162842,
        0.8300999999046326,
        0.8118999600410461,
        0.9002999663352966,
        0.917199969291687,
        0.9315999746322632
    ],
    "epoch_losses": [
        1.5338541666666667,
        1.4361979166666667,
        1.2317708333333333,
        1.1686197916666667,
        1.150390625,
        1.0826822916666667,
        1.0579427083333333,
        1.0227864583333333,
        0.9934895833333334,
        0.955078125
    ]
}