{
    "opt": {
        "train_epochs": 9.9,
        "batch_size": 1536,
        "lr": 17.25,
        "momentum": 0.85,
        "weight_decay": 0.0153,
        "bias_scaler": 64.0,
        "label_smoothing": 0.2,
        "whiten_bias_epochs": 3
    },
    "aug": {
        "flip": true,
        "translate": 2
    },
    "net": {
        "widths": {
            "block1": 64,
            "block2": 256,
            "block3": 256
        },
        "batchnorm_momentum": 0.6,
        "scaling_factor": 0.1111111111111111,
        "tta_level": 2
    },
    "random_seed": 99,
    "git_commit_hash": "85402c5c6fafc553256ddda6a38a5e86792e3fed",
    "elapsed_wclock_time": 3.844482504129409,
    "final acc": 0.9377999901771545,
    "last batch loss": 0.951171875,
    "epoch_val_accs": [
        0.6308000087738037,
        0.41259998083114624,
        0.5859000086784363,
        0.7209999561309814,
        0.6373999714851379,
        0.8442999720573425,
        0.8361999988555908,
        0.8988999724388123,
        0.8965999484062195,
        0.9323999881744385
    ],
    "epoch_losses": [
        1.4518229166666667,
        1.3372395833333333,
        1.2434895833333333,
        1.173828125,
        1.1875,
        1.1178385416666667,
        1.0572916666666667,
        1.0188802083333333,
        0.9811197916666666,
        0.951171875
    ]
}