{
    "opt": {
        "train_epochs": 9.9,
        "batch_size": 1536,
        "lr": 17.25,
        "momentum": 0.85,
        "weight_decay": 0.0153,
        "bias_scaler": 64.0,
        "label_smoothing": 0.2,
        "whiten_bias_epochs": 3
    },
    "aug": {
        "flip": true,
        "translate": 2
    },
    "net": {
        "widths": {
            "block1": 64,
            "block2": 256,
            "block3": 256
        },
        "batchnorm_momentum": 0.6,
        "scaling_factor": 0.1111111111111111,
        "tta_level": 2
    },
    "random_seed": 99,
    "git_commit_hash": "85402c5c6fafc553256ddda6a38a5e86792e3fed",
    "elapsed_wclock_time": 3.942445999383926,
    "final acc": 0.9383999705314636,
    "last batch loss": 0.9505208333333334,
    "epoch_val_accs": [
        0.6207000017166138,
        0.2994000017642975,
        0.7443000078201294,
        0.6679999828338623,
        0.8065999746322632,
        0.8465999960899353,
        0.8300999999046326,
        0.9070999622344971,
        0.9177999496459961,
        0.9322999715805054
    ],
    "epoch_losses": [
        1.53515625,
        1.3854166666666667,
        1.23828125,
        1.2109375,
        1.14453125,
        1.1061197916666667,
        1.0677083333333333,
        1.0201822916666667,
        0.96875,
        0.9505208333333334
    ]
}