{
    "opt": {
        "train_epochs": 9.9,
        "batch_size": 1536,
        "lr": 17.25,
        "momentum": 0.85,
        "weight_decay": 0.0153,
        "bias_scaler": 64.0,
        "label_smoothing": 0.2,
        "whiten_bias_epochs": 3
    },
    "aug": {
        "flip": true,
        "translate": 2
    },
    "net": {
        "widths": {
            "block1": 64,
            "block2": 256,
            "block3": 256
        },
        "batchnorm_momentum": 0.6,
        "scaling_factor": 0.1111111111111111,
        "tta_level": 2
    },
    "random_seed": 99,
    "git_commit_hash": "85402c5c6fafc553256ddda6a38a5e86792e3fed",
    "elapsed_wclock_time": 3.8581358308792115,
    "final acc": 0.9370999932289124,
    "last batch loss": 0.9440104166666666,
    "epoch_val_accs": [
        0.43059998750686646,
        0.5370000004768372,
        0.6431999802589417,
        0.7476999759674072,
        0.8534999489784241,
        0.8115999698638916,
        0.8434999585151672,
        0.9017999768257141,
        0.9139999747276306,
        0.9299999475479126
    ],
    "epoch_losses": [
        1.59375,
        1.3046875,
        1.3040364583333333,
        1.2057291666666667,
        1.14453125,
        1.11328125,
        1.0774739583333333,
        1.0149739583333333,
        0.9759114583333334,
        0.9440104166666666
    ]
}