{
    "opt": {
        "train_epochs": 9.9,
        "batch_size": 1536,
        "lr": 17.25,
        "momentum": 0.85,
        "weight_decay": 0.0153,
        "bias_scaler": 64.0,
        "label_smoothing": 0.2,
        "whiten_bias_epochs": 3
    },
    "aug": {
        "flip": true,
        "translate": 2
    },
    "net": {
        "widths": {
            "block1": 64,
            "block2": 256,
            "block3": 256
        },
        "batchnorm_momentum": 0.6,
        "scaling_factor": 0.1111111111111111,
        "tta_level": 2
    },
    "random_seed": 99,
    "git_commit_hash": "85402c5c6fafc553256ddda6a38a5e86792e3fed",
    "elapsed_wclock_time": 3.8585390772819523,
    "final acc": 0.9368000030517578,
    "last batch loss": 0.9524739583333334,
    "epoch_val_accs": [
        0.5640999674797058,
        0.19519999623298645,
        0.5267999768257141,
        0.7849000096321106,
        0.8388999700546265,
        0.8087999820709229,
        0.7989000082015991,
        0.9042999744415283,
        0.9129999876022339,
        0.929099977016449
    ],
    "epoch_losses": [
        1.4856770833333333,
        1.3606770833333333,
        1.2428385416666667,
        1.2096354166666667,
        1.1822916666666667,
        1.1048177083333333,
        1.091796875,
        1.0091145833333333,
        1.0006510416666667,
        0.9524739583333334
    ]
}