{
    "opt": {
        "train_epochs": 9.9,
        "batch_size": 1536,
        "lr": 17.25,
        "momentum": 0.85,
        "weight_decay": 0.0153,
        "bias_scaler": 64.0,
        "label_smoothing": 0.2,
        "whiten_bias_epochs": 3
    },
    "aug": {
        "flip": true,
        "translate": 2
    },
    "net": {
        "widths": {
            "block1": 64,
            "block2": 256,
            "block3": 256
        },
        "batchnorm_momentum": 0.6,
        "scaling_factor": 0.1111111111111111,
        "tta_level": 2
    },
    "random_seed": 99,
    "git_commit_hash": "85402c5c6fafc553256ddda6a38a5e86792e3fed",
    "elapsed_wclock_time": 3.990555395126343,
    "final acc": 0.939300000667572,
    "last batch loss": 0.953125,
    "epoch_val_accs": [
        0.5471000075340271,
        0.5745999813079834,
        0.7567999958992004,
        0.5863999724388123,
        0.852400004863739,
        0.8420000076293945,
        0.8740999698638916,
        0.8948999643325806,
        0.911899983882904,
        0.9311999678611755
    ],
    "epoch_losses": [
        1.45703125,
        1.296875,
        1.2233072916666667,
        1.2311197916666667,
        1.1666666666666667,
        1.1048177083333333,
        1.056640625,
        1.0149739583333333,
        0.9700520833333334,
        0.953125
    ]
}