{
    "opt": {
        "train_epochs": 9.9,
        "batch_size": 1536,
        "lr": 17.25,
        "momentum": 0.85,
        "weight_decay": 0.0153,
        "bias_scaler": 64.0,
        "label_smoothing": 0.2,
        "whiten_bias_epochs": 3
    },
    "aug": {
        "flip": true,
        "translate": 2
    },
    "net": {
        "widths": {
            "block1": 64,
            "block2": 256,
            "block3": 256
        },
        "batchnorm_momentum": 0.6,
        "scaling_factor": 0.1111111111111111,
        "tta_level": 2
    },
    "random_seed": 99,
    "git_commit_hash": "85402c5c6fafc553256ddda6a38a5e86792e3fed",
    "elapsed_wclock_time": 3.938886548519134,
    "final acc": 0.9386000037193298,
    "last batch loss": 0.9479166666666666,
    "epoch_val_accs": [
        0.5938000082969666,
        0.6086999773979187,
        0.4949999749660492,
        0.7116999626159668,
        0.6862999796867371,
        0.7482999563217163,
        0.8458999991416931,
        0.8910999894142151,
        0.9182999730110168,
        0.9284999966621399
    ],
    "epoch_losses": [
        1.53515625,
        1.3001302083333333,
        1.2330729166666667,
        1.1959635416666667,
        1.1588541666666667,
        1.10546875,
        1.0709635416666667,
        1.009765625,
        0.9811197916666666,
        0.9479166666666666
    ]
}