{
    "opt": {
        "train_epochs": 9.9,
        "batch_size": 1536,
        "lr": 17.25,
        "momentum": 0.85,
        "weight_decay": 0.0153,
        "bias_scaler": 64.0,
        "label_smoothing": 0.2,
        "whiten_bias_epochs": 3
    },
    "aug": {
        "flip": true,
        "translate": 2
    },
    "net": {
        "widths": {
            "block1": 64,
            "block2": 256,
            "block3": 256
        },
        "batchnorm_momentum": 0.6,
        "scaling_factor": 0.1111111111111111,
        "tta_level": 2
    },
    "random_seed": 99,
    "git_commit_hash": "85402c5c6fafc553256ddda6a38a5e86792e3fed",
    "elapsed_wclock_time": 3.9896158955097194,
    "final acc": 0.9368000030517578,
    "last batch loss": 0.947265625,
    "epoch_val_accs": [
        0.6653000116348267,
        0.6500999927520752,
        0.6462999582290649,
        0.732699990272522,
        0.746999979019165,
        0.8317999839782715,
        0.8773999810218811,
        0.8890999555587769,
        0.9126999974250793,
        0.9291999936103821
    ],
    "epoch_losses": [
        1.4700520833333333,
        1.322265625,
        1.2174479166666667,
        1.1725260416666667,
        1.1536458333333333,
        1.109375,
        1.0924479166666667,
        1.015625,
        0.9765625,
        0.947265625
    ]
}