{
    "opt": {
        "train_epochs": 9.9,
        "batch_size": 1536,
        "lr": 17.25,
        "momentum": 0.85,
        "weight_decay": 0.0153,
        "bias_scaler": 64.0,
        "label_smoothing": 0.2,
        "whiten_bias_epochs": 3
    },
    "aug": {
        "flip": true,
        "translate": 2
    },
    "net": {
        "widths": {
            "block1": 64,
            "block2": 256,
            "block3": 256
        },
        "batchnorm_momentum": 0.6,
        "scaling_factor": 0.1111111111111111,
        "tta_level": 2
    },
    "random_seed": 99,
    "git_commit_hash": "85402c5c6fafc553256ddda6a38a5e86792e3fed",
    "elapsed_wclock_time": 3.902402689218521,
    "final acc": 0.9363999962806702,
    "last batch loss": 0.95703125,
    "epoch_val_accs": [
        0.6208999752998352,
        0.5597999691963196,
        0.7572000026702881,
        0.6541999578475952,
        0.848800003528595,
        0.8256999850273132,
        0.8533999919891357,
        0.8969999551773071,
        0.9156999588012695,
        0.9279999732971191
    ],
    "epoch_losses": [
        1.4661458333333333,
        1.3736979166666667,
        1.2141927083333333,
        1.1809895833333333,
        1.1627604166666667,
        1.1041666666666667,
        1.068359375,
        1.0208333333333333,
        0.990234375,
        0.95703125
    ]
}