{
    "opt": {
        "train_epochs": 9.9,
        "batch_size": 1536,
        "lr": 17.25,
        "momentum": 0.85,
        "weight_decay": 0.0153,
        "bias_scaler": 64.0,
        "label_smoothing": 0.2,
        "whiten_bias_epochs": 3
    },
    "aug": {
        "flip": true,
        "translate": 2
    },
    "net": {
        "widths": {
            "block1": 64,
            "block2": 256,
            "block3": 256
        },
        "batchnorm_momentum": 0.6,
        "scaling_factor": 0.1111111111111111,
        "tta_level": 2
    },
    "random_seed": 99,
    "git_commit_hash": "85402c5c6fafc553256ddda6a38a5e86792e3fed",
    "elapsed_wclock_time": 3.942365085363388,
    "final acc": 0.9396999478340149,
    "last batch loss": 0.953125,
    "epoch_val_accs": [
        0.33159998059272766,
        0.41040000319480896,
        0.5293999910354614,
        0.7486000061035156,
        0.8132999539375305,
        0.8208000063896179,
        0.8769999742507935,
        0.8664999604225159,
        0.9145999550819397,
        0.930899977684021
    ],
    "epoch_losses": [
        1.5559895833333333,
        1.4127604166666667,
        1.2649739583333333,
        1.2005208333333333,
        1.13671875,
        1.0950520833333333,
        1.0670572916666667,
        1.005859375,
        0.98828125,
        0.953125
    ]
}