{
    "opt": {
        "train_epochs": 9.9,
        "batch_size": 1536,
        "lr": 17.25,
        "momentum": 0.85,
        "weight_decay": 0.0153,
        "bias_scaler": 64.0,
        "label_smoothing": 0.2,
        "whiten_bias_epochs": 3
    },
    "aug": {
        "flip": true,
        "translate": 2
    },
    "net": {
        "widths": {
            "block1": 64,
            "block2": 256,
            "block3": 256
        },
        "batchnorm_momentum": 0.6,
        "scaling_factor": 0.1111111111111111,
        "tta_level": 2
    },
    "random_seed": 99,
    "git_commit_hash": "85402c5c6fafc553256ddda6a38a5e86792e3fed",
    "elapsed_wclock_time": 3.972645971775055,
    "final acc": 0.9377999901771545,
    "last batch loss": 0.9440104166666666,
    "epoch_val_accs": [
        0.587399959564209,
        0.4650999903678894,
        0.6565999984741211,
        0.7328999638557434,
        0.8163999915122986,
        0.7585999965667725,
        0.8693999648094177,
        0.9027000069618225,
        0.9133999943733215,
        0.9296000003814697
    ],
    "epoch_losses": [
        1.4583333333333333,
        1.359375,
        1.197265625,
        1.201171875,
        1.1432291666666667,
        1.0891927083333333,
        1.0755208333333333,
        1.0240885416666667,
        0.9772135416666666,
        0.9440104166666666
    ]
}