{
    "opt": {
        "train_epochs": 9.9,
        "batch_size": 1536,
        "lr": 17.25,
        "momentum": 0.85,
        "weight_decay": 0.0153,
        "bias_scaler": 64.0,
        "label_smoothing": 0.2,
        "whiten_bias_epochs": 3
    },
    "aug": {
        "flip": true,
        "translate": 2
    },
    "net": {
        "widths": {
            "block1": 64,
            "block2": 256,
            "block3": 256
        },
        "batchnorm_momentum": 0.6,
        "scaling_factor": 0.1111111111111111,
        "tta_level": 2
    },
    "random_seed": 99,
    "git_commit_hash": "85402c5c6fafc553256ddda6a38a5e86792e3fed",
    "elapsed_wclock_time": 3.8589360799789434,
    "final acc": 0.9406999945640564,
    "last batch loss": 0.9479166666666666,
    "epoch_val_accs": [
        0.5047999620437622,
        0.7236999869346619,
        0.7053999900817871,
        0.7224999666213989,
        0.761199951171875,
        0.7847999930381775,
        0.8604999780654907,
        0.8949999809265137,
        0.9122999906539917,
        0.9315999746322632
    ],
    "epoch_losses": [
        1.5494791666666667,
        1.33203125,
        1.2239583333333333,
        1.2083333333333333,
        1.154296875,
        1.1204427083333333,
        1.05859375,
        1.013671875,
        0.9954427083333334,
        0.9479166666666666
    ]
}