{
    "opt": {
        "train_epochs": 9.9,
        "batch_size": 1536,
        "lr": 17.25,
        "momentum": 0.85,
        "weight_decay": 0.0153,
        "bias_scaler": 64.0,
        "label_smoothing": 0.2,
        "whiten_bias_epochs": 3
    },
    "aug": {
        "flip": true,
        "translate": 2
    },
    "net": {
        "widths": {
            "block1": 64,
            "block2": 256,
            "block3": 256
        },
        "batchnorm_momentum": 0.6,
        "scaling_factor": 0.1111111111111111,
        "tta_level": 2
    },
    "random_seed": 99,
    "git_commit_hash": "85402c5c6fafc553256ddda6a38a5e86792e3fed",
    "elapsed_wclock_time": 3.9375741853713984,
    "final acc": 0.9395999908447266,
    "last batch loss": 0.9466145833333334,
    "epoch_val_accs": [
        0.5309999585151672,
        0.6037999987602234,
        0.7468999624252319,
        0.7706999778747559,
        0.8095999956130981,
        0.8149999976158142,
        0.85999995470047,
        0.895799994468689,
        0.9103999733924866,
        0.9335999488830566
    ],
    "epoch_losses": [
        1.515625,
        1.3450520833333333,
        1.2213541666666667,
        1.1966145833333333,
        1.1373697916666667,
        1.09765625,
        1.0657552083333333,
        1.01171875,
        0.9700520833333334,
        0.9466145833333334
    ]
}