{
    "opt": {
        "train_epochs": 9.9,
        "batch_size": 1536,
        "lr": 17.25,
        "momentum": 0.85,
        "weight_decay": 0.0153,
        "bias_scaler": 64.0,
        "label_smoothing": 0.2,
        "whiten_bias_epochs": 3
    },
    "aug": {
        "flip": true,
        "translate": 2
    },
    "net": {
        "widths": {
            "block1": 64,
            "block2": 256,
            "block3": 256
        },
        "batchnorm_momentum": 0.6,
        "scaling_factor": 0.1111111111111111,
        "tta_level": 2
    },
    "random_seed": 99,
    "git_commit_hash": "85402c5c6fafc553256ddda6a38a5e86792e3fed",
    "elapsed_wclock_time": 3.9854040298461917,
    "final acc": 0.9375,
    "last batch loss": 0.94140625,
    "epoch_val_accs": [
        0.5597999691963196,
        0.5008999705314636,
        0.7585999965667725,
        0.7681999802589417,
        0.7700999975204468,
        0.8522999882698059,
        0.8557999730110168,
        0.8754000067710876,
        0.9190999865531921,
        0.9296000003814697
    ],
    "epoch_losses": [
        1.4947916666666667,
        1.33984375,
        1.232421875,
        1.18359375,
        1.1692708333333333,
        1.0989583333333333,
        1.0729166666666667,
        1.0188802083333333,
        0.984375,
        0.94140625
    ]
}