{
    "opt": {
        "train_epochs": 9.9,
        "batch_size": 1536,
        "lr": 17.25,
        "momentum": 0.85,
        "weight_decay": 0.0153,
        "bias_scaler": 64.0,
        "label_smoothing": 0.2,
        "whiten_bias_epochs": 3
    },
    "aug": {
        "flip": true,
        "translate": 2
    },
    "net": {
        "widths": {
            "block1": 64,
            "block2": 256,
            "block3": 256
        },
        "batchnorm_momentum": 0.6,
        "scaling_factor": 0.1111111111111111,
        "tta_level": 2
    },
    "random_seed": 99,
    "git_commit_hash": "85402c5c6fafc553256ddda6a38a5e86792e3fed",
    "elapsed_wclock_time": 4.055734497070312,
    "final acc": 0.9404000043869019,
    "last batch loss": 0.94921875,
    "epoch_val_accs": [
        0.5256999731063843,
        0.5845999717712402,
        0.7263999581336975,
        0.6801999807357788,
        0.8203999996185303,
        0.8497999906539917,
        0.8732999563217163,
        0.8983999490737915,
        0.9192999601364136,
        0.9299999475479126
    ],
    "epoch_losses": [
        1.5104166666666667,
        1.3580729166666667,
        1.23828125,
        1.1953125,
        1.1881510416666667,
        1.0963541666666667,
        1.064453125,
        1.013671875,
        0.9830729166666666,
        0.94921875
    ]
}