{
    "opt": {
        "train_epochs": 9.9,
        "batch_size": 1536,
        "lr": 17.25,
        "momentum": 0.85,
        "weight_decay": 0.0153,
        "bias_scaler": 64.0,
        "label_smoothing": 0.2,
        "whiten_bias_epochs": 3
    },
    "aug": {
        "flip": true,
        "translate": 2
    },
    "net": {
        "widths": {
            "block1": 64,
            "block2": 256,
            "block3": 256
        },
        "batchnorm_momentum": 0.6,
        "scaling_factor": 0.1111111111111111,
        "tta_level": 2
    },
    "random_seed": 99,
    "git_commit_hash": "85402c5c6fafc553256ddda6a38a5e86792e3fed",
    "elapsed_wclock_time": 3.981739925384522,
    "final acc": 0.9371999502182007,
    "last batch loss": 0.9440104166666666,
    "epoch_val_accs": [
        0.6424999833106995,
        0.5184000134468079,
        0.6161999702453613,
        0.5198000073432922,
        0.8429999947547913,
        0.8342999815940857,
        0.8526999950408936,
        0.901699960231781,
        0.9205999970436096,
        0.9287999868392944
    ],
    "epoch_losses": [
        1.4973958333333333,
        1.34375,
        1.224609375,
        1.169921875,
        1.1484375,
        1.0950520833333333,
        1.0813802083333333,
        1.0078125,
        0.9778645833333334,
        0.9440104166666666
    ]
}