{
    "opt": {
        "train_epochs": 9.9,
        "batch_size": 1536,
        "lr": 17.25,
        "momentum": 0.85,
        "weight_decay": 0.0153,
        "bias_scaler": 64.0,
        "label_smoothing": 0.2,
        "whiten_bias_epochs": 3
    },
    "aug": {
        "flip": true,
        "translate": 2
    },
    "net": {
        "widths": {
            "block1": 64,
            "block2": 256,
            "block3": 256
        },
        "batchnorm_momentum": 0.6,
        "scaling_factor": 0.1111111111111111,
        "tta_level": 2
    },
    "random_seed": 99,
    "git_commit_hash": "85402c5c6fafc553256ddda6a38a5e86792e3fed",
    "elapsed_wclock_time": 3.94257602763176,
    "final acc": 0.9365999698638916,
    "last batch loss": 0.9427083333333334,
    "epoch_val_accs": [
        0.6453999876976013,
        0.6029999852180481,
        0.6868000030517578,
        0.72079998254776,
        0.8341000080108643,
        0.832099974155426,
        0.8360999822616577,
        0.9014999866485596,
        0.9174999594688416,
        0.9302999973297119
    ],
    "epoch_losses": [
        1.5338541666666667,
        1.3118489583333333,
        1.2545572916666667,
        1.1966145833333333,
        1.1477864583333333,
        1.1067708333333333,
        1.0911458333333333,
        1.0169270833333333,
        0.9830729166666666,
        0.9427083333333334
    ]
}