{
    "opt": {
        "train_epochs": 9.9,
        "batch_size": 1536,
        "lr": 17.25,
        "momentum": 0.85,
        "weight_decay": 0.0153,
        "bias_scaler": 64.0,
        "label_smoothing": 0.2,
        "whiten_bias_epochs": 3
    },
    "aug": {
        "flip": true,
        "translate": 2
    },
    "net": {
        "widths": {
            "block1": 64,
            "block2": 256,
            "block3": 256
        },
        "batchnorm_momentum": 0.6,
        "scaling_factor": 0.1111111111111111,
        "tta_level": 2
    },
    "random_seed": 99,
    "git_commit_hash": "85402c5c6fafc553256ddda6a38a5e86792e3fed",
    "elapsed_wclock_time": 3.9031375262737273,
    "final acc": 0.9413999915122986,
    "last batch loss": 0.9466145833333334,
    "epoch_val_accs": [
        0.6617000102996826,
        0.6403999924659729,
        0.7673999667167664,
        0.7860999703407288,
        0.7732999920845032,
        0.8435999751091003,
        0.8700000047683716,
        0.8871999979019165,
        0.9181999564170837,
        0.9294999837875366
    ],
    "epoch_losses": [
        1.48046875,
        1.33203125,
        1.2044270833333333,
        1.1764322916666667,
        1.1595052083333333,
        1.1022135416666667,
        1.0625,
        1.017578125,
        0.9791666666666666,
        0.9466145833333334
    ]
}