{
    "opt": {
        "train_epochs": 9.9,
        "batch_size": 1536,
        "lr": 17.25,
        "momentum": 0.85,
        "weight_decay": 0.0153,
        "bias_scaler": 64.0,
        "label_smoothing": 0.2,
        "whiten_bias_epochs": 3
    },
    "aug": {
        "flip": true,
        "translate": 2
    },
    "net": {
        "widths": {
            "block1": 64,
            "block2": 256,
            "block3": 256
        },
        "batchnorm_momentum": 0.6,
        "scaling_factor": 0.1111111111111111,
        "tta_level": 2
    },
    "random_seed": 99,
    "git_commit_hash": "85402c5c6fafc553256ddda6a38a5e86792e3fed",
    "elapsed_wclock_time": 3.9878108959198,
    "final acc": 0.9370999932289124,
    "last batch loss": 0.9544270833333334,
    "epoch_val_accs": [
        0.642300009727478,
        0.5554999709129333,
        0.6039999723434448,
        0.755299985408783,
        0.8511999845504761,
        0.8438000082969666,
        0.8416999578475952,
        0.8877999782562256,
        0.9170999526977539,
        0.9305999875068665
    ],
    "epoch_losses": [
        1.4856770833333333,
        1.38671875,
        1.271484375,
        1.23046875,
        1.1354166666666667,
        1.107421875,
        1.0638020833333333,
        1.0247395833333333,
        0.9856770833333334,
        0.9544270833333334
    ]
}