{
    "opt": {
        "train_epochs": 9.9,
        "batch_size": 1536,
        "lr": 17.25,
        "momentum": 0.85,
        "weight_decay": 0.0153,
        "bias_scaler": 64.0,
        "label_smoothing": 0.2,
        "whiten_bias_epochs": 3
    },
    "aug": {
        "flip": true,
        "translate": 2
    },
    "net": {
        "widths": {
            "block1": 64,
            "block2": 256,
            "block3": 256
        },
        "batchnorm_momentum": 0.6,
        "scaling_factor": 0.1111111111111111,
        "tta_level": 2
    },
    "random_seed": 99,
    "git_commit_hash": "85402c5c6fafc553256ddda6a38a5e86792e3fed",
    "elapsed_wclock_time": 3.8523710265159608,
    "final acc": 0.9375,
    "last batch loss": 0.9459635416666666,
    "epoch_val_accs": [
        0.583299994468689,
        0.5133999586105347,
        0.7635999917984009,
        0.6832000017166138,
        0.7558000087738037,
        0.7764999866485596,
        0.8598999977111816,
        0.901699960231781,
        0.9167999625205994,
        0.9309999942779541
    ],
    "epoch_losses": [
        1.4231770833333333,
        1.3776041666666667,
        1.2259114583333333,
        1.1842447916666667,
        1.1666666666666667,
        1.0970052083333333,
        1.0716145833333333,
        1.001953125,
        0.990234375,
        0.9459635416666666
    ]
}