{
    "opt": {
        "train_epochs": 9.9,
        "batch_size": 1536,
        "lr": 17.25,
        "momentum": 0.85,
        "weight_decay": 0.0153,
        "bias_scaler": 64.0,
        "label_smoothing": 0.2,
        "whiten_bias_epochs": 3
    },
    "aug": {
        "flip": true,
        "translate": 2
    },
    "net": {
        "widths": {
            "block1": 64,
            "block2": 256,
            "block3": 256
        },
        "batchnorm_momentum": 0.6,
        "scaling_factor": 0.1111111111111111,
        "tta_level": 2
    },
    "random_seed": 99,
    "git_commit_hash": "85402c5c6fafc553256ddda6a38a5e86792e3fed",
    "elapsed_wclock_time": 3.9422124626636506,
    "final acc": 0.9373999834060669,
    "last batch loss": 0.943359375,
    "epoch_val_accs": [
        0.5698999762535095,
        0.621399998664856,
        0.6852999925613403,
        0.7457000017166138,
        0.7698999643325806,
        0.8373000025749207,
        0.8428999781608582,
        0.9113999605178833,
        0.9156000018119812,
        0.9276999831199646
    ],
    "epoch_losses": [
        1.5169270833333333,
        1.3502604166666667,
        1.236328125,
        1.1901041666666667,
        1.1764322916666667,
        1.1197916666666667,
        1.07421875,
        1.0188802083333333,
        0.990234375,
        0.943359375
    ]
}