{
    "opt": {
        "train_epochs": 9.9,
        "batch_size": 1536,
        "lr": 17.25,
        "momentum": 0.85,
        "weight_decay": 0.0153,
        "bias_scaler": 64.0,
        "label_smoothing": 0.2,
        "whiten_bias_epochs": 3
    },
    "aug": {
        "flip": true,
        "translate": 2
    },
    "net": {
        "widths": {
            "block1": 64,
            "block2": 256,
            "block3": 256
        },
        "batchnorm_momentum": 0.6,
        "scaling_factor": 0.1111111111111111,
        "tta_level": 2
    },
    "random_seed": 99,
    "git_commit_hash": "85402c5c6fafc553256ddda6a38a5e86792e3fed",
    "elapsed_wclock_time": 3.9846077494621284,
    "final acc": 0.9359999895095825,
    "last batch loss": 0.94921875,
    "epoch_val_accs": [
        0.6172999739646912,
        0.6741999983787537,
        0.7630999684333801,
        0.670699954032898,
        0.823199987411499,
        0.7507999539375305,
        0.8369999527931213,
        0.8888999819755554,
        0.9180999994277954,
        0.9285999536514282
    ],
    "epoch_losses": [
        1.5078125,
        1.3515625,
        1.2688802083333333,
        1.23828125,
        1.1575520833333333,
        1.1139322916666667,
        1.0885416666666667,
        1.0279947916666667,
        0.978515625,
        0.94921875
    ]
}