{
    "opt": {
        "train_epochs": 9.9,
        "batch_size": 1536,
        "lr": 17.25,
        "momentum": 0.85,
        "weight_decay": 0.0153,
        "bias_scaler": 64.0,
        "label_smoothing": 0.2,
        "whiten_bias_epochs": 3
    },
    "aug": {
        "flip": true,
        "translate": 2
    },
    "net": {
        "widths": {
            "block1": 64,
            "block2": 256,
            "block3": 256
        },
        "batchnorm_momentum": 0.6,
        "scaling_factor": 0.1111111111111111,
        "tta_level": 2
    },
    "random_seed": 99,
    "git_commit_hash": "85402c5c6fafc553256ddda6a38a5e86792e3fed",
    "elapsed_wclock_time": 3.980337757349014,
    "final acc": 0.9387999773025513,
    "last batch loss": 0.9446614583333334,
    "epoch_val_accs": [
        0.5315999984741211,
        0.5698999762535095,
        0.7322999835014343,
        0.6820999979972839,
        0.7712000012397766,
        0.8613999485969543,
        0.8585000038146973,
        0.9023999571800232,
        0.9116999506950378,
        0.9321999549865723
    ],
    "epoch_losses": [
        1.5559895833333333,
        1.3209635416666667,
        1.19921875,
        1.197265625,
        1.1809895833333333,
        1.1048177083333333,
        1.0690104166666667,
        1.0091145833333333,
        0.9869791666666666,
        0.9446614583333334
    ]
}