{
    "opt": {
        "train_epochs": 9.9,
        "batch_size": 1536,
        "lr": 17.25,
        "momentum": 0.85,
        "weight_decay": 0.0153,
        "bias_scaler": 64.0,
        "label_smoothing": 0.2,
        "whiten_bias_epochs": 3
    },
    "aug": {
        "flip": true,
        "translate": 2
    },
    "net": {
        "widths": {
            "block1": 64,
            "block2": 256,
            "block3": 256
        },
        "batchnorm_momentum": 0.6,
        "scaling_factor": 0.1111111111111111,
        "tta_level": 2
    },
    "random_seed": 99,
    "git_commit_hash": "85402c5c6fafc553256ddda6a38a5e86792e3fed",
    "elapsed_wclock_time": 3.848563591957092,
    "final acc": 0.9350999593734741,
    "last batch loss": 0.9498697916666666,
    "epoch_val_accs": [
        0.6333000063896179,
        0.6240000128746033,
        0.527899980545044,
        0.7714999914169312,
        0.833899974822998,
        0.7736999988555908,
        0.8721999526023865,
        0.8992999792098999,
        0.9122999906539917,
        0.9275999665260315
    ],
    "epoch_losses": [
        1.5143229166666667,
        1.244140625,
        1.2434895833333333,
        1.2024739583333333,
        1.2115885416666667,
        1.1126302083333333,
        1.091796875,
        0.9934895833333334,
        0.984375,
        0.9498697916666666
    ]
}