{
    "opt": {
        "train_epochs": 9.9,
        "batch_size": 1536,
        "lr": 17.25,
        "momentum": 0.85,
        "weight_decay": 0.0153,
        "bias_scaler": 64.0,
        "label_smoothing": 0.2,
        "whiten_bias_epochs": 3
    },
    "aug": {
        "flip": true,
        "translate": 2
    },
    "net": {
        "widths": {
            "block1": 64,
            "block2": 256,
            "block3": 256
        },
        "batchnorm_momentum": 0.6,
        "scaling_factor": 0.1111111111111111,
        "tta_level": 2
    },
    "random_seed": 99,
    "git_commit_hash": "85402c5c6fafc553256ddda6a38a5e86792e3fed",
    "elapsed_wclock_time": 3.942495347261428,
    "final acc": 0.9315999746322632,
    "last batch loss": 0.9641927083333334,
    "epoch_val_accs": [
        0.3652999997138977,
        0.19020000100135803,
        0.5954999923706055,
        0.7210999727249146,
        0.7734000086784363,
        0.8201999664306641,
        0.843999981880188,
        0.8930999636650085,
        0.9121999740600586,
        0.9229999780654907
    ],
    "epoch_losses": [
        1.6380208333333333,
        1.279296875,
        1.3248697916666667,
        1.1920572916666667,
        1.173828125,
        1.1516927083333333,
        1.1022135416666667,
        1.0442708333333333,
        1.0091145833333333,
        0.9641927083333334
    ]
}