{
    "opt": {
        "train_epochs": 9.9,
        "batch_size": 1536,
        "lr": 17.25,
        "momentum": 0.85,
        "weight_decay": 0.0153,
        "bias_scaler": 64.0,
        "label_smoothing": 0.2,
        "whiten_bias_epochs": 3
    },
    "aug": {
        "flip": true,
        "translate": 2
    },
    "net": {
        "widths": {
            "block1": 64,
            "block2": 256,
            "block3": 256
        },
        "batchnorm_momentum": 0.6,
        "scaling_factor": 0.1111111111111111,
        "tta_level": 2
    },
    "random_seed": 99,
    "git_commit_hash": "85402c5c6fafc553256ddda6a38a5e86792e3fed",
    "elapsed_wclock_time": 3.8578719956874847,
    "final acc": 0.9372999668121338,
    "last batch loss": 0.9459635416666666,
    "epoch_val_accs": [
        0.636900007724762,
        0.6141999959945679,
        0.8072999715805054,
        0.7623999714851379,
        0.7991999983787537,
        0.8657999634742737,
        0.8420999646186829,
        0.8994999527931213,
        0.9116999506950378,
        0.9291999936103821
    ],
    "epoch_losses": [
        1.47265625,
        1.34375,
        1.2109375,
        1.1712239583333333,
        1.1315104166666667,
        1.0774739583333333,
        1.08203125,
        1.0266927083333333,
        0.9889322916666666,
        0.9459635416666666
    ]
}