{
    "opt": {
        "train_epochs": 9.9,
        "batch_size": 1536,
        "lr": 17.25,
        "momentum": 0.85,
        "weight_decay": 0.0153,
        "bias_scaler": 64.0,
        "label_smoothing": 0.2,
        "whiten_bias_epochs": 3
    },
    "aug": {
        "flip": true,
        "translate": 2
    },
    "net": {
        "widths": {
            "block1": 64,
            "block2": 256,
            "block3": 256
        },
        "batchnorm_momentum": 0.6,
        "scaling_factor": 0.1111111111111111,
        "tta_level": 2
    },
    "random_seed": 99,
    "git_commit_hash": "85402c5c6fafc553256ddda6a38a5e86792e3fed",
    "elapsed_wclock_time": 3.9875823752880093,
    "final acc": 0.9377999901771545,
    "last batch loss": 0.9524739583333334,
    "epoch_val_accs": [
        0.6089999675750732,
        0.6189000010490417,
        0.6362000107765198,
        0.6962999701499939,
        0.6895999908447266,
        0.8435999751091003,
        0.8646999597549438,
        0.9081999659538269,
        0.9195999503135681,
        0.9307000041007996
    ],
    "epoch_losses": [
        1.4869791666666667,
        1.2975260416666667,
        1.2454427083333333,
        1.1888020833333333,
        1.1666666666666667,
        1.1022135416666667,
        1.0651041666666667,
        1.0188802083333333,
        0.9817708333333334,
        0.9524739583333334
    ]
}