{
    "opt": {
        "train_epochs": 9.9,
        "batch_size": 1536,
        "lr": 17.25,
        "momentum": 0.85,
        "weight_decay": 0.0153,
        "bias_scaler": 64.0,
        "label_smoothing": 0.2,
        "whiten_bias_epochs": 3
    },
    "aug": {
        "flip": true,
        "translate": 2
    },
    "net": {
        "widths": {
            "block1": 64,
            "block2": 256,
            "block3": 256
        },
        "batchnorm_momentum": 0.6,
        "scaling_factor": 0.1111111111111111,
        "tta_level": 2
    },
    "random_seed": 99,
    "git_commit_hash": "85402c5c6fafc553256ddda6a38a5e86792e3fed",
    "elapsed_wclock_time": 3.8967676837444314,
    "final acc": 0.9382999539375305,
    "last batch loss": 0.94921875,
    "epoch_val_accs": [
        0.6118999719619751,
        0.6182000041007996,
        0.6996999979019165,
        0.6782999634742737,
        0.8399999737739563,
        0.8290999531745911,
        0.8589999675750732,
        0.8984999656677246,
        0.9190999865531921,
        0.9316999912261963
    ],
    "epoch_losses": [
        1.4752604166666667,
        1.3359375,
        1.220703125,
        1.212890625,
        1.150390625,
        1.0911458333333333,
        1.0670572916666667,
        1.0162760416666667,
        0.978515625,
        0.94921875
    ]
}