{
    "opt": {
        "train_epochs": 9.9,
        "batch_size": 1536,
        "lr": 17.25,
        "momentum": 0.85,
        "weight_decay": 0.0153,
        "bias_scaler": 64.0,
        "label_smoothing": 0.2,
        "whiten_bias_epochs": 3
    },
    "aug": {
        "flip": true,
        "translate": 2
    },
    "net": {
        "widths": {
            "block1": 64,
            "block2": 256,
            "block3": 256
        },
        "batchnorm_momentum": 0.6,
        "scaling_factor": 0.1111111111111111,
        "tta_level": 2
    },
    "random_seed": 99,
    "git_commit_hash": "85402c5c6fafc553256ddda6a38a5e86792e3fed",
    "elapsed_wclock_time": 3.9425049066543583,
    "final acc": 0.9332000017166138,
    "last batch loss": 0.9596354166666666,
    "epoch_val_accs": [
        0.5627999901771545,
        0.42089998722076416,
        0.7019000053405762,
        0.781499981880188,
        0.8252999782562256,
        0.8449999690055847,
        0.8314999938011169,
        0.9035999774932861,
        0.911799967288971,
        0.9271999597549438
    ],
    "epoch_losses": [
        1.51953125,
        1.5963541666666667,
        1.244140625,
        1.2552083333333333,
        1.1510416666666667,
        1.1197916666666667,
        1.0872395833333333,
        1.021484375,
        0.994140625,
        0.9596354166666666
    ]
}