{
    "opt": {
        "train_epochs": 9.9,
        "batch_size": 1536,
        "lr": 17.25,
        "momentum": 0.85,
        "weight_decay": 0.0153,
        "bias_scaler": 64.0,
        "label_smoothing": 0.2,
        "whiten_bias_epochs": 3
    },
    "aug": {
        "flip": true,
        "translate": 2
    },
    "net": {
        "widths": {
            "block1": 64,
            "block2": 256,
            "block3": 256
        },
        "batchnorm_momentum": 0.6,
        "scaling_factor": 0.1111111111111111,
        "tta_level": 2
    },
    "random_seed": 99,
    "git_commit_hash": "85402c5c6fafc553256ddda6a38a5e86792e3fed",
    "elapsed_wclock_time": 3.814060726165771,
    "final acc": 0.9399999976158142,
    "last batch loss": 0.9466145833333334,
    "epoch_val_accs": [
        0.5591999888420105,
        0.5938000082969666,
        0.7965999841690063,
        0.7687000036239624,
        0.8414999842643738,
        0.8648999929428101,
        0.8517000079154968,
        0.8902999758720398,
        0.903499960899353,
        0.9316999912261963
    ],
    "epoch_losses": [
        1.4986979166666667,
        1.3196614583333333,
        1.1959635416666667,
        1.1829427083333333,
        1.1477864583333333,
        1.091796875,
        1.0651041666666667,
        1.0084635416666667,
        1.0,
        0.9466145833333334
    ]
}