{
    "opt": {
        "train_epochs": 9.9,
        "batch_size": 1536,
        "lr": 17.25,
        "momentum": 0.85,
        "weight_decay": 0.0153,
        "bias_scaler": 64.0,
        "label_smoothing": 0.2,
        "whiten_bias_epochs": 3
    },
    "aug": {
        "flip": true,
        "translate": 2
    },
    "net": {
        "widths": {
            "block1": 64,
            "block2": 256,
            "block3": 256
        },
        "batchnorm_momentum": 0.6,
        "scaling_factor": 0.1111111111111111,
        "tta_level": 2
    },
    "random_seed": 99,
    "git_commit_hash": "85402c5c6fafc553256ddda6a38a5e86792e3fed",
    "elapsed_wclock_time": 3.868983354330063,
    "final acc": 0.9381999969482422,
    "last batch loss": 0.9459635416666666,
    "epoch_val_accs": [
        0.5906000137329102,
        0.6741999983787537,
        0.7899999618530273,
        0.7932999730110168,
        0.7628999948501587,
        0.8524999618530273,
        0.8466999530792236,
        0.9074999690055847,
        0.9096999764442444,
        0.9309999942779541
    ],
    "epoch_losses": [
        1.515625,
        1.3313802083333333,
        1.2330729166666667,
        1.169921875,
        1.1666666666666667,
        1.0891927083333333,
        1.0651041666666667,
        1.0078125,
        0.9856770833333334,
        0.9459635416666666
    ]
}