{
    "opt": {
        "train_epochs": 9.9,
        "batch_size": 1536,
        "lr": 17.25,
        "momentum": 0.85,
        "weight_decay": 0.0153,
        "bias_scaler": 64.0,
        "label_smoothing": 0.2,
        "whiten_bias_epochs": 3
    },
    "aug": {
        "flip": true,
        "translate": 2
    },
    "net": {
        "widths": {
            "block1": 64,
            "block2": 256,
            "block3": 256
        },
        "batchnorm_momentum": 0.6,
        "scaling_factor": 0.1111111111111111,
        "tta_level": 2
    },
    "random_seed": 99,
    "git_commit_hash": "85402c5c6fafc553256ddda6a38a5e86792e3fed",
    "elapsed_wclock_time": 3.9921789169311523,
    "final acc": 0.9369999766349792,
    "last batch loss": 0.9427083333333334,
    "epoch_val_accs": [
        0.6324999928474426,
        0.6489999890327454,
        0.675000011920929,
        0.7263999581336975,
        0.7978999614715576,
        0.8083999752998352,
        0.8407999873161316,
        0.8947999477386475,
        0.9175999760627747,
        0.9304999709129333
    ],
    "epoch_losses": [
        1.4700520833333333,
        1.296875,
        1.2233072916666667,
        1.1783854166666667,
        1.1673177083333333,
        1.1022135416666667,
        1.080078125,
        1.005859375,
        0.9830729166666666,
        0.9427083333333334
    ]
}