{
    "opt": {
        "train_epochs": 9.9,
        "batch_size": 1536,
        "lr": 17.25,
        "momentum": 0.85,
        "weight_decay": 0.0153,
        "bias_scaler": 64.0,
        "label_smoothing": 0.2,
        "whiten_bias_epochs": 3
    },
    "aug": {
        "flip": true,
        "translate": 2
    },
    "net": {
        "widths": {
            "block1": 64,
            "block2": 256,
            "block3": 256
        },
        "batchnorm_momentum": 0.6,
        "scaling_factor": 0.1111111111111111,
        "tta_level": 2
    },
    "random_seed": 99,
    "git_commit_hash": "85402c5c6fafc553256ddda6a38a5e86792e3fed",
    "elapsed_wclock_time": 3.983219546318055,
    "final acc": 0.9378999471664429,
    "last batch loss": 0.94921875,
    "epoch_val_accs": [
        0.5486999750137329,
        0.6589999794960022,
        0.6884999871253967,
        0.7626999616622925,
        0.7014999985694885,
        0.8373000025749207,
        0.7806999683380127,
        0.8840999603271484,
        0.9205999970436096,
        0.9307999610900879
    ],
    "epoch_losses": [
        1.4947916666666667,
        1.3763020833333333,
        1.2552083333333333,
        1.1647135416666667,
        1.1640625,
        1.1080729166666667,
        1.0846354166666667,
        1.0026041666666667,
        0.9778645833333334,
        0.94921875
    ]
}