{
    "opt": {
        "train_epochs": 9.9,
        "batch_size": 1536,
        "lr": 17.25,
        "momentum": 0.85,
        "weight_decay": 0.0153,
        "bias_scaler": 64.0,
        "label_smoothing": 0.2,
        "whiten_bias_epochs": 3
    },
    "aug": {
        "flip": true,
        "translate": 2
    },
    "net": {
        "widths": {
            "block1": 64,
            "block2": 256,
            "block3": 256
        },
        "batchnorm_momentum": 0.6,
        "scaling_factor": 0.1111111111111111,
        "tta_level": 2
    },
    "random_seed": 99,
    "git_commit_hash": "85402c5c6fafc553256ddda6a38a5e86792e3fed",
    "elapsed_wclock_time": 3.8558219919204713,
    "final acc": 0.9378999471664429,
    "last batch loss": 0.947265625,
    "epoch_val_accs": [
        0.6304999589920044,
        0.3726999759674072,
        0.6710999608039856,
        0.676099956035614,
        0.8039000034332275,
        0.8348999619483948,
        0.8639999628067017,
        0.8899999856948853,
        0.9143999814987183,
        0.9318999648094177
    ],
    "epoch_losses": [
        1.47265625,
        1.3528645833333333,
        1.2486979166666667,
        1.185546875,
        1.1529947916666667,
        1.1009114583333333,
        1.0826822916666667,
        1.013671875,
        0.9876302083333334,
        0.947265625
    ]
}