{
    "opt": {
        "train_epochs": 9.9,
        "batch_size": 1536,
        "lr": 17.25,
        "momentum": 0.85,
        "weight_decay": 0.0153,
        "bias_scaler": 64.0,
        "label_smoothing": 0.2,
        "whiten_bias_epochs": 3
    },
    "aug": {
        "flip": true,
        "translate": 2
    },
    "net": {
        "widths": {
            "block1": 64,
            "block2": 256,
            "block3": 256
        },
        "batchnorm_momentum": 0.6,
        "scaling_factor": 0.1111111111111111,
        "tta_level": 2
    },
    "random_seed": 99,
    "git_commit_hash": "85402c5c6fafc553256ddda6a38a5e86792e3fed",
    "elapsed_wclock_time": 3.9406185135841363,
    "final acc": 0.9380999803543091,
    "last batch loss": 0.9388020833333334,
    "epoch_val_accs": [
        0.5766000151634216,
        0.705299973487854,
        0.7173999547958374,
        0.8123999834060669,
        0.8241999745368958,
        0.8208000063896179,
        0.852400004863739,
        0.8885999917984009,
        0.9179999828338623,
        0.9309999942779541
    ],
    "epoch_losses": [
        1.5013020833333333,
        1.30078125,
        1.2194010416666667,
        1.177734375,
        1.1236979166666667,
        1.078125,
        1.0690104166666667,
        1.0143229166666667,
        0.970703125,
        0.9388020833333334
    ]
}