{
    "opt": {
        "train_epochs": 9.9,
        "batch_size": 1536,
        "lr": 17.25,
        "momentum": 0.85,
        "weight_decay": 0.0153,
        "bias_scaler": 64.0,
        "label_smoothing": 0.2,
        "whiten_bias_epochs": 3
    },
    "aug": {
        "flip": true,
        "translate": 2
    },
    "net": {
        "widths": {
            "block1": 64,
            "block2": 256,
            "block3": 256
        },
        "batchnorm_momentum": 0.6,
        "scaling_factor": 0.1111111111111111,
        "tta_level": 2
    },
    "random_seed": 99,
    "git_commit_hash": "85402c5c6fafc553256ddda6a38a5e86792e3fed",
    "elapsed_wclock_time": 3.941769192457199,
    "final acc": 0.9378999471664429,
    "last batch loss": 0.94921875,
    "epoch_val_accs": [
        0.6383000016212463,
        0.5643999576568604,
        0.6651999950408936,
        0.7985999584197998,
        0.7410999536514282,
        0.8181999921798706,
        0.8524999618530273,
        0.8896999955177307,
        0.9140999913215637,
        0.929099977016449
    ],
    "epoch_losses": [
        1.5065104166666667,
        1.390625,
        1.2682291666666667,
        1.1692708333333333,
        1.1783854166666667,
        1.1263020833333333,
        1.0592447916666667,
        0.9947916666666666,
        0.96875,
        0.94921875
    ]
}