{
    "opt": {
        "train_epochs": 9.9,
        "batch_size": 1536,
        "lr": 17.25,
        "momentum": 0.85,
        "weight_decay": 0.0153,
        "bias_scaler": 64.0,
        "label_smoothing": 0.2,
        "whiten_bias_epochs": 3
    },
    "aug": {
        "flip": true,
        "translate": 2
    },
    "net": {
        "widths": {
            "block1": 64,
            "block2": 256,
            "block3": 256
        },
        "batchnorm_momentum": 0.6,
        "scaling_factor": 0.1111111111111111,
        "tta_level": 2
    },
    "random_seed": 99,
    "git_commit_hash": "85402c5c6fafc553256ddda6a38a5e86792e3fed",
    "elapsed_wclock_time": 3.976735756158829,
    "final acc": 0.9382999539375305,
    "last batch loss": 0.947265625,
    "epoch_val_accs": [
        0.6245999932289124,
        0.4115999937057495,
        0.7093999981880188,
        0.7378999590873718,
        0.8186999559402466,
        0.8312999606132507,
        0.8359999656677246,
        0.8968999981880188,
        0.9110999703407288,
        0.9301999807357788
    ],
    "epoch_losses": [
        1.5052083333333333,
        1.35546875,
        1.2682291666666667,
        1.1940104166666667,
        1.1569010416666667,
        1.080078125,
        1.0924479166666667,
        1.0071614583333333,
        0.9915364583333334,
        0.947265625
    ]
}