{
    "opt": {
        "train_epochs": 9.9,
        "batch_size": 1536,
        "lr": 17.25,
        "momentum": 0.85,
        "weight_decay": 0.0153,
        "bias_scaler": 64.0,
        "label_smoothing": 0.2,
        "whiten_bias_epochs": 3
    },
    "aug": {
        "flip": true,
        "translate": 2
    },
    "net": {
        "widths": {
            "block1": 64,
            "block2": 256,
            "block3": 256
        },
        "batchnorm_momentum": 0.6,
        "scaling_factor": 0.1111111111111111,
        "tta_level": 2
    },
    "random_seed": 99,
    "git_commit_hash": "85402c5c6fafc553256ddda6a38a5e86792e3fed",
    "elapsed_wclock_time": 3.9405573408603662,
    "final acc": 0.9373999834060669,
    "last batch loss": 0.9615885416666666,
    "epoch_val_accs": [
        0.6402999758720398,
        0.6428999900817871,
        0.7805999517440796,
        0.7077999711036682,
        0.8420999646186829,
        0.8305999636650085,
        0.8696999549865723,
        0.887999951839447,
        0.9138000011444092,
        0.9294999837875366
    ],
    "epoch_losses": [
        1.5,
        1.33984375,
        1.21484375,
        1.1907552083333333,
        1.134765625,
        1.1126302083333333,
        1.078125,
        1.0143229166666667,
        0.9837239583333334,
        0.9615885416666666
    ]
}