{
    "opt": {
        "train_epochs": 9.9,
        "batch_size": 1536,
        "lr": 17.25,
        "momentum": 0.85,
        "weight_decay": 0.0153,
        "bias_scaler": 64.0,
        "label_smoothing": 0.2,
        "whiten_bias_epochs": 3
    },
    "aug": {
        "flip": true,
        "translate": 2
    },
    "net": {
        "widths": {
            "block1": 64,
            "block2": 256,
            "block3": 256
        },
        "batchnorm_momentum": 0.6,
        "scaling_factor": 0.1111111111111111,
        "tta_level": 2
    },
    "random_seed": 99,
    "git_commit_hash": "85402c5c6fafc553256ddda6a38a5e86792e3fed",
    "elapsed_wclock_time": 3.9882948174476622,
    "final acc": 0.9378999471664429,
    "last batch loss": 0.9596354166666666,
    "epoch_val_accs": [
        0.5539000034332275,
        0.6530999541282654,
        0.7646999955177307,
        0.7602999806404114,
        0.8269000053405762,
        0.8448999524116516,
        0.8684999942779541,
        0.9032999873161316,
        0.9065999984741211,
        0.9289000034332275
    ],
    "epoch_losses": [
        1.4765625,
        1.3170572916666667,
        1.2291666666666667,
        1.18359375,
        1.138671875,
        1.0755208333333333,
        1.0787760416666667,
        1.0026041666666667,
        0.9856770833333334,
        0.9596354166666666
    ]
}