{
    "opt": {
        "train_epochs": 9.9,
        "batch_size": 1536,
        "lr": 17.25,
        "momentum": 0.85,
        "weight_decay": 0.0153,
        "bias_scaler": 64.0,
        "label_smoothing": 0.2,
        "whiten_bias_epochs": 3
    },
    "aug": {
        "flip": true,
        "translate": 2
    },
    "net": {
        "widths": {
            "block1": 64,
            "block2": 256,
            "block3": 256
        },
        "batchnorm_momentum": 0.6,
        "scaling_factor": 0.1111111111111111,
        "tta_level": 2
    },
    "random_seed": 99,
    "git_commit_hash": "85402c5c6fafc553256ddda6a38a5e86792e3fed",
    "elapsed_wclock_time": 3.995642552614212,
    "final acc": 0.9395999908447266,
    "last batch loss": 0.9459635416666666,
    "epoch_val_accs": [
        0.6416000127792358,
        0.3236999809741974,
        0.6728999614715576,
        0.7745999693870544,
        0.7986999750137329,
        0.7805999517440796,
        0.8380999565124512,
        0.9054999947547913,
        0.920799970626831,
        0.9312999844551086
    ],
    "epoch_losses": [
        1.4713541666666667,
        1.33984375,
        1.2200520833333333,
        1.2421875,
        1.1510416666666667,
        1.1126302083333333,
        1.0651041666666667,
        1.0221354166666667,
        0.9694010416666666,
        0.9459635416666666
    ]
}