{
    "opt": {
        "train_epochs": 9.9,
        "batch_size": 1536,
        "lr": 17.25,
        "momentum": 0.85,
        "weight_decay": 0.0153,
        "bias_scaler": 64.0,
        "label_smoothing": 0.2,
        "whiten_bias_epochs": 3
    },
    "aug": {
        "flip": true,
        "translate": 2
    },
    "net": {
        "widths": {
            "block1": 64,
            "block2": 256,
            "block3": 256
        },
        "batchnorm_momentum": 0.6,
        "scaling_factor": 0.1111111111111111,
        "tta_level": 2
    },
    "random_seed": 99,
    "git_commit_hash": "85402c5c6fafc553256ddda6a38a5e86792e3fed",
    "elapsed_wclock_time": 3.8584967839717867,
    "final acc": 0.9399999976158142,
    "last batch loss": 0.9453125,
    "epoch_val_accs": [
        0.6283000111579895,
        0.5877999663352966,
        0.6535999774932861,
        0.7838999629020691,
        0.8050000071525574,
        0.7703999876976013,
        0.8321999907493591,
        0.9056999683380127,
        0.917199969291687,
        0.9304999709129333
    ],
    "epoch_losses": [
        1.5260416666666667,
        1.3014322916666667,
        1.24609375,
        1.1959635416666667,
        1.1119791666666667,
        1.1178385416666667,
        1.0670572916666667,
        1.0026041666666667,
        0.9811197916666666,
        0.9453125
    ]
}