{
    "opt": {
        "train_epochs": 9.9,
        "batch_size": 1536,
        "lr": 17.25,
        "momentum": 0.85,
        "weight_decay": 0.0153,
        "bias_scaler": 64.0,
        "label_smoothing": 0.2,
        "whiten_bias_epochs": 3
    },
    "aug": {
        "flip": true,
        "translate": 2
    },
    "net": {
        "widths": {
            "block1": 64,
            "block2": 256,
            "block3": 256
        },
        "batchnorm_momentum": 0.6,
        "scaling_factor": 0.1111111111111111,
        "tta_level": 2
    },
    "random_seed": 99,
    "git_commit_hash": "85402c5c6fafc553256ddda6a38a5e86792e3fed",
    "elapsed_wclock_time": 3.9916081390380858,
    "final acc": 0.9376999735832214,
    "last batch loss": 0.947265625,
    "epoch_val_accs": [
        0.6119999885559082,
        0.4545999765396118,
        0.7929999828338623,
        0.7027999758720398,
        0.7543999552726746,
        0.8184999823570251,
        0.856499969959259,
        0.9012999534606934,
        0.9188999533653259,
        0.9302999973297119
    ],
    "epoch_losses": [
        1.5234375,
        1.3645833333333333,
        1.2252604166666667,
        1.197265625,
        1.16015625,
        1.0885416666666667,
        1.0618489583333333,
        1.0182291666666667,
        0.9817708333333334,
        0.947265625
    ]
}