{
    "opt": {
        "train_epochs": 9.9,
        "batch_size": 1536,
        "lr": 17.25,
        "momentum": 0.85,
        "weight_decay": 0.0153,
        "bias_scaler": 64.0,
        "label_smoothing": 0.2,
        "whiten_bias_epochs": 3
    },
    "aug": {
        "flip": true,
        "translate": 2
    },
    "net": {
        "widths": {
            "block1": 64,
            "block2": 256,
            "block3": 256
        },
        "batchnorm_momentum": 0.6,
        "scaling_factor": 0.1111111111111111,
        "tta_level": 2
    },
    "random_seed": 99,
    "git_commit_hash": "85402c5c6fafc553256ddda6a38a5e86792e3fed",
    "elapsed_wclock_time": 3.944721738576889,
    "final acc": 0.9368999600410461,
    "last batch loss": 0.9524739583333334,
    "epoch_val_accs": [
        0.6107000112533569,
        0.670699954032898,
        0.7727999687194824,
        0.7500999569892883,
        0.7322999835014343,
        0.8228999972343445,
        0.8585999608039856,
        0.9042999744415283,
        0.911300003528595,
        0.9293999671936035
    ],
    "epoch_losses": [
        1.4934895833333333,
        1.32421875,
        1.2122395833333333,
        1.1953125,
        1.1634114583333333,
        1.099609375,
        1.0631510416666667,
        1.0130208333333333,
        0.9928385416666666,
        0.9524739583333334
    ]
}