{
    "opt": {
        "train_epochs": 9.9,
        "batch_size": 1536,
        "lr": 17.25,
        "momentum": 0.85,
        "weight_decay": 0.0153,
        "bias_scaler": 64.0,
        "label_smoothing": 0.2,
        "whiten_bias_epochs": 3
    },
    "aug": {
        "flip": true,
        "translate": 2
    },
    "net": {
        "widths": {
            "block1": 64,
            "block2": 256,
            "block3": 256
        },
        "batchnorm_momentum": 0.6,
        "scaling_factor": 0.1111111111111111,
        "tta_level": 2
    },
    "random_seed": 99,
    "git_commit_hash": "85402c5c6fafc553256ddda6a38a5e86792e3fed",
    "elapsed_wclock_time": 3.9487348916530607,
    "final acc": 0.9382999539375305,
    "last batch loss": 0.9466145833333334,
    "epoch_val_accs": [
        0.5763999819755554,
        0.468099981546402,
        0.6942999958992004,
        0.7692999839782715,
        0.7731999754905701,
        0.8554999828338623,
        0.8768999576568604,
        0.9019999504089355,
        0.9169999957084656,
        0.9321999549865723
    ],
    "epoch_losses": [
        1.49609375,
        1.41796875,
        1.2936197916666667,
        1.1927083333333333,
        1.1432291666666667,
        1.1126302083333333,
        1.0638020833333333,
        1.0208333333333333,
        0.978515625,
        0.9466145833333334
    ]
}