{
    "opt": {
        "train_epochs": 9.9,
        "batch_size": 1536,
        "lr": 17.25,
        "momentum": 0.85,
        "weight_decay": 0.0153,
        "bias_scaler": 64.0,
        "label_smoothing": 0.2,
        "whiten_bias_epochs": 3
    },
    "aug": {
        "flip": true,
        "translate": 2
    },
    "net": {
        "widths": {
            "block1": 64,
            "block2": 256,
            "block3": 256
        },
        "batchnorm_momentum": 0.6,
        "scaling_factor": 0.1111111111111111,
        "tta_level": 2
    },
    "random_seed": 99,
    "git_commit_hash": "85402c5c6fafc553256ddda6a38a5e86792e3fed",
    "elapsed_wclock_time": 3.942523766756058,
    "final acc": 0.9375,
    "last batch loss": 0.9518229166666666,
    "epoch_val_accs": [
        0.6110999584197998,
        0.5877999663352966,
        0.7936999797821045,
        0.7462999820709229,
        0.784500002861023,
        0.8077999949455261,
        0.8598999977111816,
        0.8999999761581421,
        0.914199948310852,
        0.9316999912261963
    ],
    "epoch_losses": [
        1.51171875,
        1.39453125,
        1.208984375,
        1.197265625,
        1.1536458333333333,
        1.1067708333333333,
        1.0709635416666667,
        1.0123697916666667,
        0.984375,
        0.9518229166666666
    ]
}