{
    "opt": {
        "train_epochs": 9.9,
        "batch_size": 1536,
        "lr": 17.25,
        "momentum": 0.85,
        "weight_decay": 0.0153,
        "bias_scaler": 64.0,
        "label_smoothing": 0.2,
        "whiten_bias_epochs": 3
    },
    "aug": {
        "flip": true,
        "translate": 2
    },
    "net": {
        "widths": {
            "block1": 64,
            "block2": 256,
            "block3": 256
        },
        "batchnorm_momentum": 0.6,
        "scaling_factor": 0.1111111111111111,
        "tta_level": 2
    },
    "random_seed": 99,
    "git_commit_hash": "85402c5c6fafc553256ddda6a38a5e86792e3fed",
    "elapsed_wclock_time": 3.8553054380416873,
    "final acc": 0.9368000030517578,
    "last batch loss": 0.951171875,
    "epoch_val_accs": [
        0.5149999856948853,
        0.5604000091552734,
        0.7056999802589417,
        0.7958999872207642,
        0.7777999639511108,
        0.8258999586105347,
        0.8637999892234802,
        0.8999999761581421,
        0.9108999967575073,
        0.9302999973297119
    ],
    "epoch_losses": [
        1.5078125,
        1.3502604166666667,
        1.2415364583333333,
        1.185546875,
        1.1516927083333333,
        1.1165364583333333,
        1.0735677083333333,
        1.0305989583333333,
        0.9986979166666666,
        0.951171875
    ]
}