{
    "opt": {
        "train_epochs": 9.9,
        "batch_size": 1536,
        "lr": 17.25,
        "momentum": 0.85,
        "weight_decay": 0.0153,
        "bias_scaler": 64.0,
        "label_smoothing": 0.2,
        "whiten_bias_epochs": 3
    },
    "aug": {
        "flip": true,
        "translate": 2
    },
    "net": {
        "widths": {
            "block1": 64,
            "block2": 256,
            "block3": 256
        },
        "batchnorm_momentum": 0.6,
        "scaling_factor": 0.1111111111111111,
        "tta_level": 2
    },
    "random_seed": 99,
    "git_commit_hash": "85402c5c6fafc553256ddda6a38a5e86792e3fed",
    "elapsed_wclock_time": 3.987260536909103,
    "final acc": 0.9373999834060669,
    "last batch loss": 0.9537760416666666,
    "epoch_val_accs": [
        0.45479997992515564,
        0.5069000124931335,
        0.6811999678611755,
        0.42329999804496765,
        0.8394999504089355,
        0.8455999493598938,
        0.8522999882698059,
        0.8934999704360962,
        0.9162999987602234,
        0.9311999678611755
    ],
    "epoch_losses": [
        1.48828125,
        1.3072916666666667,
        1.2486979166666667,
        1.3528645833333333,
        1.140625,
        1.1380208333333333,
        1.0859375,
        1.0143229166666667,
        0.9908854166666666,
        0.9537760416666666
    ]
}