{
    "opt": {
        "train_epochs": 9.9,
        "batch_size": 1536,
        "lr": 17.25,
        "momentum": 0.85,
        "weight_decay": 0.0153,
        "bias_scaler": 64.0,
        "label_smoothing": 0.2,
        "whiten_bias_epochs": 3
    },
    "aug": {
        "flip": true,
        "translate": 2
    },
    "net": {
        "widths": {
            "block1": 64,
            "block2": 256,
            "block3": 256
        },
        "batchnorm_momentum": 0.6,
        "scaling_factor": 0.1111111111111111,
        "tta_level": 2
    },
    "random_seed": 99,
    "git_commit_hash": "85402c5c6fafc553256ddda6a38a5e86792e3fed",
    "elapsed_wclock_time": 3.8580056331157686,
    "final acc": 0.9389999508857727,
    "last batch loss": 0.94140625,
    "epoch_val_accs": [
        0.4885999858379364,
        0.46719998121261597,
        0.5609999895095825,
        0.8299999833106995,
        0.7949000000953674,
        0.8032000064849854,
        0.8161999583244324,
        0.909500002861023,
        0.9150999784469604,
        0.9301999807357788
    ],
    "epoch_losses": [
        1.53125,
        1.3111979166666667,
        1.2408854166666667,
        1.1712239583333333,
        1.12109375,
        1.1009114583333333,
        1.0559895833333333,
        0.9986979166666666,
        0.978515625,
        0.94140625
    ]
}