{
    "opt": {
        "train_epochs": 9.9,
        "batch_size": 1536,
        "lr": 17.25,
        "momentum": 0.85,
        "weight_decay": 0.0153,
        "bias_scaler": 64.0,
        "label_smoothing": 0.2,
        "whiten_bias_epochs": 3
    },
    "aug": {
        "flip": true,
        "translate": 2
    },
    "net": {
        "widths": {
            "block1": 64,
            "block2": 256,
            "block3": 256
        },
        "batchnorm_momentum": 0.6,
        "scaling_factor": 0.1111111111111111,
        "tta_level": 2
    },
    "random_seed": 99,
    "git_commit_hash": "85402c5c6fafc553256ddda6a38a5e86792e3fed",
    "elapsed_wclock_time": 3.894184069156647,
    "final acc": 0.939300000667572,
    "last batch loss": 0.951171875,
    "epoch_val_accs": [
        0.6003999710083008,
        0.5706999897956848,
        0.6915000081062317,
        0.7843999862670898,
        0.7260000109672546,
        0.840399980545044,
        0.8416999578475952,
        0.906499981880188,
        0.9165999889373779,
        0.9315999746322632
    ],
    "epoch_losses": [
        1.4856770833333333,
        1.3072916666666667,
        1.23046875,
        1.1712239583333333,
        1.1458333333333333,
        1.076171875,
        1.0690104166666667,
        1.0091145833333333,
        0.9837239583333334,
        0.951171875
    ]
}