{
    "opt": {
        "train_epochs": 9.9,
        "batch_size": 1536,
        "lr": 17.25,
        "momentum": 0.85,
        "weight_decay": 0.0153,
        "bias_scaler": 64.0,
        "label_smoothing": 0.2,
        "whiten_bias_epochs": 3
    },
    "aug": {
        "flip": true,
        "translate": 2
    },
    "net": {
        "widths": {
            "block1": 64,
            "block2": 256,
            "block3": 256
        },
        "batchnorm_momentum": 0.6,
        "scaling_factor": 0.1111111111111111,
        "tta_level": 2
    },
    "random_seed": 99,
    "git_commit_hash": "85402c5c6fafc553256ddda6a38a5e86792e3fed",
    "elapsed_wclock_time": 3.944258056640625,
    "final acc": 0.9345999956130981,
    "last batch loss": 0.951171875,
    "epoch_val_accs": [
        0.5843999981880188,
        0.6725999712944031,
        0.374099999666214,
        0.5760999917984009,
        0.8371999859809875,
        0.8305999636650085,
        0.8549999594688416,
        0.8959999680519104,
        0.9162999987602234,
        0.9280999898910522
    ],
    "epoch_losses": [
        1.4895833333333333,
        1.287109375,
        1.255859375,
        1.2350260416666667,
        1.1666666666666667,
        1.1041666666666667,
        1.0774739583333333,
        1.01953125,
        0.986328125,
        0.951171875
    ]
}