{
    "opt": {
        "train_epochs": 9.9,
        "batch_size": 1536,
        "lr": 17.25,
        "momentum": 0.85,
        "weight_decay": 0.0153,
        "bias_scaler": 64.0,
        "label_smoothing": 0.2,
        "whiten_bias_epochs": 3
    },
    "aug": {
        "flip": true,
        "translate": 2
    },
    "net": {
        "widths": {
            "block1": 64,
            "block2": 256,
            "block3": 256
        },
        "batchnorm_momentum": 0.6,
        "scaling_factor": 0.1111111111111111,
        "tta_level": 2
    },
    "random_seed": 99,
    "git_commit_hash": "85402c5c6fafc553256ddda6a38a5e86792e3fed",
    "elapsed_wclock_time": 3.8553202168941496,
    "final acc": 0.9361000061035156,
    "last batch loss": 0.9583333333333334,
    "epoch_val_accs": [
        0.5590999722480774,
        0.2839999794960022,
        0.7542999982833862,
        0.7610999941825867,
        0.7501999735832214,
        0.8610999584197998,
        0.8206999897956848,
        0.8983999490737915,
        0.9163999557495117,
        0.9289000034332275
    ],
    "epoch_losses": [
        1.5638020833333333,
        1.3619791666666667,
        1.2233072916666667,
        1.1510416666666667,
        1.1888020833333333,
        1.0911458333333333,
        1.068359375,
        1.0071614583333333,
        0.9811197916666666,
        0.9583333333333334
    ]
}