{
    "opt": {
        "train_epochs": 9.9,
        "batch_size": 1536,
        "lr": 17.25,
        "momentum": 0.85,
        "weight_decay": 0.0153,
        "bias_scaler": 64.0,
        "label_smoothing": 0.2,
        "whiten_bias_epochs": 3
    },
    "aug": {
        "flip": true,
        "translate": 2
    },
    "net": {
        "widths": {
            "block1": 64,
            "block2": 256,
            "block3": 256
        },
        "batchnorm_momentum": 0.6,
        "scaling_factor": 0.1111111111111111,
        "tta_level": 2
    },
    "random_seed": 99,
    "git_commit_hash": "85402c5c6fafc553256ddda6a38a5e86792e3fed",
    "elapsed_wclock_time": 3.9036675229072575,
    "final acc": 0.9393999576568604,
    "last batch loss": 0.9544270833333334,
    "epoch_val_accs": [
        0.5223000049591064,
        0.606499969959259,
        0.7398999929428101,
        0.6579999923706055,
        0.8220999836921692,
        0.819599986076355,
        0.8104000091552734,
        0.9103999733924866,
        0.9205999970436096,
        0.9314999580383301
    ],
    "epoch_losses": [
        1.5533854166666667,
        1.2799479166666667,
        1.2161458333333333,
        1.21484375,
        1.15234375,
        1.091796875,
        1.0716145833333333,
        1.0,
        0.9837239583333334,
        0.9544270833333334
    ]
}