{
    "opt": {
        "train_epochs": 9.9,
        "batch_size": 1536,
        "lr": 17.25,
        "momentum": 0.85,
        "weight_decay": 0.0153,
        "bias_scaler": 64.0,
        "label_smoothing": 0.2,
        "whiten_bias_epochs": 3
    },
    "aug": {
        "flip": true,
        "translate": 2
    },
    "net": {
        "widths": {
            "block1": 64,
            "block2": 256,
            "block3": 256
        },
        "batchnorm_momentum": 0.6,
        "scaling_factor": 0.1111111111111111,
        "tta_level": 2
    },
    "random_seed": 99,
    "git_commit_hash": "85402c5c6fafc553256ddda6a38a5e86792e3fed",
    "elapsed_wclock_time": 3.9433572604656217,
    "final acc": 0.9393999576568604,
    "last batch loss": 0.9453125,
    "epoch_val_accs": [
        0.6230999827384949,
        0.6453999876976013,
        0.7155999541282654,
        0.7745999693870544,
        0.7468000054359436,
        0.8585000038146973,
        0.8055999875068665,
        0.8804999589920044,
        0.9138000011444092,
        0.9303999543190002
    ],
    "epoch_losses": [
        1.49609375,
        1.3033854166666667,
        1.24609375,
        1.138671875,
        1.1536458333333333,
        1.1009114583333333,
        1.0651041666666667,
        1.0110677083333333,
        0.986328125,
        0.9453125
    ]
}