{
    "opt": {
        "train_epochs": 9.9,
        "batch_size": 1536,
        "lr": 17.25,
        "momentum": 0.85,
        "weight_decay": 0.0153,
        "bias_scaler": 64.0,
        "label_smoothing": 0.2,
        "whiten_bias_epochs": 3
    },
    "aug": {
        "flip": true,
        "translate": 2
    },
    "net": {
        "widths": {
            "block1": 64,
            "block2": 256,
            "block3": 256
        },
        "batchnorm_momentum": 0.6,
        "scaling_factor": 0.1111111111111111,
        "tta_level": 2
    },
    "random_seed": 99,
    "git_commit_hash": "85402c5c6fafc553256ddda6a38a5e86792e3fed",
    "elapsed_wclock_time": 3.9440940747261046,
    "final acc": 0.939300000667572,
    "last batch loss": 0.95703125,
    "epoch_val_accs": [
        0.5878999829292297,
        0.4236999750137329,
        0.7084000110626221,
        0.7386999726295471,
        0.8410999774932861,
        0.8555999994277954,
        0.8700000047683716,
        0.889799952507019,
        0.9176999926567078,
        0.9299999475479126
    ],
    "epoch_losses": [
        1.46875,
        1.37109375,
        1.2506510416666667,
        1.1901041666666667,
        1.1295572916666667,
        1.0963541666666667,
        1.0598958333333333,
        1.0201822916666667,
        0.9876302083333334,
        0.95703125
    ]
}