{
    "opt": {
        "train_epochs": 9.9,
        "batch_size": 1536,
        "lr": 17.25,
        "momentum": 0.85,
        "weight_decay": 0.0153,
        "bias_scaler": 64.0,
        "label_smoothing": 0.2,
        "whiten_bias_epochs": 3
    },
    "aug": {
        "flip": true,
        "translate": 2
    },
    "net": {
        "widths": {
            "block1": 64,
            "block2": 256,
            "block3": 256
        },
        "batchnorm_momentum": 0.6,
        "scaling_factor": 0.1111111111111111,
        "tta_level": 2
    },
    "random_seed": 99,
    "git_commit_hash": "85402c5c6fafc553256ddda6a38a5e86792e3fed",
    "elapsed_wclock_time": 3.859736608028412,
    "final acc": 0.9368999600410461,
    "last batch loss": 0.9505208333333334,
    "epoch_val_accs": [
        0.5475000143051147,
        0.6013000011444092,
        0.6744999885559082,
        0.6517999768257141,
        0.7902999520301819,
        0.8399999737739563,
        0.8693000078201294,
        0.9077999591827393,
        0.9156000018119812,
        0.9282999634742737
    ],
    "epoch_losses": [
        1.5026041666666667,
        1.29296875,
        1.2428385416666667,
        1.173828125,
        1.1399739583333333,
        1.1041666666666667,
        1.05859375,
        1.0221354166666667,
        0.98046875,
        0.9505208333333334
    ]
}