{
    "opt": {
        "train_epochs": 9.9,
        "batch_size": 1536,
        "lr": 17.25,
        "momentum": 0.85,
        "weight_decay": 0.0153,
        "bias_scaler": 64.0,
        "label_smoothing": 0.2,
        "whiten_bias_epochs": 3
    },
    "aug": {
        "flip": true,
        "translate": 2
    },
    "net": {
        "widths": {
            "block1": 64,
            "block2": 256,
            "block3": 256
        },
        "batchnorm_momentum": 0.6,
        "scaling_factor": 0.1111111111111111,
        "tta_level": 2
    },
    "random_seed": 99,
    "git_commit_hash": "85402c5c6fafc553256ddda6a38a5e86792e3fed",
    "elapsed_wclock_time": 12.35435528564453,
    "final acc": 0.9384999871253967,
    "last batch loss": 0.9420572916666666,
    "epoch_val_accs": [
        0.4941999912261963,
        0.4912000000476837,
        0.5963999629020691,
        0.6340000033378601,
        0.8423999547958374,
        0.8398999571800232,
        0.8669999837875366,
        0.9070999622344971,
        0.9110999703407288,
        0.9289999604225159
    ],
    "epoch_losses": [
        1.4544270833333333,
        1.2884114583333333,
        1.2356770833333333,
        1.1653645833333333,
        1.119140625,
        1.0826822916666667,
        1.0703125,
        1.0065104166666667,
        0.978515625,
        0.9420572916666666
    ]
}