{
    "opt": {
        "train_epochs": 9.9,
        "batch_size": 1536,
        "lr": 17.25,
        "momentum": 0.85,
        "weight_decay": 0.0153,
        "bias_scaler": 64.0,
        "label_smoothing": 0.2,
        "whiten_bias_epochs": 3
    },
    "aug": {
        "flip": true,
        "translate": 2
    },
    "net": {
        "widths": {
            "block1": 64,
            "block2": 256,
            "block3": 256
        },
        "batchnorm_momentum": 0.6,
        "scaling_factor": 0.1111111111111111,
        "tta_level": 2
    },
    "random_seed": 99,
    "git_commit_hash": "85402c5c6fafc553256ddda6a38a5e86792e3fed",
    "elapsed_wclock_time": 3.991488880395889,
    "final acc": 0.9364999532699585,
    "last batch loss": 0.94921875,
    "epoch_val_accs": [
        0.5845999717712402,
        0.31119999289512634,
        0.6629999876022339,
        0.7620999813079834,
        0.70169997215271,
        0.8376999497413635,
        0.7863999605178833,
        0.8910999894142151,
        0.9177999496459961,
        0.9316999912261963
    ],
    "epoch_losses": [
        1.4791666666666667,
        1.5390625,
        1.2623697916666667,
        1.2109375,
        1.162109375,
        1.0989583333333333,
        1.0774739583333333,
        1.0201822916666667,
        0.9895833333333334,
        0.94921875
    ]
}