{
    "opt": {
        "train_epochs": 9.9,
        "batch_size": 1536,
        "lr": 17.25,
        "momentum": 0.85,
        "weight_decay": 0.0153,
        "bias_scaler": 64.0,
        "label_smoothing": 0.2,
        "whiten_bias_epochs": 3
    },
    "aug": {
        "flip": true,
        "translate": 2
    },
    "net": {
        "widths": {
            "block1": 64,
            "block2": 256,
            "block3": 256
        },
        "batchnorm_momentum": 0.6,
        "scaling_factor": 0.1111111111111111,
        "tta_level": 2
    },
    "random_seed": 99,
    "git_commit_hash": "85402c5c6fafc553256ddda6a38a5e86792e3fed",
    "elapsed_wclock_time": 3.9864727592468263,
    "final acc": 0.9388999938964844,
    "last batch loss": 0.955078125,
    "epoch_val_accs": [
        0.6075999736785889,
        0.7002999782562256,
        0.5115999579429626,
        0.7638999819755554,
        0.8385999798774719,
        0.8509999513626099,
        0.8697999715805054,
        0.9006999731063843,
        0.9200999736785889,
        0.9304999709129333
    ],
    "epoch_losses": [
        1.5026041666666667,
        1.322265625,
        1.2239583333333333,
        1.1536458333333333,
        1.1588541666666667,
        1.0963541666666667,
        1.0625,
        1.001953125,
        0.9934895833333334,
        0.955078125
    ]
}