{
    "opt": {
        "train_epochs": 9.9,
        "batch_size": 1536,
        "lr": 17.25,
        "momentum": 0.85,
        "weight_decay": 0.0153,
        "bias_scaler": 64.0,
        "label_smoothing": 0.2,
        "whiten_bias_epochs": 3
    },
    "aug": {
        "flip": true,
        "translate": 2
    },
    "net": {
        "widths": {
            "block1": 64,
            "block2": 256,
            "block3": 256
        },
        "batchnorm_momentum": 0.6,
        "scaling_factor": 0.1111111111111111,
        "tta_level": 2
    },
    "random_seed": 99,
    "git_commit_hash": "85402c5c6fafc553256ddda6a38a5e86792e3fed",
    "elapsed_wclock_time": 3.8556985900402068,
    "final acc": 0.9368999600410461,
    "last batch loss": 0.9518229166666666,
    "epoch_val_accs": [
        0.6161999702453613,
        0.5819999575614929,
        0.6762999892234802,
        0.6349999904632568,
        0.7032999992370605,
        0.8524999618530273,
        0.8691999912261963,
        0.8998000025749207,
        0.9106000065803528,
        0.9309999942779541
    ],
    "epoch_losses": [
        1.46875,
        1.421875,
        1.236328125,
        1.19921875,
        1.16015625,
        1.1139322916666667,
        1.052734375,
        1.00390625,
        0.9928385416666666,
        0.9518229166666666
    ]
}