{
    "opt": {
        "train_epochs": 9.9,
        "batch_size": 1536,
        "lr": 17.25,
        "momentum": 0.85,
        "weight_decay": 0.0153,
        "bias_scaler": 64.0,
        "label_smoothing": 0.2,
        "whiten_bias_epochs": 3
    },
    "aug": {
        "flip": true,
        "translate": 2
    },
    "net": {
        "widths": {
            "block1": 64,
            "block2": 256,
            "block3": 256
        },
        "batchnorm_momentum": 0.6,
        "scaling_factor": 0.1111111111111111,
        "tta_level": 2
    },
    "random_seed": 99,
    "git_commit_hash": "85402c5c6fafc553256ddda6a38a5e86792e3fed",
    "elapsed_wclock_time": 3.8566194870471953,
    "final acc": 0.9388999938964844,
    "last batch loss": 0.9388020833333334,
    "epoch_val_accs": [
        0.5967999696731567,
        0.7202000021934509,
        0.7427999973297119,
        0.6776999831199646,
        0.8179999589920044,
        0.8420000076293945,
        0.8323000073432922,
        0.9084999561309814,
        0.9168999791145325,
        0.9314000010490417
    ],
    "epoch_losses": [
        1.5143229166666667,
        1.322265625,
        1.2194010416666667,
        1.1966145833333333,
        1.1484375,
        1.1223958333333333,
        1.08203125,
        1.0013020833333333,
        0.9765625,
        0.9388020833333334
    ]
}