{
    "opt": {
        "train_epochs": 9.9,
        "batch_size": 1536,
        "lr": 17.25,
        "momentum": 0.85,
        "weight_decay": 0.0153,
        "bias_scaler": 64.0,
        "label_smoothing": 0.2,
        "whiten_bias_epochs": 3
    },
    "aug": {
        "flip": true,
        "translate": 2
    },
    "net": {
        "widths": {
            "block1": 64,
            "block2": 256,
            "block3": 256
        },
        "batchnorm_momentum": 0.6,
        "scaling_factor": 0.1111111111111111,
        "tta_level": 2
    },
    "random_seed": 99,
    "git_commit_hash": "85402c5c6fafc553256ddda6a38a5e86792e3fed",
    "elapsed_wclock_time": 3.9931963605880743,
    "final acc": 0.9387999773025513,
    "last batch loss": 0.9427083333333334,
    "epoch_val_accs": [
        0.6715999841690063,
        0.7315999865531921,
        0.654699981212616,
        0.7473999857902527,
        0.6967999935150146,
        0.8327999711036682,
        0.8703999519348145,
        0.9088000059127808,
        0.9185000061988831,
        0.9307999610900879
    ],
    "epoch_losses": [
        1.4895833333333333,
        1.2962239583333333,
        1.2356770833333333,
        1.1627604166666667,
        1.1595052083333333,
        1.091796875,
        1.0638020833333333,
        0.9908854166666666,
        0.984375,
        0.9427083333333334
    ]
}