{
    "opt": {
        "train_epochs": 9.9,
        "batch_size": 1536,
        "lr": 17.25,
        "momentum": 0.85,
        "weight_decay": 0.0153,
        "bias_scaler": 64.0,
        "label_smoothing": 0.2,
        "whiten_bias_epochs": 3
    },
    "aug": {
        "flip": true,
        "translate": 2
    },
    "net": {
        "widths": {
            "block1": 64,
            "block2": 256,
            "block3": 256
        },
        "batchnorm_momentum": 0.6,
        "scaling_factor": 0.1111111111111111,
        "tta_level": 2
    },
    "random_seed": 99,
    "git_commit_hash": "85402c5c6fafc553256ddda6a38a5e86792e3fed",
    "elapsed_wclock_time": 3.824767362117768,
    "final acc": 0.9373999834060669,
    "last batch loss": 0.9427083333333334,
    "epoch_val_accs": [
        0.6502999663352966,
        0.6254000067710876,
        0.5680999755859375,
        0.7055000066757202,
        0.8551999926567078,
        0.8083999752998352,
        0.8741999864578247,
        0.9074999690055847,
        0.9210999608039856,
        0.9312999844551086
    ],
    "epoch_losses": [
        1.44921875,
        1.2975260416666667,
        1.232421875,
        1.1848958333333333,
        1.1380208333333333,
        1.111328125,
        1.0546875,
        1.0065104166666667,
        0.974609375,
        0.9427083333333334
    ]
}