{
    "opt": {
        "train_epochs": 9.9,
        "batch_size": 1536,
        "lr": 17.25,
        "momentum": 0.85,
        "weight_decay": 0.0153,
        "bias_scaler": 64.0,
        "label_smoothing": 0.2,
        "whiten_bias_epochs": 3
    },
    "aug": {
        "flip": true,
        "translate": 2
    },
    "net": {
        "widths": {
            "block1": 64,
            "block2": 256,
            "block3": 256
        },
        "batchnorm_momentum": 0.6,
        "scaling_factor": 0.1111111111111111,
        "tta_level": 2
    },
    "random_seed": 99,
    "git_commit_hash": "85402c5c6fafc553256ddda6a38a5e86792e3fed",
    "elapsed_wclock_time": 3.9078517839908606,
    "final acc": 0.9391999840736389,
    "last batch loss": 0.939453125,
    "epoch_val_accs": [
        0.644599974155426,
        0.5859999656677246,
        0.5335000157356262,
        0.715399980545044,
        0.7127999663352966,
        0.8574000000953674,
        0.8507999777793884,
        0.8880999684333801,
        0.9149999618530273,
        0.9300999641418457
    ],
    "epoch_losses": [
        1.4713541666666667,
        1.36328125,
        1.3268229166666667,
        1.2044270833333333,
        1.1744791666666667,
        1.0944010416666667,
        1.0611979166666667,
        1.0065104166666667,
        0.98046875,
        0.939453125
    ]
}