{
    "opt": {
        "train_epochs": 9.9,
        "batch_size": 1536,
        "lr": 17.25,
        "momentum": 0.85,
        "weight_decay": 0.0153,
        "bias_scaler": 64.0,
        "label_smoothing": 0.2,
        "whiten_bias_epochs": 3
    },
    "aug": {
        "flip": true,
        "translate": 2
    },
    "net": {
        "widths": {
            "block1": 64,
            "block2": 256,
            "block3": 256
        },
        "batchnorm_momentum": 0.6,
        "scaling_factor": 0.1111111111111111,
        "tta_level": 2
    },
    "random_seed": 99,
    "git_commit_hash": "85402c5c6fafc553256ddda6a38a5e86792e3fed",
    "elapsed_wclock_time": 3.858534243822098,
    "final acc": 0.9370999932289124,
    "last batch loss": 0.95703125,
    "epoch_val_accs": [
        0.6075999736785889,
        0.5862999558448792,
        0.5205999612808228,
        0.7994999885559082,
        0.7572000026702881,
        0.8389999866485596,
        0.8211999535560608,
        0.9041999578475952,
        0.91239994764328,
        0.9275999665260315
    ],
    "epoch_losses": [
        1.5078125,
        1.375,
        1.2513020833333333,
        1.2233072916666667,
        1.1608072916666667,
        1.107421875,
        1.0872395833333333,
        1.0078125,
        0.9928385416666666,
        0.95703125
    ]
}