{
    "opt": {
        "train_epochs": 9.9,
        "batch_size": 1536,
        "lr": 17.25,
        "momentum": 0.85,
        "weight_decay": 0.0153,
        "bias_scaler": 64.0,
        "label_smoothing": 0.2,
        "whiten_bias_epochs": 3
    },
    "aug": {
        "flip": true,
        "translate": 2
    },
    "net": {
        "widths": {
            "block1": 64,
            "block2": 256,
            "block3": 256
        },
        "batchnorm_momentum": 0.6,
        "scaling_factor": 0.1111111111111111,
        "tta_level": 2
    },
    "random_seed": 99,
    "git_commit_hash": "85402c5c6fafc553256ddda6a38a5e86792e3fed",
    "elapsed_wclock_time": 3.936008773326874,
    "final acc": 0.9378999471664429,
    "last batch loss": 0.9583333333333334,
    "epoch_val_accs": [
        0.5817999839782715,
        0.49709999561309814,
        0.6693999767303467,
        0.6900999546051025,
        0.7305999994277954,
        0.7997999787330627,
        0.8172999620437622,
        0.8991000056266785,
        0.91839998960495,
        0.9301999807357788
    ],
    "epoch_losses": [
        1.4921875,
        1.359375,
        1.2389322916666667,
        1.2467447916666667,
        1.1770833333333333,
        1.1106770833333333,
        1.1028645833333333,
        1.0436197916666667,
        0.9928385416666666,
        0.9583333333333334
    ]
}