{
    "opt": {
        "train_epochs": 9.9,
        "batch_size": 1536,
        "lr": 17.25,
        "momentum": 0.85,
        "weight_decay": 0.0153,
        "bias_scaler": 64.0,
        "label_smoothing": 0.2,
        "whiten_bias_epochs": 3
    },
    "aug": {
        "flip": true,
        "translate": 2
    },
    "net": {
        "widths": {
            "block1": 64,
            "block2": 256,
            "block3": 256
        },
        "batchnorm_momentum": 0.6,
        "scaling_factor": 0.1111111111111111,
        "tta_level": 2
    },
    "random_seed": 99,
    "git_commit_hash": "85402c5c6fafc553256ddda6a38a5e86792e3fed",
    "elapsed_wclock_time": 3.9846511499881743,
    "final acc": 0.9376999735832214,
    "last batch loss": 0.9446614583333334,
    "epoch_val_accs": [
        0.5898000001907349,
        0.5856999754905701,
        0.7530999779701233,
        0.7493000030517578,
        0.7447999715805054,
        0.8303999900817871,
        0.8448999524116516,
        0.8798999786376953,
        0.9122999906539917,
        0.9286999702453613
    ],
    "epoch_losses": [
        1.48828125,
        1.3815104166666667,
        1.2278645833333333,
        1.17578125,
        1.2044270833333333,
        1.0904947916666667,
        1.076171875,
        1.0149739583333333,
        0.98046875,
        0.9446614583333334
    ]
}