{
    "opt": {
        "train_epochs": 9.9,
        "batch_size": 1536,
        "lr": 17.25,
        "momentum": 0.85,
        "weight_decay": 0.0153,
        "bias_scaler": 64.0,
        "label_smoothing": 0.2,
        "whiten_bias_epochs": 3
    },
    "aug": {
        "flip": true,
        "translate": 2
    },
    "net": {
        "widths": {
            "block1": 64,
            "block2": 256,
            "block3": 256
        },
        "batchnorm_momentum": 0.6,
        "scaling_factor": 0.1111111111111111,
        "tta_level": 2
    },
    "random_seed": 99,
    "git_commit_hash": "85402c5c6fafc553256ddda6a38a5e86792e3fed",
    "elapsed_wclock_time": 3.9425966618061064,
    "final acc": 0.937999963760376,
    "last batch loss": 0.9505208333333334,
    "epoch_val_accs": [
        0.5587999820709229,
        0.4728999733924866,
        0.733299970626831,
        0.7287999987602234,
        0.8373000025749207,
        0.8258000016212463,
        0.8543999791145325,
        0.8912999629974365,
        0.906499981880188,
        0.9316999912261963
    ],
    "epoch_losses": [
        1.4583333333333333,
        1.3763020833333333,
        1.2532552083333333,
        1.1868489583333333,
        1.1627604166666667,
        1.0970052083333333,
        1.05859375,
        1.015625,
        0.9759114583333334,
        0.9505208333333334
    ]
}