{
    "opt": {
        "train_epochs": 9.9,
        "batch_size": 1536,
        "lr": 17.25,
        "momentum": 0.85,
        "weight_decay": 0.0153,
        "bias_scaler": 64.0,
        "label_smoothing": 0.2,
        "whiten_bias_epochs": 3
    },
    "aug": {
        "flip": true,
        "translate": 2
    },
    "net": {
        "widths": {
            "block1": 64,
            "block2": 256,
            "block3": 256
        },
        "batchnorm_momentum": 0.6,
        "scaling_factor": 0.1111111111111111,
        "tta_level": 2
    },
    "random_seed": 99,
    "git_commit_hash": "85402c5c6fafc553256ddda6a38a5e86792e3fed",
    "elapsed_wclock_time": 3.944035622835159,
    "final acc": 0.9389999508857727,
    "last batch loss": 0.9466145833333334,
    "epoch_val_accs": [
        0.6294999718666077,
        0.5733999609947205,
        0.6782000064849854,
        0.7064999938011169,
        0.6974999904632568,
        0.8454999923706055,
        0.8590999841690063,
        0.9124999642372131,
        0.9150999784469604,
        0.9325999617576599
    ],
    "epoch_losses": [
        1.4778645833333333,
        1.4479166666666667,
        1.2265625,
        1.203125,
        1.1569010416666667,
        1.0846354166666667,
        1.08984375,
        1.0149739583333333,
        0.9837239583333334,
        0.9466145833333334
    ]
}