{
    "opt": {
        "train_epochs": 9.9,
        "batch_size": 1536,
        "lr": 17.25,
        "momentum": 0.85,
        "weight_decay": 0.0153,
        "bias_scaler": 64.0,
        "label_smoothing": 0.2,
        "whiten_bias_epochs": 3
    },
    "aug": {
        "flip": true,
        "translate": 2
    },
    "net": {
        "widths": {
            "block1": 64,
            "block2": 256,
            "block3": 256
        },
        "batchnorm_momentum": 0.6,
        "scaling_factor": 0.1111111111111111,
        "tta_level": 2
    },
    "random_seed": 99,
    "git_commit_hash": "85402c5c6fafc553256ddda6a38a5e86792e3fed",
    "elapsed_wclock_time": 3.8559643404483803,
    "final acc": 0.9373999834060669,
    "last batch loss": 0.955078125,
    "epoch_val_accs": [
        0.35909998416900635,
        0.6712999939918518,
        0.633899986743927,
        0.7382000088691711,
        0.7854999899864197,
        0.8723999857902527,
        0.848800003528595,
        0.8942999839782715,
        0.9120000004768372,
        0.9305999875068665
    ],
    "epoch_losses": [
        1.51953125,
        1.3528645833333333,
        1.251953125,
        1.19921875,
        1.1979166666666667,
        1.0911458333333333,
        1.076171875,
        1.0188802083333333,
        0.978515625,
        0.955078125
    ]
}