{
    "opt": {
        "train_epochs": 9.9,
        "batch_size": 1536,
        "lr": 17.25,
        "momentum": 0.85,
        "weight_decay": 0.0153,
        "bias_scaler": 64.0,
        "label_smoothing": 0.2,
        "whiten_bias_epochs": 3
    },
    "aug": {
        "flip": true,
        "translate": 2
    },
    "net": {
        "widths": {
            "block1": 64,
            "block2": 256,
            "block3": 256
        },
        "batchnorm_momentum": 0.6,
        "scaling_factor": 0.1111111111111111,
        "tta_level": 2
    },
    "random_seed": 99,
    "git_commit_hash": "85402c5c6fafc553256ddda6a38a5e86792e3fed",
    "elapsed_wclock_time": 3.8558753211498265,
    "final acc": 0.9388999938964844,
    "last batch loss": 0.9498697916666666,
    "epoch_val_accs": [
        0.6218000054359436,
        0.6761999726295471,
        0.6924999952316284,
        0.7145999670028687,
        0.8529999852180481,
        0.8515999913215637,
        0.8590999841690063,
        0.8980000019073486,
        0.9167999625205994,
        0.9289000034332275
    ],
    "epoch_losses": [
        1.49609375,
        1.3385416666666667,
        1.2063802083333333,
        1.197265625,
        1.16796875,
        1.091796875,
        1.080078125,
        1.021484375,
        0.984375,
        0.9498697916666666
    ]
}