{
    "opt": {
        "train_epochs": 9.9,
        "batch_size": 1536,
        "lr": 17.25,
        "momentum": 0.85,
        "weight_decay": 0.0153,
        "bias_scaler": 64.0,
        "label_smoothing": 0.2,
        "whiten_bias_epochs": 3
    },
    "aug": {
        "flip": true,
        "translate": 2
    },
    "net": {
        "widths": {
            "block1": 64,
            "block2": 256,
            "block3": 256
        },
        "batchnorm_momentum": 0.6,
        "scaling_factor": 0.1111111111111111,
        "tta_level": 2
    },
    "random_seed": 99,
    "git_commit_hash": "85402c5c6fafc553256ddda6a38a5e86792e3fed",
    "elapsed_wclock_time": 3.9501778869628907,
    "final acc": 0.9368000030517578,
    "last batch loss": 0.9479166666666666,
    "epoch_val_accs": [
        0.6301999688148499,
        0.41509997844696045,
        0.6692000031471252,
        0.7773999571800232,
        0.8046999573707581,
        0.8281999826431274,
        0.8016999959945679,
        0.9023999571800232,
        0.9164999723434448,
        0.9294999837875366
    ],
    "epoch_losses": [
        1.4309895833333333,
        1.3971354166666667,
        1.2955729166666667,
        1.1751302083333333,
        1.1588541666666667,
        1.09375,
        1.0598958333333333,
        1.0149739583333333,
        0.978515625,
        0.9479166666666666
    ]
}