{
    "opt": {
        "train_epochs": 9.9,
        "batch_size": 1536,
        "lr": 17.25,
        "momentum": 0.85,
        "weight_decay": 0.0153,
        "bias_scaler": 64.0,
        "label_smoothing": 0.2,
        "whiten_bias_epochs": 3
    },
    "aug": {
        "flip": true,
        "translate": 2
    },
    "net": {
        "widths": {
            "block1": 64,
            "block2": 256,
            "block3": 256
        },
        "batchnorm_momentum": 0.6,
        "scaling_factor": 0.1111111111111111,
        "tta_level": 2
    },
    "random_seed": 99,
    "git_commit_hash": "85402c5c6fafc553256ddda6a38a5e86792e3fed",
    "elapsed_wclock_time": 4.075332075834275,
    "final acc": 0.9416999816894531,
    "last batch loss": 0.9440104166666666,
    "epoch_val_accs": [
        0.6304000020027161,
        0.385699987411499,
        0.713699996471405,
        0.7360999584197998,
        0.8292999863624573,
        0.8259999752044678,
        0.8748999834060669,
        0.8903999924659729,
        0.9179999828338623,
        0.9337999820709229
    ],
    "epoch_losses": [
        1.4622395833333333,
        1.35546875,
        1.2259114583333333,
        1.1868489583333333,
        1.1477864583333333,
        1.0970052083333333,
        1.0559895833333333,
        1.00390625,
        0.98046875,
        0.9440104166666666
    ]
}