{
    "opt": {
        "train_epochs": 9.9,
        "batch_size": 1536,
        "lr": 17.25,
        "momentum": 0.85,
        "weight_decay": 0.0153,
        "bias_scaler": 64.0,
        "label_smoothing": 0.2,
        "whiten_bias_epochs": 3
    },
    "aug": {
        "flip": true,
        "translate": 2
    },
    "net": {
        "widths": {
            "block1": 64,
            "block2": 256,
            "block3": 256
        },
        "batchnorm_momentum": 0.6,
        "scaling_factor": 0.1111111111111111,
        "tta_level": 2
    },
    "random_seed": 99,
    "git_commit_hash": "85402c5c6fafc553256ddda6a38a5e86792e3fed",
    "elapsed_wclock_time": 3.9387404215335846,
    "final acc": 0.9368999600410461,
    "last batch loss": 0.9479166666666666,
    "epoch_val_accs": [
        0.6107999682426453,
        0.6157000064849854,
        0.7224000096321106,
        0.7822999954223633,
        0.7487999796867371,
        0.8100000023841858,
        0.8725999593734741,
        0.8903999924659729,
        0.9177999496459961,
        0.9289000034332275
    ],
    "epoch_losses": [
        1.4479166666666667,
        1.3854166666666667,
        1.2337239583333333,
        1.197265625,
        1.1764322916666667,
        1.1106770833333333,
        1.0690104166666667,
        1.0110677083333333,
        0.984375,
        0.9479166666666666
    ]
}