{
    "opt": {
        "train_epochs": 9.9,
        "batch_size": 1536,
        "lr": 17.25,
        "momentum": 0.85,
        "weight_decay": 0.0153,
        "bias_scaler": 64.0,
        "label_smoothing": 0.2,
        "whiten_bias_epochs": 3
    },
    "aug": {
        "flip": true,
        "translate": 2
    },
    "net": {
        "widths": {
            "block1": 64,
            "block2": 256,
            "block3": 256
        },
        "batchnorm_momentum": 0.6,
        "scaling_factor": 0.1111111111111111,
        "tta_level": 2
    },
    "random_seed": 99,
    "git_commit_hash": "85402c5c6fafc553256ddda6a38a5e86792e3fed",
    "elapsed_wclock_time": 3.9437972304821014,
    "final acc": 0.9330999851226807,
    "last batch loss": 0.95703125,
    "epoch_val_accs": [
        0.578499972820282,
        0.13179999589920044,
        0.6830999851226807,
        0.7547000050544739,
        0.7996999621391296,
        0.8258000016212463,
        0.7996999621391296,
        0.8934999704360962,
        0.9031999707221985,
        0.9258999824523926
    ],
    "epoch_losses": [
        1.4609375,
        1.6848958333333333,
        1.2591145833333333,
        1.2044270833333333,
        1.1484375,
        1.0930989583333333,
        1.07421875,
        1.0299479166666667,
        0.9954427083333334,
        0.95703125
    ]
}