{
    "opt": {
        "train_epochs": 9.9,
        "batch_size": 1536,
        "lr": 17.25,
        "momentum": 0.85,
        "weight_decay": 0.0153,
        "bias_scaler": 64.0,
        "label_smoothing": 0.2,
        "whiten_bias_epochs": 3
    },
    "aug": {
        "flip": true,
        "translate": 2
    },
    "net": {
        "widths": {
            "block1": 64,
            "block2": 256,
            "block3": 256
        },
        "batchnorm_momentum": 0.6,
        "scaling_factor": 0.1111111111111111,
        "tta_level": 2
    },
    "random_seed": 99,
    "git_commit_hash": "85402c5c6fafc553256ddda6a38a5e86792e3fed",
    "elapsed_wclock_time": 3.9891366083621977,
    "final acc": 0.9399999976158142,
    "last batch loss": 0.94921875,
    "epoch_val_accs": [
        0.566100001335144,
        0.2345999926328659,
        0.6793000102043152,
        0.7328999638557434,
        0.6287999749183655,
        0.8526999950408936,
        0.8202999830245972,
        0.88919997215271,
        0.9136999845504761,
        0.9299999475479126
    ],
    "epoch_losses": [
        1.5299479166666667,
        1.5755208333333333,
        1.2356770833333333,
        1.216796875,
        1.1901041666666667,
        1.0826822916666667,
        1.078125,
        1.0286458333333333,
        0.9772135416666666,
        0.94921875
    ]
}