{
    "opt": {
        "train_epochs": 9.9,
        "batch_size": 1536,
        "lr": 17.25,
        "momentum": 0.85,
        "weight_decay": 0.0153,
        "bias_scaler": 64.0,
        "label_smoothing": 0.2,
        "whiten_bias_epochs": 3
    },
    "aug": {
        "flip": true,
        "translate": 2
    },
    "net": {
        "widths": {
            "block1": 64,
            "block2": 256,
            "block3": 256
        },
        "batchnorm_momentum": 0.6,
        "scaling_factor": 0.1111111111111111,
        "tta_level": 2
    },
    "random_seed": 99,
    "git_commit_hash": "85402c5c6fafc553256ddda6a38a5e86792e3fed",
    "elapsed_wclock_time": 3.990642657756806,
    "final acc": 0.9375999569892883,
    "last batch loss": 0.9583333333333334,
    "epoch_val_accs": [
        0.630299985408783,
        0.7220999598503113,
        0.6762999892234802,
        0.7562999725341797,
        0.7960999608039856,
        0.7628999948501587,
        0.8398999571800232,
        0.8880999684333801,
        0.9156999588012695,
        0.9305999875068665
    ],
    "epoch_losses": [
        1.4557291666666667,
        1.3014322916666667,
        1.2389322916666667,
        1.2389322916666667,
        1.1497395833333333,
        1.115234375,
        1.09375,
        1.0325520833333333,
        0.99609375,
        0.9583333333333334
    ]
}