{
    "opt": {
        "train_epochs": 9.9,
        "batch_size": 1536,
        "lr": 17.25,
        "momentum": 0.85,
        "weight_decay": 0.0153,
        "bias_scaler": 64.0,
        "label_smoothing": 0.2,
        "whiten_bias_epochs": 3
    },
    "aug": {
        "flip": true,
        "translate": 2
    },
    "net": {
        "widths": {
            "block1": 64,
            "block2": 256,
            "block3": 256
        },
        "batchnorm_momentum": 0.6,
        "scaling_factor": 0.1111111111111111,
        "tta_level": 2
    },
    "random_seed": 99,
    "git_commit_hash": "85402c5c6fafc553256ddda6a38a5e86792e3fed",
    "elapsed_wclock_time": 3.988312029838562,
    "final acc": 0.9372999668121338,
    "last batch loss": 0.95703125,
    "epoch_val_accs": [
        0.5590999722480774,
        0.4302999973297119,
        0.7696999907493591,
        0.5351999998092651,
        0.8313999772071838,
        0.7698000073432922,
        0.8744999766349792,
        0.9027000069618225,
        0.9180999994277954,
        0.9322999715805054
    ],
    "epoch_losses": [
        1.5403645833333333,
        1.3971354166666667,
        1.2272135416666667,
        1.19921875,
        1.1569010416666667,
        1.11328125,
        1.07421875,
        0.9954427083333334,
        0.978515625,
        0.95703125
    ]
}