{
    "opt": {
        "train_epochs": 9.9,
        "batch_size": 1536,
        "lr": 17.25,
        "momentum": 0.85,
        "weight_decay": 0.0153,
        "bias_scaler": 64.0,
        "label_smoothing": 0.2,
        "whiten_bias_epochs": 3
    },
    "aug": {
        "flip": true,
        "translate": 2
    },
    "net": {
        "widths": {
            "block1": 64,
            "block2": 256,
            "block3": 256
        },
        "batchnorm_momentum": 0.6,
        "scaling_factor": 0.1111111111111111,
        "tta_level": 2
    },
    "random_seed": 99,
    "git_commit_hash": "85402c5c6fafc553256ddda6a38a5e86792e3fed",
    "elapsed_wclock_time": 3.9886109943389885,
    "final acc": 0.9351999759674072,
    "last batch loss": 0.9615885416666666,
    "epoch_val_accs": [
        0.5630999803543091,
        0.7038999795913696,
        0.6574999690055847,
        0.7479000091552734,
        0.8169999718666077,
        0.828499972820282,
        0.8682000041007996,
        0.8761000037193298,
        0.9073999524116516,
        0.9294999837875366
    ],
    "epoch_losses": [
        1.5208333333333333,
        1.275390625,
        1.2805989583333333,
        1.2174479166666667,
        1.166015625,
        1.1126302083333333,
        1.083984375,
        1.0188802083333333,
        0.9876302083333334,
        0.9615885416666666
    ]
}