{
    "opt": {
        "train_epochs": 9.9,
        "batch_size": 1536,
        "lr": 17.25,
        "momentum": 0.85,
        "weight_decay": 0.0153,
        "bias_scaler": 64.0,
        "label_smoothing": 0.2,
        "whiten_bias_epochs": 3
    },
    "aug": {
        "flip": true,
        "translate": 2
    },
    "net": {
        "widths": {
            "block1": 64,
            "block2": 256,
            "block3": 256
        },
        "batchnorm_momentum": 0.6,
        "scaling_factor": 0.1111111111111111,
        "tta_level": 2
    },
    "random_seed": 99,
    "git_commit_hash": "85402c5c6fafc553256ddda6a38a5e86792e3fed",
    "elapsed_wclock_time": 3.8987871415615087,
    "final acc": 0.9381999969482422,
    "last batch loss": 0.9427083333333334,
    "epoch_val_accs": [
        0.6119999885559082,
        0.7109000086784363,
        0.711899995803833,
        0.6753000020980835,
        0.7542999982833862,
        0.8643999695777893,
        0.8508999943733215,
        0.9012999534606934,
        0.914199948310852,
        0.9337999820709229
    ],
    "epoch_losses": [
        1.5299479166666667,
        1.3333333333333333,
        1.2395833333333333,
        1.2473958333333333,
        1.1588541666666667,
        1.078125,
        1.0872395833333333,
        1.0032552083333333,
        0.9947916666666666,
        0.9427083333333334
    ]
}