{
    "opt": {
        "train_epochs": 9.9,
        "batch_size": 1536,
        "lr": 17.25,
        "momentum": 0.85,
        "weight_decay": 0.0153,
        "bias_scaler": 64.0,
        "label_smoothing": 0.2,
        "whiten_bias_epochs": 3
    },
    "aug": {
        "flip": true,
        "translate": 2
    },
    "net": {
        "widths": {
            "block1": 64,
            "block2": 256,
            "block3": 256
        },
        "batchnorm_momentum": 0.6,
        "scaling_factor": 0.1111111111111111,
        "tta_level": 2
    },
    "random_seed": 99,
    "git_commit_hash": "85402c5c6fafc553256ddda6a38a5e86792e3fed",
    "elapsed_wclock_time": 3.9434032840728763,
    "final acc": 0.9372999668121338,
    "last batch loss": 0.9440104166666666,
    "epoch_val_accs": [
        0.5902999639511108,
        0.4180999994277954,
        0.7547000050544739,
        0.7303999662399292,
        0.786300003528595,
        0.8694999814033508,
        0.848800003528595,
        0.8955000042915344,
        0.9199999570846558,
        0.9312999844551086
    ],
    "epoch_losses": [
        1.5325520833333333,
        1.3880208333333333,
        1.234375,
        1.197265625,
        1.158203125,
        1.1158854166666667,
        1.1022135416666667,
        1.01171875,
        0.9895833333333334,
        0.9440104166666666
    ]
}