{
    "opt": {
        "train_epochs": 9.9,
        "batch_size": 1536,
        "lr": 17.25,
        "momentum": 0.85,
        "weight_decay": 0.0153,
        "bias_scaler": 64.0,
        "label_smoothing": 0.2,
        "whiten_bias_epochs": 3
    },
    "aug": {
        "flip": true,
        "translate": 2
    },
    "net": {
        "widths": {
            "block1": 64,
            "block2": 256,
            "block3": 256
        },
        "batchnorm_momentum": 0.6,
        "scaling_factor": 0.1111111111111111,
        "tta_level": 2
    },
    "random_seed": 99,
    "git_commit_hash": "85402c5c6fafc553256ddda6a38a5e86792e3fed",
    "elapsed_wclock_time": 3.9049129459857936,
    "final acc": 0.9375,
    "last batch loss": 0.951171875,
    "epoch_val_accs": [
        0.6060000061988831,
        0.47269999980926514,
        0.6319999694824219,
        0.7914999723434448,
        0.8399999737739563,
        0.8587999939918518,
        0.8418999910354614,
        0.9060999751091003,
        0.9138000011444092,
        0.9279999732971191
    ],
    "epoch_losses": [
        1.4778645833333333,
        1.3919270833333333,
        1.2317708333333333,
        1.1940104166666667,
        1.15625,
        1.0963541666666667,
        1.0885416666666667,
        1.015625,
        0.9889322916666666,
        0.951171875
    ]
}