{
    "opt": {
        "train_epochs": 9.9,
        "batch_size": 1536,
        "lr": 17.25,
        "momentum": 0.85,
        "weight_decay": 0.0153,
        "bias_scaler": 64.0,
        "label_smoothing": 0.2,
        "whiten_bias_epochs": 3
    },
    "aug": {
        "flip": true,
        "translate": 2
    },
    "net": {
        "widths": {
            "block1": 64,
            "block2": 256,
            "block3": 256
        },
        "batchnorm_momentum": 0.6,
        "scaling_factor": 0.1111111111111111,
        "tta_level": 2
    },
    "random_seed": 99,
    "git_commit_hash": "85402c5c6fafc553256ddda6a38a5e86792e3fed",
    "elapsed_wclock_time": 3.9397468919754024,
    "final acc": 0.9395999908447266,
    "last batch loss": 0.9485677083333334,
    "epoch_val_accs": [
        0.6251999735832214,
        0.7131999731063843,
        0.7531999945640564,
        0.5077999830245972,
        0.7437999844551086,
        0.8147000074386597,
        0.8043999671936035,
        0.9063999652862549,
        0.9093999862670898,
        0.9329999685287476
    ],
    "epoch_losses": [
        1.4817708333333333,
        1.3092447916666667,
        1.2708333333333333,
        1.220703125,
        1.1477864583333333,
        1.0859375,
        1.0872395833333333,
        1.0091145833333333,
        0.990234375,
        0.9485677083333334
    ]
}