{
    "opt": {
        "train_epochs": 9.9,
        "batch_size": 1536,
        "lr": 17.25,
        "momentum": 0.85,
        "weight_decay": 0.0153,
        "bias_scaler": 64.0,
        "label_smoothing": 0.2,
        "whiten_bias_epochs": 3
    },
    "aug": {
        "flip": true,
        "translate": 2
    },
    "net": {
        "widths": {
            "block1": 64,
            "block2": 256,
            "block3": 256
        },
        "batchnorm_momentum": 0.6,
        "scaling_factor": 0.1111111111111111,
        "tta_level": 2
    },
    "random_seed": 99,
    "git_commit_hash": "85402c5c6fafc553256ddda6a38a5e86792e3fed",
    "elapsed_wclock_time": 3.94081445479393,
    "final acc": 0.9359999895095825,
    "last batch loss": 0.94140625,
    "epoch_val_accs": [
        0.6575999855995178,
        0.5751000046730042,
        0.7222999930381775,
        0.7436000108718872,
        0.8174999952316284,
        0.8299999833106995,
        0.8707000017166138,
        0.9054999947547913,
        0.9145999550819397,
        0.9294999837875366
    ],
    "epoch_losses": [
        1.48828125,
        1.33203125,
        1.2298177083333333,
        1.1946614583333333,
        1.1451822916666667,
        1.1002604166666667,
        1.07421875,
        1.013671875,
        0.994140625,
        0.94140625
    ]
}