{
    "opt": {
        "train_epochs": 9.9,
        "batch_size": 1536,
        "lr": 17.25,
        "momentum": 0.85,
        "weight_decay": 0.0153,
        "bias_scaler": 64.0,
        "label_smoothing": 0.2,
        "whiten_bias_epochs": 3
    },
    "aug": {
        "flip": true,
        "translate": 2
    },
    "net": {
        "widths": {
            "block1": 64,
            "block2": 256,
            "block3": 256
        },
        "batchnorm_momentum": 0.6,
        "scaling_factor": 0.1111111111111111,
        "tta_level": 2
    },
    "random_seed": 99,
    "git_commit_hash": "85402c5c6fafc553256ddda6a38a5e86792e3fed",
    "elapsed_wclock_time": 3.9405053865909583,
    "final acc": 0.9381999969482422,
    "last batch loss": 0.953125,
    "epoch_val_accs": [
        0.6419999599456787,
        0.6672999858856201,
        0.5390999913215637,
        0.7087000012397766,
        0.8023999929428101,
        0.8001999855041504,
        0.8804999589920044,
        0.8886999487876892,
        0.9204999804496765,
        0.9314999580383301
    ],
    "epoch_losses": [
        1.4986979166666667,
        1.3450520833333333,
        1.2493489583333333,
        1.2018229166666667,
        1.1477864583333333,
        1.0989583333333333,
        1.0651041666666667,
        1.0065104166666667,
        0.9850260416666666,
        0.953125
    ]
}