{
    "opt": {
        "train_epochs": 9.9,
        "batch_size": 1536,
        "lr": 17.25,
        "momentum": 0.85,
        "weight_decay": 0.0153,
        "bias_scaler": 64.0,
        "label_smoothing": 0.2,
        "whiten_bias_epochs": 3
    },
    "aug": {
        "flip": true,
        "translate": 2
    },
    "net": {
        "widths": {
            "block1": 64,
            "block2": 256,
            "block3": 256
        },
        "batchnorm_momentum": 0.6,
        "scaling_factor": 0.1111111111111111,
        "tta_level": 2
    },
    "random_seed": 99,
    "git_commit_hash": "85402c5c6fafc553256ddda6a38a5e86792e3fed",
    "elapsed_wclock_time": 3.981350425481796,
    "final acc": 0.9363999962806702,
    "last batch loss": 0.951171875,
    "epoch_val_accs": [
        0.5065999627113342,
        0.5374999642372131,
        0.7534999847412109,
        0.7210999727249146,
        0.8319999575614929,
        0.8233999609947205,
        0.8456999659538269,
        0.8766999840736389,
        0.9098999500274658,
        0.9309999942779541
    ],
    "epoch_losses": [
        1.5013020833333333,
        1.3684895833333333,
        1.2252604166666667,
        1.2109375,
        1.1484375,
        1.123046875,
        1.0774739583333333,
        1.0078125,
        0.974609375,
        0.951171875
    ]
}