{
    "opt": {
        "train_epochs": 9.9,
        "batch_size": 1536,
        "lr": 17.25,
        "momentum": 0.85,
        "weight_decay": 0.0153,
        "bias_scaler": 64.0,
        "label_smoothing": 0.2,
        "whiten_bias_epochs": 3
    },
    "aug": {
        "flip": true,
        "translate": 2
    },
    "net": {
        "widths": {
            "block1": 64,
            "block2": 256,
            "block3": 256
        },
        "batchnorm_momentum": 0.6,
        "scaling_factor": 0.1111111111111111,
        "tta_level": 2
    },
    "random_seed": 99,
    "git_commit_hash": "85402c5c6fafc553256ddda6a38a5e86792e3fed",
    "elapsed_wclock_time": 3.856281091213226,
    "final acc": 0.9361000061035156,
    "last batch loss": 0.9557291666666666,
    "epoch_val_accs": [
        0.6513000130653381,
        0.597000002861023,
        0.6653000116348267,
        0.7075999975204468,
        0.7507999539375305,
        0.8483999967575073,
        0.8657999634742737,
        0.8848999738693237,
        0.904699981212616,
        0.9280999898910522
    ],
    "epoch_losses": [
        1.5143229166666667,
        1.326171875,
        1.2981770833333333,
        1.2747395833333333,
        1.19140625,
        1.1217447916666667,
        1.0846354166666667,
        1.0279947916666667,
        0.9934895833333334,
        0.9557291666666666
    ]
}