{
    "opt": {
        "train_epochs": 9.9,
        "batch_size": 1536,
        "lr": 17.25,
        "momentum": 0.85,
        "weight_decay": 0.0153,
        "bias_scaler": 64.0,
        "label_smoothing": 0.2,
        "whiten_bias_epochs": 3
    },
    "aug": {
        "flip": true,
        "translate": 2
    },
    "net": {
        "widths": {
            "block1": 64,
            "block2": 256,
            "block3": 256
        },
        "batchnorm_momentum": 0.6,
        "scaling_factor": 0.1111111111111111,
        "tta_level": 2
    },
    "random_seed": 99,
    "git_commit_hash": "85402c5c6fafc553256ddda6a38a5e86792e3fed",
    "elapsed_wclock_time": 3.982692738294601,
    "final acc": 0.9380999803543091,
    "last batch loss": 0.9440104166666666,
    "epoch_val_accs": [
        0.5250999927520752,
        0.6373999714851379,
        0.7698999643325806,
        0.7465999722480774,
        0.8331999778747559,
        0.8141999840736389,
        0.8452000021934509,
        0.8851999640464783,
        0.9182999730110168,
        0.930899977684021
    ],
    "epoch_losses": [
        1.5169270833333333,
        1.3333333333333333,
        1.2102864583333333,
        1.197265625,
        1.1666666666666667,
        1.1236979166666667,
        1.06640625,
        1.015625,
        0.9921875,
        0.9440104166666666
    ]
}