{
    "opt": {
        "train_epochs": 9.9,
        "batch_size": 1536,
        "lr": 17.25,
        "momentum": 0.85,
        "weight_decay": 0.0153,
        "bias_scaler": 64.0,
        "label_smoothing": 0.2,
        "whiten_bias_epochs": 3
    },
    "aug": {
        "flip": true,
        "translate": 2
    },
    "net": {
        "widths": {
            "block1": 64,
            "block2": 256,
            "block3": 256
        },
        "batchnorm_momentum": 0.6,
        "scaling_factor": 0.1111111111111111,
        "tta_level": 2
    },
    "random_seed": 99,
    "git_commit_hash": "85402c5c6fafc553256ddda6a38a5e86792e3fed",
    "elapsed_wclock_time": 3.94634769654274,
    "final acc": 0.9375,
    "last batch loss": 0.9401041666666666,
    "epoch_val_accs": [
        0.5674999952316284,
        0.5525999665260315,
        0.6286999583244324,
        0.553600013256073,
        0.8466999530792236,
        0.7945999503135681,
        0.8529999852180481,
        0.9021999835968018,
        0.9120000004768372,
        0.9291999936103821
    ],
    "epoch_losses": [
        1.53125,
        1.28125,
        1.2350260416666667,
        1.1790364583333333,
        1.1217447916666667,
        1.0963541666666667,
        1.07421875,
        1.0240885416666667,
        0.9928385416666666,
        0.9401041666666666
    ]
}