{
    "opt": {
        "train_epochs": 9.9,
        "batch_size": 1536,
        "lr": 17.25,
        "momentum": 0.85,
        "weight_decay": 0.0153,
        "bias_scaler": 64.0,
        "label_smoothing": 0.2,
        "whiten_bias_epochs": 3
    },
    "aug": {
        "flip": true,
        "translate": 2
    },
    "net": {
        "widths": {
            "block1": 64,
            "block2": 256,
            "block3": 256
        },
        "batchnorm_momentum": 0.6,
        "scaling_factor": 0.1111111111111111,
        "tta_level": 2
    },
    "random_seed": 99,
    "git_commit_hash": "85402c5c6fafc553256ddda6a38a5e86792e3fed",
    "elapsed_wclock_time": 3.855699699640274,
    "final acc": 0.9390999674797058,
    "last batch loss": 0.9537760416666666,
    "epoch_val_accs": [
        0.597599983215332,
        0.24569998681545258,
        0.6699000000953674,
        0.6865999698638916,
        0.6739000082015991,
        0.6585999727249146,
        0.8514999747276306,
        0.8913999795913696,
        0.9179999828338623,
        0.9341999888420105
    ],
    "epoch_losses": [
        1.4361979166666667,
        1.36328125,
        1.2337239583333333,
        1.1901041666666667,
        1.1647135416666667,
        1.1243489583333333,
        1.0930989583333333,
        1.0084635416666667,
        0.9765625,
        0.9537760416666666
    ]
}