{
    "opt": {
        "train_epochs": 9.9,
        "batch_size": 1536,
        "lr": 17.25,
        "momentum": 0.85,
        "weight_decay": 0.0153,
        "bias_scaler": 64.0,
        "label_smoothing": 0.2,
        "whiten_bias_epochs": 3
    },
    "aug": {
        "flip": true,
        "translate": 2
    },
    "net": {
        "widths": {
            "block1": 64,
            "block2": 256,
            "block3": 256
        },
        "batchnorm_momentum": 0.6,
        "scaling_factor": 0.1111111111111111,
        "tta_level": 2
    },
    "random_seed": 99,
    "git_commit_hash": "85402c5c6fafc553256ddda6a38a5e86792e3fed",
    "elapsed_wclock_time": 3.947175346374512,
    "final acc": 0.9376999735832214,
    "last batch loss": 0.947265625,
    "epoch_val_accs": [
        0.6125999689102173,
        0.6225999593734741,
        0.7192999720573425,
        0.776699960231781,
        0.8121999502182007,
        0.8011999726295471,
        0.8502999544143677,
        0.8973000049591064,
        0.9175999760627747,
        0.9300999641418457
    ],
    "epoch_losses": [
        1.4739583333333333,
        1.3619791666666667,
        1.201171875,
        1.1861979166666667,
        1.1432291666666667,
        1.1328125,
        1.0735677083333333,
        1.0221354166666667,
        0.9759114583333334,
        0.947265625
    ]
}