{
    "opt": {
        "train_epochs": 9.9,
        "batch_size": 1536,
        "lr": 17.25,
        "momentum": 0.85,
        "weight_decay": 0.0153,
        "bias_scaler": 64.0,
        "label_smoothing": 0.2,
        "whiten_bias_epochs": 3
    },
    "aug": {
        "flip": true,
        "translate": 2
    },
    "net": {
        "widths": {
            "block1": 64,
            "block2": 256,
            "block3": 256
        },
        "batchnorm_momentum": 0.6,
        "scaling_factor": 0.1111111111111111,
        "tta_level": 2
    },
    "random_seed": 99,
    "git_commit_hash": "85402c5c6fafc553256ddda6a38a5e86792e3fed",
    "elapsed_wclock_time": 3.9860735039711,
    "final acc": 0.9395999908447266,
    "last batch loss": 0.9518229166666666,
    "epoch_val_accs": [
        0.5788999795913696,
        0.6255999803543091,
        0.5752999782562256,
        0.7558000087738037,
        0.8007999658584595,
        0.8517000079154968,
        0.8698999881744385,
        0.9035999774932861,
        0.9222999811172485,
        0.9316999912261963
    ],
    "epoch_losses": [
        1.5143229166666667,
        1.3274739583333333,
        1.2473958333333333,
        1.1842447916666667,
        1.1634114583333333,
        1.1015625,
        1.0546875,
        1.0065104166666667,
        0.9765625,
        0.9518229166666666
    ]
}