{
    "opt": {
        "train_epochs": 9.9,
        "batch_size": 1536,
        "lr": 17.25,
        "momentum": 0.85,
        "weight_decay": 0.0153,
        "bias_scaler": 64.0,
        "label_smoothing": 0.2,
        "whiten_bias_epochs": 3
    },
    "aug": {
        "flip": true,
        "translate": 2
    },
    "net": {
        "widths": {
            "block1": 64,
            "block2": 256,
            "block3": 256
        },
        "batchnorm_momentum": 0.6,
        "scaling_factor": 0.1111111111111111,
        "tta_level": 2
    },
    "random_seed": 99,
    "git_commit_hash": "85402c5c6fafc553256ddda6a38a5e86792e3fed",
    "elapsed_wclock_time": 3.9522939443588263,
    "final acc": 0.9347999691963196,
    "last batch loss": 0.9563802083333334,
    "epoch_val_accs": [
        0.5593999624252319,
        0.4509999752044678,
        0.680899977684021,
        0.6162999868392944,
        0.670799970626831,
        0.7940999865531921,
        0.8811999559402466,
        0.9099999666213989,
        0.9110999703407288,
        0.9296000003814697
    ],
    "epoch_losses": [
        1.4934895833333333,
        1.3606770833333333,
        1.23828125,
        1.212890625,
        1.1673177083333333,
        1.1061197916666667,
        1.08203125,
        1.01953125,
        0.998046875,
        0.9563802083333334
    ]
}