{
    "opt": {
        "train_epochs": 9.9,
        "batch_size": 1536,
        "lr": 17.25,
        "momentum": 0.85,
        "weight_decay": 0.0153,
        "bias_scaler": 64.0,
        "label_smoothing": 0.2,
        "whiten_bias_epochs": 3
    },
    "aug": {
        "flip": true,
        "translate": 2
    },
    "net": {
        "widths": {
            "block1": 64,
            "block2": 256,
            "block3": 256
        },
        "batchnorm_momentum": 0.6,
        "scaling_factor": 0.1111111111111111,
        "tta_level": 2
    },
    "random_seed": 99,
    "git_commit_hash": "85402c5c6fafc553256ddda6a38a5e86792e3fed",
    "elapsed_wclock_time": 3.9923033065795894,
    "final acc": 0.9363999962806702,
    "last batch loss": 0.94921875,
    "epoch_val_accs": [
        0.6162999868392944,
        0.5920000076293945,
        0.7196999788284302,
        0.7233999967575073,
        0.7628999948501587,
        0.8023999929428101,
        0.8375999927520752,
        0.8946999907493591,
        0.9089999794960022,
        0.9299999475479126
    ],
    "epoch_losses": [
        1.4752604166666667,
        1.3190104166666667,
        1.267578125,
        1.17578125,
        1.173828125,
        1.111328125,
        1.0748697916666667,
        1.0026041666666667,
        0.9830729166666666,
        0.94921875
    ]
}