{
    "opt": {
        "train_epochs": 9.9,
        "batch_size": 1536,
        "lr": 17.25,
        "momentum": 0.85,
        "weight_decay": 0.0153,
        "bias_scaler": 64.0,
        "label_smoothing": 0.2,
        "whiten_bias_epochs": 3
    },
    "aug": {
        "flip": true,
        "translate": 2
    },
    "net": {
        "widths": {
            "block1": 64,
            "block2": 256,
            "block3": 256
        },
        "batchnorm_momentum": 0.6,
        "scaling_factor": 0.1111111111111111,
        "tta_level": 2
    },
    "random_seed": 99,
    "git_commit_hash": "85402c5c6fafc553256ddda6a38a5e86792e3fed",
    "elapsed_wclock_time": 3.9402481184005738,
    "final acc": 0.9375999569892883,
    "last batch loss": 0.9440104166666666,
    "epoch_val_accs": [
        0.6078999638557434,
        0.6283000111579895,
        0.7845999598503113,
        0.3822000026702881,
        0.8228999972343445,
        0.8544999957084656,
        0.8440999984741211,
        0.9018999934196472,
        0.916700005531311,
        0.9276999831199646
    ],
    "epoch_losses": [
        1.5091145833333333,
        1.3170572916666667,
        1.205078125,
        1.2115885416666667,
        1.1510416666666667,
        1.1126302083333333,
        1.060546875,
        1.01953125,
        0.9837239583333334,
        0.9440104166666666
    ]
}