{
    "opt": {
        "train_epochs": 9.9,
        "batch_size": 1536,
        "lr": 17.25,
        "momentum": 0.85,
        "weight_decay": 0.0153,
        "bias_scaler": 64.0,
        "label_smoothing": 0.2,
        "whiten_bias_epochs": 3
    },
    "aug": {
        "flip": true,
        "translate": 2
    },
    "net": {
        "widths": {
            "block1": 64,
            "block2": 256,
            "block3": 256
        },
        "batchnorm_momentum": 0.6,
        "scaling_factor": 0.1111111111111111,
        "tta_level": 2
    },
    "random_seed": 99,
    "git_commit_hash": "85402c5c6fafc553256ddda6a38a5e86792e3fed",
    "elapsed_wclock_time": 3.941877241373062,
    "final acc": 0.9316999912261963,
    "last batch loss": 0.9765625,
    "epoch_val_accs": [
        0.48729997873306274,
        0.682699978351593,
        0.5798999667167664,
        0.7578999996185303,
        0.8048999905586243,
        0.7152999639511108,
        0.8253999948501587,
        0.8847999572753906,
        0.9077000021934509,
        0.9253000020980835
    ],
    "epoch_losses": [
        1.4908854166666667,
        1.283203125,
        1.3411458333333333,
        1.2076822916666667,
        1.2083333333333333,
        1.1412760416666667,
        1.1002604166666667,
        1.03515625,
        1.017578125,
        0.9765625
    ]
}