{
    "opt": {
        "train_epochs": 9.9,
        "batch_size": 1536,
        "lr": 17.25,
        "momentum": 0.85,
        "weight_decay": 0.0153,
        "bias_scaler": 64.0,
        "label_smoothing": 0.2,
        "whiten_bias_epochs": 3
    },
    "aug": {
        "flip": true,
        "translate": 2
    },
    "net": {
        "widths": {
            "block1": 64,
            "block2": 256,
            "block3": 256
        },
        "batchnorm_momentum": 0.6,
        "scaling_factor": 0.1111111111111111,
        "tta_level": 2
    },
    "random_seed": 99,
    "git_commit_hash": "85402c5c6fafc553256ddda6a38a5e86792e3fed",
    "elapsed_wclock_time": 3.9463031387329104,
    "final acc": 0.9376999735832214,
    "last batch loss": 0.9479166666666666,
    "epoch_val_accs": [
        0.45979997515678406,
        0.5446999669075012,
        0.6559999585151672,
        0.6748999953269958,
        0.8039999604225159,
        0.8671999573707581,
        0.8251999616622925,
        0.9066999554634094,
        0.9147999882698059,
        0.9293999671936035
    ],
    "epoch_losses": [
        1.48046875,
        1.3528645833333333,
        1.2239583333333333,
        1.224609375,
        1.1354166666666667,
        1.103515625,
        1.0553385416666667,
        1.01953125,
        0.9895833333333334,
        0.9479166666666666
    ]
}