{
    "opt": {
        "train_epochs": 9.9,
        "batch_size": 1536,
        "lr": 17.25,
        "momentum": 0.85,
        "weight_decay": 0.0153,
        "bias_scaler": 64.0,
        "label_smoothing": 0.2,
        "whiten_bias_epochs": 3
    },
    "aug": {
        "flip": true,
        "translate": 2
    },
    "net": {
        "widths": {
            "block1": 64,
            "block2": 256,
            "block3": 256
        },
        "batchnorm_momentum": 0.6,
        "scaling_factor": 0.1111111111111111,
        "tta_level": 2
    },
    "random_seed": 99,
    "git_commit_hash": "85402c5c6fafc553256ddda6a38a5e86792e3fed",
    "elapsed_wclock_time": 3.9427922246456153,
    "final acc": 0.9396999478340149,
    "last batch loss": 0.947265625,
    "epoch_val_accs": [
        0.5220000147819519,
        0.7304999828338623,
        0.7117999792098999,
        0.7899999618530273,
        0.7874999642372131,
        0.7911999821662903,
        0.8552999496459961,
        0.9009999632835388,
        0.9115999937057495,
        0.9316999912261963
    ],
    "epoch_losses": [
        1.5065104166666667,
        1.2923177083333333,
        1.1861979166666667,
        1.18359375,
        1.1653645833333333,
        1.1236979166666667,
        1.07421875,
        1.01953125,
        0.9759114583333334,
        0.947265625
    ]
}