{
    "opt": {
        "train_epochs": 9.9,
        "batch_size": 1536,
        "lr": 17.25,
        "momentum": 0.85,
        "weight_decay": 0.0153,
        "bias_scaler": 64.0,
        "label_smoothing": 0.2,
        "whiten_bias_epochs": 3
    },
    "aug": {
        "flip": true,
        "translate": 2
    },
    "net": {
        "widths": {
            "block1": 64,
            "block2": 256,
            "block3": 256
        },
        "batchnorm_momentum": 0.6,
        "scaling_factor": 0.1111111111111111,
        "tta_level": 2
    },
    "random_seed": 99,
    "git_commit_hash": "85402c5c6fafc553256ddda6a38a5e86792e3fed",
    "elapsed_wclock_time": 3.9420498166084292,
    "final acc": 0.9339999556541443,
    "last batch loss": 0.9407552083333334,
    "epoch_val_accs": [
        0.5518999695777893,
        0.531499981880188,
        0.5507999658584595,
        0.6909999847412109,
        0.7741999626159668,
        0.8675999641418457,
        0.8565999865531921,
        0.9009000062942505,
        0.9156999588012695,
        0.9294999837875366
    ],
    "epoch_losses": [
        1.4830729166666667,
        1.41015625,
        1.2473958333333333,
        1.2122395833333333,
        1.13671875,
        1.103515625,
        1.0852864583333333,
        1.0032552083333333,
        0.9850260416666666,
        0.9407552083333334
    ]
}