{
    "opt": {
        "train_epochs": 9.9,
        "batch_size": 1536,
        "lr": 17.25,
        "momentum": 0.85,
        "weight_decay": 0.0153,
        "bias_scaler": 64.0,
        "label_smoothing": 0.2,
        "whiten_bias_epochs": 3
    },
    "aug": {
        "flip": true,
        "translate": 2
    },
    "net": {
        "widths": {
            "block1": 64,
            "block2": 256,
            "block3": 256
        },
        "batchnorm_momentum": 0.6,
        "scaling_factor": 0.1111111111111111,
        "tta_level": 2
    },
    "random_seed": 99,
    "git_commit_hash": "85402c5c6fafc553256ddda6a38a5e86792e3fed",
    "elapsed_wclock_time": 3.94856941986084,
    "final acc": 0.9366999864578247,
    "last batch loss": 0.9622395833333334,
    "epoch_val_accs": [
        0.5388999581336975,
        0.39959999918937683,
        0.6304000020027161,
        0.7802000045776367,
        0.7628999948501587,
        0.8159999847412109,
        0.8639999628067017,
        0.8854999542236328,
        0.9024999737739563,
        0.9299999475479126
    ],
    "epoch_losses": [
        1.49609375,
        1.302734375,
        1.2135416666666667,
        1.169921875,
        1.166015625,
        1.0930989583333333,
        1.0559895833333333,
        0.998046875,
        0.9713541666666666,
        0.9622395833333334
    ]
}