{
    "opt": {
        "train_epochs": 9.9,
        "batch_size": 1536,
        "lr": 17.25,
        "momentum": 0.85,
        "weight_decay": 0.0153,
        "bias_scaler": 64.0,
        "label_smoothing": 0.2,
        "whiten_bias_epochs": 3
    },
    "aug": {
        "flip": true,
        "translate": 2
    },
    "net": {
        "widths": {
            "block1": 64,
            "block2": 256,
            "block3": 256
        },
        "batchnorm_momentum": 0.6,
        "scaling_factor": 0.1111111111111111,
        "tta_level": 2
    },
    "random_seed": 99,
    "git_commit_hash": "85402c5c6fafc553256ddda6a38a5e86792e3fed",
    "elapsed_wclock_time": 3.9496610612869265,
    "final acc": 0.9389999508857727,
    "last batch loss": 0.9485677083333334,
    "epoch_val_accs": [
        0.6351000070571899,
        0.5888999700546265,
        0.7084000110626221,
        0.7597000002861023,
        0.8598999977111816,
        0.8267999887466431,
        0.8669999837875366,
        0.9091999530792236,
        0.9062999486923218,
        0.9301999807357788
    ],
    "epoch_losses": [
        1.48046875,
        1.3040364583333333,
        1.2109375,
        1.1868489583333333,
        1.1328125,
        1.1087239583333333,
        1.0651041666666667,
        0.9954427083333334,
        0.9876302083333334,
        0.9485677083333334
    ]
}