{
    "opt": {
        "train_epochs": 9.9,
        "batch_size": 1536,
        "lr": 17.25,
        "momentum": 0.85,
        "weight_decay": 0.0153,
        "bias_scaler": 64.0,
        "label_smoothing": 0.2,
        "whiten_bias_epochs": 3
    },
    "aug": {
        "flip": true,
        "translate": 2
    },
    "net": {
        "widths": {
            "block1": 64,
            "block2": 256,
            "block3": 256
        },
        "batchnorm_momentum": 0.6,
        "scaling_factor": 0.1111111111111111,
        "tta_level": 2
    },
    "random_seed": 99,
    "git_commit_hash": "85402c5c6fafc553256ddda6a38a5e86792e3fed",
    "elapsed_wclock_time": 3.945955852031708,
    "final acc": 0.9375999569892883,
    "last batch loss": 0.9420572916666666,
    "epoch_val_accs": [
        0.6359999775886536,
        0.5187000036239624,
        0.7215999960899353,
        0.6477999687194824,
        0.8208999633789062,
        0.8057000041007996,
        0.8610000014305115,
        0.8906999826431274,
        0.9174000024795532,
        0.9298999905586243
    ],
    "epoch_losses": [
        1.4817708333333333,
        1.4036458333333333,
        1.2434895833333333,
        1.248046875,
        1.138671875,
        1.125,
        1.0774739583333333,
        1.0247395833333333,
        0.984375,
        0.9420572916666666
    ]
}