{
    "opt": {
        "train_epochs": 9.9,
        "batch_size": 1536,
        "lr": 17.25,
        "momentum": 0.85,
        "weight_decay": 0.0153,
        "bias_scaler": 64.0,
        "label_smoothing": 0.2,
        "whiten_bias_epochs": 3
    },
    "aug": {
        "flip": true,
        "translate": 2
    },
    "net": {
        "widths": {
            "block1": 64,
            "block2": 256,
            "block3": 256
        },
        "batchnorm_momentum": 0.6,
        "scaling_factor": 0.1111111111111111,
        "tta_level": 2
    },
    "random_seed": 99,
    "git_commit_hash": "85402c5c6fafc553256ddda6a38a5e86792e3fed",
    "elapsed_wclock_time": 3.9404549860954288,
    "final acc": 0.9368999600410461,
    "last batch loss": 0.9518229166666666,
    "epoch_val_accs": [
        0.6584999561309814,
        0.23909999430179596,
        0.6629999876022339,
        0.7520999908447266,
        0.7742999792098999,
        0.8348000049591064,
        0.8317999839782715,
        0.8996999859809875,
        0.9180999994277954,
        0.9291999936103821
    ],
    "epoch_losses": [
        1.4661458333333333,
        1.4361979166666667,
        1.265625,
        1.189453125,
        1.21484375,
        1.1100260416666667,
        1.0696614583333333,
        1.0240885416666667,
        0.98046875,
        0.9518229166666666
    ]
}