{
    "opt": {
        "train_epochs": 9.9,
        "batch_size": 1536,
        "lr": 17.25,
        "momentum": 0.85,
        "weight_decay": 0.0153,
        "bias_scaler": 64.0,
        "label_smoothing": 0.2,
        "whiten_bias_epochs": 3
    },
    "aug": {
        "flip": true,
        "translate": 2
    },
    "net": {
        "widths": {
            "block1": 64,
            "block2": 256,
            "block3": 256
        },
        "batchnorm_momentum": 0.6,
        "scaling_factor": 0.1111111111111111,
        "tta_level": 2
    },
    "random_seed": 99,
    "git_commit_hash": "85402c5c6fafc553256ddda6a38a5e86792e3fed",
    "elapsed_wclock_time": 3.9420335569381715,
    "final acc": 0.9386999607086182,
    "last batch loss": 0.947265625,
    "epoch_val_accs": [
        0.6575999855995178,
        0.6802999973297119,
        0.34360000491142273,
        0.7960999608039856,
        0.8531000018119812,
        0.8604999780654907,
        0.8270999789237976,
        0.906499981880188,
        0.9131999611854553,
        0.9301999807357788
    ],
    "epoch_losses": [
        1.47265625,
        1.35546875,
        1.2942708333333333,
        1.16796875,
        1.1197916666666667,
        1.1126302083333333,
        1.05859375,
        1.0162760416666667,
        0.978515625,
        0.947265625
    ]
}