{
    "opt": {
        "train_epochs": 9.9,
        "batch_size": 1536,
        "lr": 17.25,
        "momentum": 0.85,
        "weight_decay": 0.0153,
        "bias_scaler": 64.0,
        "label_smoothing": 0.2,
        "whiten_bias_epochs": 3
    },
    "aug": {
        "flip": true,
        "translate": 2
    },
    "net": {
        "widths": {
            "block1": 64,
            "block2": 256,
            "block3": 256
        },
        "batchnorm_momentum": 0.6,
        "scaling_factor": 0.1111111111111111,
        "tta_level": 2
    },
    "random_seed": 99,
    "git_commit_hash": "85402c5c6fafc553256ddda6a38a5e86792e3fed",
    "elapsed_wclock_time": 3.9416218769550326,
    "final acc": 0.9371999502182007,
    "last batch loss": 0.9479166666666666,
    "epoch_val_accs": [
        0.5185999870300293,
        0.6786999702453613,
        0.5827999711036682,
        0.4781999886035919,
        0.8053999543190002,
        0.8183000087738037,
        0.8326999545097351,
        0.9023000001907349,
        0.920699954032898,
        0.9304999709129333
    ],
    "epoch_losses": [
        1.5169270833333333,
        1.3313802083333333,
        1.2311197916666667,
        1.20703125,
        1.1555989583333333,
        1.1139322916666667,
        1.0592447916666667,
        1.00390625,
        0.966796875,
        0.9479166666666666
    ]
}