{
    "opt": {
        "train_epochs": 9.9,
        "batch_size": 1536,
        "lr": 17.25,
        "momentum": 0.85,
        "weight_decay": 0.0153,
        "bias_scaler": 64.0,
        "label_smoothing": 0.2,
        "whiten_bias_epochs": 3
    },
    "aug": {
        "flip": true,
        "translate": 2
    },
    "net": {
        "widths": {
            "block1": 64,
            "block2": 256,
            "block3": 256
        },
        "batchnorm_momentum": 0.6,
        "scaling_factor": 0.1111111111111111,
        "tta_level": 2
    },
    "random_seed": 99,
    "git_commit_hash": "85402c5c6fafc553256ddda6a38a5e86792e3fed",
    "elapsed_wclock_time": 3.9802583572864534,
    "final acc": 0.9343999624252319,
    "last batch loss": 0.9609375,
    "epoch_val_accs": [
        0.6146000027656555,
        0.7017999887466431,
        0.6825000047683716,
        0.6721000075340271,
        0.7657999992370605,
        0.8203999996185303,
        0.8240000009536743,
        0.8795999884605408,
        0.9098999500274658,
        0.9271000027656555
    ],
    "epoch_losses": [
        1.52734375,
        1.3326822916666667,
        1.318359375,
        1.251953125,
        1.1940104166666667,
        1.1204427083333333,
        1.09765625,
        1.0149739583333333,
        0.998046875,
        0.9609375
    ]
}