{
    "opt": {
        "train_epochs": 9.9,
        "batch_size": 1536,
        "lr": 17.25,
        "momentum": 0.85,
        "weight_decay": 0.0153,
        "bias_scaler": 64.0,
        "label_smoothing": 0.2,
        "whiten_bias_epochs": 3
    },
    "aug": {
        "flip": true,
        "translate": 2
    },
    "net": {
        "widths": {
            "block1": 64,
            "block2": 256,
            "block3": 256
        },
        "batchnorm_momentum": 0.6,
        "scaling_factor": 0.1111111111111111,
        "tta_level": 2
    },
    "random_seed": 99,
    "git_commit_hash": "85402c5c6fafc553256ddda6a38a5e86792e3fed",
    "elapsed_wclock_time": 3.8985565445423127,
    "final acc": 0.9362999796867371,
    "last batch loss": 0.9453125,
    "epoch_val_accs": [
        0.5080999732017517,
        0.5620999932289124,
        0.7681999802589417,
        0.7488999962806702,
        0.8585999608039856,
        0.808899998664856,
        0.873199999332428,
        0.896399974822998,
        0.9190999865531921,
        0.9325999617576599
    ],
    "epoch_losses": [
        1.4869791666666667,
        1.3723958333333333,
        1.244140625,
        1.1868489583333333,
        1.130859375,
        1.0833333333333333,
        1.0670572916666667,
        1.017578125,
        0.984375,
        0.9453125
    ]
}