{
    "opt": {
        "train_epochs": 9.9,
        "batch_size": 1536,
        "lr": 17.25,
        "momentum": 0.85,
        "weight_decay": 0.0153,
        "bias_scaler": 64.0,
        "label_smoothing": 0.2,
        "whiten_bias_epochs": 3
    },
    "aug": {
        "flip": true,
        "translate": 2
    },
    "net": {
        "widths": {
            "block1": 64,
            "block2": 256,
            "block3": 256
        },
        "batchnorm_momentum": 0.6,
        "scaling_factor": 0.1111111111111111,
        "tta_level": 2
    },
    "random_seed": 99,
    "git_commit_hash": "85402c5c6fafc553256ddda6a38a5e86792e3fed",
    "elapsed_wclock_time": 3.946442806959152,
    "final acc": 0.9376999735832214,
    "last batch loss": 0.9446614583333334,
    "epoch_val_accs": [
        0.6574999690055847,
        0.6805999875068665,
        0.7888000011444092,
        0.7565000057220459,
        0.7841999530792236,
        0.8413999676704407,
        0.8610999584197998,
        0.9049999713897705,
        0.9185999631881714,
        0.9298999905586243
    ],
    "epoch_losses": [
        1.4518229166666667,
        1.2942708333333333,
        1.2311197916666667,
        1.1770833333333333,
        1.146484375,
        1.0930989583333333,
        1.0885416666666667,
        1.0188802083333333,
        0.9934895833333334,
        0.9446614583333334
    ]
}