{
    "opt": {
        "train_epochs": 9.9,
        "batch_size": 1536,
        "lr": 17.25,
        "momentum": 0.85,
        "weight_decay": 0.0153,
        "bias_scaler": 64.0,
        "label_smoothing": 0.2,
        "whiten_bias_epochs": 3
    },
    "aug": {
        "flip": true,
        "translate": 2
    },
    "net": {
        "widths": {
            "block1": 64,
            "block2": 256,
            "block3": 256
        },
        "batchnorm_momentum": 0.6,
        "scaling_factor": 0.1111111111111111,
        "tta_level": 2
    },
    "random_seed": 99,
    "git_commit_hash": "85402c5c6fafc553256ddda6a38a5e86792e3fed",
    "elapsed_wclock_time": 3.9409016547203066,
    "final acc": 0.9377999901771545,
    "last batch loss": 0.9446614583333334,
    "epoch_val_accs": [
        0.6674000024795532,
        0.6765999794006348,
        0.6506999731063843,
        0.7888000011444092,
        0.7990999817848206,
        0.802299976348877,
        0.8438000082969666,
        0.8938999772071838,
        0.9157999753952026,
        0.9294999837875366
    ],
    "epoch_losses": [
        1.4622395833333333,
        1.2786458333333333,
        1.2083333333333333,
        1.216796875,
        1.1328125,
        1.1100260416666667,
        1.0735677083333333,
        1.0104166666666667,
        0.9837239583333334,
        0.9446614583333334
    ]
}