{
    "opt": {
        "train_epochs": 9.9,
        "batch_size": 1536,
        "lr": 17.25,
        "momentum": 0.85,
        "weight_decay": 0.0153,
        "bias_scaler": 64.0,
        "label_smoothing": 0.2,
        "whiten_bias_epochs": 3
    },
    "aug": {
        "flip": true,
        "translate": 2
    },
    "net": {
        "widths": {
            "block1": 64,
            "block2": 256,
            "block3": 256
        },
        "batchnorm_momentum": 0.6,
        "scaling_factor": 0.1111111111111111,
        "tta_level": 2
    },
    "random_seed": 99,
    "git_commit_hash": "85402c5c6fafc553256ddda6a38a5e86792e3fed",
    "elapsed_wclock_time": 3.903399178743363,
    "final acc": 0.9382999539375305,
    "last batch loss": 0.951171875,
    "epoch_val_accs": [
        0.6632999777793884,
        0.6697999835014343,
        0.6401000022888184,
        0.73089998960495,
        0.848800003528595,
        0.8370999693870544,
        0.830299973487854,
        0.9024999737739563,
        0.9192999601364136,
        0.9301999807357788
    ],
    "epoch_losses": [
        1.5013020833333333,
        1.3079427083333333,
        1.232421875,
        1.1705729166666667,
        1.1653645833333333,
        1.0989583333333333,
        1.0618489583333333,
        1.001953125,
        0.9772135416666666,
        0.951171875
    ]
}