{
    "opt": {
        "train_epochs": 9.9,
        "batch_size": 1536,
        "lr": 17.25,
        "momentum": 0.85,
        "weight_decay": 0.0153,
        "bias_scaler": 64.0,
        "label_smoothing": 0.2,
        "whiten_bias_epochs": 3
    },
    "aug": {
        "flip": true,
        "translate": 2
    },
    "net": {
        "widths": {
            "block1": 64,
            "block2": 256,
            "block3": 256
        },
        "batchnorm_momentum": 0.6,
        "scaling_factor": 0.1111111111111111,
        "tta_level": 2
    },
    "random_seed": 99,
    "git_commit_hash": "85402c5c6fafc553256ddda6a38a5e86792e3fed",
    "elapsed_wclock_time": 3.9916736903190615,
    "final acc": 0.9350999593734741,
    "last batch loss": 0.9615885416666666,
    "epoch_val_accs": [
        0.6462000012397766,
        0.536899983882904,
        0.6352999806404114,
        0.718999981880188,
        0.7073999643325806,
        0.8084999918937683,
        0.8690999746322632,
        0.8991999626159668,
        0.9099999666213989,
        0.9292999505996704
    ],
    "epoch_losses": [
        1.4518229166666667,
        1.2916666666666667,
        1.2604166666666667,
        1.2102864583333333,
        1.1751302083333333,
        1.1197916666666667,
        1.0794270833333333,
        1.0169270833333333,
        0.9850260416666666,
        0.9615885416666666
    ]
}