{
    "opt": {
        "train_epochs": 9.9,
        "batch_size": 1536,
        "lr": 17.25,
        "momentum": 0.85,
        "weight_decay": 0.0153,
        "bias_scaler": 64.0,
        "label_smoothing": 0.2,
        "whiten_bias_epochs": 3
    },
    "aug": {
        "flip": true,
        "translate": 2
    },
    "net": {
        "widths": {
            "block1": 64,
            "block2": 256,
            "block3": 256
        },
        "batchnorm_momentum": 0.6,
        "scaling_factor": 0.1111111111111111,
        "tta_level": 2
    },
    "random_seed": 99,
    "git_commit_hash": "85402c5c6fafc553256ddda6a38a5e86792e3fed",
    "elapsed_wclock_time": 3.8591507401466374,
    "final acc": 0.9382999539375305,
    "last batch loss": 0.9615885416666666,
    "epoch_val_accs": [
        0.6735000014305115,
        0.5848000049591064,
        0.6661999821662903,
        0.7609999775886536,
        0.8305000066757202,
        0.8330000042915344,
        0.7473999857902527,
        0.8873999714851379,
        0.9172999858856201,
        0.9271999597549438
    ],
    "epoch_losses": [
        1.4622395833333333,
        1.3020833333333333,
        1.2369791666666667,
        1.220703125,
        1.19140625,
        1.1158854166666667,
        1.0826822916666667,
        1.017578125,
        0.9817708333333334,
        0.9615885416666666
    ]
}