{
    "opt": {
        "train_epochs": 9.9,
        "batch_size": 1536,
        "lr": 17.25,
        "momentum": 0.85,
        "weight_decay": 0.0153,
        "bias_scaler": 64.0,
        "label_smoothing": 0.2,
        "whiten_bias_epochs": 3
    },
    "aug": {
        "flip": true,
        "translate": 2
    },
    "net": {
        "widths": {
            "block1": 64,
            "block2": 256,
            "block3": 256
        },
        "batchnorm_momentum": 0.6,
        "scaling_factor": 0.1111111111111111,
        "tta_level": 2
    },
    "random_seed": 99,
    "git_commit_hash": "85402c5c6fafc553256ddda6a38a5e86792e3fed",
    "elapsed_wclock_time": 3.858149567365647,
    "final acc": 0.9363999962806702,
    "last batch loss": 0.9518229166666666,
    "epoch_val_accs": [
        0.6388999819755554,
        0.686199963092804,
        0.7366999983787537,
        0.5986999869346619,
        0.8382999897003174,
        0.8270999789237976,
        0.8394999504089355,
        0.8823999762535095,
        0.91239994764328,
        0.9296000003814697
    ],
    "epoch_losses": [
        1.4401041666666667,
        1.330078125,
        1.2467447916666667,
        1.2291666666666667,
        1.140625,
        1.095703125,
        1.0677083333333333,
        1.0143229166666667,
        0.9967447916666666,
        0.9518229166666666
    ]
}