{
    "opt": {
        "train_epochs": 9.9,
        "batch_size": 1536,
        "lr": 17.25,
        "momentum": 0.85,
        "weight_decay": 0.0153,
        "bias_scaler": 64.0,
        "label_smoothing": 0.2,
        "whiten_bias_epochs": 3
    },
    "aug": {
        "flip": true,
        "translate": 2
    },
    "net": {
        "widths": {
            "block1": 64,
            "block2": 256,
            "block3": 256
        },
        "batchnorm_momentum": 0.6,
        "scaling_factor": 0.1111111111111111,
        "tta_level": 2
    },
    "random_seed": 99,
    "git_commit_hash": "85402c5c6fafc553256ddda6a38a5e86792e3fed",
    "elapsed_wclock_time": 3.9911903903484345,
    "final acc": 0.9354999661445618,
    "last batch loss": 0.9544270833333334,
    "epoch_val_accs": [
        0.6225999593734741,
        0.39169999957084656,
        0.6744999885559082,
        0.6617000102996826,
        0.7991999983787537,
        0.8454999923706055,
        0.87909996509552,
        0.8968999981880188,
        0.9170999526977539,
        0.9262999892234802
    ],
    "epoch_losses": [
        1.4856770833333333,
        1.4127604166666667,
        1.2604166666666667,
        1.2454427083333333,
        1.1354166666666667,
        1.099609375,
        1.056640625,
        1.017578125,
        0.978515625,
        0.9544270833333334
    ]
}