{
    "opt": {
        "train_epochs": 9.9,
        "batch_size": 1536,
        "lr": 17.25,
        "momentum": 0.85,
        "weight_decay": 0.0153,
        "bias_scaler": 64.0,
        "label_smoothing": 0.2,
        "whiten_bias_epochs": 3
    },
    "aug": {
        "flip": true,
        "translate": 2
    },
    "net": {
        "widths": {
            "block1": 64,
            "block2": 256,
            "block3": 256
        },
        "batchnorm_momentum": 0.6,
        "scaling_factor": 0.1111111111111111,
        "tta_level": 2
    },
    "random_seed": 99,
    "git_commit_hash": "85402c5c6fafc553256ddda6a38a5e86792e3fed",
    "elapsed_wclock_time": 3.854600894927979,
    "final acc": 0.9375,
    "last batch loss": 0.9498697916666666,
    "epoch_val_accs": [
        0.6469999551773071,
        0.44119998812675476,
        0.5770999789237976,
        0.7471999526023865,
        0.8346999883651733,
        0.8522999882698059,
        0.8551999926567078,
        0.905299961566925,
        0.9140999913215637,
        0.9298999905586243
    ],
    "epoch_losses": [
        1.47265625,
        1.3567708333333333,
        1.251953125,
        1.181640625,
        1.1569010416666667,
        1.0924479166666667,
        1.0703125,
        1.0130208333333333,
        0.9798177083333334,
        0.9498697916666666
    ]
}