{
    "opt": {
        "train_epochs": 9.9,
        "batch_size": 1536,
        "lr": 17.25,
        "momentum": 0.85,
        "weight_decay": 0.0153,
        "bias_scaler": 64.0,
        "label_smoothing": 0.2,
        "whiten_bias_epochs": 3
    },
    "aug": {
        "flip": true,
        "translate": 2
    },
    "net": {
        "widths": {
            "block1": 64,
            "block2": 256,
            "block3": 256
        },
        "batchnorm_momentum": 0.6,
        "scaling_factor": 0.1111111111111111,
        "tta_level": 2
    },
    "random_seed": 99,
    "git_commit_hash": "85402c5c6fafc553256ddda6a38a5e86792e3fed",
    "elapsed_wclock_time": 3.938740890979767,
    "final acc": 0.9398999810218811,
    "last batch loss": 0.9466145833333334,
    "epoch_val_accs": [
        0.6362999677658081,
        0.6556999683380127,
        0.7152000069618225,
        0.6793999671936035,
        0.8118000030517578,
        0.8468999862670898,
        0.8376999497413635,
        0.8738999962806702,
        0.9200999736785889,
        0.9309999942779541
    ],
    "epoch_losses": [
        1.50390625,
        1.2936197916666667,
        1.2779947916666667,
        1.1953125,
        1.1803385416666667,
        1.0885416666666667,
        1.111328125,
        1.013671875,
        0.9798177083333334,
        0.9466145833333334
    ]
}