{
    "opt": {
        "train_epochs": 9.9,
        "batch_size": 1536,
        "lr": 17.25,
        "momentum": 0.85,
        "weight_decay": 0.0153,
        "bias_scaler": 64.0,
        "label_smoothing": 0.2,
        "whiten_bias_epochs": 3
    },
    "aug": {
        "flip": true,
        "translate": 2
    },
    "net": {
        "widths": {
            "block1": 64,
            "block2": 256,
            "block3": 256
        },
        "batchnorm_momentum": 0.6,
        "scaling_factor": 0.1111111111111111,
        "tta_level": 2
    },
    "random_seed": 99,
    "git_commit_hash": "85402c5c6fafc553256ddda6a38a5e86792e3fed",
    "elapsed_wclock_time": 3.8575723221302036,
    "final acc": 0.9399999976158142,
    "last batch loss": 0.9446614583333334,
    "epoch_val_accs": [
        0.6710000038146973,
        0.6010000109672546,
        0.6959999799728394,
        0.7295999526977539,
        0.7861999869346619,
        0.8381999731063843,
        0.8454999923706055,
        0.8921999931335449,
        0.9158999919891357,
        0.9314000010490417
    ],
    "epoch_losses": [
        1.515625,
        1.3118489583333333,
        1.220703125,
        1.1998697916666667,
        1.1432291666666667,
        1.103515625,
        1.06640625,
        1.01171875,
        0.986328125,
        0.9446614583333334
    ]
}