{
    "opt": {
        "train_epochs": 9.9,
        "batch_size": 1536,
        "lr": 17.25,
        "momentum": 0.85,
        "weight_decay": 0.0153,
        "bias_scaler": 64.0,
        "label_smoothing": 0.2,
        "whiten_bias_epochs": 3
    },
    "aug": {
        "flip": true,
        "translate": 2
    },
    "net": {
        "widths": {
            "block1": 64,
            "block2": 256,
            "block3": 256
        },
        "batchnorm_momentum": 0.6,
        "scaling_factor": 0.1111111111111111,
        "tta_level": 2
    },
    "random_seed": 99,
    "git_commit_hash": "85402c5c6fafc553256ddda6a38a5e86792e3fed",
    "elapsed_wclock_time": 3.9836582005023953,
    "final acc": 0.9377999901771545,
    "last batch loss": 0.9453125,
    "epoch_val_accs": [
        0.5615999698638916,
        0.6441999673843384,
        0.5788999795913696,
        0.8032999634742737,
        0.8194999694824219,
        0.8341999650001526,
        0.8538999557495117,
        0.8959999680519104,
        0.9140999913215637,
        0.9297999739646912
    ],
    "epoch_losses": [
        1.50390625,
        1.3333333333333333,
        1.21875,
        1.2109375,
        1.12890625,
        1.0924479166666667,
        1.0787760416666667,
        1.0078125,
        0.9798177083333334,
        0.9453125
    ]
}