{
    "opt": {
        "train_epochs": 9.9,
        "batch_size": 1536,
        "lr": 17.25,
        "momentum": 0.85,
        "weight_decay": 0.0153,
        "bias_scaler": 64.0,
        "label_smoothing": 0.2,
        "whiten_bias_epochs": 3
    },
    "aug": {
        "flip": true,
        "translate": 2
    },
    "net": {
        "widths": {
            "block1": 64,
            "block2": 256,
            "block3": 256
        },
        "batchnorm_momentum": 0.6,
        "scaling_factor": 0.1111111111111111,
        "tta_level": 2
    },
    "random_seed": 99,
    "git_commit_hash": "85402c5c6fafc553256ddda6a38a5e86792e3fed",
    "elapsed_wclock_time": 3.8577916407585144,
    "final acc": 0.9375,
    "last batch loss": 0.94921875,
    "epoch_val_accs": [
        0.49559998512268066,
        0.5983999967575073,
        0.6977999806404114,
        0.8043999671936035,
        0.8155999779701233,
        0.8525999784469604,
        0.8504999876022339,
        0.9055999517440796,
        0.9150999784469604,
        0.9325000047683716
    ],
    "epoch_losses": [
        1.4505208333333333,
        1.3372395833333333,
        1.2721354166666667,
        1.1790364583333333,
        1.1328125,
        1.091796875,
        1.0774739583333333,
        1.0045572916666667,
        0.970703125,
        0.94921875
    ]
}