{
    "opt": {
        "train_epochs": 9.9,
        "batch_size": 1024,
        "lr": 11.5,
        "momentum": 0.85,
        "weight_decay": 0.0153,
        "bias_scaler": 64.0,
        "label_smoothing": 0.2,
        "whiten_bias_epochs": 3
    },
    "aug": {
        "flip": true,
        "translate": 2
    },
    "net": {
        "widths": {
            "block1": 64,
            "block2": 256,
            "block3": 256
        },
        "batchnorm_momentum": 0.6,
        "scaling_factor": 0.1111111111111111,
        "tta_level": 2
    },
    "random_seed": 99,
    "git_commit_hash": "85402c5c6fafc553256ddda6a38a5e86792e3fed",
    "elapsed_wclock_time": 3.8550084099769593,
    "final acc": 0.9328999519348145,
    "last batch loss": 0.958984375,
    "epoch_val_accs": [
        0.5557999610900879,
        0.6129999756813049,
        0.7676999568939209,
        0.7989000082015991,
        0.7836999893188477,
        0.8470999598503113,
        0.8798999786376953,
        0.8923999667167664,
        0.910099983215332,
        0.9215999841690063
    ],
    "epoch_losses": [
        1.458984375,
        1.2763671875,
        1.2451171875,
        1.177734375,
        1.1669921875,
        1.1328125,
        1.0634765625,
        1.029296875,
        0.9912109375,
        0.958984375
    ]
}