{
    "opt": {
        "train_epochs": 9.9,
        "batch_size": 1024,
        "lr": 11.5,
        "momentum": 0.85,
        "weight_decay": 0.0153,
        "bias_scaler": 64.0,
        "label_smoothing": 0.2,
        "whiten_bias_epochs": 3
    },
    "aug": {
        "flip": true,
        "translate": 2
    },
    "net": {
        "widths": {
            "block1": 64,
            "block2": 256,
            "block3": 256
        },
        "batchnorm_momentum": 0.6,
        "scaling_factor": 0.1111111111111111,
        "tta_level": 2
    },
    "random_seed": 99,
    "git_commit_hash": "85402c5c6fafc553256ddda6a38a5e86792e3fed",
    "elapsed_wclock_time": 3.7662426016330723,
    "final acc": 0.9327999949455261,
    "last batch loss": 0.97265625,
    "epoch_val_accs": [
        0.6775999665260315,
        0.7559999823570251,
        0.6967999935150146,
        0.8121999502182007,
        0.8192999958992004,
        0.8353999853134155,
        0.8763999938964844,
        0.8925999999046326,
        0.9067999720573425,
        0.9249999523162842
    ],
    "epoch_losses": [
        1.482421875,
        1.2861328125,
        1.23828125,
        1.189453125,
        1.158203125,
        1.1328125,
        1.0703125,
        1.0556640625,
        0.99853515625,
        0.97265625
    ]
}