{
    "opt": {
        "train_epochs": 9.9,
        "batch_size": 1024,
        "lr": 11.5,
        "momentum": 0.85,
        "weight_decay": 0.0153,
        "bias_scaler": 64.0,
        "label_smoothing": 0.2,
        "whiten_bias_epochs": 3
    },
    "aug": {
        "flip": true,
        "translate": 2
    },
    "net": {
        "widths": {
            "block1": 64,
            "block2": 256,
            "block3": 256
        },
        "batchnorm_momentum": 0.6,
        "scaling_factor": 0.1111111111111111,
        "tta_level": 2
    },
    "random_seed": 99,
    "git_commit_hash": "85402c5c6fafc553256ddda6a38a5e86792e3fed",
    "elapsed_wclock_time": 3.805854454278946,
    "final acc": 0.9312999844551086,
    "last batch loss": 0.9599609375,
    "epoch_val_accs": [
        0.6733999848365784,
        0.686199963092804,
        0.6832999587059021,
        0.7461999654769897,
        0.8486999869346619,
        0.8554999828338623,
        0.8463000059127808,
        0.8871999979019165,
        0.9101999998092651,
        0.9257999658584595
    ],
    "epoch_losses": [
        1.4365234375,
        1.2919921875,
        1.2275390625,
        1.21875,
        1.142578125,
        1.140625,
        1.08203125,
        1.0498046875,
        1.0185546875,
        0.9599609375
    ]
}