{
    "opt": {
        "train_epochs": 9.9,
        "batch_size": 1024,
        "lr": 11.5,
        "momentum": 0.85,
        "weight_decay": 0.0153,
        "bias_scaler": 64.0,
        "label_smoothing": 0.2,
        "whiten_bias_epochs": 3
    },
    "aug": {
        "flip": true,
        "translate": 2
    },
    "net": {
        "widths": {
            "block1": 64,
            "block2": 256,
            "block3": 256
        },
        "batchnorm_momentum": 0.6,
        "scaling_factor": 0.1111111111111111,
        "tta_level": 2
    },
    "random_seed": 99,
    "git_commit_hash": "85402c5c6fafc553256ddda6a38a5e86792e3fed",
    "elapsed_wclock_time": 3.8502624506950385,
    "final acc": 0.9328999519348145,
    "last batch loss": 0.9697265625,
    "epoch_val_accs": [
        0.6279000043869019,
        0.7267000079154968,
        0.8014000058174133,
        0.8170999884605408,
        0.8436999917030334,
        0.8359999656677246,
        0.8639999628067017,
        0.8827999830245972,
        0.9156999588012695,
        0.9262999892234802
    ],
    "epoch_losses": [
        1.44921875,
        1.337890625,
        1.2255859375,
        1.201171875,
        1.140625,
        1.123046875,
        1.0791015625,
        1.056640625,
        0.99755859375,
        0.9697265625
    ]
}