{
    "opt": {
        "train_epochs": 9.9,
        "batch_size": 1024,
        "lr": 11.5,
        "momentum": 0.85,
        "weight_decay": 0.0153,
        "bias_scaler": 64.0,
        "label_smoothing": 0.2,
        "whiten_bias_epochs": 3
    },
    "aug": {
        "flip": true,
        "translate": 2
    },
    "net": {
        "widths": {
            "block1": 64,
            "block2": 256,
            "block3": 256
        },
        "batchnorm_momentum": 0.6,
        "scaling_factor": 0.1111111111111111,
        "tta_level": 2
    },
    "random_seed": 99,
    "git_commit_hash": "85402c5c6fafc553256ddda6a38a5e86792e3fed",
    "elapsed_wclock_time": 3.881865477323532,
    "final acc": 0.9327999949455261,
    "last batch loss": 0.96044921875,
    "epoch_val_accs": [
        0.6811000108718872,
        0.7021999955177307,
        0.7290999889373779,
        0.7515999674797058,
        0.7926999926567078,
        0.8297999501228333,
        0.8780999779701233,
        0.8937999606132507,
        0.9049999713897705,
        0.9217999577522278
    ],
    "epoch_losses": [
        1.4443359375,
        1.337890625,
        1.2373046875,
        1.1875,
        1.142578125,
        1.1181640625,
        1.0751953125,
        1.056640625,
        0.9794921875,
        0.96044921875
    ]
}