{
    "opt": {
        "train_epochs": 9.9,
        "batch_size": 1024,
        "lr": 11.5,
        "momentum": 0.85,
        "weight_decay": 0.0153,
        "bias_scaler": 64.0,
        "label_smoothing": 0.2,
        "whiten_bias_epochs": 3
    },
    "aug": {
        "flip": true,
        "translate": 2
    },
    "net": {
        "widths": {
            "block1": 64,
            "block2": 256,
            "block3": 256
        },
        "batchnorm_momentum": 0.6,
        "scaling_factor": 0.1111111111111111,
        "tta_level": 2
    },
    "random_seed": 99,
    "git_commit_hash": "85402c5c6fafc553256ddda6a38a5e86792e3fed",
    "elapsed_wclock_time": 3.894869307994843,
    "final acc": 0.930899977684021,
    "last batch loss": 0.96533203125,
    "epoch_val_accs": [
        0.6240000128746033,
        0.7245000004768372,
        0.7840999960899353,
        0.7585999965667725,
        0.8392999768257141,
        0.8543999791145325,
        0.8675999641418457,
        0.863599956035614,
        0.9068999886512756,
        0.9250999689102173
    ],
    "epoch_losses": [
        1.470703125,
        1.3173828125,
        1.2333984375,
        1.19140625,
        1.169921875,
        1.10546875,
        1.0693359375,
        1.0400390625,
        0.99560546875,
        0.96533203125
    ]
}