{
    "opt": {
        "train_epochs": 9.9,
        "batch_size": 1024,
        "lr": 11.5,
        "momentum": 0.85,
        "weight_decay": 0.0153,
        "bias_scaler": 64.0,
        "label_smoothing": 0.2,
        "whiten_bias_epochs": 3
    },
    "aug": {
        "flip": true,
        "translate": 2
    },
    "net": {
        "widths": {
            "block1": 64,
            "block2": 256,
            "block3": 256
        },
        "batchnorm_momentum": 0.6,
        "scaling_factor": 0.1111111111111111,
        "tta_level": 2
    },
    "random_seed": 99,
    "git_commit_hash": "85402c5c6fafc553256ddda6a38a5e86792e3fed",
    "elapsed_wclock_time": 3.901576530456543,
    "final acc": 0.9340999722480774,
    "last batch loss": 0.9609375,
    "epoch_val_accs": [
        0.6879000067710876,
        0.7328000068664551,
        0.7687000036239624,
        0.8147000074386597,
        0.8201999664306641,
        0.856499969959259,
        0.8549000024795532,
        0.8912999629974365,
        0.911799967288971,
        0.9246000051498413
    ],
    "epoch_losses": [
        1.486328125,
        1.3095703125,
        1.22265625,
        1.1865234375,
        1.1611328125,
        1.1279296875,
        1.0810546875,
        1.033203125,
        1.00390625,
        0.9609375
    ]
}