{
    "opt": {
        "train_epochs": 9.9,
        "batch_size": 1024,
        "lr": 11.5,
        "momentum": 0.85,
        "weight_decay": 0.0153,
        "bias_scaler": 64.0,
        "label_smoothing": 0.2,
        "whiten_bias_epochs": 3
    },
    "aug": {
        "flip": true,
        "translate": 2
    },
    "net": {
        "widths": {
            "block1": 64,
            "block2": 256,
            "block3": 256
        },
        "batchnorm_momentum": 0.6,
        "scaling_factor": 0.1111111111111111,
        "tta_level": 2
    },
    "random_seed": 99,
    "git_commit_hash": "85402c5c6fafc553256ddda6a38a5e86792e3fed",
    "elapsed_wclock_time": 3.7647996766567235,
    "final acc": 0.9322999715805054,
    "last batch loss": 0.966796875,
    "epoch_val_accs": [
        0.6420999765396118,
        0.6660000085830688,
        0.7398999929428101,
        0.6869999766349792,
        0.8406999707221985,
        0.8334999680519104,
        0.8818999528884888,
        0.8805999755859375,
        0.9115999937057495,
        0.9228000044822693
    ],
    "epoch_losses": [
        1.4755859375,
        1.26171875,
        1.24609375,
        1.1845703125,
        1.1796875,
        1.1435546875,
        1.060546875,
        1.052734375,
        1.0078125,
        0.966796875
    ]
}