{
    "opt": {
        "train_epochs": 9.9,
        "batch_size": 1024,
        "lr": 11.5,
        "momentum": 0.85,
        "weight_decay": 0.0153,
        "bias_scaler": 64.0,
        "label_smoothing": 0.2,
        "whiten_bias_epochs": 3
    },
    "aug": {
        "flip": true,
        "translate": 2
    },
    "net": {
        "widths": {
            "block1": 64,
            "block2": 256,
            "block3": 256
        },
        "batchnorm_momentum": 0.6,
        "scaling_factor": 0.1111111111111111,
        "tta_level": 2
    },
    "random_seed": 99,
    "git_commit_hash": "85402c5c6fafc553256ddda6a38a5e86792e3fed",
    "elapsed_wclock_time": 3.9056139123439797,
    "final acc": 0.9319999814033508,
    "last batch loss": 0.9677734375,
    "epoch_val_accs": [
        0.6725999712944031,
        0.6773999929428101,
        0.6891999840736389,
        0.7874999642372131,
        0.8251999616622925,
        0.8133999705314636,
        0.8863999843597412,
        0.8824999928474426,
        0.9156000018119812,
        0.9226999878883362
    ],
    "epoch_losses": [
        1.4892578125,
        1.2890625,
        1.255859375,
        1.2158203125,
        1.171875,
        1.1162109375,
        1.08984375,
        1.0302734375,
        1.0078125,
        0.9677734375
    ]
}