{
    "opt": {
        "train_epochs": 9.9,
        "batch_size": 1024,
        "lr": 11.5,
        "momentum": 0.85,
        "weight_decay": 0.0153,
        "bias_scaler": 64.0,
        "label_smoothing": 0.2,
        "whiten_bias_epochs": 3
    },
    "aug": {
        "flip": true,
        "translate": 2
    },
    "net": {
        "widths": {
            "block1": 64,
            "block2": 256,
            "block3": 256
        },
        "batchnorm_momentum": 0.6,
        "scaling_factor": 0.1111111111111111,
        "tta_level": 2
    },
    "random_seed": 99,
    "git_commit_hash": "85402c5c6fafc553256ddda6a38a5e86792e3fed",
    "elapsed_wclock_time": 3.8954460942745217,
    "final acc": 0.9335999488830566,
    "last batch loss": 0.9677734375,
    "epoch_val_accs": [
        0.6456999778747559,
        0.7760999798774719,
        0.755899965763092,
        0.7996000051498413,
        0.8034999966621399,
        0.8374999761581421,
        0.8764999508857727,
        0.8883999586105347,
        0.9103999733924866,
        0.9249999523162842
    ],
    "epoch_losses": [
        1.4609375,
        1.3193359375,
        1.236328125,
        1.1826171875,
        1.1494140625,
        1.1162109375,
        1.0771484375,
        1.0390625,
        0.99853515625,
        0.9677734375
    ]
}