{
    "opt": {
        "train_epochs": 9.9,
        "batch_size": 1024,
        "lr": 11.5,
        "momentum": 0.85,
        "weight_decay": 0.0153,
        "bias_scaler": 64.0,
        "label_smoothing": 0.2,
        "whiten_bias_epochs": 3
    },
    "aug": {
        "flip": true,
        "translate": 2
    },
    "net": {
        "widths": {
            "block1": 64,
            "block2": 256,
            "block3": 256
        },
        "batchnorm_momentum": 0.6,
        "scaling_factor": 0.1111111111111111,
        "tta_level": 2
    },
    "random_seed": 99,
    "git_commit_hash": "85402c5c6fafc553256ddda6a38a5e86792e3fed",
    "elapsed_wclock_time": 3.892665736436844,
    "final acc": 0.9335999488830566,
    "last batch loss": 0.97509765625,
    "epoch_val_accs": [
        0.6315000057220459,
        0.7613999843597412,
        0.7482999563217163,
        0.810699999332428,
        0.8047999739646912,
        0.8455999493598938,
        0.8570999503135681,
        0.8734999895095825,
        0.9079999923706055,
        0.9233999848365784
    ],
    "epoch_losses": [
        1.4296875,
        1.298828125,
        1.21875,
        1.185546875,
        1.1640625,
        1.0947265625,
        1.109375,
        1.0478515625,
        0.99755859375,
        0.97509765625
    ]
}