{
    "opt": {
        "train_epochs": 9.9,
        "batch_size": 1024,
        "lr": 11.5,
        "momentum": 0.85,
        "weight_decay": 0.0153,
        "bias_scaler": 64.0,
        "label_smoothing": 0.2,
        "whiten_bias_epochs": 3
    },
    "aug": {
        "flip": true,
        "translate": 2
    },
    "net": {
        "widths": {
            "block1": 64,
            "block2": 256,
            "block3": 256
        },
        "batchnorm_momentum": 0.6,
        "scaling_factor": 0.1111111111111111,
        "tta_level": 2
    },
    "random_seed": 99,
    "git_commit_hash": "85402c5c6fafc553256ddda6a38a5e86792e3fed",
    "elapsed_wclock_time": 3.8523083200454713,
    "final acc": 0.9353999495506287,
    "last batch loss": 0.96630859375,
    "epoch_val_accs": [
        0.6146000027656555,
        0.5986999869346619,
        0.7416999936103821,
        0.6840999722480774,
        0.8052999973297119,
        0.8121999502182007,
        0.8888999819755554,
        0.8925999999046326,
        0.90829998254776,
        0.9265999794006348
    ],
    "epoch_losses": [
        1.4736328125,
        1.3388671875,
        1.232421875,
        1.201171875,
        1.1787109375,
        1.0859375,
        1.08984375,
        1.0546875,
        0.9970703125,
        0.96630859375
    ]
}