{
    "opt": {
        "train_epochs": 9.9,
        "batch_size": 1024,
        "lr": 11.5,
        "momentum": 0.85,
        "weight_decay": 0.0153,
        "bias_scaler": 64.0,
        "label_smoothing": 0.2,
        "whiten_bias_epochs": 3
    },
    "aug": {
        "flip": true,
        "translate": 2
    },
    "net": {
        "widths": {
            "block1": 64,
            "block2": 256,
            "block3": 256
        },
        "batchnorm_momentum": 0.6,
        "scaling_factor": 0.1111111111111111,
        "tta_level": 2
    },
    "random_seed": 99,
    "git_commit_hash": "85402c5c6fafc553256ddda6a38a5e86792e3fed",
    "elapsed_wclock_time": 3.8401017515659333,
    "final acc": 0.9319999814033508,
    "last batch loss": 0.96044921875,
    "epoch_val_accs": [
        0.6951000094413757,
        0.7432000041007996,
        0.7788999676704407,
        0.8258000016212463,
        0.8053999543190002,
        0.8499999642372131,
        0.8690999746322632,
        0.8910999894142151,
        0.9124999642372131,
        0.924299955368042
    ],
    "epoch_losses": [
        1.4443359375,
        1.3076171875,
        1.2314453125,
        1.1845703125,
        1.1845703125,
        1.1015625,
        1.0693359375,
        1.0595703125,
        0.99853515625,
        0.96044921875
    ]
}