{
    "opt": {
        "train_epochs": 9.9,
        "batch_size": 1024,
        "lr": 11.5,
        "momentum": 0.85,
        "weight_decay": 0.0153,
        "bias_scaler": 64.0,
        "label_smoothing": 0.2,
        "whiten_bias_epochs": 3
    },
    "aug": {
        "flip": true,
        "translate": 2
    },
    "net": {
        "widths": {
            "block1": 64,
            "block2": 256,
            "block3": 256
        },
        "batchnorm_momentum": 0.6,
        "scaling_factor": 0.1111111111111111,
        "tta_level": 2
    },
    "random_seed": 99,
    "git_commit_hash": "85402c5c6fafc553256ddda6a38a5e86792e3fed",
    "elapsed_wclock_time": 3.8125577740669248,
    "final acc": 0.9323999881744385,
    "last batch loss": 0.95751953125,
    "epoch_val_accs": [
        0.6485999822616577,
        0.6929999589920044,
        0.7536999583244324,
        0.8082999587059021,
        0.8138999938964844,
        0.8610999584197998,
        0.8842999935150146,
        0.88919997215271,
        0.9126999974250793,
        0.9231999516487122
    ],
    "epoch_losses": [
        1.4482421875,
        1.2685546875,
        1.2490234375,
        1.19140625,
        1.1669921875,
        1.1396484375,
        1.0693359375,
        1.01953125,
        0.9990234375,
        0.95751953125
    ]
}