{
    "opt": {
        "train_epochs": 9.9,
        "batch_size": 1024,
        "lr": 11.5,
        "momentum": 0.85,
        "weight_decay": 0.0153,
        "bias_scaler": 64.0,
        "label_smoothing": 0.2,
        "whiten_bias_epochs": 3
    },
    "aug": {
        "flip": true,
        "translate": 2
    },
    "net": {
        "widths": {
            "block1": 64,
            "block2": 256,
            "block3": 256
        },
        "batchnorm_momentum": 0.6,
        "scaling_factor": 0.1111111111111111,
        "tta_level": 2
    },
    "random_seed": 99,
    "git_commit_hash": "85402c5c6fafc553256ddda6a38a5e86792e3fed",
    "elapsed_wclock_time": 3.807760586738586,
    "final acc": 0.9323999881744385,
    "last batch loss": 0.95654296875,
    "epoch_val_accs": [
        0.6588999629020691,
        0.5031999945640564,
        0.7816999554634094,
        0.7813000082969666,
        0.843999981880188,
        0.7847999930381775,
        0.8657000064849854,
        0.8784999847412109,
        0.9084999561309814,
        0.9213999509811401
    ],
    "epoch_losses": [
        1.484375,
        1.302734375,
        1.2421875,
        1.201171875,
        1.1748046875,
        1.13671875,
        1.07421875,
        1.060546875,
        1.005859375,
        0.95654296875
    ]
}