{
    "opt": {
        "train_epochs": 9.9,
        "batch_size": 1024,
        "lr": 11.5,
        "momentum": 0.85,
        "weight_decay": 0.0153,
        "bias_scaler": 64.0,
        "label_smoothing": 0.2,
        "whiten_bias_epochs": 3
    },
    "aug": {
        "flip": true,
        "translate": 2
    },
    "net": {
        "widths": {
            "block1": 64,
            "block2": 256,
            "block3": 256
        },
        "batchnorm_momentum": 0.6,
        "scaling_factor": 0.1111111111111111,
        "tta_level": 2
    },
    "random_seed": 99,
    "git_commit_hash": "85402c5c6fafc553256ddda6a38a5e86792e3fed",
    "elapsed_wclock_time": 3.8923041810989387,
    "final acc": 0.9345999956130981,
    "last batch loss": 0.974609375,
    "epoch_val_accs": [
        0.6448999643325806,
        0.6283999681472778,
        0.7701999545097351,
        0.8398000001907349,
        0.8075000047683716,
        0.8613999485969543,
        0.819599986076355,
        0.8797000050544739,
        0.9132999777793884,
        0.9243999719619751
    ],
    "epoch_losses": [
        1.4658203125,
        1.2685546875,
        1.244140625,
        1.1884765625,
        1.1611328125,
        1.12890625,
        1.087890625,
        1.0556640625,
        1.0,
        0.974609375
    ]
}