{
    "opt": {
        "train_epochs": 9.9,
        "batch_size": 1024,
        "lr": 11.5,
        "momentum": 0.85,
        "weight_decay": 0.0153,
        "bias_scaler": 64.0,
        "label_smoothing": 0.2,
        "whiten_bias_epochs": 3
    },
    "aug": {
        "flip": true,
        "translate": 2
    },
    "net": {
        "widths": {
            "block1": 64,
            "block2": 256,
            "block3": 256
        },
        "batchnorm_momentum": 0.6,
        "scaling_factor": 0.1111111111111111,
        "tta_level": 2
    },
    "random_seed": 99,
    "git_commit_hash": "85402c5c6fafc553256ddda6a38a5e86792e3fed",
    "elapsed_wclock_time": 3.85567706489563,
    "final acc": 0.9322999715805054,
    "last batch loss": 0.966796875,
    "epoch_val_accs": [
        0.5720999836921692,
        0.7076999545097351,
        0.7642999887466431,
        0.7924000024795532,
        0.8449999690055847,
        0.8529999852180481,
        0.8769999742507935,
        0.8951999545097351,
        0.9085999727249146,
        0.9244999885559082
    ],
    "epoch_losses": [
        1.4833984375,
        1.3291015625,
        1.2177734375,
        1.1728515625,
        1.150390625,
        1.1357421875,
        1.0712890625,
        1.033203125,
        1.0029296875,
        0.966796875
    ]
}