{
    "opt": {
        "train_epochs": 9.9,
        "batch_size": 1024,
        "lr": 11.5,
        "momentum": 0.85,
        "weight_decay": 0.0153,
        "bias_scaler": 64.0,
        "label_smoothing": 0.2,
        "whiten_bias_epochs": 3
    },
    "aug": {
        "flip": true,
        "translate": 2
    },
    "net": {
        "widths": {
            "block1": 64,
            "block2": 256,
            "block3": 256
        },
        "batchnorm_momentum": 0.6,
        "scaling_factor": 0.1111111111111111,
        "tta_level": 2
    },
    "random_seed": 99,
    "git_commit_hash": "85402c5c6fafc553256ddda6a38a5e86792e3fed",
    "elapsed_wclock_time": 3.8156595087051395,
    "final acc": 0.9314999580383301,
    "last batch loss": 0.96923828125,
    "epoch_val_accs": [
        0.6236000061035156,
        0.7038999795913696,
        0.7785999774932861,
        0.7775999903678894,
        0.7638999819755554,
        0.8279999494552612,
        0.8707000017166138,
        0.8858000040054321,
        0.9109999537467957,
        0.9222999811172485
    ],
    "epoch_losses": [
        1.5224609375,
        1.2734375,
        1.216796875,
        1.1904296875,
        1.1865234375,
        1.126953125,
        1.1005859375,
        1.044921875,
        1.001953125,
        0.96923828125
    ]
}