{
    "opt": {
        "train_epochs": 9.9,
        "batch_size": 1024,
        "lr": 11.5,
        "momentum": 0.85,
        "weight_decay": 0.0153,
        "bias_scaler": 64.0,
        "label_smoothing": 0.2,
        "whiten_bias_epochs": 3
    },
    "aug": {
        "flip": true,
        "translate": 2
    },
    "net": {
        "widths": {
            "block1": 64,
            "block2": 256,
            "block3": 256
        },
        "batchnorm_momentum": 0.6,
        "scaling_factor": 0.1111111111111111,
        "tta_level": 2
    },
    "random_seed": 99,
    "git_commit_hash": "85402c5c6fafc553256ddda6a38a5e86792e3fed",
    "elapsed_wclock_time": 3.835539554595947,
    "final acc": 0.9319999814033508,
    "last batch loss": 0.96826171875,
    "epoch_val_accs": [
        0.667199969291687,
        0.7507999539375305,
        0.792199969291687,
        0.7182999849319458,
        0.824400007724762,
        0.8482999801635742,
        0.8678999543190002,
        0.8925999999046326,
        0.911799967288971,
        0.9267999529838562
    ],
    "epoch_losses": [
        1.4765625,
        1.3095703125,
        1.228515625,
        1.2158203125,
        1.1455078125,
        1.10546875,
        1.080078125,
        1.03125,
        0.9951171875,
        0.96826171875
    ]
}