{
    "opt": {
        "train_epochs": 9.9,
        "batch_size": 1024,
        "lr": 11.5,
        "momentum": 0.85,
        "weight_decay": 0.0153,
        "bias_scaler": 64.0,
        "label_smoothing": 0.2,
        "whiten_bias_epochs": 3
    },
    "aug": {
        "flip": true,
        "translate": 2
    },
    "net": {
        "widths": {
            "block1": 64,
            "block2": 256,
            "block3": 256
        },
        "batchnorm_momentum": 0.6,
        "scaling_factor": 0.1111111111111111,
        "tta_level": 2
    },
    "random_seed": 99,
    "git_commit_hash": "85402c5c6fafc553256ddda6a38a5e86792e3fed",
    "elapsed_wclock_time": 3.853781688451767,
    "final acc": 0.9316999912261963,
    "last batch loss": 0.95703125,
    "epoch_val_accs": [
        0.6629999876022339,
        0.715999960899353,
        0.7958999872207642,
        0.7766000032424927,
        0.8065999746322632,
        0.8422999978065491,
        0.8631999492645264,
        0.8906999826431274,
        0.9061999917030334,
        0.920199990272522
    ],
    "epoch_losses": [
        1.4716796875,
        1.3056640625,
        1.2412109375,
        1.193359375,
        1.1640625,
        1.1259765625,
        1.07421875,
        1.04296875,
        0.99072265625,
        0.95703125
    ]
}