{
    "opt": {
        "train_epochs": 9.9,
        "batch_size": 1024,
        "lr": 11.5,
        "momentum": 0.85,
        "weight_decay": 0.0153,
        "bias_scaler": 64.0,
        "label_smoothing": 0.2,
        "whiten_bias_epochs": 3
    },
    "aug": {
        "flip": true,
        "translate": 2
    },
    "net": {
        "widths": {
            "block1": 64,
            "block2": 256,
            "block3": 256
        },
        "batchnorm_momentum": 0.6,
        "scaling_factor": 0.1111111111111111,
        "tta_level": 2
    },
    "random_seed": 99,
    "git_commit_hash": "85402c5c6fafc553256ddda6a38a5e86792e3fed",
    "elapsed_wclock_time": 3.8738647732734686,
    "final acc": 0.9317999482154846,
    "last batch loss": 0.96533203125,
    "epoch_val_accs": [
        0.6690999865531921,
        0.6864999532699585,
        0.7847999930381775,
        0.7804999947547913,
        0.8172000050544739,
        0.8352999687194824,
        0.8837999701499939,
        0.8809999823570251,
        0.914900004863739,
        0.9246999621391296
    ],
    "epoch_losses": [
        1.466796875,
        1.3310546875,
        1.2333984375,
        1.1689453125,
        1.142578125,
        1.1103515625,
        1.0927734375,
        1.04296875,
        0.99365234375,
        0.96533203125
    ]
}