{
    "opt": {
        "train_epochs": 9.9,
        "batch_size": 1024,
        "lr": 11.5,
        "momentum": 0.85,
        "weight_decay": 0.0153,
        "bias_scaler": 64.0,
        "label_smoothing": 0.2,
        "whiten_bias_epochs": 3
    },
    "aug": {
        "flip": true,
        "translate": 2
    },
    "net": {
        "widths": {
            "block1": 64,
            "block2": 256,
            "block3": 256
        },
        "batchnorm_momentum": 0.6,
        "scaling_factor": 0.1111111111111111,
        "tta_level": 2
    },
    "random_seed": 99,
    "git_commit_hash": "85402c5c6fafc553256ddda6a38a5e86792e3fed",
    "elapsed_wclock_time": 3.764671163320542,
    "final acc": 0.9320999979972839,
    "last batch loss": 0.96533203125,
    "epoch_val_accs": [
        0.675599992275238,
        0.7258999943733215,
        0.7942999601364136,
        0.7787999510765076,
        0.8292999863624573,
        0.8315999507904053,
        0.8779999613761902,
        0.8939999938011169,
        0.909500002861023,
        0.9217000007629395
    ],
    "epoch_losses": [
        1.447265625,
        1.2958984375,
        1.2451171875,
        1.1787109375,
        1.1787109375,
        1.1357421875,
        1.064453125,
        1.0302734375,
        0.97607421875,
        0.96533203125
    ]
}