{
    "opt": {
        "train_epochs": 9.9,
        "batch_size": 1024,
        "lr": 11.5,
        "momentum": 0.85,
        "weight_decay": 0.0153,
        "bias_scaler": 64.0,
        "label_smoothing": 0.2,
        "whiten_bias_epochs": 3
    },
    "aug": {
        "flip": true,
        "translate": 2
    },
    "net": {
        "widths": {
            "block1": 64,
            "block2": 256,
            "block3": 256
        },
        "batchnorm_momentum": 0.6,
        "scaling_factor": 0.1111111111111111,
        "tta_level": 2
    },
    "random_seed": 99,
    "git_commit_hash": "85402c5c6fafc553256ddda6a38a5e86792e3fed",
    "elapsed_wclock_time": 3.8178255982398985,
    "final acc": 0.9332000017166138,
    "last batch loss": 0.96533203125,
    "epoch_val_accs": [
        0.6401999592781067,
        0.7572000026702881,
        0.7741999626159668,
        0.7507999539375305,
        0.7953999638557434,
        0.8446999788284302,
        0.85589998960495,
        0.87909996509552,
        0.9085999727249146,
        0.9235000014305115
    ],
    "epoch_losses": [
        1.470703125,
        1.2978515625,
        1.236328125,
        1.2109375,
        1.16015625,
        1.12109375,
        1.080078125,
        1.0400390625,
        1.009765625,
        0.96533203125
    ]
}