{
    "opt": {
        "train_epochs": 9.9,
        "batch_size": 1024,
        "lr": 11.5,
        "momentum": 0.85,
        "weight_decay": 0.0153,
        "bias_scaler": 64.0,
        "label_smoothing": 0.2,
        "whiten_bias_epochs": 3
    },
    "aug": {
        "flip": true,
        "translate": 2
    },
    "net": {
        "widths": {
            "block1": 64,
            "block2": 256,
            "block3": 256
        },
        "batchnorm_momentum": 0.6,
        "scaling_factor": 0.1111111111111111,
        "tta_level": 2
    },
    "random_seed": 99,
    "git_commit_hash": "85402c5c6fafc553256ddda6a38a5e86792e3fed",
    "elapsed_wclock_time": 3.8533906714916233,
    "final acc": 0.9334999918937683,
    "last batch loss": 0.96435546875,
    "epoch_val_accs": [
        0.6744999885559082,
        0.7182999849319458,
        0.6929000020027161,
        0.7953000068664551,
        0.8431999683380127,
        0.7759000062942505,
        0.8682000041007996,
        0.8892999887466431,
        0.905299961566925,
        0.9261999726295471
    ],
    "epoch_losses": [
        1.4521484375,
        1.298828125,
        1.2177734375,
        1.19140625,
        1.140625,
        1.1376953125,
        1.064453125,
        1.0634765625,
        0.99462890625,
        0.96435546875
    ]
}