{
    "opt": {
        "train_epochs": 9.9,
        "batch_size": 1024,
        "lr": 11.5,
        "momentum": 0.85,
        "weight_decay": 0.0153,
        "bias_scaler": 64.0,
        "label_smoothing": 0.2,
        "whiten_bias_epochs": 3
    },
    "aug": {
        "flip": true,
        "translate": 2
    },
    "net": {
        "widths": {
            "block1": 64,
            "block2": 256,
            "block3": 256
        },
        "batchnorm_momentum": 0.6,
        "scaling_factor": 0.1111111111111111,
        "tta_level": 2
    },
    "random_seed": 99,
    "git_commit_hash": "85402c5c6fafc553256ddda6a38a5e86792e3fed",
    "elapsed_wclock_time": 3.8467869489192963,
    "final acc": 0.9317999482154846,
    "last batch loss": 0.97607421875,
    "epoch_val_accs": [
        0.663100004196167,
        0.6459999680519104,
        0.776199996471405,
        0.7792999744415283,
        0.8140999674797058,
        0.8436999917030334,
        0.8700999617576599,
        0.8944999575614929,
        0.9068999886512756,
        0.9246000051498413
    ],
    "epoch_losses": [
        1.4345703125,
        1.2890625,
        1.228515625,
        1.19140625,
        1.16015625,
        1.130859375,
        1.078125,
        1.0341796875,
        1.0029296875,
        0.97607421875
    ]
}