{
    "opt": {
        "train_epochs": 9.9,
        "batch_size": 1024,
        "lr": 11.5,
        "momentum": 0.85,
        "weight_decay": 0.0153,
        "bias_scaler": 64.0,
        "label_smoothing": 0.2,
        "whiten_bias_epochs": 3
    },
    "aug": {
        "flip": true,
        "translate": 2
    },
    "net": {
        "widths": {
            "block1": 64,
            "block2": 256,
            "block3": 256
        },
        "batchnorm_momentum": 0.6,
        "scaling_factor": 0.1111111111111111,
        "tta_level": 2
    },
    "random_seed": 99,
    "git_commit_hash": "85402c5c6fafc553256ddda6a38a5e86792e3fed",
    "elapsed_wclock_time": 3.84780353307724,
    "final acc": 0.9319999814033508,
    "last batch loss": 0.97265625,
    "epoch_val_accs": [
        0.6762999892234802,
        0.7597000002861023,
        0.7245000004768372,
        0.762499988079071,
        0.8355000019073486,
        0.8417999744415283,
        0.8592999577522278,
        0.8916999697685242,
        0.9103999733924866,
        0.9250999689102173
    ],
    "epoch_losses": [
        1.4462890625,
        1.2744140625,
        1.2236328125,
        1.1787109375,
        1.1572265625,
        1.1259765625,
        1.0810546875,
        1.0341796875,
        0.99658203125,
        0.97265625
    ]
}