{
    "opt": {
        "train_epochs": 9.9,
        "batch_size": 1024,
        "lr": 11.5,
        "momentum": 0.85,
        "weight_decay": 0.0153,
        "bias_scaler": 64.0,
        "label_smoothing": 0.2,
        "whiten_bias_epochs": 3
    },
    "aug": {
        "flip": true,
        "translate": 2
    },
    "net": {
        "widths": {
            "block1": 64,
            "block2": 256,
            "block3": 256
        },
        "batchnorm_momentum": 0.6,
        "scaling_factor": 0.1111111111111111,
        "tta_level": 2
    },
    "random_seed": 99,
    "git_commit_hash": "85402c5c6fafc553256ddda6a38a5e86792e3fed",
    "elapsed_wclock_time": 3.8532322051525116,
    "final acc": 0.9339999556541443,
    "last batch loss": 0.974609375,
    "epoch_val_accs": [
        0.6717000007629395,
        0.7561999559402466,
        0.7565999627113342,
        0.7075999975204468,
        0.7590999603271484,
        0.8187999725341797,
        0.8708999752998352,
        0.8754000067710876,
        0.915399968624115,
        0.9266999959945679
    ],
    "epoch_losses": [
        1.4638671875,
        1.283203125,
        1.220703125,
        1.2255859375,
        1.1513671875,
        1.109375,
        1.0927734375,
        1.0556640625,
        0.99560546875,
        0.974609375
    ]
}