{
    "opt": {
        "train_epochs": 9.9,
        "batch_size": 1024,
        "lr": 11.5,
        "momentum": 0.85,
        "weight_decay": 0.0153,
        "bias_scaler": 64.0,
        "label_smoothing": 0.2,
        "whiten_bias_epochs": 3
    },
    "aug": {
        "flip": true,
        "translate": 2
    },
    "net": {
        "widths": {
            "block1": 64,
            "block2": 256,
            "block3": 256
        },
        "batchnorm_momentum": 0.6,
        "scaling_factor": 0.1111111111111111,
        "tta_level": 2
    },
    "random_seed": 99,
    "git_commit_hash": "85402c5c6fafc553256ddda6a38a5e86792e3fed",
    "elapsed_wclock_time": 3.9096888427734378,
    "final acc": 0.9314999580383301,
    "last batch loss": 0.962890625,
    "epoch_val_accs": [
        0.6166999936103821,
        0.6924999952316284,
        0.7737999558448792,
        0.774899959564209,
        0.8139999508857727,
        0.835599958896637,
        0.875499963760376,
        0.890999972820282,
        0.911300003528595,
        0.9212999939918518
    ],
    "epoch_losses": [
        1.4951171875,
        1.3232421875,
        1.240234375,
        1.2001953125,
        1.1669921875,
        1.1240234375,
        1.072265625,
        1.052734375,
        0.9970703125,
        0.962890625
    ]
}