{
    "opt": {
        "train_epochs": 9.9,
        "batch_size": 1024,
        "lr": 11.5,
        "momentum": 0.85,
        "weight_decay": 0.0153,
        "bias_scaler": 64.0,
        "label_smoothing": 0.2,
        "whiten_bias_epochs": 3
    },
    "aug": {
        "flip": true,
        "translate": 2
    },
    "net": {
        "widths": {
            "block1": 64,
            "block2": 256,
            "block3": 256
        },
        "batchnorm_momentum": 0.6,
        "scaling_factor": 0.1111111111111111,
        "tta_level": 2
    },
    "random_seed": 99,
    "git_commit_hash": "85402c5c6fafc553256ddda6a38a5e86792e3fed",
    "elapsed_wclock_time": 3.7695037472248076,
    "final acc": 0.9305999875068665,
    "last batch loss": 0.96875,
    "epoch_val_accs": [
        0.67249995470047,
        0.7542999982833862,
        0.7833999991416931,
        0.7888000011444092,
        0.828499972820282,
        0.840999960899353,
        0.8840999603271484,
        0.8888999819755554,
        0.9074999690055847,
        0.9229999780654907
    ],
    "epoch_losses": [
        1.4638671875,
        1.283203125,
        1.2177734375,
        1.203125,
        1.173828125,
        1.1103515625,
        1.06640625,
        1.046875,
        0.99560546875,
        0.96875
    ]
}