{
    "opt": {
        "train_epochs": 9.9,
        "batch_size": 1024,
        "lr": 11.5,
        "momentum": 0.85,
        "weight_decay": 0.0153,
        "bias_scaler": 64.0,
        "label_smoothing": 0.2,
        "whiten_bias_epochs": 3
    },
    "aug": {
        "flip": true,
        "translate": 2
    },
    "net": {
        "widths": {
            "block1": 64,
            "block2": 256,
            "block3": 256
        },
        "batchnorm_momentum": 0.6,
        "scaling_factor": 0.1111111111111111,
        "tta_level": 2
    },
    "random_seed": 99,
    "git_commit_hash": "85402c5c6fafc553256ddda6a38a5e86792e3fed",
    "elapsed_wclock_time": 3.8496939556598657,
    "final acc": 0.9315999746322632,
    "last batch loss": 0.96337890625,
    "epoch_val_accs": [
        0.6977999806404114,
        0.7227999567985535,
        0.7518999576568604,
        0.7708999514579773,
        0.8483999967575073,
        0.8186999559402466,
        0.824400007724762,
        0.8840000033378601,
        0.9057999849319458,
        0.9221999645233154
    ],
    "epoch_losses": [
        1.451171875,
        1.2890625,
        1.251953125,
        1.2158203125,
        1.1494140625,
        1.1572265625,
        1.0869140625,
        1.0439453125,
        0.9951171875,
        0.96337890625
    ]
}