{
    "opt": {
        "train_epochs": 9.9,
        "batch_size": 1024,
        "lr": 11.5,
        "momentum": 0.85,
        "weight_decay": 0.0153,
        "bias_scaler": 64.0,
        "label_smoothing": 0.2,
        "whiten_bias_epochs": 3
    },
    "aug": {
        "flip": true,
        "translate": 2
    },
    "net": {
        "widths": {
            "block1": 64,
            "block2": 256,
            "block3": 256
        },
        "batchnorm_momentum": 0.6,
        "scaling_factor": 0.1111111111111111,
        "tta_level": 2
    },
    "random_seed": 99,
    "git_commit_hash": "85402c5c6fafc553256ddda6a38a5e86792e3fed",
    "elapsed_wclock_time": 3.856147804260254,
    "final acc": 0.9307999610900879,
    "last batch loss": 0.96728515625,
    "epoch_val_accs": [
        0.6215999722480774,
        0.7567999958992004,
        0.7249999642372131,
        0.8037999868392944,
        0.838699996471405,
        0.8424999713897705,
        0.8417999744415283,
        0.8855999708175659,
        0.9071999788284302,
        0.9251999855041504
    ],
    "epoch_losses": [
        1.490234375,
        1.314453125,
        1.19140625,
        1.1904296875,
        1.1865234375,
        1.1240234375,
        1.0693359375,
        1.0390625,
        1.0029296875,
        0.96728515625
    ]
}