{
    "opt": {
        "train_epochs": 9.9,
        "batch_size": 1024,
        "lr": 11.5,
        "momentum": 0.85,
        "weight_decay": 0.0153,
        "bias_scaler": 64.0,
        "label_smoothing": 0.2,
        "whiten_bias_epochs": 3
    },
    "aug": {
        "flip": true,
        "translate": 2
    },
    "net": {
        "widths": {
            "block1": 64,
            "block2": 256,
            "block3": 256
        },
        "batchnorm_momentum": 0.6,
        "scaling_factor": 0.1111111111111111,
        "tta_level": 2
    },
    "random_seed": 99,
    "git_commit_hash": "85402c5c6fafc553256ddda6a38a5e86792e3fed",
    "elapsed_wclock_time": 3.8488098483085635,
    "final acc": 0.9355999827384949,
    "last batch loss": 0.9638671875,
    "epoch_val_accs": [
        0.6287999749183655,
        0.7250999808311462,
        0.769599974155426,
        0.800599992275238,
        0.7402999997138977,
        0.842199981212616,
        0.8571999669075012,
        0.8765999674797058,
        0.9010999798774719,
        0.9232999682426453
    ],
    "epoch_losses": [
        1.4521484375,
        1.2841796875,
        1.228515625,
        1.1494140625,
        1.1630859375,
        1.12109375,
        1.076171875,
        1.0498046875,
        0.98974609375,
        0.9638671875
    ]
}