{
    "opt": {
        "train_epochs": 9.9,
        "batch_size": 1024,
        "lr": 11.5,
        "momentum": 0.85,
        "weight_decay": 0.0153,
        "bias_scaler": 64.0,
        "label_smoothing": 0.2,
        "whiten_bias_epochs": 3
    },
    "aug": {
        "flip": true,
        "translate": 2
    },
    "net": {
        "widths": {
            "block1": 64,
            "block2": 256,
            "block3": 256
        },
        "batchnorm_momentum": 0.6,
        "scaling_factor": 0.1111111111111111,
        "tta_level": 2
    },
    "random_seed": 99,
    "git_commit_hash": "85402c5c6fafc553256ddda6a38a5e86792e3fed",
    "elapsed_wclock_time": 3.909838247299195,
    "final acc": 0.9316999912261963,
    "last batch loss": 0.95654296875,
    "epoch_val_accs": [
        0.6818000078201294,
        0.7860999703407288,
        0.7186999917030334,
        0.8086000084877014,
        0.8402000069618225,
        0.795699954032898,
        0.8552999496459961,
        0.8575999736785889,
        0.917199969291687,
        0.9244999885559082
    ],
    "epoch_losses": [
        1.486328125,
        1.296875,
        1.224609375,
        1.177734375,
        1.162109375,
        1.140625,
        1.060546875,
        1.0263671875,
        0.998046875,
        0.95654296875
    ]
}