{
    "opt": {
        "train_epochs": 9.9,
        "batch_size": 1024,
        "lr": 11.5,
        "momentum": 0.85,
        "weight_decay": 0.0153,
        "bias_scaler": 64.0,
        "label_smoothing": 0.2,
        "whiten_bias_epochs": 3
    },
    "aug": {
        "flip": true,
        "translate": 2
    },
    "net": {
        "widths": {
            "block1": 64,
            "block2": 256,
            "block3": 256
        },
        "batchnorm_momentum": 0.6,
        "scaling_factor": 0.1111111111111111,
        "tta_level": 2
    },
    "random_seed": 99,
    "git_commit_hash": "85402c5c6fafc553256ddda6a38a5e86792e3fed",
    "elapsed_wclock_time": 3.851283066272736,
    "final acc": 0.9314999580383301,
    "last batch loss": 0.966796875,
    "epoch_val_accs": [
        0.6872000098228455,
        0.7044999599456787,
        0.623699963092804,
        0.7810999751091003,
        0.8552999496459961,
        0.8435999751091003,
        0.8736000061035156,
        0.8725000023841858,
        0.9111999869346619,
        0.9230999946594238
    ],
    "epoch_losses": [
        1.4453125,
        1.2939453125,
        1.23828125,
        1.15234375,
        1.130859375,
        1.1162109375,
        1.0888671875,
        1.044921875,
        0.9970703125,
        0.966796875
    ]
}