{
    "opt": {
        "train_epochs": 9.9,
        "batch_size": 1024,
        "lr": 11.5,
        "momentum": 0.85,
        "weight_decay": 0.0153,
        "bias_scaler": 64.0,
        "label_smoothing": 0.2,
        "whiten_bias_epochs": 3
    },
    "aug": {
        "flip": true,
        "translate": 2
    },
    "net": {
        "widths": {
            "block1": 64,
            "block2": 256,
            "block3": 256
        },
        "batchnorm_momentum": 0.6,
        "scaling_factor": 0.1111111111111111,
        "tta_level": 2
    },
    "random_seed": 99,
    "git_commit_hash": "85402c5c6fafc553256ddda6a38a5e86792e3fed",
    "elapsed_wclock_time": 3.7668929708004,
    "final acc": 0.9319999814033508,
    "last batch loss": 0.96435546875,
    "epoch_val_accs": [
        0.6725999712944031,
        0.7177000045776367,
        0.7730000019073486,
        0.8149999976158142,
        0.8324999809265137,
        0.8417999744415283,
        0.8750999569892883,
        0.8598999977111816,
        0.9089999794960022,
        0.9240999817848206
    ],
    "epoch_losses": [
        1.46875,
        1.3115234375,
        1.185546875,
        1.1845703125,
        1.201171875,
        1.1298828125,
        1.078125,
        1.05859375,
        0.98974609375,
        0.96435546875
    ]
}