{
    "opt": {
        "train_epochs": 9.9,
        "batch_size": 1024,
        "lr": 11.5,
        "momentum": 0.85,
        "weight_decay": 0.0153,
        "bias_scaler": 64.0,
        "label_smoothing": 0.2,
        "whiten_bias_epochs": 3
    },
    "aug": {
        "flip": true,
        "translate": 2
    },
    "net": {
        "widths": {
            "block1": 64,
            "block2": 256,
            "block3": 256
        },
        "batchnorm_momentum": 0.6,
        "scaling_factor": 0.1111111111111111,
        "tta_level": 2
    },
    "random_seed": 99,
    "git_commit_hash": "85402c5c6fafc553256ddda6a38a5e86792e3fed",
    "elapsed_wclock_time": 3.8478385243415834,
    "final acc": 0.9332999587059021,
    "last batch loss": 0.96435546875,
    "epoch_val_accs": [
        0.6541999578475952,
        0.7182999849319458,
        0.7805999517440796,
        0.8139999508857727,
        0.7940999865531921,
        0.8140999674797058,
        0.8568999767303467,
        0.8845999836921692,
        0.9050999879837036,
        0.9248999953269958
    ],
    "epoch_losses": [
        1.4990234375,
        1.298828125,
        1.208984375,
        1.1962890625,
        1.1611328125,
        1.1142578125,
        1.06640625,
        1.0419921875,
        0.9921875,
        0.96435546875
    ]
}