{
    "opt": {
        "train_epochs": 9.9,
        "batch_size": 1024,
        "lr": 11.5,
        "momentum": 0.85,
        "weight_decay": 0.0153,
        "bias_scaler": 64.0,
        "label_smoothing": 0.2,
        "whiten_bias_epochs": 3
    },
    "aug": {
        "flip": true,
        "translate": 2
    },
    "net": {
        "widths": {
            "block1": 64,
            "block2": 256,
            "block3": 256
        },
        "batchnorm_momentum": 0.6,
        "scaling_factor": 0.1111111111111111,
        "tta_level": 2
    },
    "random_seed": 99,
    "git_commit_hash": "85402c5c6fafc553256ddda6a38a5e86792e3fed",
    "elapsed_wclock_time": 3.809614935636521,
    "final acc": 0.9325999617576599,
    "last batch loss": 0.97412109375,
    "epoch_val_accs": [
        0.6851999759674072,
        0.6011999845504761,
        0.708299994468689,
        0.8118999600410461,
        0.7421999573707581,
        0.8328999876976013,
        0.8758999705314636,
        0.8967999815940857,
        0.9075999855995178,
        0.9251999855041504
    ],
    "epoch_losses": [
        1.46875,
        1.310546875,
        1.2236328125,
        1.19140625,
        1.2041015625,
        1.1171875,
        1.068359375,
        1.05078125,
        0.998046875,
        0.97412109375
    ]
}