{
    "opt": {
        "train_epochs": 9.9,
        "batch_size": 1024,
        "lr": 11.5,
        "momentum": 0.85,
        "weight_decay": 0.0153,
        "bias_scaler": 64.0,
        "label_smoothing": 0.2,
        "whiten_bias_epochs": 3
    },
    "aug": {
        "flip": true,
        "translate": 2
    },
    "net": {
        "widths": {
            "block1": 64,
            "block2": 256,
            "block3": 256
        },
        "batchnorm_momentum": 0.6,
        "scaling_factor": 0.1111111111111111,
        "tta_level": 2
    },
    "random_seed": 99,
    "git_commit_hash": "85402c5c6fafc553256ddda6a38a5e86792e3fed",
    "elapsed_wclock_time": 3.8559868047237393,
    "final acc": 0.9339999556541443,
    "last batch loss": 0.96826171875,
    "epoch_val_accs": [
        0.6577999591827393,
        0.6809999942779541,
        0.725600004196167,
        0.7705000042915344,
        0.8015999794006348,
        0.8387999534606934,
        0.8801999688148499,
        0.8592000007629395,
        0.903499960899353,
        0.9239999651908875
    ],
    "epoch_losses": [
        1.4609375,
        1.3056640625,
        1.240234375,
        1.1962890625,
        1.1923828125,
        1.107421875,
        1.060546875,
        1.0458984375,
        0.9970703125,
        0.96826171875
    ]
}