{
    "opt": {
        "train_epochs": 9.9,
        "batch_size": 1024,
        "lr": 11.5,
        "momentum": 0.85,
        "weight_decay": 0.0153,
        "bias_scaler": 64.0,
        "label_smoothing": 0.2,
        "whiten_bias_epochs": 3
    },
    "aug": {
        "flip": true,
        "translate": 2
    },
    "net": {
        "widths": {
            "block1": 64,
            "block2": 256,
            "block3": 256
        },
        "batchnorm_momentum": 0.6,
        "scaling_factor": 0.1111111111111111,
        "tta_level": 2
    },
    "random_seed": 99,
    "git_commit_hash": "85402c5c6fafc553256ddda6a38a5e86792e3fed",
    "elapsed_wclock_time": 3.808658405780793,
    "final acc": 0.9332000017166138,
    "last batch loss": 0.96826171875,
    "epoch_val_accs": [
        0.5958999991416931,
        0.733299970626831,
        0.7669999599456787,
        0.7730000019073486,
        0.8179999589920044,
        0.8664999604225159,
        0.8734999895095825,
        0.8737999796867371,
        0.9078999757766724,
        0.9232999682426453
    ],
    "epoch_losses": [
        1.4609375,
        1.28515625,
        1.21484375,
        1.19140625,
        1.19140625,
        1.1240234375,
        1.078125,
        1.0458984375,
        1.0009765625,
        0.96826171875
    ]
}