{
    "opt": {
        "train_epochs": 9.9,
        "batch_size": 1024,
        "lr": 11.5,
        "momentum": 0.85,
        "weight_decay": 0.0153,
        "bias_scaler": 64.0,
        "label_smoothing": 0.2,
        "whiten_bias_epochs": 3
    },
    "aug": {
        "flip": true,
        "translate": 2
    },
    "net": {
        "widths": {
            "block1": 64,
            "block2": 256,
            "block3": 256
        },
        "batchnorm_momentum": 0.6,
        "scaling_factor": 0.1111111111111111,
        "tta_level": 2
    },
    "random_seed": 99,
    "git_commit_hash": "85402c5c6fafc553256ddda6a38a5e86792e3fed",
    "elapsed_wclock_time": 3.8955385944843295,
    "final acc": 0.9317999482154846,
    "last batch loss": 0.96142578125,
    "epoch_val_accs": [
        0.6552000045776367,
        0.7477999925613403,
        0.7439000010490417,
        0.7780999541282654,
        0.7680999636650085,
        0.8596000075340271,
        0.8639000058174133,
        0.8876999616622925,
        0.9092999696731567,
        0.9225999712944031
    ],
    "epoch_losses": [
        1.4794921875,
        1.3046875,
        1.23828125,
        1.1962890625,
        1.1806640625,
        1.1005859375,
        1.0712890625,
        1.0283203125,
        0.9970703125,
        0.96142578125
    ]
}