{
    "opt": {
        "train_epochs": 9.9,
        "batch_size": 1024,
        "lr": 11.5,
        "momentum": 0.85,
        "weight_decay": 0.0153,
        "bias_scaler": 64.0,
        "label_smoothing": 0.2,
        "whiten_bias_epochs": 3
    },
    "aug": {
        "flip": true,
        "translate": 2
    },
    "net": {
        "widths": {
            "block1": 64,
            "block2": 256,
            "block3": 256
        },
        "batchnorm_momentum": 0.6,
        "scaling_factor": 0.1111111111111111,
        "tta_level": 2
    },
    "random_seed": 99,
    "git_commit_hash": "85402c5c6fafc553256ddda6a38a5e86792e3fed",
    "elapsed_wclock_time": 3.899499864816666,
    "final acc": 0.9315999746322632,
    "last batch loss": 0.96875,
    "epoch_val_accs": [
        0.6714000105857849,
        0.7429999709129333,
        0.7583000063896179,
        0.8264999985694885,
        0.8120999932289124,
        0.8307999968528748,
        0.875499963760376,
        0.8920999765396118,
        0.913100004196167,
        0.9249999523162842
    ],
    "epoch_losses": [
        1.466796875,
        1.306640625,
        1.22265625,
        1.1904296875,
        1.1748046875,
        1.119140625,
        1.0732421875,
        1.0498046875,
        0.99365234375,
        0.96875
    ]
}