{
    "opt": {
        "train_epochs": 9.9,
        "batch_size": 1024,
        "lr": 11.5,
        "momentum": 0.85,
        "weight_decay": 0.0153,
        "bias_scaler": 64.0,
        "label_smoothing": 0.2,
        "whiten_bias_epochs": 3
    },
    "aug": {
        "flip": true,
        "translate": 2
    },
    "net": {
        "widths": {
            "block1": 64,
            "block2": 256,
            "block3": 256
        },
        "batchnorm_momentum": 0.6,
        "scaling_factor": 0.1111111111111111,
        "tta_level": 2
    },
    "random_seed": 99,
    "git_commit_hash": "85402c5c6fafc553256ddda6a38a5e86792e3fed",
    "elapsed_wclock_time": 3.850249439239502,
    "final acc": 0.9318999648094177,
    "last batch loss": 0.97216796875,
    "epoch_val_accs": [
        0.7028999924659729,
        0.7157999873161316,
        0.7892999649047852,
        0.795199990272522,
        0.8274999856948853,
        0.8604999780654907,
        0.8552999496459961,
        0.8728999495506287,
        0.9125999808311462,
        0.92249995470047
    ],
    "epoch_losses": [
        1.421875,
        1.3193359375,
        1.224609375,
        1.1875,
        1.1767578125,
        1.111328125,
        1.078125,
        1.0361328125,
        0.99169921875,
        0.97216796875
    ]
}