{
    "opt": {
        "train_epochs": 9.9,
        "batch_size": 1024,
        "lr": 11.5,
        "momentum": 0.85,
        "weight_decay": 0.0153,
        "bias_scaler": 64.0,
        "label_smoothing": 0.2,
        "whiten_bias_epochs": 3
    },
    "aug": {
        "flip": true,
        "translate": 2
    },
    "net": {
        "widths": {
            "block1": 64,
            "block2": 256,
            "block3": 256
        },
        "batchnorm_momentum": 0.6,
        "scaling_factor": 0.1111111111111111,
        "tta_level": 2
    },
    "random_seed": 99,
    "git_commit_hash": "85402c5c6fafc553256ddda6a38a5e86792e3fed",
    "elapsed_wclock_time": 3.8488714611530304,
    "final acc": 0.9316999912261963,
    "last batch loss": 0.97705078125,
    "epoch_val_accs": [
        0.6222000122070312,
        0.6744999885559082,
        0.6711999773979187,
        0.7623999714851379,
        0.8418999910354614,
        0.82669997215271,
        0.8698999881744385,
        0.8886999487876892,
        0.9120999574661255,
        0.9247999787330627
    ],
    "epoch_losses": [
        1.423828125,
        1.28125,
        1.25,
        1.20703125,
        1.18359375,
        1.1259765625,
        1.068359375,
        1.056640625,
        0.99609375,
        0.97705078125
    ]
}