{
    "opt": {
        "train_epochs": 9.9,
        "batch_size": 1024,
        "lr": 11.5,
        "momentum": 0.85,
        "weight_decay": 0.0153,
        "bias_scaler": 64.0,
        "label_smoothing": 0.2,
        "whiten_bias_epochs": 3
    },
    "aug": {
        "flip": true,
        "translate": 2
    },
    "net": {
        "widths": {
            "block1": 64,
            "block2": 256,
            "block3": 256
        },
        "batchnorm_momentum": 0.6,
        "scaling_factor": 0.1111111111111111,
        "tta_level": 2
    },
    "random_seed": 99,
    "git_commit_hash": "85402c5c6fafc553256ddda6a38a5e86792e3fed",
    "elapsed_wclock_time": 3.7659638352394107,
    "final acc": 0.9350000023841858,
    "last batch loss": 0.96533203125,
    "epoch_val_accs": [
        0.615399956703186,
        0.6275999546051025,
        0.733299970626831,
        0.7982999682426453,
        0.8057999610900879,
        0.8253999948501587,
        0.8456999659538269,
        0.887999951839447,
        0.9091999530792236,
        0.9261999726295471
    ],
    "epoch_losses": [
        1.4638671875,
        1.3173828125,
        1.23828125,
        1.1962890625,
        1.1650390625,
        1.1005859375,
        1.08984375,
        1.0458984375,
        1.0107421875,
        0.96533203125
    ]
}