{
    "opt": {
        "train_epochs": 9.9,
        "batch_size": 1024,
        "lr": 11.5,
        "momentum": 0.85,
        "weight_decay": 0.0153,
        "bias_scaler": 64.0,
        "label_smoothing": 0.2,
        "whiten_bias_epochs": 3
    },
    "aug": {
        "flip": true,
        "translate": 2
    },
    "net": {
        "widths": {
            "block1": 64,
            "block2": 256,
            "block3": 256
        },
        "batchnorm_momentum": 0.6,
        "scaling_factor": 0.1111111111111111,
        "tta_level": 2
    },
    "random_seed": 99,
    "git_commit_hash": "85402c5c6fafc553256ddda6a38a5e86792e3fed",
    "elapsed_wclock_time": 3.8543823776245123,
    "final acc": 0.9291999936103821,
    "last batch loss": 0.97802734375,
    "epoch_val_accs": [
        0.6473000049591064,
        0.7698999643325806,
        0.7883999943733215,
        0.687999963760376,
        0.8000999689102173,
        0.821899950504303,
        0.8690999746322632,
        0.8916999697685242,
        0.9056999683380127,
        0.9205999970436096
    ],
    "epoch_losses": [
        1.4423828125,
        1.3203125,
        1.248046875,
        1.1953125,
        1.142578125,
        1.1337890625,
        1.0869140625,
        1.0302734375,
        1.0107421875,
        0.97802734375
    ]
}