{
    "opt": {
        "train_epochs": 9.9,
        "batch_size": 1024,
        "lr": 11.5,
        "momentum": 0.85,
        "weight_decay": 0.0153,
        "bias_scaler": 64.0,
        "label_smoothing": 0.2,
        "whiten_bias_epochs": 3
    },
    "aug": {
        "flip": true,
        "translate": 2
    },
    "net": {
        "widths": {
            "block1": 64,
            "block2": 256,
            "block3": 256
        },
        "batchnorm_momentum": 0.6,
        "scaling_factor": 0.1111111111111111,
        "tta_level": 2
    },
    "random_seed": 99,
    "git_commit_hash": "85402c5c6fafc553256ddda6a38a5e86792e3fed",
    "elapsed_wclock_time": 3.898141701221466,
    "final acc": 0.9339999556541443,
    "last batch loss": 0.96533203125,
    "epoch_val_accs": [
        0.6301000118255615,
        0.6865999698638916,
        0.736799955368042,
        0.7991999983787537,
        0.8334999680519104,
        0.8299999833106995,
        0.8806999921798706,
        0.8836999535560608,
        0.9061999917030334,
        0.9258999824523926
    ],
    "epoch_losses": [
        1.490234375,
        1.3076171875,
        1.2109375,
        1.1865234375,
        1.1474609375,
        1.1298828125,
        1.0615234375,
        1.0615234375,
        0.9931640625,
        0.96533203125
    ]
}