{
    "opt": {
        "train_epochs": 9.9,
        "batch_size": 1024,
        "lr": 11.5,
        "momentum": 0.85,
        "weight_decay": 0.0153,
        "bias_scaler": 64.0,
        "label_smoothing": 0.2,
        "whiten_bias_epochs": 3
    },
    "aug": {
        "flip": true,
        "translate": 2
    },
    "net": {
        "widths": {
            "block1": 64,
            "block2": 256,
            "block3": 256
        },
        "batchnorm_momentum": 0.6,
        "scaling_factor": 0.1111111111111111,
        "tta_level": 2
    },
    "random_seed": 99,
    "git_commit_hash": "85402c5c6fafc553256ddda6a38a5e86792e3fed",
    "elapsed_wclock_time": 3.857783036470413,
    "final acc": 0.9323999881744385,
    "last batch loss": 0.96484375,
    "epoch_val_accs": [
        0.6635000109672546,
        0.6936999559402466,
        0.7504000067710876,
        0.7560999989509583,
        0.7843999862670898,
        0.7967000007629395,
        0.884399950504303,
        0.8886999487876892,
        0.9132999777793884,
        0.9264999628067017
    ],
    "epoch_losses": [
        1.4716796875,
        1.30859375,
        1.203125,
        1.16796875,
        1.1484375,
        1.1162109375,
        1.099609375,
        1.03515625,
        1.0009765625,
        0.96484375
    ]
}