{
    "opt": {
        "train_epochs": 9.9,
        "batch_size": 1024,
        "lr": 11.5,
        "momentum": 0.85,
        "weight_decay": 0.0153,
        "bias_scaler": 64.0,
        "label_smoothing": 0.2,
        "whiten_bias_epochs": 3
    },
    "aug": {
        "flip": true,
        "translate": 2
    },
    "net": {
        "widths": {
            "block1": 64,
            "block2": 256,
            "block3": 256
        },
        "batchnorm_momentum": 0.6,
        "scaling_factor": 0.1111111111111111,
        "tta_level": 2
    },
    "random_seed": 99,
    "git_commit_hash": "85402c5c6fafc553256ddda6a38a5e86792e3fed",
    "elapsed_wclock_time": 3.850411784887314,
    "final acc": 0.9309999942779541,
    "last batch loss": 0.958984375,
    "epoch_val_accs": [
        0.6845999956130981,
        0.7360000014305115,
        0.7935999631881714,
        0.7831000089645386,
        0.8453999757766724,
        0.8600999712944031,
        0.8513000011444092,
        0.8716999888420105,
        0.9101999998092651,
        0.92249995470047
    ],
    "epoch_losses": [
        1.4541015625,
        1.298828125,
        1.234375,
        1.1728515625,
        1.1513671875,
        1.1259765625,
        1.0693359375,
        1.05078125,
        0.990234375,
        0.958984375
    ]
}