{
    "opt": {
        "train_epochs": 9.9,
        "batch_size": 1024,
        "lr": 11.5,
        "momentum": 0.85,
        "weight_decay": 0.0153,
        "bias_scaler": 64.0,
        "label_smoothing": 0.2,
        "whiten_bias_epochs": 3
    },
    "aug": {
        "flip": true,
        "translate": 2
    },
    "net": {
        "widths": {
            "block1": 64,
            "block2": 256,
            "block3": 256
        },
        "batchnorm_momentum": 0.6,
        "scaling_factor": 0.1111111111111111,
        "tta_level": 2
    },
    "random_seed": 99,
    "git_commit_hash": "85402c5c6fafc553256ddda6a38a5e86792e3fed",
    "elapsed_wclock_time": 3.850279601812363,
    "final acc": 0.9298999905586243,
    "last batch loss": 0.9716796875,
    "epoch_val_accs": [
        0.6723999977111816,
        0.687999963760376,
        0.7736999988555908,
        0.7075999975204468,
        0.8369999527931213,
        0.8222999572753906,
        0.8844999670982361,
        0.8890999555587769,
        0.9126999974250793,
        0.9246000051498413
    ],
    "epoch_losses": [
        1.451171875,
        1.353515625,
        1.224609375,
        1.2060546875,
        1.1748046875,
        1.109375,
        1.0849609375,
        1.0791015625,
        1.0087890625,
        0.9716796875
    ]
}