{
    "opt": {
        "train_epochs": 9.9,
        "batch_size": 1024,
        "lr": 11.5,
        "momentum": 0.85,
        "weight_decay": 0.0153,
        "bias_scaler": 64.0,
        "label_smoothing": 0.2,
        "whiten_bias_epochs": 3
    },
    "aug": {
        "flip": true,
        "translate": 2
    },
    "net": {
        "widths": {
            "block1": 64,
            "block2": 256,
            "block3": 256
        },
        "batchnorm_momentum": 0.6,
        "scaling_factor": 0.1111111111111111,
        "tta_level": 2
    },
    "random_seed": 99,
    "git_commit_hash": "85402c5c6fafc553256ddda6a38a5e86792e3fed",
    "elapsed_wclock_time": 3.9018455638885494,
    "final acc": 0.9325000047683716,
    "last batch loss": 0.9638671875,
    "epoch_val_accs": [
        0.6601999998092651,
        0.7179999947547913,
        0.7366999983787537,
        0.7854999899864197,
        0.8267999887466431,
        0.8222999572753906,
        0.8575999736785889,
        0.8883999586105347,
        0.90829998254776,
        0.9246999621391296
    ],
    "epoch_losses": [
        1.4345703125,
        1.31640625,
        1.3115234375,
        1.1982421875,
        1.1337890625,
        1.1103515625,
        1.06640625,
        1.052734375,
        1.0,
        0.9638671875
    ]
}