{
    "opt": {
        "train_epochs": 9.9,
        "batch_size": 1024,
        "lr": 11.5,
        "momentum": 0.85,
        "weight_decay": 0.0153,
        "bias_scaler": 64.0,
        "label_smoothing": 0.2,
        "whiten_bias_epochs": 3
    },
    "aug": {
        "flip": true,
        "translate": 2
    },
    "net": {
        "widths": {
            "block1": 64,
            "block2": 256,
            "block3": 256
        },
        "batchnorm_momentum": 0.6,
        "scaling_factor": 0.1111111111111111,
        "tta_level": 2
    },
    "random_seed": 99,
    "git_commit_hash": "85402c5c6fafc553256ddda6a38a5e86792e3fed",
    "elapsed_wclock_time": 3.810851739883423,
    "final acc": 0.9310999512672424,
    "last batch loss": 0.96630859375,
    "epoch_val_accs": [
        0.6460999846458435,
        0.767799973487854,
        0.7335999608039856,
        0.7811999917030334,
        0.8014999628067017,
        0.8506999611854553,
        0.8583999872207642,
        0.8782999515533447,
        0.9074999690055847,
        0.9250999689102173
    ],
    "epoch_losses": [
        1.4609375,
        1.271484375,
        1.248046875,
        1.1748046875,
        1.162109375,
        1.0986328125,
        1.0732421875,
        1.05078125,
        1.0009765625,
        0.96630859375
    ]
}