{
    "opt": {
        "train_epochs": 9.9,
        "batch_size": 1024,
        "lr": 11.5,
        "momentum": 0.85,
        "weight_decay": 0.0153,
        "bias_scaler": 64.0,
        "label_smoothing": 0.2,
        "whiten_bias_epochs": 3
    },
    "aug": {
        "flip": true,
        "translate": 2
    },
    "net": {
        "widths": {
            "block1": 64,
            "block2": 256,
            "block3": 256
        },
        "batchnorm_momentum": 0.6,
        "scaling_factor": 0.1111111111111111,
        "tta_level": 2
    },
    "random_seed": 99,
    "git_commit_hash": "85402c5c6fafc553256ddda6a38a5e86792e3fed",
    "elapsed_wclock_time": 3.7615795726776122,
    "final acc": 0.9350999593734741,
    "last batch loss": 0.96044921875,
    "epoch_val_accs": [
        0.6821999549865723,
        0.6847000122070312,
        0.7946999669075012,
        0.7164999842643738,
        0.8237999677658081,
        0.7817999720573425,
        0.8725999593734741,
        0.882099986076355,
        0.9109999537467957,
        0.9264000058174133
    ],
    "epoch_losses": [
        1.4384765625,
        1.2744140625,
        1.2177734375,
        1.2294921875,
        1.1640625,
        1.1240234375,
        1.07421875,
        1.0654296875,
        0.98486328125,
        0.96044921875
    ]
}