{
    "opt": {
        "train_epochs": 9.9,
        "batch_size": 1024,
        "lr": 11.5,
        "momentum": 0.85,
        "weight_decay": 0.0153,
        "bias_scaler": 64.0,
        "label_smoothing": 0.2,
        "whiten_bias_epochs": 3
    },
    "aug": {
        "flip": true,
        "translate": 2
    },
    "net": {
        "widths": {
            "block1": 64,
            "block2": 256,
            "block3": 256
        },
        "batchnorm_momentum": 0.6,
        "scaling_factor": 0.1111111111111111,
        "tta_level": 2
    },
    "random_seed": 99,
    "git_commit_hash": "85402c5c6fafc553256ddda6a38a5e86792e3fed",
    "elapsed_wclock_time": 3.85288435459137,
    "final acc": 0.9348999857902527,
    "last batch loss": 0.9697265625,
    "epoch_val_accs": [
        0.5859000086784363,
        0.708899974822998,
        0.7566999793052673,
        0.7297999858856201,
        0.8391000032424927,
        0.8521999716758728,
        0.8697999715805054,
        0.8937000036239624,
        0.9077000021934509,
        0.9253999590873718
    ],
    "epoch_losses": [
        1.4609375,
        1.3271484375,
        1.2392578125,
        1.18359375,
        1.1669921875,
        1.1259765625,
        1.056640625,
        1.0380859375,
        1.0009765625,
        0.9697265625
    ]
}