{
    "opt": {
        "train_epochs": 9.9,
        "batch_size": 1024,
        "lr": 11.5,
        "momentum": 0.85,
        "weight_decay": 0.0153,
        "bias_scaler": 64.0,
        "label_smoothing": 0.2,
        "whiten_bias_epochs": 3
    },
    "aug": {
        "flip": true,
        "translate": 2
    },
    "net": {
        "widths": {
            "block1": 64,
            "block2": 256,
            "block3": 256
        },
        "batchnorm_momentum": 0.6,
        "scaling_factor": 0.1111111111111111,
        "tta_level": 2
    },
    "random_seed": 99,
    "git_commit_hash": "85402c5c6fafc553256ddda6a38a5e86792e3fed",
    "elapsed_wclock_time": 3.764331919193268,
    "final acc": 0.9310999512672424,
    "last batch loss": 0.97119140625,
    "epoch_val_accs": [
        0.6538000106811523,
        0.7283999919891357,
        0.7827000021934509,
        0.819599986076355,
        0.8316999673843384,
        0.7985000014305115,
        0.8707999587059021,
        0.883899986743927,
        0.9101999998092651,
        0.9210999608039856
    ],
    "epoch_losses": [
        1.49609375,
        1.2626953125,
        1.2119140625,
        1.1923828125,
        1.1650390625,
        1.125,
        1.1044921875,
        1.046875,
        1.009765625,
        0.97119140625
    ]
}