{
    "opt": {
        "train_epochs": 9.9,
        "batch_size": 1024,
        "lr": 11.5,
        "momentum": 0.85,
        "weight_decay": 0.0153,
        "bias_scaler": 64.0,
        "label_smoothing": 0.2,
        "whiten_bias_epochs": 3
    },
    "aug": {
        "flip": true,
        "translate": 2
    },
    "net": {
        "widths": {
            "block1": 64,
            "block2": 256,
            "block3": 256
        },
        "batchnorm_momentum": 0.6,
        "scaling_factor": 0.1111111111111111,
        "tta_level": 2
    },
    "random_seed": 99,
    "git_commit_hash": "85402c5c6fafc553256ddda6a38a5e86792e3fed",
    "elapsed_wclock_time": 3.853468238830566,
    "final acc": 0.9333999752998352,
    "last batch loss": 0.95947265625,
    "epoch_val_accs": [
        0.6926000118255615,
        0.6798999905586243,
        0.8111000061035156,
        0.8179999589920044,
        0.8309999704360962,
        0.8450999855995178,
        0.8851999640464783,
        0.8865999579429626,
        0.9124999642372131,
        0.9222999811172485
    ],
    "epoch_losses": [
        1.466796875,
        1.306640625,
        1.228515625,
        1.19921875,
        1.166015625,
        1.111328125,
        1.08203125,
        1.04296875,
        1.0029296875,
        0.95947265625
    ]
}