{
    "opt": {
        "train_epochs": 9.9,
        "batch_size": 1024,
        "lr": 11.5,
        "momentum": 0.85,
        "weight_decay": 0.0153,
        "bias_scaler": 64.0,
        "label_smoothing": 0.2,
        "whiten_bias_epochs": 3
    },
    "aug": {
        "flip": true,
        "translate": 2
    },
    "net": {
        "widths": {
            "block1": 64,
            "block2": 256,
            "block3": 256
        },
        "batchnorm_momentum": 0.6,
        "scaling_factor": 0.1111111111111111,
        "tta_level": 2
    },
    "random_seed": 99,
    "git_commit_hash": "85402c5c6fafc553256ddda6a38a5e86792e3fed",
    "elapsed_wclock_time": 3.9057517282962797,
    "final acc": 0.9332999587059021,
    "last batch loss": 0.9697265625,
    "epoch_val_accs": [
        0.6473000049591064,
        0.6969999670982361,
        0.7179999947547913,
        0.7698000073432922,
        0.8337999582290649,
        0.8265999555587769,
        0.8812999725341797,
        0.8834999799728394,
        0.9044999480247498,
        0.9238999485969543
    ],
    "epoch_losses": [
        1.4443359375,
        1.2548828125,
        1.2158203125,
        1.1982421875,
        1.1630859375,
        1.150390625,
        1.060546875,
        1.0458984375,
        1.0107421875,
        0.9697265625
    ]
}