{
    "opt": {
        "train_epochs": 9.9,
        "batch_size": 1024,
        "lr": 11.5,
        "momentum": 0.85,
        "weight_decay": 0.0153,
        "bias_scaler": 64.0,
        "label_smoothing": 0.2,
        "whiten_bias_epochs": 3
    },
    "aug": {
        "flip": true,
        "translate": 2
    },
    "net": {
        "widths": {
            "block1": 64,
            "block2": 256,
            "block3": 256
        },
        "batchnorm_momentum": 0.6,
        "scaling_factor": 0.1111111111111111,
        "tta_level": 2
    },
    "random_seed": 99,
    "git_commit_hash": "85402c5c6fafc553256ddda6a38a5e86792e3fed",
    "elapsed_wclock_time": 3.848934267520904,
    "final acc": 0.9311999678611755,
    "last batch loss": 0.9609375,
    "epoch_val_accs": [
        0.648099958896637,
        0.6550999879837036,
        0.7113999724388123,
        0.8003000020980835,
        0.8470999598503113,
        0.8452000021934509,
        0.8721999526023865,
        0.8601999878883362,
        0.9102999567985535,
        0.924299955368042
    ],
    "epoch_losses": [
        1.43359375,
        1.2958984375,
        1.205078125,
        1.193359375,
        1.1328125,
        1.1181640625,
        1.0693359375,
        1.0478515625,
        0.99169921875,
        0.9609375
    ]
}