{
    "opt": {
        "train_epochs": 9.9,
        "batch_size": 1024,
        "lr": 11.5,
        "momentum": 0.85,
        "weight_decay": 0.0153,
        "bias_scaler": 64.0,
        "label_smoothing": 0.2,
        "whiten_bias_epochs": 3
    },
    "aug": {
        "flip": true,
        "translate": 2
    },
    "net": {
        "widths": {
            "block1": 64,
            "block2": 256,
            "block3": 256
        },
        "batchnorm_momentum": 0.6,
        "scaling_factor": 0.1111111111111111,
        "tta_level": 2
    },
    "random_seed": 99,
    "git_commit_hash": "85402c5c6fafc553256ddda6a38a5e86792e3fed",
    "elapsed_wclock_time": 3.8510969033241276,
    "final acc": 0.9319999814033508,
    "last batch loss": 0.9501953125,
    "epoch_val_accs": [
        0.655299961566925,
        0.6171000003814697,
        0.6882999539375305,
        0.8030999898910522,
        0.849399983882904,
        0.8374999761581421,
        0.878600001335144,
        0.8788999915122986,
        0.9099999666213989,
        0.9230999946594238
    ],
    "epoch_losses": [
        1.43359375,
        1.3408203125,
        1.2646484375,
        1.185546875,
        1.1533203125,
        1.1240234375,
        1.0732421875,
        1.0458984375,
        1.009765625,
        0.9501953125
    ]
}