{
    "opt": {
        "train_epochs": 9.9,
        "batch_size": 1024,
        "lr": 11.5,
        "momentum": 0.85,
        "weight_decay": 0.0153,
        "bias_scaler": 64.0,
        "label_smoothing": 0.2,
        "whiten_bias_epochs": 3
    },
    "aug": {
        "flip": true,
        "translate": 2
    },
    "net": {
        "widths": {
            "block1": 64,
            "block2": 256,
            "block3": 256
        },
        "batchnorm_momentum": 0.6,
        "scaling_factor": 0.1111111111111111,
        "tta_level": 2
    },
    "random_seed": 99,
    "git_commit_hash": "85402c5c6fafc553256ddda6a38a5e86792e3fed",
    "elapsed_wclock_time": 3.9007329349517827,
    "final acc": 0.9329999685287476,
    "last batch loss": 0.95654296875,
    "epoch_val_accs": [
        0.7055999636650085,
        0.689300000667572,
        0.7479000091552734,
        0.801099956035614,
        0.8068999648094177,
        0.8447999954223633,
        0.8720999956130981,
        0.894599974155426,
        0.9113999605178833,
        0.9254999756813049
    ],
    "epoch_losses": [
        1.4580078125,
        1.333984375,
        1.22265625,
        1.17578125,
        1.169921875,
        1.123046875,
        1.0849609375,
        1.0322265625,
        1.0078125,
        0.95654296875
    ]
}