{
    "opt": {
        "train_epochs": 9.9,
        "batch_size": 1024,
        "lr": 11.5,
        "momentum": 0.85,
        "weight_decay": 0.0153,
        "bias_scaler": 64.0,
        "label_smoothing": 0.2,
        "whiten_bias_epochs": 3
    },
    "aug": {
        "flip": true,
        "translate": 2
    },
    "net": {
        "widths": {
            "block1": 64,
            "block2": 256,
            "block3": 256
        },
        "batchnorm_momentum": 0.6,
        "scaling_factor": 0.1111111111111111,
        "tta_level": 2
    },
    "random_seed": 99,
    "git_commit_hash": "85402c5c6fafc553256ddda6a38a5e86792e3fed",
    "elapsed_wclock_time": 3.8179026656150814,
    "final acc": 0.9327999949455261,
    "last batch loss": 0.96533203125,
    "epoch_val_accs": [
        0.7005999684333801,
        0.7272999882698059,
        0.7633999586105347,
        0.7723000049591064,
        0.8471999764442444,
        0.8173999786376953,
        0.8779999613761902,
        0.8755999803543091,
        0.9083999991416931,
        0.9233999848365784
    ],
    "epoch_losses": [
        1.455078125,
        1.3349609375,
        1.2001953125,
        1.21875,
        1.1572265625,
        1.1279296875,
        1.0654296875,
        1.064453125,
        1.001953125,
        0.96533203125
    ]
}