{
    "opt": {
        "train_epochs": 9.9,
        "batch_size": 1024,
        "lr": 11.5,
        "momentum": 0.85,
        "weight_decay": 0.0153,
        "bias_scaler": 64.0,
        "label_smoothing": 0.2,
        "whiten_bias_epochs": 3
    },
    "aug": {
        "flip": true,
        "translate": 2
    },
    "net": {
        "widths": {
            "block1": 64,
            "block2": 256,
            "block3": 256
        },
        "batchnorm_momentum": 0.6,
        "scaling_factor": 0.1111111111111111,
        "tta_level": 2
    },
    "random_seed": 99,
    "git_commit_hash": "85402c5c6fafc553256ddda6a38a5e86792e3fed",
    "elapsed_wclock_time": 3.8499656753540035,
    "final acc": 0.9329999685287476,
    "last batch loss": 0.955078125,
    "epoch_val_accs": [
        0.6615999937057495,
        0.790399968624115,
        0.7373999953269958,
        0.7718999981880188,
        0.8314999938011169,
        0.8471999764442444,
        0.8614999651908875,
        0.8764999508857727,
        0.9070000052452087,
        0.9217999577522278
    ],
    "epoch_losses": [
        1.4814453125,
        1.2783203125,
        1.27734375,
        1.1650390625,
        1.18359375,
        1.1083984375,
        1.06640625,
        1.03125,
        1.0048828125,
        0.955078125
    ]
}