{
    "opt": {
        "train_epochs": 9.9,
        "batch_size": 1024,
        "lr": 11.5,
        "momentum": 0.85,
        "weight_decay": 0.0153,
        "bias_scaler": 64.0,
        "label_smoothing": 0.2,
        "whiten_bias_epochs": 3
    },
    "aug": {
        "flip": true,
        "translate": 2
    },
    "net": {
        "widths": {
            "block1": 64,
            "block2": 256,
            "block3": 256
        },
        "batchnorm_momentum": 0.6,
        "scaling_factor": 0.1111111111111111,
        "tta_level": 2
    },
    "random_seed": 99,
    "git_commit_hash": "85402c5c6fafc553256ddda6a38a5e86792e3fed",
    "elapsed_wclock_time": 3.8887747149467464,
    "final acc": 0.9332000017166138,
    "last batch loss": 0.97509765625,
    "epoch_val_accs": [
        0.6347999572753906,
        0.6319000124931335,
        0.8197000026702881,
        0.7827999591827393,
        0.8375999927520752,
        0.8515999913215637,
        0.8611999750137329,
        0.8966999650001526,
        0.9142999649047852,
        0.9265999794006348
    ],
    "epoch_losses": [
        1.4658203125,
        1.322265625,
        1.21484375,
        1.2197265625,
        1.18359375,
        1.1240234375,
        1.068359375,
        1.0380859375,
        1.0,
        0.97509765625
    ]
}