{
    "opt": {
        "train_epochs": 9.9,
        "batch_size": 1024,
        "lr": 11.5,
        "momentum": 0.85,
        "weight_decay": 0.0153,
        "bias_scaler": 64.0,
        "label_smoothing": 0.2,
        "whiten_bias_epochs": 3
    },
    "aug": {
        "flip": true,
        "translate": 2
    },
    "net": {
        "widths": {
            "block1": 64,
            "block2": 256,
            "block3": 256
        },
        "batchnorm_momentum": 0.6,
        "scaling_factor": 0.1111111111111111,
        "tta_level": 2
    },
    "random_seed": 99,
    "git_commit_hash": "85402c5c6fafc553256ddda6a38a5e86792e3fed",
    "elapsed_wclock_time": 3.7750510184764865,
    "final acc": 0.9319999814033508,
    "last batch loss": 0.9619140625,
    "epoch_val_accs": [
        0.6523000001907349,
        0.6502999663352966,
        0.7762999534606934,
        0.7983999848365784,
        0.7746999859809875,
        0.8262999653816223,
        0.8852999806404114,
        0.8791999816894531,
        0.9054999947547913,
        0.9257999658584595
    ],
    "epoch_losses": [
        1.4521484375,
        1.326171875,
        1.25390625,
        1.1806640625,
        1.14453125,
        1.1484375,
        1.0712890625,
        1.0595703125,
        0.99609375,
        0.9619140625
    ]
}