{
    "opt": {
        "train_epochs": 9.9,
        "batch_size": 1024,
        "lr": 11.5,
        "momentum": 0.85,
        "weight_decay": 0.0153,
        "bias_scaler": 64.0,
        "label_smoothing": 0.2,
        "whiten_bias_epochs": 3
    },
    "aug": {
        "flip": true,
        "translate": 2
    },
    "net": {
        "widths": {
            "block1": 64,
            "block2": 256,
            "block3": 256
        },
        "batchnorm_momentum": 0.6,
        "scaling_factor": 0.1111111111111111,
        "tta_level": 2
    },
    "random_seed": 99,
    "git_commit_hash": "85402c5c6fafc553256ddda6a38a5e86792e3fed",
    "elapsed_wclock_time": 3.937628605127335,
    "final acc": 0.9315999746322632,
    "last batch loss": 0.96630859375,
    "epoch_val_accs": [
        0.6367999911308289,
        0.6604999899864197,
        0.7775999903678894,
        0.7746999859809875,
        0.8256999850273132,
        0.8118999600410461,
        0.8781999945640564,
        0.8780999779701233,
        0.914199948310852,
        0.9217999577522278
    ],
    "epoch_losses": [
        1.4853515625,
        1.2763671875,
        1.21875,
        1.1728515625,
        1.1650390625,
        1.1494140625,
        1.08203125,
        1.0576171875,
        1.0048828125,
        0.96630859375
    ]
}