{
    "opt": {
        "train_epochs": 9.9,
        "batch_size": 1024,
        "lr": 11.5,
        "momentum": 0.85,
        "weight_decay": 0.0153,
        "bias_scaler": 64.0,
        "label_smoothing": 0.2,
        "whiten_bias_epochs": 3
    },
    "aug": {
        "flip": true,
        "translate": 2
    },
    "net": {
        "widths": {
            "block1": 64,
            "block2": 256,
            "block3": 256
        },
        "batchnorm_momentum": 0.6,
        "scaling_factor": 0.1111111111111111,
        "tta_level": 2
    },
    "random_seed": 99,
    "git_commit_hash": "85402c5c6fafc553256ddda6a38a5e86792e3fed",
    "elapsed_wclock_time": 3.8916135168075554,
    "final acc": 0.9333999752998352,
    "last batch loss": 0.9619140625,
    "epoch_val_accs": [
        0.6252999901771545,
        0.746399998664856,
        0.7619999647140503,
        0.7858999967575073,
        0.8136000037193298,
        0.8305999636650085,
        0.8551999926567078,
        0.8863999843597412,
        0.9078999757766724,
        0.9235000014305115
    ],
    "epoch_losses": [
        1.45703125,
        1.2978515625,
        1.248046875,
        1.1708984375,
        1.1552734375,
        1.1142578125,
        1.0771484375,
        1.05859375,
        1.0185546875,
        0.9619140625
    ]
}