{
    "opt": {
        "train_epochs": 9.9,
        "batch_size": 1024,
        "lr": 11.5,
        "momentum": 0.85,
        "weight_decay": 0.0153,
        "bias_scaler": 64.0,
        "label_smoothing": 0.2,
        "whiten_bias_epochs": 3
    },
    "aug": {
        "flip": true,
        "translate": 2
    },
    "net": {
        "widths": {
            "block1": 64,
            "block2": 256,
            "block3": 256
        },
        "batchnorm_momentum": 0.6,
        "scaling_factor": 0.1111111111111111,
        "tta_level": 2
    },
    "random_seed": 99,
    "git_commit_hash": "85402c5c6fafc553256ddda6a38a5e86792e3fed",
    "elapsed_wclock_time": 3.8947443003654474,
    "final acc": 0.936199963092804,
    "last batch loss": 0.96484375,
    "epoch_val_accs": [
        0.6425999999046326,
        0.6607999801635742,
        0.7461000084877014,
        0.8012999892234802,
        0.8316999673843384,
        0.8435999751091003,
        0.8560999631881714,
        0.8910999894142151,
        0.911899983882904,
        0.9276999831199646
    ],
    "epoch_losses": [
        1.4697265625,
        1.318359375,
        1.2373046875,
        1.1689453125,
        1.1650390625,
        1.1181640625,
        1.06640625,
        1.048828125,
        1.0146484375,
        0.96484375
    ]
}