{
    "opt": {
        "train_epochs": 9.9,
        "batch_size": 1024,
        "lr": 11.5,
        "momentum": 0.85,
        "weight_decay": 0.0153,
        "bias_scaler": 64.0,
        "label_smoothing": 0.2,
        "whiten_bias_epochs": 3
    },
    "aug": {
        "flip": true,
        "translate": 2
    },
    "net": {
        "widths": {
            "block1": 64,
            "block2": 256,
            "block3": 256
        },
        "batchnorm_momentum": 0.6,
        "scaling_factor": 0.1111111111111111,
        "tta_level": 2
    },
    "random_seed": 99,
    "git_commit_hash": "85402c5c6fafc553256ddda6a38a5e86792e3fed",
    "elapsed_wclock_time": 3.8117430896759035,
    "final acc": 0.936199963092804,
    "last batch loss": 0.97021484375,
    "epoch_val_accs": [
        0.6435999870300293,
        0.6843000054359436,
        0.7393999695777893,
        0.7125999927520752,
        0.84579998254776,
        0.8533999919891357,
        0.8673999905586243,
        0.8888999819755554,
        0.916700005531311,
        0.9277999997138977
    ],
    "epoch_losses": [
        1.4619140625,
        1.294921875,
        1.2490234375,
        1.1767578125,
        1.1416015625,
        1.11328125,
        1.0771484375,
        1.064453125,
        1.0,
        0.97021484375
    ]
}