{
    "opt": {
        "train_epochs": 9.9,
        "batch_size": 1024,
        "lr": 11.5,
        "momentum": 0.85,
        "weight_decay": 0.0153,
        "bias_scaler": 64.0,
        "label_smoothing": 0.2,
        "whiten_bias_epochs": 3
    },
    "aug": {
        "flip": true,
        "translate": 2
    },
    "net": {
        "widths": {
            "block1": 64,
            "block2": 256,
            "block3": 256
        },
        "batchnorm_momentum": 0.6,
        "scaling_factor": 0.1111111111111111,
        "tta_level": 2
    },
    "random_seed": 99,
    "git_commit_hash": "85402c5c6fafc553256ddda6a38a5e86792e3fed",
    "elapsed_wclock_time": 3.7658946821689607,
    "final acc": 0.932699978351593,
    "last batch loss": 0.96630859375,
    "epoch_val_accs": [
        0.4625999927520752,
        0.718999981880188,
        0.5895000100135803,
        0.7723000049591064,
        0.824400007724762,
        0.8089999556541443,
        0.8623999953269958,
        0.8773999810218811,
        0.9057999849319458,
        0.9239999651908875
    ],
    "epoch_losses": [
        1.4912109375,
        1.30078125,
        1.2744140625,
        1.1806640625,
        1.1513671875,
        1.126953125,
        1.0771484375,
        1.037109375,
        0.9873046875,
        0.96630859375
    ]
}