{
    "opt": {
        "train_epochs": 9.9,
        "batch_size": 1024,
        "lr": 11.5,
        "momentum": 0.85,
        "weight_decay": 0.0153,
        "bias_scaler": 64.0,
        "label_smoothing": 0.2,
        "whiten_bias_epochs": 3
    },
    "aug": {
        "flip": true,
        "translate": 2
    },
    "net": {
        "widths": {
            "block1": 64,
            "block2": 256,
            "block3": 256
        },
        "batchnorm_momentum": 0.6,
        "scaling_factor": 0.1111111111111111,
        "tta_level": 2
    },
    "random_seed": 99,
    "git_commit_hash": "85402c5c6fafc553256ddda6a38a5e86792e3fed",
    "elapsed_wclock_time": 3.8587460250854497,
    "final acc": 0.9325000047683716,
    "last batch loss": 0.95703125,
    "epoch_val_accs": [
        0.6714999675750732,
        0.7142999768257141,
        0.7454999685287476,
        0.7949000000953674,
        0.8416999578475952,
        0.8077999949455261,
        0.8547999858856201,
        0.8849999904632568,
        0.9143999814987183,
        0.9243999719619751
    ],
    "epoch_losses": [
        1.4892578125,
        1.2861328125,
        1.2421875,
        1.17578125,
        1.1513671875,
        1.134765625,
        1.0537109375,
        1.0595703125,
        1.0107421875,
        0.95703125
    ]
}