{
    "opt": {
        "train_epochs": 9.9,
        "batch_size": 1024,
        "lr": 11.5,
        "momentum": 0.85,
        "weight_decay": 0.0153,
        "bias_scaler": 64.0,
        "label_smoothing": 0.2,
        "whiten_bias_epochs": 3
    },
    "aug": {
        "flip": true,
        "translate": 2
    },
    "net": {
        "widths": {
            "block1": 64,
            "block2": 256,
            "block3": 256
        },
        "batchnorm_momentum": 0.6,
        "scaling_factor": 0.1111111111111111,
        "tta_level": 2
    },
    "random_seed": 99,
    "git_commit_hash": "85402c5c6fafc553256ddda6a38a5e86792e3fed",
    "elapsed_wclock_time": 3.890873621702194,
    "final acc": 0.9322999715805054,
    "last batch loss": 0.97412109375,
    "epoch_val_accs": [
        0.627299964427948,
        0.7102000117301941,
        0.694599986076355,
        0.8090999722480774,
        0.762499988079071,
        0.8561999797821045,
        0.833299994468689,
        0.8685999512672424,
        0.9066999554634094,
        0.9228000044822693
    ],
    "epoch_losses": [
        1.455078125,
        1.314453125,
        1.236328125,
        1.193359375,
        1.158203125,
        1.1181640625,
        1.09765625,
        1.052734375,
        0.99560546875,
        0.97412109375
    ]
}