{
    "opt": {
        "train_epochs": 9.9,
        "batch_size": 1024,
        "lr": 11.5,
        "momentum": 0.85,
        "weight_decay": 0.0153,
        "bias_scaler": 64.0,
        "label_smoothing": 0.2,
        "whiten_bias_epochs": 3
    },
    "aug": {
        "flip": true,
        "translate": 2
    },
    "net": {
        "widths": {
            "block1": 64,
            "block2": 256,
            "block3": 256
        },
        "batchnorm_momentum": 0.6,
        "scaling_factor": 0.1111111111111111,
        "tta_level": 2
    },
    "random_seed": 99,
    "git_commit_hash": "85402c5c6fafc553256ddda6a38a5e86792e3fed",
    "elapsed_wclock_time": 3.8470441205501555,
    "final acc": 0.9348999857902527,
    "last batch loss": 0.97021484375,
    "epoch_val_accs": [
        0.6053999662399292,
        0.5996999740600586,
        0.7364999651908875,
        0.7889999747276306,
        0.8060999512672424,
        0.8551999926567078,
        0.8621000051498413,
        0.8739999532699585,
        0.9080999493598938,
        0.9250999689102173
    ],
    "epoch_losses": [
        1.5009765625,
        1.3076171875,
        1.263671875,
        1.1826171875,
        1.1728515625,
        1.1591796875,
        1.0859375,
        1.05078125,
        1.0048828125,
        0.97021484375
    ]
}