{
    "opt": {
        "train_epochs": 9.9,
        "batch_size": 1024,
        "lr": 11.5,
        "momentum": 0.85,
        "weight_decay": 0.0153,
        "bias_scaler": 64.0,
        "label_smoothing": 0.2,
        "whiten_bias_epochs": 3
    },
    "aug": {
        "flip": true,
        "translate": 2
    },
    "net": {
        "widths": {
            "block1": 64,
            "block2": 256,
            "block3": 256
        },
        "batchnorm_momentum": 0.6,
        "scaling_factor": 0.1111111111111111,
        "tta_level": 2
    },
    "random_seed": 99,
    "git_commit_hash": "85402c5c6fafc553256ddda6a38a5e86792e3fed",
    "elapsed_wclock_time": 3.850543976306916,
    "final acc": 0.9329999685287476,
    "last batch loss": 0.96240234375,
    "epoch_val_accs": [
        0.6568999886512756,
        0.7006999850273132,
        0.6747999787330627,
        0.7200999855995178,
        0.8349999785423279,
        0.8194999694824219,
        0.8235999941825867,
        0.8754000067710876,
        0.9113999605178833,
        0.9235000014305115
    ],
    "epoch_losses": [
        1.470703125,
        1.2744140625,
        1.2255859375,
        1.234375,
        1.1923828125,
        1.1396484375,
        1.056640625,
        1.0556640625,
        1.0078125,
        0.96240234375
    ]
}