{
    "opt": {
        "train_epochs": 9.9,
        "batch_size": 1024,
        "lr": 11.5,
        "momentum": 0.85,
        "weight_decay": 0.0153,
        "bias_scaler": 64.0,
        "label_smoothing": 0.2,
        "whiten_bias_epochs": 3
    },
    "aug": {
        "flip": true,
        "translate": 2
    },
    "net": {
        "widths": {
            "block1": 64,
            "block2": 256,
            "block3": 256
        },
        "batchnorm_momentum": 0.6,
        "scaling_factor": 0.1111111111111111,
        "tta_level": 2
    },
    "random_seed": 99,
    "git_commit_hash": "85402c5c6fafc553256ddda6a38a5e86792e3fed",
    "elapsed_wclock_time": 3.907651659488678,
    "final acc": 0.9302999973297119,
    "last batch loss": 0.97412109375,
    "epoch_val_accs": [
        0.6108999848365784,
        0.78329998254776,
        0.7791999578475952,
        0.8140999674797058,
        0.802299976348877,
        0.8418999910354614,
        0.8575999736785889,
        0.8752999901771545,
        0.911300003528595,
        0.9240999817848206
    ],
    "epoch_losses": [
        1.509765625,
        1.3232421875,
        1.2509765625,
        1.18359375,
        1.169921875,
        1.13671875,
        1.0498046875,
        1.0576171875,
        0.99755859375,
        0.97412109375
    ]
}