{
    "opt": {
        "train_epochs": 9.9,
        "batch_size": 1024,
        "lr": 11.5,
        "momentum": 0.85,
        "weight_decay": 0.0153,
        "bias_scaler": 64.0,
        "label_smoothing": 0.2,
        "whiten_bias_epochs": 3
    },
    "aug": {
        "flip": true,
        "translate": 2
    },
    "net": {
        "widths": {
            "block1": 64,
            "block2": 256,
            "block3": 256
        },
        "batchnorm_momentum": 0.6,
        "scaling_factor": 0.1111111111111111,
        "tta_level": 2
    },
    "random_seed": 99,
    "git_commit_hash": "85402c5c6fafc553256ddda6a38a5e86792e3fed",
    "elapsed_wclock_time": 3.8932421817779552,
    "final acc": 0.9310999512672424,
    "last batch loss": 0.97802734375,
    "epoch_val_accs": [
        0.6086999773979187,
        0.6962999701499939,
        0.7475999593734741,
        0.7584999799728394,
        0.8423999547958374,
        0.8198999762535095,
        0.8718999624252319,
        0.8791999816894531,
        0.9115999937057495,
        0.9231999516487122
    ],
    "epoch_losses": [
        1.5009765625,
        1.3017578125,
        1.2431640625,
        1.1826171875,
        1.162109375,
        1.125,
        1.060546875,
        1.060546875,
        1.009765625,
        0.97802734375
    ]
}