{
    "opt": {
        "train_epochs": 9.9,
        "batch_size": 1024,
        "lr": 11.5,
        "momentum": 0.85,
        "weight_decay": 0.0153,
        "bias_scaler": 64.0,
        "label_smoothing": 0.2,
        "whiten_bias_epochs": 3
    },
    "aug": {
        "flip": true,
        "translate": 2
    },
    "net": {
        "widths": {
            "block1": 64,
            "block2": 256,
            "block3": 256
        },
        "batchnorm_momentum": 0.6,
        "scaling_factor": 0.1111111111111111,
        "tta_level": 2
    },
    "random_seed": 99,
    "git_commit_hash": "85402c5c6fafc553256ddda6a38a5e86792e3fed",
    "elapsed_wclock_time": 3.76958901309967,
    "final acc": 0.930899977684021,
    "last batch loss": 0.96728515625,
    "epoch_val_accs": [
        0.640999972820282,
        0.7554000020027161,
        0.7601999640464783,
        0.7901999950408936,
        0.8125999569892883,
        0.8517999649047852,
        0.8853999972343445,
        0.8888999819755554,
        0.911899983882904,
        0.9241999983787537
    ],
    "epoch_losses": [
        1.4423828125,
        1.296875,
        1.234375,
        1.2373046875,
        1.1630859375,
        1.150390625,
        1.06640625,
        1.0556640625,
        1.0048828125,
        0.96728515625
    ]
}