{
    "opt": {
        "train_epochs": 9.9,
        "batch_size": 1024,
        "lr": 11.5,
        "momentum": 0.85,
        "weight_decay": 0.0153,
        "bias_scaler": 64.0,
        "label_smoothing": 0.2,
        "whiten_bias_epochs": 3
    },
    "aug": {
        "flip": true,
        "translate": 2
    },
    "net": {
        "widths": {
            "block1": 64,
            "block2": 256,
            "block3": 256
        },
        "batchnorm_momentum": 0.6,
        "scaling_factor": 0.1111111111111111,
        "tta_level": 2
    },
    "random_seed": 99,
    "git_commit_hash": "85402c5c6fafc553256ddda6a38a5e86792e3fed",
    "elapsed_wclock_time": 3.888892856836319,
    "final acc": 0.9321999549865723,
    "last batch loss": 0.962890625,
    "epoch_val_accs": [
        0.6460999846458435,
        0.6633999943733215,
        0.7915999889373779,
        0.765500009059906,
        0.8111000061035156,
        0.8326999545097351,
        0.8661999702453613,
        0.8780999779701233,
        0.9161999821662903,
        0.9239999651908875
    ],
    "epoch_losses": [
        1.4638671875,
        1.3486328125,
        1.240234375,
        1.1630859375,
        1.154296875,
        1.125,
        1.083984375,
        1.05078125,
        0.99658203125,
        0.962890625
    ]
}