{
    "opt": {
        "train_epochs": 9.9,
        "batch_size": 1024,
        "lr": 11.5,
        "momentum": 0.85,
        "weight_decay": 0.0153,
        "bias_scaler": 64.0,
        "label_smoothing": 0.2,
        "whiten_bias_epochs": 3
    },
    "aug": {
        "flip": true,
        "translate": 2
    },
    "net": {
        "widths": {
            "block1": 64,
            "block2": 256,
            "block3": 256
        },
        "batchnorm_momentum": 0.6,
        "scaling_factor": 0.1111111111111111,
        "tta_level": 2
    },
    "random_seed": 99,
    "git_commit_hash": "85402c5c6fafc553256ddda6a38a5e86792e3fed",
    "elapsed_wclock_time": 3.8510464761257177,
    "final acc": 0.9355999827384949,
    "last batch loss": 0.9609375,
    "epoch_val_accs": [
        0.6498000025749207,
        0.676800012588501,
        0.7303999662399292,
        0.7387999892234802,
        0.7581999897956848,
        0.7287999987602234,
        0.8197999596595764,
        0.8855999708175659,
        0.9143999814987183,
        0.9253000020980835
    ],
    "epoch_losses": [
        1.4580078125,
        1.3037109375,
        1.216796875,
        1.1904296875,
        1.177734375,
        1.1103515625,
        1.1015625,
        1.0390625,
        0.99169921875,
        0.9609375
    ]
}