{
    "opt": {
        "train_epochs": 9.9,
        "batch_size": 1024,
        "lr": 11.5,
        "momentum": 0.85,
        "weight_decay": 0.0153,
        "bias_scaler": 64.0,
        "label_smoothing": 0.2,
        "whiten_bias_epochs": 3
    },
    "aug": {
        "flip": true,
        "translate": 2
    },
    "net": {
        "widths": {
            "block1": 64,
            "block2": 256,
            "block3": 256
        },
        "batchnorm_momentum": 0.6,
        "scaling_factor": 0.1111111111111111,
        "tta_level": 2
    },
    "random_seed": 99,
    "git_commit_hash": "85402c5c6fafc553256ddda6a38a5e86792e3fed",
    "elapsed_wclock_time": 3.85856581735611,
    "final acc": 0.9350000023841858,
    "last batch loss": 0.96826171875,
    "epoch_val_accs": [
        0.6870999932289124,
        0.6782999634742737,
        0.7461000084877014,
        0.752299964427948,
        0.836899995803833,
        0.8526999950408936,
        0.8736000061035156,
        0.8830999732017517,
        0.9174000024795532,
        0.9267999529838562
    ],
    "epoch_losses": [
        1.4638671875,
        1.3154296875,
        1.251953125,
        1.22265625,
        1.162109375,
        1.1240234375,
        1.0625,
        1.0615234375,
        0.9921875,
        0.96826171875
    ]
}