{
    "opt": {
        "train_epochs": 9.9,
        "batch_size": 1024,
        "lr": 11.5,
        "momentum": 0.85,
        "weight_decay": 0.0153,
        "bias_scaler": 64.0,
        "label_smoothing": 0.2,
        "whiten_bias_epochs": 3
    },
    "aug": {
        "flip": true,
        "translate": 2
    },
    "net": {
        "widths": {
            "block1": 64,
            "block2": 256,
            "block3": 256
        },
        "batchnorm_momentum": 0.6,
        "scaling_factor": 0.1111111111111111,
        "tta_level": 2
    },
    "random_seed": 99,
    "git_commit_hash": "85402c5c6fafc553256ddda6a38a5e86792e3fed",
    "elapsed_wclock_time": 3.851468150377274,
    "final acc": 0.9323999881744385,
    "last batch loss": 0.97021484375,
    "epoch_val_accs": [
        0.6898999810218811,
        0.7484999895095825,
        0.7730000019073486,
        0.7802000045776367,
        0.810699999332428,
        0.8555999994277954,
        0.8793999552726746,
        0.8896999955177307,
        0.9090999960899353,
        0.9271999597549438
    ],
    "epoch_losses": [
        1.4677734375,
        1.30078125,
        1.2216796875,
        1.1640625,
        1.15234375,
        1.11328125,
        1.07421875,
        1.056640625,
        0.98095703125,
        0.97021484375
    ]
}