{
    "opt": {
        "train_epochs": 9.9,
        "batch_size": 1024,
        "lr": 11.5,
        "momentum": 0.85,
        "weight_decay": 0.0153,
        "bias_scaler": 64.0,
        "label_smoothing": 0.2,
        "whiten_bias_epochs": 3
    },
    "aug": {
        "flip": true,
        "translate": 2
    },
    "net": {
        "widths": {
            "block1": 64,
            "block2": 256,
            "block3": 256
        },
        "batchnorm_momentum": 0.6,
        "scaling_factor": 0.1111111111111111,
        "tta_level": 2
    },
    "random_seed": 99,
    "git_commit_hash": "85402c5c6fafc553256ddda6a38a5e86792e3fed",
    "elapsed_wclock_time": 3.776537996053696,
    "final acc": 0.9312999844551086,
    "last batch loss": 0.9697265625,
    "epoch_val_accs": [
        0.7032999992370605,
        0.7064999938011169,
        0.685699999332428,
        0.8191999793052673,
        0.8183000087738037,
        0.8240999579429626,
        0.875499963760376,
        0.8772000074386597,
        0.9106999635696411,
        0.921999990940094
    ],
    "epoch_losses": [
        1.423828125,
        1.25390625,
        1.2109375,
        1.1953125,
        1.15625,
        1.1337890625,
        1.052734375,
        1.0400390625,
        0.9921875,
        0.9697265625
    ]
}