{
    "opt": {
        "train_epochs": 9.9,
        "batch_size": 1024,
        "lr": 11.5,
        "momentum": 0.85,
        "weight_decay": 0.0153,
        "bias_scaler": 64.0,
        "label_smoothing": 0.2,
        "whiten_bias_epochs": 3
    },
    "aug": {
        "flip": true,
        "translate": 2
    },
    "net": {
        "widths": {
            "block1": 64,
            "block2": 256,
            "block3": 256
        },
        "batchnorm_momentum": 0.6,
        "scaling_factor": 0.1111111111111111,
        "tta_level": 2
    },
    "random_seed": 99,
    "git_commit_hash": "85402c5c6fafc553256ddda6a38a5e86792e3fed",
    "elapsed_wclock_time": 3.897107791662216,
    "final acc": 0.9325000047683716,
    "last batch loss": 0.97216796875,
    "epoch_val_accs": [
        0.684499979019165,
        0.7163000106811523,
        0.7547999620437622,
        0.8019999861717224,
        0.8032000064849854,
        0.8184999823570251,
        0.8822999596595764,
        0.8858000040054321,
        0.9079999923706055,
        0.9228999614715576
    ],
    "epoch_losses": [
        1.484375,
        1.291015625,
        1.2314453125,
        1.1796875,
        1.140625,
        1.1064453125,
        1.0654296875,
        1.0458984375,
        1.0068359375,
        0.97216796875
    ]
}