{
    "opt": {
        "train_epochs": 9.9,
        "batch_size": 1024,
        "lr": 11.5,
        "momentum": 0.85,
        "weight_decay": 0.0153,
        "bias_scaler": 64.0,
        "label_smoothing": 0.2,
        "whiten_bias_epochs": 3
    },
    "aug": {
        "flip": true,
        "translate": 2
    },
    "net": {
        "widths": {
            "block1": 64,
            "block2": 256,
            "block3": 256
        },
        "batchnorm_momentum": 0.6,
        "scaling_factor": 0.1111111111111111,
        "tta_level": 2
    },
    "random_seed": 99,
    "git_commit_hash": "85402c5c6fafc553256ddda6a38a5e86792e3fed",
    "elapsed_wclock_time": 3.9086131348609925,
    "final acc": 0.9320999979972839,
    "last batch loss": 0.970703125,
    "epoch_val_accs": [
        0.677899956703186,
        0.6800999641418457,
        0.7673999667167664,
        0.7464999556541443,
        0.8384000062942505,
        0.8267999887466431,
        0.8700000047683716,
        0.8797999620437622,
        0.911799967288971,
        0.9228000044822693
    ],
    "epoch_losses": [
        1.4560546875,
        1.3037109375,
        1.2275390625,
        1.1943359375,
        1.15625,
        1.150390625,
        1.060546875,
        1.041015625,
        0.9833984375,
        0.970703125
    ]
}