{
    "opt": {
        "train_epochs": 9.9,
        "batch_size": 1024,
        "lr": 11.5,
        "momentum": 0.85,
        "weight_decay": 0.0153,
        "bias_scaler": 64.0,
        "label_smoothing": 0.2,
        "whiten_bias_epochs": 3
    },
    "aug": {
        "flip": true,
        "translate": 2
    },
    "net": {
        "widths": {
            "block1": 64,
            "block2": 256,
            "block3": 256
        },
        "batchnorm_momentum": 0.6,
        "scaling_factor": 0.1111111111111111,
        "tta_level": 2
    },
    "random_seed": 99,
    "git_commit_hash": "85402c5c6fafc553256ddda6a38a5e86792e3fed",
    "elapsed_wclock_time": 3.893302146911621,
    "final acc": 0.9312999844551086,
    "last batch loss": 0.96435546875,
    "epoch_val_accs": [
        0.6607999801635742,
        0.7856999635696411,
        0.8011999726295471,
        0.6729999780654907,
        0.8118999600410461,
        0.8571999669075012,
        0.8693999648094177,
        0.8890999555587769,
        0.9097999930381775,
        0.9217000007629395
    ],
    "epoch_losses": [
        1.4453125,
        1.265625,
        1.23046875,
        1.1923828125,
        1.1650390625,
        1.1171875,
        1.0615234375,
        1.0419921875,
        0.994140625,
        0.96435546875
    ]
}