{
    "opt": {
        "train_epochs": 9.9,
        "batch_size": 1024,
        "lr": 11.5,
        "momentum": 0.85,
        "weight_decay": 0.0153,
        "bias_scaler": 64.0,
        "label_smoothing": 0.2,
        "whiten_bias_epochs": 3
    },
    "aug": {
        "flip": true,
        "translate": 2
    },
    "net": {
        "widths": {
            "block1": 64,
            "block2": 256,
            "block3": 256
        },
        "batchnorm_momentum": 0.6,
        "scaling_factor": 0.1111111111111111,
        "tta_level": 2
    },
    "random_seed": 99,
    "git_commit_hash": "85402c5c6fafc553256ddda6a38a5e86792e3fed",
    "elapsed_wclock_time": 3.7628795621395117,
    "final acc": 0.9335999488830566,
    "last batch loss": 0.97021484375,
    "epoch_val_accs": [
        0.659500002861023,
        0.7565999627113342,
        0.7091999650001526,
        0.8212999701499939,
        0.8422999978065491,
        0.8204999566078186,
        0.8813999891281128,
        0.8851999640464783,
        0.9120000004768372,
        0.9238999485969543
    ],
    "epoch_losses": [
        1.4599609375,
        1.2841796875,
        1.259765625,
        1.1650390625,
        1.16015625,
        1.1240234375,
        1.0595703125,
        1.048828125,
        1.0048828125,
        0.97021484375
    ]
}