{
    "opt": {
        "train_epochs": 9.9,
        "batch_size": 1024,
        "lr": 11.5,
        "momentum": 0.85,
        "weight_decay": 0.0153,
        "bias_scaler": 64.0,
        "label_smoothing": 0.2,
        "whiten_bias_epochs": 3
    },
    "aug": {
        "flip": true,
        "translate": 2
    },
    "net": {
        "widths": {
            "block1": 64,
            "block2": 256,
            "block3": 256
        },
        "batchnorm_momentum": 0.6,
        "scaling_factor": 0.1111111111111111,
        "tta_level": 2
    },
    "random_seed": 99,
    "git_commit_hash": "85402c5c6fafc553256ddda6a38a5e86792e3fed",
    "elapsed_wclock_time": 3.895501402616501,
    "final acc": 0.9305999875068665,
    "last batch loss": 0.955078125,
    "epoch_val_accs": [
        0.6800000071525574,
        0.6499999761581421,
        0.6969999670982361,
        0.7998999953269958,
        0.8263999819755554,
        0.8384000062942505,
        0.8718999624252319,
        0.8962000012397766,
        0.9121999740600586,
        0.9258999824523926
    ],
    "epoch_losses": [
        1.4599609375,
        1.3125,
        1.2568359375,
        1.1787109375,
        1.1806640625,
        1.1103515625,
        1.0625,
        1.0595703125,
        1.001953125,
        0.955078125
    ]
}