{
    "opt": {
        "train_epochs": 9.9,
        "batch_size": 1024,
        "lr": 11.5,
        "momentum": 0.85,
        "weight_decay": 0.0153,
        "bias_scaler": 64.0,
        "label_smoothing": 0.2,
        "whiten_bias_epochs": 3
    },
    "aug": {
        "flip": true,
        "translate": 2
    },
    "net": {
        "widths": {
            "block1": 64,
            "block2": 256,
            "block3": 256
        },
        "batchnorm_momentum": 0.6,
        "scaling_factor": 0.1111111111111111,
        "tta_level": 2
    },
    "random_seed": 99,
    "git_commit_hash": "85402c5c6fafc553256ddda6a38a5e86792e3fed",
    "elapsed_wclock_time": 3.8929096167087556,
    "final acc": 0.9296000003814697,
    "last batch loss": 0.9638671875,
    "epoch_val_accs": [
        0.6710000038146973,
        0.6987000107765198,
        0.746999979019165,
        0.8095999956130981,
        0.8224999904632568,
        0.856499969959259,
        0.8556999564170837,
        0.8689000010490417,
        0.9092999696731567,
        0.9240999817848206
    ],
    "epoch_losses": [
        1.4619140625,
        1.328125,
        1.26171875,
        1.1416015625,
        1.1591796875,
        1.1171875,
        1.05078125,
        1.064453125,
        1.0009765625,
        0.9638671875
    ]
}