{
    "opt": {
        "train_epochs": 9.9,
        "batch_size": 1024,
        "lr": 11.5,
        "momentum": 0.85,
        "weight_decay": 0.0153,
        "bias_scaler": 64.0,
        "label_smoothing": 0.2,
        "whiten_bias_epochs": 3
    },
    "aug": {
        "flip": true,
        "translate": 2
    },
    "net": {
        "widths": {
            "block1": 64,
            "block2": 256,
            "block3": 256
        },
        "batchnorm_momentum": 0.6,
        "scaling_factor": 0.1111111111111111,
        "tta_level": 2
    },
    "random_seed": 99,
    "git_commit_hash": "85402c5c6fafc553256ddda6a38a5e86792e3fed",
    "elapsed_wclock_time": 3.7618824446201327,
    "final acc": 0.9322999715805054,
    "last batch loss": 0.96044921875,
    "epoch_val_accs": [
        0.6387999653816223,
        0.6640999913215637,
        0.7224999666213989,
        0.791700005531311,
        0.8154000043869019,
        0.8384000062942505,
        0.8697999715805054,
        0.8942999839782715,
        0.9146999716758728,
        0.9228000044822693
    ],
    "epoch_losses": [
        1.46484375,
        1.3125,
        1.279296875,
        1.1796875,
        1.1591796875,
        1.111328125,
        1.056640625,
        1.0595703125,
        1.00390625,
        0.96044921875
    ]
}