{
    "opt": {
        "train_epochs": 9.9,
        "batch_size": 1024,
        "lr": 11.5,
        "momentum": 0.85,
        "weight_decay": 0.0153,
        "bias_scaler": 64.0,
        "label_smoothing": 0.2,
        "whiten_bias_epochs": 3
    },
    "aug": {
        "flip": true,
        "translate": 2
    },
    "net": {
        "widths": {
            "block1": 64,
            "block2": 256,
            "block3": 256
        },
        "batchnorm_momentum": 0.6,
        "scaling_factor": 0.1111111111111111,
        "tta_level": 2
    },
    "random_seed": 99,
    "git_commit_hash": "85402c5c6fafc553256ddda6a38a5e86792e3fed",
    "elapsed_wclock_time": 3.849670717477798,
    "final acc": 0.9302999973297119,
    "last batch loss": 0.96630859375,
    "epoch_val_accs": [
        0.6789000034332275,
        0.738599956035614,
        0.7364000082015991,
        0.7073999643325806,
        0.8410999774932861,
        0.8068999648094177,
        0.8522999882698059,
        0.8833999633789062,
        0.91239994764328,
        0.9220999479293823
    ],
    "epoch_losses": [
        1.4599609375,
        1.302734375,
        1.2138671875,
        1.212890625,
        1.1591796875,
        1.1318359375,
        1.068359375,
        1.05859375,
        1.005859375,
        0.96630859375
    ]
}