{
    "opt": {
        "train_epochs": 9.9,
        "batch_size": 1024,
        "lr": 11.5,
        "momentum": 0.85,
        "weight_decay": 0.0153,
        "bias_scaler": 64.0,
        "label_smoothing": 0.2,
        "whiten_bias_epochs": 3
    },
    "aug": {
        "flip": true,
        "translate": 2
    },
    "net": {
        "widths": {
            "block1": 64,
            "block2": 256,
            "block3": 256
        },
        "batchnorm_momentum": 0.6,
        "scaling_factor": 0.1111111111111111,
        "tta_level": 2
    },
    "random_seed": 99,
    "git_commit_hash": "85402c5c6fafc553256ddda6a38a5e86792e3fed",
    "elapsed_wclock_time": 3.8950396454334264,
    "final acc": 0.9315999746322632,
    "last batch loss": 0.953125,
    "epoch_val_accs": [
        0.6502000093460083,
        0.7667999863624573,
        0.7418000102043152,
        0.7615999579429626,
        0.8238999843597412,
        0.847000002861023,
        0.8718999624252319,
        0.8881999850273132,
        0.9081999659538269,
        0.9215999841690063
    ],
    "epoch_losses": [
        1.4609375,
        1.279296875,
        1.302734375,
        1.17578125,
        1.177734375,
        1.0986328125,
        1.0556640625,
        1.0283203125,
        0.99462890625,
        0.953125
    ]
}