{
    "opt": {
        "train_epochs": 9.9,
        "batch_size": 1024,
        "lr": 11.5,
        "momentum": 0.85,
        "weight_decay": 0.0153,
        "bias_scaler": 64.0,
        "label_smoothing": 0.2,
        "whiten_bias_epochs": 3
    },
    "aug": {
        "flip": true,
        "translate": 2
    },
    "net": {
        "widths": {
            "block1": 64,
            "block2": 256,
            "block3": 256
        },
        "batchnorm_momentum": 0.6,
        "scaling_factor": 0.1111111111111111,
        "tta_level": 2
    },
    "random_seed": 99,
    "git_commit_hash": "85402c5c6fafc553256ddda6a38a5e86792e3fed",
    "elapsed_wclock_time": 3.8414228239059445,
    "final acc": 0.9343000054359436,
    "last batch loss": 0.95556640625,
    "epoch_val_accs": [
        0.6416000127792358,
        0.7305999994277954,
        0.7944999933242798,
        0.8269000053405762,
        0.8241999745368958,
        0.8532999753952026,
        0.8459999561309814,
        0.8775999546051025,
        0.9150999784469604,
        0.9251999855041504
    ],
    "epoch_losses": [
        1.513671875,
        1.2900390625,
        1.203125,
        1.189453125,
        1.169921875,
        1.1357421875,
        1.0712890625,
        1.0732421875,
        1.005859375,
        0.95556640625
    ]
}