{
    "opt": {
        "train_epochs": 9.9,
        "batch_size": 1024,
        "lr": 11.5,
        "momentum": 0.85,
        "weight_decay": 0.0153,
        "bias_scaler": 64.0,
        "label_smoothing": 0.2,
        "whiten_bias_epochs": 3
    },
    "aug": {
        "flip": true,
        "translate": 2
    },
    "net": {
        "widths": {
            "block1": 64,
            "block2": 256,
            "block3": 256
        },
        "batchnorm_momentum": 0.6,
        "scaling_factor": 0.1111111111111111,
        "tta_level": 2
    },
    "random_seed": 99,
    "git_commit_hash": "85402c5c6fafc553256ddda6a38a5e86792e3fed",
    "elapsed_wclock_time": 3.812886182785034,
    "final acc": 0.9325000047683716,
    "last batch loss": 0.966796875,
    "epoch_val_accs": [
        0.6451999545097351,
        0.6448000073432922,
        0.7714999914169312,
        0.8086000084877014,
        0.8579999804496765,
        0.8400999903678894,
        0.8550999760627747,
        0.8718999624252319,
        0.9122999906539917,
        0.9240999817848206
    ],
    "epoch_losses": [
        1.4638671875,
        1.322265625,
        1.25,
        1.203125,
        1.123046875,
        1.134765625,
        1.0712890625,
        1.0546875,
        0.9990234375,
        0.966796875
    ]
}