{
    "opt": {
        "train_epochs": 9.9,
        "batch_size": 1024,
        "lr": 11.5,
        "momentum": 0.85,
        "weight_decay": 0.0153,
        "bias_scaler": 64.0,
        "label_smoothing": 0.2,
        "whiten_bias_epochs": 3
    },
    "aug": {
        "flip": true,
        "translate": 2
    },
    "net": {
        "widths": {
            "block1": 64,
            "block2": 256,
            "block3": 256
        },
        "batchnorm_momentum": 0.6,
        "scaling_factor": 0.1111111111111111,
        "tta_level": 2
    },
    "random_seed": 99,
    "git_commit_hash": "85402c5c6fafc553256ddda6a38a5e86792e3fed",
    "elapsed_wclock_time": 3.849177268981934,
    "final acc": 0.9339999556541443,
    "last batch loss": 0.96923828125,
    "epoch_val_accs": [
        0.6606999635696411,
        0.7483999729156494,
        0.7387999892234802,
        0.8190999627113342,
        0.8517999649047852,
        0.8348000049591064,
        0.873199999332428,
        0.8871999979019165,
        0.913599967956543,
        0.9259999990463257
    ],
    "epoch_losses": [
        1.484375,
        1.318359375,
        1.1982421875,
        1.19921875,
        1.162109375,
        1.119140625,
        1.076171875,
        1.04296875,
        1.0029296875,
        0.96923828125
    ]
}