{
    "opt": {
        "train_epochs": 9.9,
        "batch_size": 1024,
        "lr": 11.5,
        "momentum": 0.85,
        "weight_decay": 0.0153,
        "bias_scaler": 64.0,
        "label_smoothing": 0.2,
        "whiten_bias_epochs": 3
    },
    "aug": {
        "flip": true,
        "translate": 2
    },
    "net": {
        "widths": {
            "block1": 64,
            "block2": 256,
            "block3": 256
        },
        "batchnorm_momentum": 0.6,
        "scaling_factor": 0.1111111111111111,
        "tta_level": 2
    },
    "random_seed": 99,
    "git_commit_hash": "85402c5c6fafc553256ddda6a38a5e86792e3fed",
    "elapsed_wclock_time": 3.9036486740112304,
    "final acc": 0.9343999624252319,
    "last batch loss": 0.95703125,
    "epoch_val_accs": [
        0.6291999816894531,
        0.7656999826431274,
        0.7477999925613403,
        0.7706999778747559,
        0.8242999911308289,
        0.8506999611854553,
        0.8636999726295471,
        0.8807999491691589,
        0.9161999821662903,
        0.9256999492645264
    ],
    "epoch_losses": [
        1.4697265625,
        1.279296875,
        1.236328125,
        1.1845703125,
        1.1591796875,
        1.1357421875,
        1.0634765625,
        1.0361328125,
        0.9970703125,
        0.95703125
    ]
}