{
    "opt": {
        "train_epochs": 9.9,
        "batch_size": 1024,
        "lr": 11.5,
        "momentum": 0.85,
        "weight_decay": 0.0153,
        "bias_scaler": 64.0,
        "label_smoothing": 0.2,
        "whiten_bias_epochs": 3
    },
    "aug": {
        "flip": true,
        "translate": 2
    },
    "net": {
        "widths": {
            "block1": 64,
            "block2": 256,
            "block3": 256
        },
        "batchnorm_momentum": 0.6,
        "scaling_factor": 0.1111111111111111,
        "tta_level": 2
    },
    "random_seed": 99,
    "git_commit_hash": "85402c5c6fafc553256ddda6a38a5e86792e3fed",
    "elapsed_wclock_time": 3.820701877832412,
    "final acc": 0.934499979019165,
    "last batch loss": 0.9765625,
    "epoch_val_accs": [
        0.6934999823570251,
        0.645799994468689,
        0.625499963760376,
        0.7595999836921692,
        0.7710999846458435,
        0.84579998254776,
        0.8646999597549438,
        0.8921999931335449,
        0.9018999934196472,
        0.9244999885559082
    ],
    "epoch_losses": [
        1.4716796875,
        1.2978515625,
        1.2578125,
        1.185546875,
        1.150390625,
        1.11328125,
        1.052734375,
        1.04296875,
        1.0185546875,
        0.9765625
    ]
}