{
    "opt": {
        "train_epochs": 9.9,
        "batch_size": 1024,
        "lr": 11.5,
        "momentum": 0.85,
        "weight_decay": 0.0153,
        "bias_scaler": 64.0,
        "label_smoothing": 0.2,
        "whiten_bias_epochs": 3
    },
    "aug": {
        "flip": true,
        "translate": 2
    },
    "net": {
        "widths": {
            "block1": 64,
            "block2": 256,
            "block3": 256
        },
        "batchnorm_momentum": 0.6,
        "scaling_factor": 0.1111111111111111,
        "tta_level": 2
    },
    "random_seed": 99,
    "git_commit_hash": "85402c5c6fafc553256ddda6a38a5e86792e3fed",
    "elapsed_wclock_time": 3.8542400970458983,
    "final acc": 0.9312999844551086,
    "last batch loss": 0.96533203125,
    "epoch_val_accs": [
        0.6155999898910522,
        0.689799964427948,
        0.7369999885559082,
        0.7489999532699585,
        0.7680999636650085,
        0.8622999787330627,
        0.8690999746322632,
        0.8847999572753906,
        0.913599967956543,
        0.9244999885559082
    ],
    "epoch_losses": [
        1.455078125,
        1.3193359375,
        1.251953125,
        1.1767578125,
        1.134765625,
        1.1318359375,
        1.0712890625,
        1.0673828125,
        0.99658203125,
        0.96533203125
    ]
}