{
    "opt": {
        "train_epochs": 9.9,
        "batch_size": 1024,
        "lr": 11.5,
        "momentum": 0.85,
        "weight_decay": 0.0153,
        "bias_scaler": 64.0,
        "label_smoothing": 0.2,
        "whiten_bias_epochs": 3
    },
    "aug": {
        "flip": true,
        "translate": 2
    },
    "net": {
        "widths": {
            "block1": 64,
            "block2": 256,
            "block3": 256
        },
        "batchnorm_momentum": 0.6,
        "scaling_factor": 0.1111111111111111,
        "tta_level": 2
    },
    "random_seed": 99,
    "git_commit_hash": "85402c5c6fafc553256ddda6a38a5e86792e3fed",
    "elapsed_wclock_time": 3.7618467082977296,
    "final acc": 0.9322999715805054,
    "last batch loss": 0.9638671875,
    "epoch_val_accs": [
        0.6610999703407288,
        0.6832999587059021,
        0.7635999917984009,
        0.7572999596595764,
        0.8186999559402466,
        0.7452999949455261,
        0.8597999811172485,
        0.8696999549865723,
        0.9134999513626099,
        0.9251999855041504
    ],
    "epoch_losses": [
        1.48046875,
        1.3232421875,
        1.2470703125,
        1.1953125,
        1.126953125,
        1.12890625,
        1.0576171875,
        1.056640625,
        0.99658203125,
        0.9638671875
    ]
}