{
    "opt": {
        "train_epochs": 9.9,
        "batch_size": 1024,
        "lr": 11.5,
        "momentum": 0.85,
        "weight_decay": 0.0153,
        "bias_scaler": 64.0,
        "label_smoothing": 0.2,
        "whiten_bias_epochs": 3
    },
    "aug": {
        "flip": true,
        "translate": 2
    },
    "net": {
        "widths": {
            "block1": 64,
            "block2": 256,
            "block3": 256
        },
        "batchnorm_momentum": 0.6,
        "scaling_factor": 0.1111111111111111,
        "tta_level": 2
    },
    "random_seed": 99,
    "git_commit_hash": "85402c5c6fafc553256ddda6a38a5e86792e3fed",
    "elapsed_wclock_time": 3.8569170455932618,
    "final acc": 0.9328999519348145,
    "last batch loss": 0.96728515625,
    "epoch_val_accs": [
        0.588699996471405,
        0.7489999532699585,
        0.7633000016212463,
        0.7637999653816223,
        0.780299961566925,
        0.8387999534606934,
        0.8422999978065491,
        0.8752999901771545,
        0.9089999794960022,
        0.9239999651908875
    ],
    "epoch_losses": [
        1.4609375,
        1.287109375,
        1.2177734375,
        1.1845703125,
        1.1767578125,
        1.12890625,
        1.0751953125,
        1.0517578125,
        0.99462890625,
        0.96728515625
    ]
}