{
    "opt": {
        "train_epochs": 9.9,
        "batch_size": 1024,
        "lr": 11.5,
        "momentum": 0.85,
        "weight_decay": 0.0153,
        "bias_scaler": 64.0,
        "label_smoothing": 0.2,
        "whiten_bias_epochs": 3
    },
    "aug": {
        "flip": true,
        "translate": 2
    },
    "net": {
        "widths": {
            "block1": 64,
            "block2": 256,
            "block3": 256
        },
        "batchnorm_momentum": 0.6,
        "scaling_factor": 0.1111111111111111,
        "tta_level": 2
    },
    "random_seed": 99,
    "git_commit_hash": "85402c5c6fafc553256ddda6a38a5e86792e3fed",
    "elapsed_wclock_time": 3.90083959555626,
    "final acc": 0.9314999580383301,
    "last batch loss": 0.95751953125,
    "epoch_val_accs": [
        0.6234999895095825,
        0.717799961566925,
        0.7089999914169312,
        0.795799970626831,
        0.7666999697685242,
        0.8048999905586243,
        0.870199978351593,
        0.8938999772071838,
        0.9109999537467957,
        0.9238999485969543
    ],
    "epoch_losses": [
        1.48046875,
        1.3232421875,
        1.251953125,
        1.1962890625,
        1.173828125,
        1.1298828125,
        1.0732421875,
        1.037109375,
        0.98876953125,
        0.95751953125
    ]
}