{
    "opt": {
        "train_epochs": 9.9,
        "batch_size": 1024,
        "lr": 11.5,
        "momentum": 0.85,
        "weight_decay": 0.0153,
        "bias_scaler": 64.0,
        "label_smoothing": 0.2,
        "whiten_bias_epochs": 3
    },
    "aug": {
        "flip": true,
        "translate": 2
    },
    "net": {
        "widths": {
            "block1": 64,
            "block2": 256,
            "block3": 256
        },
        "batchnorm_momentum": 0.6,
        "scaling_factor": 0.1111111111111111,
        "tta_level": 2
    },
    "random_seed": 99,
    "git_commit_hash": "85402c5c6fafc553256ddda6a38a5e86792e3fed",
    "elapsed_wclock_time": 3.8991079289913175,
    "final acc": 0.9321999549865723,
    "last batch loss": 0.9755859375,
    "epoch_val_accs": [
        0.670699954032898,
        0.6893999576568604,
        0.6883999705314636,
        0.785099983215332,
        0.8312999606132507,
        0.8454999923706055,
        0.8549000024795532,
        0.8950999975204468,
        0.9142999649047852,
        0.9230999946594238
    ],
    "epoch_losses": [
        1.4912109375,
        1.2890625,
        1.2275390625,
        1.2021484375,
        1.1611328125,
        1.099609375,
        1.0966796875,
        1.0546875,
        1.0068359375,
        0.9755859375
    ]
}