{
    "opt": {
        "train_epochs": 9.9,
        "batch_size": 1024,
        "lr": 11.5,
        "momentum": 0.85,
        "weight_decay": 0.0153,
        "bias_scaler": 64.0,
        "label_smoothing": 0.2,
        "whiten_bias_epochs": 3
    },
    "aug": {
        "flip": true,
        "translate": 2
    },
    "net": {
        "widths": {
            "block1": 64,
            "block2": 256,
            "block3": 256
        },
        "batchnorm_momentum": 0.6,
        "scaling_factor": 0.1111111111111111,
        "tta_level": 2
    },
    "random_seed": 99,
    "git_commit_hash": "85402c5c6fafc553256ddda6a38a5e86792e3fed",
    "elapsed_wclock_time": 3.844757618904114,
    "final acc": 0.9352999925613403,
    "last batch loss": 0.96337890625,
    "epoch_val_accs": [
        0.6644999980926514,
        0.7628999948501587,
        0.786899983882904,
        0.7953999638557434,
        0.8069999814033508,
        0.8574999570846558,
        0.8673999905586243,
        0.8849999904632568,
        0.9044999480247498,
        0.9235000014305115
    ],
    "epoch_losses": [
        1.4248046875,
        1.3154296875,
        1.2431640625,
        1.1806640625,
        1.1494140625,
        1.1123046875,
        1.060546875,
        1.046875,
        1.005859375,
        0.96337890625
    ]
}