{
    "opt": {
        "train_epochs": 9.9,
        "batch_size": 1024,
        "lr": 11.5,
        "momentum": 0.85,
        "weight_decay": 0.0153,
        "bias_scaler": 64.0,
        "label_smoothing": 0.2,
        "whiten_bias_epochs": 3
    },
    "aug": {
        "flip": true,
        "translate": 2
    },
    "net": {
        "widths": {
            "block1": 64,
            "block2": 256,
            "block3": 256
        },
        "batchnorm_momentum": 0.6,
        "scaling_factor": 0.1111111111111111,
        "tta_level": 2
    },
    "random_seed": 99,
    "git_commit_hash": "85402c5c6fafc553256ddda6a38a5e86792e3fed",
    "elapsed_wclock_time": 3.981418451786042,
    "final acc": 0.9325999617576599,
    "last batch loss": 0.97607421875,
    "epoch_val_accs": [
        0.6653000116348267,
        0.7299999594688416,
        0.7664999961853027,
        0.7815999984741211,
        0.8355000019073486,
        0.8435999751091003,
        0.8678999543190002,
        0.8650999665260315,
        0.9126999974250793,
        0.9217999577522278
    ],
    "epoch_losses": [
        1.46484375,
        1.2548828125,
        1.234375,
        1.1767578125,
        1.1591796875,
        1.1181640625,
        1.0732421875,
        1.0498046875,
        0.990234375,
        0.97607421875
    ]
}