{
    "opt": {
        "train_epochs": 9.9,
        "batch_size": 1024,
        "lr": 11.5,
        "momentum": 0.85,
        "weight_decay": 0.0153,
        "bias_scaler": 64.0,
        "label_smoothing": 0.2,
        "whiten_bias_epochs": 3
    },
    "aug": {
        "flip": true,
        "translate": 2
    },
    "net": {
        "widths": {
            "block1": 64,
            "block2": 256,
            "block3": 256
        },
        "batchnorm_momentum": 0.6,
        "scaling_factor": 0.1111111111111111,
        "tta_level": 2
    },
    "random_seed": 99,
    "git_commit_hash": "85402c5c6fafc553256ddda6a38a5e86792e3fed",
    "elapsed_wclock_time": 3.854053427934647,
    "final acc": 0.9332999587059021,
    "last batch loss": 0.97314453125,
    "epoch_val_accs": [
        0.5999000072479248,
        0.7145000100135803,
        0.8053999543190002,
        0.8003999590873718,
        0.849399983882904,
        0.8628999590873718,
        0.859499990940094,
        0.8694999814033508,
        0.910099983215332,
        0.9243999719619751
    ],
    "epoch_losses": [
        1.47265625,
        1.2783203125,
        1.2216796875,
        1.2001953125,
        1.166015625,
        1.1044921875,
        1.0634765625,
        1.0634765625,
        1.0029296875,
        0.97314453125
    ]
}