{
    "opt": {
        "train_epochs": 9.9,
        "batch_size": 1024,
        "lr": 11.5,
        "momentum": 0.85,
        "weight_decay": 0.0153,
        "bias_scaler": 64.0,
        "label_smoothing": 0.2,
        "whiten_bias_epochs": 3
    },
    "aug": {
        "flip": true,
        "translate": 2
    },
    "net": {
        "widths": {
            "block1": 64,
            "block2": 256,
            "block3": 256
        },
        "batchnorm_momentum": 0.6,
        "scaling_factor": 0.1111111111111111,
        "tta_level": 2
    },
    "random_seed": 99,
    "git_commit_hash": "85402c5c6fafc553256ddda6a38a5e86792e3fed",
    "elapsed_wclock_time": 3.8502693846225746,
    "final acc": 0.9298999905586243,
    "last batch loss": 0.9609375,
    "epoch_val_accs": [
        0.6545000076293945,
        0.7263000011444092,
        0.7723000049591064,
        0.7116999626159668,
        0.8267999887466431,
        0.8125,
        0.8704999685287476,
        0.8755999803543091,
        0.9098999500274658,
        0.9230999946594238
    ],
    "epoch_losses": [
        1.4921875,
        1.3037109375,
        1.267578125,
        1.171875,
        1.1689453125,
        1.1318359375,
        1.0380859375,
        1.0849609375,
        0.9921875,
        0.9609375
    ]
}