{
    "opt": {
        "train_epochs": 9.9,
        "batch_size": 1024,
        "lr": 11.5,
        "momentum": 0.85,
        "weight_decay": 0.0153,
        "bias_scaler": 64.0,
        "label_smoothing": 0.2,
        "whiten_bias_epochs": 3
    },
    "aug": {
        "flip": true,
        "translate": 2
    },
    "net": {
        "widths": {
            "block1": 64,
            "block2": 256,
            "block3": 256
        },
        "batchnorm_momentum": 0.6,
        "scaling_factor": 0.1111111111111111,
        "tta_level": 2
    },
    "random_seed": 99,
    "git_commit_hash": "85402c5c6fafc553256ddda6a38a5e86792e3fed",
    "elapsed_wclock_time": 3.8891309585571294,
    "final acc": 0.9318999648094177,
    "last batch loss": 0.96484375,
    "epoch_val_accs": [
        0.6207000017166138,
        0.7253999710083008,
        0.7145000100135803,
        0.8057999610900879,
        0.795199990272522,
        0.8450999855995178,
        0.8823999762535095,
        0.8826999664306641,
        0.911300003528595,
        0.9228000044822693
    ],
    "epoch_losses": [
        1.4560546875,
        1.2880859375,
        1.22265625,
        1.17578125,
        1.169921875,
        1.107421875,
        1.0810546875,
        1.0634765625,
        0.99609375,
        0.96484375
    ]
}