{
    "opt": {
        "train_epochs": 9.9,
        "batch_size": 1024,
        "lr": 11.5,
        "momentum": 0.85,
        "weight_decay": 0.0153,
        "bias_scaler": 64.0,
        "label_smoothing": 0.2,
        "whiten_bias_epochs": 3
    },
    "aug": {
        "flip": true,
        "translate": 2
    },
    "net": {
        "widths": {
            "block1": 64,
            "block2": 256,
            "block3": 256
        },
        "batchnorm_momentum": 0.6,
        "scaling_factor": 0.1111111111111111,
        "tta_level": 2
    },
    "random_seed": 99,
    "git_commit_hash": "85402c5c6fafc553256ddda6a38a5e86792e3fed",
    "elapsed_wclock_time": 3.850699499130249,
    "final acc": 0.9325000047683716,
    "last batch loss": 0.97021484375,
    "epoch_val_accs": [
        0.7040999531745911,
        0.7098999619483948,
        0.7786999940872192,
        0.786799967288971,
        0.8191999793052673,
        0.8245999813079834,
        0.8847000002861023,
        0.8901000022888184,
        0.9097999930381775,
        0.923799991607666
    ],
    "epoch_losses": [
        1.458984375,
        1.2890625,
        1.2177734375,
        1.1748046875,
        1.1357421875,
        1.1357421875,
        1.0791015625,
        1.0595703125,
        1.015625,
        0.97021484375
    ]
}