{
    "opt": {
        "train_epochs": 9.9,
        "batch_size": 1024,
        "lr": 11.5,
        "momentum": 0.85,
        "weight_decay": 0.0153,
        "bias_scaler": 64.0,
        "label_smoothing": 0.2,
        "whiten_bias_epochs": 3
    },
    "aug": {
        "flip": true,
        "translate": 2
    },
    "net": {
        "widths": {
            "block1": 64,
            "block2": 256,
            "block3": 256
        },
        "batchnorm_momentum": 0.6,
        "scaling_factor": 0.1111111111111111,
        "tta_level": 2
    },
    "random_seed": 99,
    "git_commit_hash": "85402c5c6fafc553256ddda6a38a5e86792e3fed",
    "elapsed_wclock_time": 3.8160278878211984,
    "final acc": 0.9325000047683716,
    "last batch loss": 0.97607421875,
    "epoch_val_accs": [
        0.613599956035614,
        0.7267999649047852,
        0.7642999887466431,
        0.7410999536514282,
        0.7991999983787537,
        0.8423999547958374,
        0.8587999939918518,
        0.8922999501228333,
        0.9149999618530273,
        0.9236999750137329
    ],
    "epoch_losses": [
        1.466796875,
        1.3427734375,
        1.2529296875,
        1.20703125,
        1.1796875,
        1.1103515625,
        1.0703125,
        1.052734375,
        1.0078125,
        0.97607421875
    ]
}