{
    "opt": {
        "train_epochs": 9.9,
        "batch_size": 1024,
        "lr": 11.5,
        "momentum": 0.85,
        "weight_decay": 0.0153,
        "bias_scaler": 64.0,
        "label_smoothing": 0.2,
        "whiten_bias_epochs": 3
    },
    "aug": {
        "flip": true,
        "translate": 2
    },
    "net": {
        "widths": {
            "block1": 64,
            "block2": 256,
            "block3": 256
        },
        "batchnorm_momentum": 0.6,
        "scaling_factor": 0.1111111111111111,
        "tta_level": 2
    },
    "random_seed": 99,
    "git_commit_hash": "85402c5c6fafc553256ddda6a38a5e86792e3fed",
    "elapsed_wclock_time": 3.7659798936843867,
    "final acc": 0.9307999610900879,
    "last batch loss": 0.953125,
    "epoch_val_accs": [
        0.63919997215271,
        0.7175999879837036,
        0.729699969291687,
        0.7670999765396118,
        0.8211999535560608,
        0.8399999737739563,
        0.8834999799728394,
        0.8616999983787537,
        0.9104999899864197,
        0.9222999811172485
    ],
    "epoch_losses": [
        1.4658203125,
        1.296875,
        1.2041015625,
        1.1923828125,
        1.1826171875,
        1.1181640625,
        1.056640625,
        1.0400390625,
        1.015625,
        0.953125
    ]
}