{
    "opt": {
        "train_epochs": 9.9,
        "batch_size": 1024,
        "lr": 11.5,
        "momentum": 0.85,
        "weight_decay": 0.0153,
        "bias_scaler": 64.0,
        "label_smoothing": 0.2,
        "whiten_bias_epochs": 3
    },
    "aug": {
        "flip": true,
        "translate": 2
    },
    "net": {
        "widths": {
            "block1": 64,
            "block2": 256,
            "block3": 256
        },
        "batchnorm_momentum": 0.6,
        "scaling_factor": 0.1111111111111111,
        "tta_level": 2
    },
    "random_seed": 99,
    "git_commit_hash": "85402c5c6fafc553256ddda6a38a5e86792e3fed",
    "elapsed_wclock_time": 3.8100129861831666,
    "final acc": 0.9315999746322632,
    "last batch loss": 0.96435546875,
    "epoch_val_accs": [
        0.6567999720573425,
        0.6765999794006348,
        0.6918999552726746,
        0.7648999691009521,
        0.8416999578475952,
        0.8297999501228333,
        0.8678999543190002,
        0.8669999837875366,
        0.9156000018119812,
        0.925599992275238
    ],
    "epoch_losses": [
        1.4296875,
        1.310546875,
        1.21484375,
        1.18359375,
        1.134765625,
        1.125,
        1.080078125,
        1.052734375,
        0.998046875,
        0.96435546875
    ]
}