{
    "opt": {
        "train_epochs": 9.9,
        "batch_size": 1024,
        "lr": 11.5,
        "momentum": 0.85,
        "weight_decay": 0.0153,
        "bias_scaler": 64.0,
        "label_smoothing": 0.2,
        "whiten_bias_epochs": 3
    },
    "aug": {
        "flip": true,
        "translate": 2
    },
    "net": {
        "widths": {
            "block1": 64,
            "block2": 256,
            "block3": 256
        },
        "batchnorm_momentum": 0.6,
        "scaling_factor": 0.1111111111111111,
        "tta_level": 2
    },
    "random_seed": 99,
    "git_commit_hash": "85402c5c6fafc553256ddda6a38a5e86792e3fed",
    "elapsed_wclock_time": 3.8940798733234407,
    "final acc": 0.9337999820709229,
    "last batch loss": 0.9638671875,
    "epoch_val_accs": [
        0.677899956703186,
        0.6514999866485596,
        0.717199981212616,
        0.7949999570846558,
        0.8484999537467957,
        0.8148999810218811,
        0.8720999956130981,
        0.892799973487854,
        0.911300003528595,
        0.9246999621391296
    ],
    "epoch_losses": [
        1.486328125,
        1.3359375,
        1.2392578125,
        1.1943359375,
        1.16015625,
        1.138671875,
        1.0654296875,
        1.05078125,
        0.98828125,
        0.9638671875
    ]
}