{
    "opt": {
        "train_epochs": 9.9,
        "batch_size": 1024,
        "lr": 11.5,
        "momentum": 0.85,
        "weight_decay": 0.0153,
        "bias_scaler": 64.0,
        "label_smoothing": 0.2,
        "whiten_bias_epochs": 3
    },
    "aug": {
        "flip": true,
        "translate": 2
    },
    "net": {
        "widths": {
            "block1": 64,
            "block2": 256,
            "block3": 256
        },
        "batchnorm_momentum": 0.6,
        "scaling_factor": 0.1111111111111111,
        "tta_level": 2
    },
    "random_seed": 99,
    "git_commit_hash": "85402c5c6fafc553256ddda6a38a5e86792e3fed",
    "elapsed_wclock_time": 3.8508148205280306,
    "final acc": 0.9322999715805054,
    "last batch loss": 0.96484375,
    "epoch_val_accs": [
        0.6748999953269958,
        0.7365999817848206,
        0.7824999690055847,
        0.7498999834060669,
        0.8326999545097351,
        0.7978000044822693,
        0.8786999583244324,
        0.8895999789237976,
        0.9106999635696411,
        0.9246000051498413
    ],
    "epoch_losses": [
        1.4599609375,
        1.3115234375,
        1.2119140625,
        1.1923828125,
        1.1806640625,
        1.134765625,
        1.091796875,
        1.0546875,
        0.990234375,
        0.96484375
    ]
}