{
    "opt": {
        "train_epochs": 9.9,
        "batch_size": 1024,
        "lr": 11.5,
        "momentum": 0.85,
        "weight_decay": 0.0153,
        "bias_scaler": 64.0,
        "label_smoothing": 0.2,
        "whiten_bias_epochs": 3
    },
    "aug": {
        "flip": true,
        "translate": 2
    },
    "net": {
        "widths": {
            "block1": 64,
            "block2": 256,
            "block3": 256
        },
        "batchnorm_momentum": 0.6,
        "scaling_factor": 0.1111111111111111,
        "tta_level": 2
    },
    "random_seed": 99,
    "git_commit_hash": "85402c5c6fafc553256ddda6a38a5e86792e3fed",
    "elapsed_wclock_time": 3.8932908511161806,
    "final acc": 0.9335999488830566,
    "last batch loss": 0.9560546875,
    "epoch_val_accs": [
        0.6642000079154968,
        0.7518999576568604,
        0.7559999823570251,
        0.7281999588012695,
        0.8208000063896179,
        0.8090999722480774,
        0.8369999527931213,
        0.8960999846458435,
        0.9124999642372131,
        0.9230999946594238
    ],
    "epoch_losses": [
        1.4677734375,
        1.30859375,
        1.2470703125,
        1.171875,
        1.150390625,
        1.1201171875,
        1.052734375,
        1.048828125,
        1.0224609375,
        0.9560546875
    ]
}