{
    "opt": {
        "train_epochs": 9.9,
        "batch_size": 1024,
        "lr": 11.5,
        "momentum": 0.85,
        "weight_decay": 0.0153,
        "bias_scaler": 64.0,
        "label_smoothing": 0.2,
        "whiten_bias_epochs": 3
    },
    "aug": {
        "flip": true,
        "translate": 2
    },
    "net": {
        "widths": {
            "block1": 64,
            "block2": 256,
            "block3": 256
        },
        "batchnorm_momentum": 0.6,
        "scaling_factor": 0.1111111111111111,
        "tta_level": 2
    },
    "random_seed": 99,
    "git_commit_hash": "85402c5c6fafc553256ddda6a38a5e86792e3fed",
    "elapsed_wclock_time": 3.812149569511414,
    "final acc": 0.9321999549865723,
    "last batch loss": 0.97998046875,
    "epoch_val_accs": [
        0.6437999606132507,
        0.7263999581336975,
        0.7534999847412109,
        0.7910999655723572,
        0.8176999688148499,
        0.8676999807357788,
        0.8554999828338623,
        0.8823999762535095,
        0.9116999506950378,
        0.9241999983787537
    ],
    "epoch_losses": [
        1.501953125,
        1.31640625,
        1.2333984375,
        1.1748046875,
        1.162109375,
        1.12890625,
        1.099609375,
        1.056640625,
        1.0029296875,
        0.97998046875
    ]
}