{
    "opt": {
        "train_epochs": 9.9,
        "batch_size": 1024,
        "lr": 11.5,
        "momentum": 0.85,
        "weight_decay": 0.0153,
        "bias_scaler": 64.0,
        "label_smoothing": 0.2,
        "whiten_bias_epochs": 3
    },
    "aug": {
        "flip": true,
        "translate": 2
    },
    "net": {
        "widths": {
            "block1": 64,
            "block2": 256,
            "block3": 256
        },
        "batchnorm_momentum": 0.6,
        "scaling_factor": 0.1111111111111111,
        "tta_level": 2
    },
    "random_seed": 99,
    "git_commit_hash": "85402c5c6fafc553256ddda6a38a5e86792e3fed",
    "elapsed_wclock_time": 3.900996023178101,
    "final acc": 0.9307000041007996,
    "last batch loss": 0.96044921875,
    "epoch_val_accs": [
        0.5503000020980835,
        0.7267000079154968,
        0.7809000015258789,
        0.7978000044822693,
        0.8290999531745911,
        0.8458999991416931,
        0.8761999607086182,
        0.8858000040054321,
        0.9066999554634094,
        0.9193999767303467
    ],
    "epoch_losses": [
        1.478515625,
        1.2841796875,
        1.2392578125,
        1.189453125,
        1.177734375,
        1.1201171875,
        1.0615234375,
        1.0595703125,
        0.99609375,
        0.96044921875
    ]
}