{
    "opt": {
        "train_epochs": 9.9,
        "batch_size": 1024,
        "lr": 11.5,
        "momentum": 0.85,
        "weight_decay": 0.0153,
        "bias_scaler": 64.0,
        "label_smoothing": 0.2,
        "whiten_bias_epochs": 3
    },
    "aug": {
        "flip": true,
        "translate": 2
    },
    "net": {
        "widths": {
            "block1": 64,
            "block2": 256,
            "block3": 256
        },
        "batchnorm_momentum": 0.6,
        "scaling_factor": 0.1111111111111111,
        "tta_level": 2
    },
    "random_seed": 99,
    "git_commit_hash": "85402c5c6fafc553256ddda6a38a5e86792e3fed",
    "elapsed_wclock_time": 3.855873506784439,
    "final acc": 0.9334999918937683,
    "last batch loss": 0.97314453125,
    "epoch_val_accs": [
        0.6606000065803528,
        0.7792999744415283,
        0.7486000061035156,
        0.799299955368042,
        0.8145999908447266,
        0.8562999963760376,
        0.8700000047683716,
        0.8892999887466431,
        0.911300003528595,
        0.9258999824523926
    ],
    "epoch_losses": [
        1.423828125,
        1.279296875,
        1.2509765625,
        1.19921875,
        1.2265625,
        1.126953125,
        1.0498046875,
        1.056640625,
        0.9873046875,
        0.97314453125
    ]
}