{
    "opt": {
        "train_epochs": 9.9,
        "batch_size": 1024,
        "lr": 11.5,
        "momentum": 0.85,
        "weight_decay": 0.0153,
        "bias_scaler": 64.0,
        "label_smoothing": 0.2,
        "whiten_bias_epochs": 3
    },
    "aug": {
        "flip": true,
        "translate": 2
    },
    "net": {
        "widths": {
            "block1": 64,
            "block2": 256,
            "block3": 256
        },
        "batchnorm_momentum": 0.6,
        "scaling_factor": 0.1111111111111111,
        "tta_level": 2
    },
    "random_seed": 99,
    "git_commit_hash": "85402c5c6fafc553256ddda6a38a5e86792e3fed",
    "elapsed_wclock_time": 3.850001180648804,
    "final acc": 0.9351999759674072,
    "last batch loss": 0.9619140625,
    "epoch_val_accs": [
        0.578000009059906,
        0.711899995803833,
        0.7382000088691711,
        0.7335999608039856,
        0.8467999696731567,
        0.8458999991416931,
        0.8489999771118164,
        0.8801999688148499,
        0.9140999913215637,
        0.924299955368042
    ],
    "epoch_losses": [
        1.494140625,
        1.287109375,
        1.2314453125,
        1.1982421875,
        1.1875,
        1.1220703125,
        1.068359375,
        1.0576171875,
        1.0205078125,
        0.9619140625
    ]
}