{
    "opt": {
        "train_epochs": 9.9,
        "batch_size": 1024,
        "lr": 11.5,
        "momentum": 0.85,
        "weight_decay": 0.0153,
        "bias_scaler": 64.0,
        "label_smoothing": 0.2,
        "whiten_bias_epochs": 3
    },
    "aug": {
        "flip": true,
        "translate": 2
    },
    "net": {
        "widths": {
            "block1": 64,
            "block2": 256,
            "block3": 256
        },
        "batchnorm_momentum": 0.6,
        "scaling_factor": 0.1111111111111111,
        "tta_level": 2
    },
    "random_seed": 99,
    "git_commit_hash": "85402c5c6fafc553256ddda6a38a5e86792e3fed",
    "elapsed_wclock_time": 3.8498272256851203,
    "final acc": 0.9332000017166138,
    "last batch loss": 0.97021484375,
    "epoch_val_accs": [
        0.6779999732971191,
        0.6955999732017517,
        0.7811999917030334,
        0.7892000079154968,
        0.8276000022888184,
        0.8586999773979187,
        0.850600004196167,
        0.8816999793052673,
        0.90829998254776,
        0.9248999953269958
    ],
    "epoch_losses": [
        1.490234375,
        1.2939453125,
        1.259765625,
        1.2021484375,
        1.1484375,
        1.12109375,
        1.1103515625,
        1.060546875,
        0.998046875,
        0.97021484375
    ]
}