{
    "opt": {
        "train_epochs": 9.9,
        "batch_size": 1024,
        "lr": 11.5,
        "momentum": 0.85,
        "weight_decay": 0.0153,
        "bias_scaler": 64.0,
        "label_smoothing": 0.2,
        "whiten_bias_epochs": 3
    },
    "aug": {
        "flip": true,
        "translate": 2
    },
    "net": {
        "widths": {
            "block1": 64,
            "block2": 256,
            "block3": 256
        },
        "batchnorm_momentum": 0.6,
        "scaling_factor": 0.1111111111111111,
        "tta_level": 2
    },
    "random_seed": 99,
    "git_commit_hash": "85402c5c6fafc553256ddda6a38a5e86792e3fed",
    "elapsed_wclock_time": 3.893694090127945,
    "final acc": 0.9316999912261963,
    "last batch loss": 0.96826171875,
    "epoch_val_accs": [
        0.6660999655723572,
        0.6586999893188477,
        0.7612999677658081,
        0.7999999523162842,
        0.8132999539375305,
        0.8241999745368958,
        0.8641999959945679,
        0.8782999515533447,
        0.9138999581336975,
        0.9235999584197998
    ],
    "epoch_losses": [
        1.5166015625,
        1.2958984375,
        1.2421875,
        1.1796875,
        1.1826171875,
        1.126953125,
        1.068359375,
        1.0400390625,
        1.00390625,
        0.96826171875
    ]
}