{
    "opt": {
        "train_epochs": 9.9,
        "batch_size": 1024,
        "lr": 11.5,
        "momentum": 0.85,
        "weight_decay": 0.0153,
        "bias_scaler": 64.0,
        "label_smoothing": 0.2,
        "whiten_bias_epochs": 3
    },
    "aug": {
        "flip": true,
        "translate": 2
    },
    "net": {
        "widths": {
            "block1": 64,
            "block2": 256,
            "block3": 256
        },
        "batchnorm_momentum": 0.6,
        "scaling_factor": 0.1111111111111111,
        "tta_level": 2
    },
    "random_seed": 99,
    "git_commit_hash": "85402c5c6fafc553256ddda6a38a5e86792e3fed",
    "elapsed_wclock_time": 3.7665421397686005,
    "final acc": 0.9352999925613403,
    "last batch loss": 0.95849609375,
    "epoch_val_accs": [
        0.6208999752998352,
        0.7127999663352966,
        0.7565999627113342,
        0.7943999767303467,
        0.8470999598503113,
        0.8131999969482422,
        0.8798999786376953,
        0.8842999935150146,
        0.9106999635696411,
        0.9250999689102173
    ],
    "epoch_losses": [
        1.4716796875,
        1.349609375,
        1.228515625,
        1.1767578125,
        1.1494140625,
        1.1328125,
        1.07421875,
        1.0419921875,
        1.0078125,
        0.95849609375
    ]
}