{
    "opt": {
        "train_epochs": 9.9,
        "batch_size": 1024,
        "lr": 11.5,
        "momentum": 0.85,
        "weight_decay": 0.0153,
        "bias_scaler": 64.0,
        "label_smoothing": 0.2,
        "whiten_bias_epochs": 3
    },
    "aug": {
        "flip": true,
        "translate": 2
    },
    "net": {
        "widths": {
            "block1": 64,
            "block2": 256,
            "block3": 256
        },
        "batchnorm_momentum": 0.6,
        "scaling_factor": 0.1111111111111111,
        "tta_level": 2
    },
    "random_seed": 99,
    "git_commit_hash": "85402c5c6fafc553256ddda6a38a5e86792e3fed",
    "elapsed_wclock_time": 3.849169901609421,
    "final acc": 0.9332000017166138,
    "last batch loss": 0.97705078125,
    "epoch_val_accs": [
        0.6556000113487244,
        0.6771000027656555,
        0.7799999713897705,
        0.7595999836921692,
        0.8407999873161316,
        0.851099967956543,
        0.8632999658584595,
        0.8758999705314636,
        0.9090999960899353,
        0.9236999750137329
    ],
    "epoch_losses": [
        1.455078125,
        1.3037109375,
        1.2138671875,
        1.2431640625,
        1.13671875,
        1.14453125,
        1.0546875,
        1.044921875,
        0.9912109375,
        0.97705078125
    ]
}