{
    "opt": {
        "train_epochs": 9.9,
        "batch_size": 1024,
        "lr": 11.5,
        "momentum": 0.85,
        "weight_decay": 0.0153,
        "bias_scaler": 64.0,
        "label_smoothing": 0.2,
        "whiten_bias_epochs": 3
    },
    "aug": {
        "flip": true,
        "translate": 2
    },
    "net": {
        "widths": {
            "block1": 64,
            "block2": 256,
            "block3": 256
        },
        "batchnorm_momentum": 0.6,
        "scaling_factor": 0.1111111111111111,
        "tta_level": 2
    },
    "random_seed": 99,
    "git_commit_hash": "85402c5c6fafc553256ddda6a38a5e86792e3fed",
    "elapsed_wclock_time": 3.8475395388603215,
    "final acc": 0.9328999519348145,
    "last batch loss": 0.95703125,
    "epoch_val_accs": [
        0.6747999787330627,
        0.6990999579429626,
        0.7019999623298645,
        0.7480999827384949,
        0.7688999772071838,
        0.8154000043869019,
        0.8770999908447266,
        0.8836999535560608,
        0.9110999703407288,
        0.9250999689102173
    ],
    "epoch_losses": [
        1.49609375,
        1.2978515625,
        1.2236328125,
        1.220703125,
        1.1708984375,
        1.1123046875,
        1.0615234375,
        1.037109375,
        1.005859375,
        0.95703125
    ]
}