{
    "opt": {
        "train_epochs": 9.9,
        "batch_size": 1024,
        "lr": 11.5,
        "momentum": 0.85,
        "weight_decay": 0.0153,
        "bias_scaler": 64.0,
        "label_smoothing": 0.2,
        "whiten_bias_epochs": 3
    },
    "aug": {
        "flip": true,
        "translate": 2
    },
    "net": {
        "widths": {
            "block1": 64,
            "block2": 256,
            "block3": 256
        },
        "batchnorm_momentum": 0.6,
        "scaling_factor": 0.1111111111111111,
        "tta_level": 2
    },
    "random_seed": 99,
    "git_commit_hash": "85402c5c6fafc553256ddda6a38a5e86792e3fed",
    "elapsed_wclock_time": 3.841015846252442,
    "final acc": 0.9321999549865723,
    "last batch loss": 0.9599609375,
    "epoch_val_accs": [
        0.6629999876022339,
        0.7724999785423279,
        0.7494999766349792,
        0.7781999707221985,
        0.8242999911308289,
        0.8466999530792236,
        0.8636999726295471,
        0.8812999725341797,
        0.9037999510765076,
        0.9228999614715576
    ],
    "epoch_losses": [
        1.4794921875,
        1.298828125,
        1.2275390625,
        1.212890625,
        1.1611328125,
        1.150390625,
        1.0751953125,
        1.0625,
        1.00390625,
        0.9599609375
    ]
}