{
    "opt": {
        "train_epochs": 9.9,
        "batch_size": 1024,
        "lr": 11.5,
        "momentum": 0.85,
        "weight_decay": 0.0153,
        "bias_scaler": 64.0,
        "label_smoothing": 0.2,
        "whiten_bias_epochs": 3
    },
    "aug": {
        "flip": true,
        "translate": 2
    },
    "net": {
        "widths": {
            "block1": 64,
            "block2": 256,
            "block3": 256
        },
        "batchnorm_momentum": 0.6,
        "scaling_factor": 0.1111111111111111,
        "tta_level": 2
    },
    "random_seed": 99,
    "git_commit_hash": "85402c5c6fafc553256ddda6a38a5e86792e3fed",
    "elapsed_wclock_time": 3.852457076311111,
    "final acc": 0.9303999543190002,
    "last batch loss": 0.970703125,
    "epoch_val_accs": [
        0.642799973487854,
        0.7378000020980835,
        0.7360000014305115,
        0.8007999658584595,
        0.8215000033378601,
        0.8381999731063843,
        0.8718999624252319,
        0.8794999718666077,
        0.904699981212616,
        0.9239999651908875
    ],
    "epoch_losses": [
        1.4267578125,
        1.2919921875,
        1.2197265625,
        1.169921875,
        1.1591796875,
        1.142578125,
        1.0615234375,
        1.0595703125,
        1.005859375,
        0.970703125
    ]
}