{
    "opt": {
        "train_epochs": 9.9,
        "batch_size": 1024,
        "lr": 11.5,
        "momentum": 0.85,
        "weight_decay": 0.0153,
        "bias_scaler": 64.0,
        "label_smoothing": 0.2,
        "whiten_bias_epochs": 3
    },
    "aug": {
        "flip": true,
        "translate": 2
    },
    "net": {
        "widths": {
            "block1": 64,
            "block2": 256,
            "block3": 256
        },
        "batchnorm_momentum": 0.6,
        "scaling_factor": 0.1111111111111111,
        "tta_level": 2
    },
    "random_seed": 99,
    "git_commit_hash": "85402c5c6fafc553256ddda6a38a5e86792e3fed",
    "elapsed_wclock_time": 3.80531963467598,
    "final acc": 0.9332999587059021,
    "last batch loss": 0.974609375,
    "epoch_val_accs": [
        0.5144000053405762,
        0.5533999800682068,
        0.6944999694824219,
        0.7447999715805054,
        0.8116999864578247,
        0.8534999489784241,
        0.8554999828338623,
        0.8823999762535095,
        0.9057999849319458,
        0.9238999485969543
    ],
    "epoch_losses": [
        1.490234375,
        1.345703125,
        1.2099609375,
        1.1787109375,
        1.1796875,
        1.119140625,
        1.080078125,
        1.037109375,
        0.99560546875,
        0.974609375
    ]
}