{
    "opt": {
        "train_epochs": 9.9,
        "batch_size": 1024,
        "lr": 11.5,
        "momentum": 0.85,
        "weight_decay": 0.0153,
        "bias_scaler": 64.0,
        "label_smoothing": 0.2,
        "whiten_bias_epochs": 3
    },
    "aug": {
        "flip": true,
        "translate": 2
    },
    "net": {
        "widths": {
            "block1": 64,
            "block2": 256,
            "block3": 256
        },
        "batchnorm_momentum": 0.6,
        "scaling_factor": 0.1111111111111111,
        "tta_level": 2
    },
    "random_seed": 99,
    "git_commit_hash": "85402c5c6fafc553256ddda6a38a5e86792e3fed",
    "elapsed_wclock_time": 3.7650323143005373,
    "final acc": 0.9346999526023865,
    "last batch loss": 0.95068359375,
    "epoch_val_accs": [
        0.6491000056266785,
        0.6032999753952026,
        0.7906000018119812,
        0.7361999750137329,
        0.8319000005722046,
        0.8211999535560608,
        0.8578000068664551,
        0.8596000075340271,
        0.9139999747276306,
        0.9268999695777893
    ],
    "epoch_losses": [
        1.5009765625,
        1.31640625,
        1.248046875,
        1.19140625,
        1.1728515625,
        1.1630859375,
        1.0810546875,
        1.0537109375,
        1.0078125,
        0.95068359375
    ]
}