{
    "opt": {
        "train_epochs": 9.9,
        "batch_size": 1024,
        "lr": 11.5,
        "momentum": 0.85,
        "weight_decay": 0.0153,
        "bias_scaler": 64.0,
        "label_smoothing": 0.2,
        "whiten_bias_epochs": 3
    },
    "aug": {
        "flip": true,
        "translate": 2
    },
    "net": {
        "widths": {
            "block1": 64,
            "block2": 256,
            "block3": 256
        },
        "batchnorm_momentum": 0.6,
        "scaling_factor": 0.1111111111111111,
        "tta_level": 2
    },
    "random_seed": 99,
    "git_commit_hash": "85402c5c6fafc553256ddda6a38a5e86792e3fed",
    "elapsed_wclock_time": 3.801969874620437,
    "final acc": 0.9350000023841858,
    "last batch loss": 0.955078125,
    "epoch_val_accs": [
        0.6496999859809875,
        0.7572000026702881,
        0.8131999969482422,
        0.8030999898910522,
        0.8418999910354614,
        0.8312000036239624,
        0.8751999735832214,
        0.8812999725341797,
        0.9092999696731567,
        0.9253000020980835
    ],
    "epoch_losses": [
        1.451171875,
        1.302734375,
        1.2177734375,
        1.251953125,
        1.1357421875,
        1.134765625,
        1.0673828125,
        1.0400390625,
        0.99462890625,
        0.955078125
    ]
}