{
    "opt": {
        "train_epochs": 9.9,
        "batch_size": 1024,
        "lr": 11.5,
        "momentum": 0.85,
        "weight_decay": 0.0153,
        "bias_scaler": 64.0,
        "label_smoothing": 0.2,
        "whiten_bias_epochs": 3
    },
    "aug": {
        "flip": true,
        "translate": 2
    },
    "net": {
        "widths": {
            "block1": 64,
            "block2": 256,
            "block3": 256
        },
        "batchnorm_momentum": 0.6,
        "scaling_factor": 0.1111111111111111,
        "tta_level": 2
    },
    "random_seed": 99,
    "git_commit_hash": "85402c5c6fafc553256ddda6a38a5e86792e3fed",
    "elapsed_wclock_time": 3.7537350795269018,
    "final acc": 0.9318999648094177,
    "last batch loss": 0.95556640625,
    "epoch_val_accs": [
        0.5892999768257141,
        0.7555999755859375,
        0.6825000047683716,
        0.7784000039100647,
        0.7986999750137329,
        0.7610999941825867,
        0.8586999773979187,
        0.8910999894142151,
        0.911899983882904,
        0.923799991607666
    ],
    "epoch_losses": [
        1.4716796875,
        1.310546875,
        1.2392578125,
        1.2099609375,
        1.1708984375,
        1.1279296875,
        1.0712890625,
        1.044921875,
        1.0029296875,
        0.95556640625
    ]
}