{
    "opt": {
        "train_epochs": 9.9,
        "batch_size": 1024,
        "lr": 11.5,
        "momentum": 0.85,
        "weight_decay": 0.0153,
        "bias_scaler": 64.0,
        "label_smoothing": 0.2,
        "whiten_bias_epochs": 3
    },
    "aug": {
        "flip": true,
        "translate": 2
    },
    "net": {
        "widths": {
            "block1": 64,
            "block2": 256,
            "block3": 256
        },
        "batchnorm_momentum": 0.6,
        "scaling_factor": 0.1111111111111111,
        "tta_level": 2
    },
    "random_seed": 99,
    "git_commit_hash": "85402c5c6fafc553256ddda6a38a5e86792e3fed",
    "elapsed_wclock_time": 3.8116898272037507,
    "final acc": 0.9304999709129333,
    "last batch loss": 0.95703125,
    "epoch_val_accs": [
        0.6922999620437622,
        0.722000002861023,
        0.7267000079154968,
        0.8033999800682068,
        0.8082000017166138,
        0.8298999667167664,
        0.8572999835014343,
        0.8833000063896179,
        0.886199951171875,
        0.9232999682426453
    ],
    "epoch_losses": [
        1.4267578125,
        1.30078125,
        1.2666015625,
        1.1650390625,
        1.158203125,
        1.1123046875,
        1.0810546875,
        1.0439453125,
        1.0166015625,
        0.95703125
    ]
}