{
    "opt": {
        "train_epochs": 9.9,
        "batch_size": 1024,
        "lr": 11.5,
        "momentum": 0.85,
        "weight_decay": 0.0153,
        "bias_scaler": 64.0,
        "label_smoothing": 0.2,
        "whiten_bias_epochs": 3
    },
    "aug": {
        "flip": true,
        "translate": 2
    },
    "net": {
        "widths": {
            "block1": 64,
            "block2": 256,
            "block3": 256
        },
        "batchnorm_momentum": 0.6,
        "scaling_factor": 0.1111111111111111,
        "tta_level": 2
    },
    "random_seed": 99,
    "git_commit_hash": "85402c5c6fafc553256ddda6a38a5e86792e3fed",
    "elapsed_wclock_time": 3.898904930114746,
    "final acc": 0.9334999918937683,
    "last batch loss": 0.95703125,
    "epoch_val_accs": [
        0.6586999893188477,
        0.76419997215271,
        0.6845999956130981,
        0.6865999698638916,
        0.8375999927520752,
        0.8607999682426453,
        0.8603000044822693,
        0.8669999837875366,
        0.9154999852180481,
        0.9250999689102173
    ],
    "epoch_losses": [
        1.451171875,
        1.2783203125,
        1.2314453125,
        1.19140625,
        1.1630859375,
        1.1328125,
        1.0595703125,
        1.048828125,
        1.001953125,
        0.95703125
    ]
}