{
    "opt": {
        "train_epochs": 9.9,
        "batch_size": 1024,
        "lr": 11.5,
        "momentum": 0.85,
        "weight_decay": 0.0153,
        "bias_scaler": 64.0,
        "label_smoothing": 0.2,
        "whiten_bias_epochs": 3
    },
    "aug": {
        "flip": true,
        "translate": 2
    },
    "net": {
        "widths": {
            "block1": 64,
            "block2": 256,
            "block3": 256
        },
        "batchnorm_momentum": 0.6,
        "scaling_factor": 0.1111111111111111,
        "tta_level": 2
    },
    "random_seed": 99,
    "git_commit_hash": "85402c5c6fafc553256ddda6a38a5e86792e3fed",
    "elapsed_wclock_time": 3.7638380765914916,
    "final acc": 0.9354999661445618,
    "last batch loss": 0.96630859375,
    "epoch_val_accs": [
        0.630899965763092,
        0.7975999712944031,
        0.7623999714851379,
        0.7817999720573425,
        0.8388999700546265,
        0.8263999819755554,
        0.8851999640464783,
        0.8912999629974365,
        0.9121999740600586,
        0.9274999499320984
    ],
    "epoch_losses": [
        1.462890625,
        1.3076171875,
        1.2294921875,
        1.19921875,
        1.1708984375,
        1.1259765625,
        1.0634765625,
        1.0361328125,
        1.0009765625,
        0.96630859375
    ]
}