{
    "opt": {
        "train_epochs": 9.9,
        "batch_size": 1024,
        "lr": 11.5,
        "momentum": 0.85,
        "weight_decay": 0.0153,
        "bias_scaler": 64.0,
        "label_smoothing": 0.2,
        "whiten_bias_epochs": 3
    },
    "aug": {
        "flip": true,
        "translate": 2
    },
    "net": {
        "widths": {
            "block1": 64,
            "block2": 256,
            "block3": 256
        },
        "batchnorm_momentum": 0.6,
        "scaling_factor": 0.1111111111111111,
        "tta_level": 2
    },
    "random_seed": 99,
    "git_commit_hash": "85402c5c6fafc553256ddda6a38a5e86792e3fed",
    "elapsed_wclock_time": 3.8977421021461485,
    "final acc": 0.9303999543190002,
    "last batch loss": 0.98046875,
    "epoch_val_accs": [
        0.6785999536514282,
        0.615399956703186,
        0.7040999531745911,
        0.7896999716758728,
        0.7998999953269958,
        0.8226000070571899,
        0.8684999942779541,
        0.8489999771118164,
        0.9070000052452087,
        0.923799991607666
    ],
    "epoch_losses": [
        1.48046875,
        1.3095703125,
        1.2470703125,
        1.205078125,
        1.1708984375,
        1.1259765625,
        1.0927734375,
        1.05078125,
        0.98486328125,
        0.98046875
    ]
}