{
    "opt": {
        "train_epochs": 9.9,
        "batch_size": 1024,
        "lr": 11.5,
        "momentum": 0.85,
        "weight_decay": 0.0153,
        "bias_scaler": 64.0,
        "label_smoothing": 0.2,
        "whiten_bias_epochs": 3
    },
    "aug": {
        "flip": true,
        "translate": 2
    },
    "net": {
        "widths": {
            "block1": 64,
            "block2": 256,
            "block3": 256
        },
        "batchnorm_momentum": 0.6,
        "scaling_factor": 0.1111111111111111,
        "tta_level": 2
    },
    "random_seed": 99,
    "git_commit_hash": "85402c5c6fafc553256ddda6a38a5e86792e3fed",
    "elapsed_wclock_time": 3.8502340900897987,
    "final acc": 0.9314000010490417,
    "last batch loss": 0.97021484375,
    "epoch_val_accs": [
        0.6818000078201294,
        0.6894999742507935,
        0.7573999762535095,
        0.7021999955177307,
        0.8357999920845032,
        0.8534999489784241,
        0.8797999620437622,
        0.885699987411499,
        0.911899983882904,
        0.9226999878883362
    ],
    "epoch_losses": [
        1.44921875,
        1.2998046875,
        1.2255859375,
        1.1923828125,
        1.15234375,
        1.134765625,
        1.06640625,
        1.046875,
        0.98681640625,
        0.97021484375
    ]
}