{
    "opt": {
        "train_epochs": 9.9,
        "batch_size": 1024,
        "lr": 11.5,
        "momentum": 0.85,
        "weight_decay": 0.0153,
        "bias_scaler": 64.0,
        "label_smoothing": 0.2,
        "whiten_bias_epochs": 3
    },
    "aug": {
        "flip": true,
        "translate": 2
    },
    "net": {
        "widths": {
            "block1": 64,
            "block2": 256,
            "block3": 256
        },
        "batchnorm_momentum": 0.6,
        "scaling_factor": 0.1111111111111111,
        "tta_level": 2
    },
    "random_seed": 99,
    "git_commit_hash": "85402c5c6fafc553256ddda6a38a5e86792e3fed",
    "elapsed_wclock_time": 3.904130762815475,
    "final acc": 0.9333999752998352,
    "last batch loss": 0.96728515625,
    "epoch_val_accs": [
        0.6837999820709229,
        0.6466999650001526,
        0.7860999703407288,
        0.7755999565124512,
        0.830299973487854,
        0.8024999499320984,
        0.8777999877929688,
        0.8739999532699585,
        0.9103999733924866,
        0.9258999824523926
    ],
    "epoch_losses": [
        1.474609375,
        1.2880859375,
        1.2158203125,
        1.20703125,
        1.1474609375,
        1.1357421875,
        1.0869140625,
        1.0595703125,
        0.9951171875,
        0.96728515625
    ]
}