{
    "opt": {
        "train_epochs": 9.9,
        "batch_size": 1024,
        "lr": 11.5,
        "momentum": 0.85,
        "weight_decay": 0.0153,
        "bias_scaler": 64.0,
        "label_smoothing": 0.2,
        "whiten_bias_epochs": 3
    },
    "aug": {
        "flip": true,
        "translate": 2
    },
    "net": {
        "widths": {
            "block1": 64,
            "block2": 256,
            "block3": 256
        },
        "batchnorm_momentum": 0.6,
        "scaling_factor": 0.1111111111111111,
        "tta_level": 2
    },
    "random_seed": 99,
    "git_commit_hash": "85402c5c6fafc553256ddda6a38a5e86792e3fed",
    "elapsed_wclock_time": 3.908636772155762,
    "final acc": 0.9311999678611755,
    "last batch loss": 0.96435546875,
    "epoch_val_accs": [
        0.6428999900817871,
        0.7601999640464783,
        0.6275999546051025,
        0.7058999538421631,
        0.8333999514579773,
        0.8105999827384949,
        0.8815999627113342,
        0.8851000070571899,
        0.905299961566925,
        0.92249995470047
    ],
    "epoch_losses": [
        1.4580078125,
        1.2880859375,
        1.2470703125,
        1.2314453125,
        1.16015625,
        1.138671875,
        1.06640625,
        1.05078125,
        1.01171875,
        0.96435546875
    ]
}