{
    "opt": {
        "train_epochs": 9.9,
        "batch_size": 1024,
        "lr": 11.5,
        "momentum": 0.85,
        "weight_decay": 0.0153,
        "bias_scaler": 64.0,
        "label_smoothing": 0.2,
        "whiten_bias_epochs": 3
    },
    "aug": {
        "flip": true,
        "translate": 2
    },
    "net": {
        "widths": {
            "block1": 64,
            "block2": 256,
            "block3": 256
        },
        "batchnorm_momentum": 0.6,
        "scaling_factor": 0.1111111111111111,
        "tta_level": 2
    },
    "random_seed": 99,
    "git_commit_hash": "85402c5c6fafc553256ddda6a38a5e86792e3fed",
    "elapsed_wclock_time": 3.8852585895061496,
    "final acc": 0.9320999979972839,
    "last batch loss": 0.9609375,
    "epoch_val_accs": [
        0.6295999884605408,
        0.6908999681472778,
        0.770799994468689,
        0.8007000088691711,
        0.8514999747276306,
        0.8288999795913696,
        0.8642999529838562,
        0.8651999831199646,
        0.91239994764328,
        0.9235000014305115
    ],
    "epoch_losses": [
        1.4873046875,
        1.337890625,
        1.228515625,
        1.177734375,
        1.1533203125,
        1.1298828125,
        1.07421875,
        1.0419921875,
        1.005859375,
        0.9609375
    ]
}