{
    "opt": {
        "train_epochs": 9.9,
        "batch_size": 1024,
        "lr": 11.5,
        "momentum": 0.85,
        "weight_decay": 0.0153,
        "bias_scaler": 64.0,
        "label_smoothing": 0.2,
        "whiten_bias_epochs": 3
    },
    "aug": {
        "flip": true,
        "translate": 2
    },
    "net": {
        "widths": {
            "block1": 64,
            "block2": 256,
            "block3": 256
        },
        "batchnorm_momentum": 0.6,
        "scaling_factor": 0.1111111111111111,
        "tta_level": 2
    },
    "random_seed": 99,
    "git_commit_hash": "85402c5c6fafc553256ddda6a38a5e86792e3fed",
    "elapsed_wclock_time": 3.8115751445293435,
    "final acc": 0.9307999610900879,
    "last batch loss": 0.970703125,
    "epoch_val_accs": [
        0.6959999799728394,
        0.7005000114440918,
        0.7170000076293945,
        0.8280999660491943,
        0.8499999642372131,
        0.8424999713897705,
        0.8711999654769897,
        0.8751999735832214,
        0.9114999771118164,
        0.9256999492645264
    ],
    "epoch_losses": [
        1.4482421875,
        1.3447265625,
        1.2587890625,
        1.1904296875,
        1.1640625,
        1.130859375,
        1.07421875,
        1.046875,
        1.017578125,
        0.970703125
    ]
}