{
    "opt": {
        "train_epochs": 9.9,
        "batch_size": 1024,
        "lr": 11.5,
        "momentum": 0.85,
        "weight_decay": 0.0153,
        "bias_scaler": 64.0,
        "label_smoothing": 0.2,
        "whiten_bias_epochs": 3
    },
    "aug": {
        "flip": true,
        "translate": 2
    },
    "net": {
        "widths": {
            "block1": 64,
            "block2": 256,
            "block3": 256
        },
        "batchnorm_momentum": 0.6,
        "scaling_factor": 0.1111111111111111,
        "tta_level": 2
    },
    "random_seed": 99,
    "git_commit_hash": "85402c5c6fafc553256ddda6a38a5e86792e3fed",
    "elapsed_wclock_time": 3.8723993682861333,
    "final acc": 0.9325999617576599,
    "last batch loss": 0.96142578125,
    "epoch_val_accs": [
        0.6462999582290649,
        0.7329999804496765,
        0.7127999663352966,
        0.6991999745368958,
        0.8315999507904053,
        0.8276999592781067,
        0.8507999777793884,
        0.8926999568939209,
        0.9078999757766724,
        0.9239999651908875
    ],
    "epoch_losses": [
        1.4384765625,
        1.26953125,
        1.263671875,
        1.1943359375,
        1.16015625,
        1.107421875,
        1.07421875,
        1.04296875,
        0.99072265625,
        0.96142578125
    ]
}