{
    "opt": {
        "train_epochs": 9.9,
        "batch_size": 1024,
        "lr": 11.5,
        "momentum": 0.85,
        "weight_decay": 0.0153,
        "bias_scaler": 64.0,
        "label_smoothing": 0.2,
        "whiten_bias_epochs": 3
    },
    "aug": {
        "flip": true,
        "translate": 2
    },
    "net": {
        "widths": {
            "block1": 64,
            "block2": 256,
            "block3": 256
        },
        "batchnorm_momentum": 0.6,
        "scaling_factor": 0.1111111111111111,
        "tta_level": 2
    },
    "random_seed": 99,
    "git_commit_hash": "85402c5c6fafc553256ddda6a38a5e86792e3fed",
    "elapsed_wclock_time": 3.7658460025787353,
    "final acc": 0.9305999875068665,
    "last batch loss": 0.97412109375,
    "epoch_val_accs": [
        0.652999997138977,
        0.677299976348877,
        0.755899965763092,
        0.8205999732017517,
        0.8004999756813049,
        0.8043999671936035,
        0.849399983882904,
        0.8892999887466431,
        0.9138999581336975,
        0.9243999719619751
    ],
    "epoch_losses": [
        1.4482421875,
        1.29296875,
        1.2412109375,
        1.181640625,
        1.1572265625,
        1.1279296875,
        1.0556640625,
        1.0302734375,
        0.98046875,
        0.97412109375
    ]
}