{
    "opt": {
        "train_epochs": 9.9,
        "batch_size": 1024,
        "lr": 11.5,
        "momentum": 0.85,
        "weight_decay": 0.0153,
        "bias_scaler": 64.0,
        "label_smoothing": 0.2,
        "whiten_bias_epochs": 3
    },
    "aug": {
        "flip": true,
        "translate": 2
    },
    "net": {
        "widths": {
            "block1": 64,
            "block2": 256,
            "block3": 256
        },
        "batchnorm_momentum": 0.6,
        "scaling_factor": 0.1111111111111111,
        "tta_level": 2
    },
    "random_seed": 99,
    "git_commit_hash": "85402c5c6fafc553256ddda6a38a5e86792e3fed",
    "elapsed_wclock_time": 3.851990742444992,
    "final acc": 0.9315999746322632,
    "last batch loss": 0.9658203125,
    "epoch_val_accs": [
        0.6746999621391296,
        0.7336999773979187,
        0.7764999866485596,
        0.731499969959259,
        0.7965999841690063,
        0.8381999731063843,
        0.8622999787330627,
        0.8774999976158142,
        0.9101999998092651,
        0.9231999516487122
    ],
    "epoch_losses": [
        1.4326171875,
        1.3251953125,
        1.228515625,
        1.1640625,
        1.1875,
        1.1220703125,
        1.0869140625,
        1.0625,
        0.99853515625,
        0.9658203125
    ]
}