{
    "opt": {
        "train_epochs": 9.9,
        "batch_size": 1024,
        "lr": 11.5,
        "momentum": 0.85,
        "weight_decay": 0.0153,
        "bias_scaler": 64.0,
        "label_smoothing": 0.2,
        "whiten_bias_epochs": 3
    },
    "aug": {
        "flip": true,
        "translate": 2
    },
    "net": {
        "widths": {
            "block1": 64,
            "block2": 256,
            "block3": 256
        },
        "batchnorm_momentum": 0.6,
        "scaling_factor": 0.1111111111111111,
        "tta_level": 2
    },
    "random_seed": 99,
    "git_commit_hash": "85402c5c6fafc553256ddda6a38a5e86792e3fed",
    "elapsed_wclock_time": 3.9021412174701693,
    "final acc": 0.930899977684021,
    "last batch loss": 0.97265625,
    "epoch_val_accs": [
        0.6656999588012695,
        0.7116999626159668,
        0.677299976348877,
        0.7089999914169312,
        0.8003000020980835,
        0.8048999905586243,
        0.8799999952316284,
        0.8853999972343445,
        0.9003999829292297,
        0.9217999577522278
    ],
    "epoch_losses": [
        1.46875,
        1.255859375,
        1.251953125,
        1.1689453125,
        1.166015625,
        1.1259765625,
        1.0576171875,
        1.056640625,
        1.0078125,
        0.97265625
    ]
}