{
    "opt": {
        "train_epochs": 9.9,
        "batch_size": 1024,
        "lr": 11.5,
        "momentum": 0.85,
        "weight_decay": 0.0153,
        "bias_scaler": 64.0,
        "label_smoothing": 0.2,
        "whiten_bias_epochs": 3
    },
    "aug": {
        "flip": true,
        "translate": 2
    },
    "net": {
        "widths": {
            "block1": 64,
            "block2": 256,
            "block3": 256
        },
        "batchnorm_momentum": 0.6,
        "scaling_factor": 0.1111111111111111,
        "tta_level": 2
    },
    "random_seed": 99,
    "git_commit_hash": "85402c5c6fafc553256ddda6a38a5e86792e3fed",
    "elapsed_wclock_time": 3.89317999625206,
    "final acc": 0.9298999905586243,
    "last batch loss": 0.96533203125,
    "epoch_val_accs": [
        0.7002999782562256,
        0.7315999865531921,
        0.7202999591827393,
        0.7754999995231628,
        0.8194999694824219,
        0.847599983215332,
        0.8888999819755554,
        0.8757999539375305,
        0.9107999801635742,
        0.921999990940094
    ],
    "epoch_losses": [
        1.447265625,
        1.2939453125,
        1.2373046875,
        1.2138671875,
        1.1572265625,
        1.15625,
        1.072265625,
        1.0625,
        0.99462890625,
        0.96533203125
    ]
}