{
    "opt": {
        "train_epochs": 9.9,
        "batch_size": 1024,
        "lr": 11.5,
        "momentum": 0.85,
        "weight_decay": 0.0153,
        "bias_scaler": 64.0,
        "label_smoothing": 0.2,
        "whiten_bias_epochs": 3
    },
    "aug": {
        "flip": true,
        "translate": 2
    },
    "net": {
        "widths": {
            "block1": 64,
            "block2": 256,
            "block3": 256
        },
        "batchnorm_momentum": 0.6,
        "scaling_factor": 0.1111111111111111,
        "tta_level": 2
    },
    "random_seed": 99,
    "git_commit_hash": "85402c5c6fafc553256ddda6a38a5e86792e3fed",
    "elapsed_wclock_time": 3.8960358014106746,
    "final acc": 0.9315999746322632,
    "last batch loss": 0.970703125,
    "epoch_val_accs": [
        0.625,
        0.642799973487854,
        0.7566999793052673,
        0.7572000026702881,
        0.838699996471405,
        0.8657000064849854,
        0.8710999488830566,
        0.8901999592781067,
        0.9063999652862549,
        0.9238999485969543
    ],
    "epoch_losses": [
        1.4599609375,
        1.3359375,
        1.2353515625,
        1.17578125,
        1.158203125,
        1.1220703125,
        1.060546875,
        1.037109375,
        1.0078125,
        0.970703125
    ]
}