{
    "opt": {
        "train_epochs": 9.9,
        "batch_size": 1024,
        "lr": 11.5,
        "momentum": 0.85,
        "weight_decay": 0.0153,
        "bias_scaler": 64.0,
        "label_smoothing": 0.2,
        "whiten_bias_epochs": 3
    },
    "aug": {
        "flip": true,
        "translate": 2
    },
    "net": {
        "widths": {
            "block1": 64,
            "block2": 256,
            "block3": 256
        },
        "batchnorm_momentum": 0.6,
        "scaling_factor": 0.1111111111111111,
        "tta_level": 2
    },
    "random_seed": 99,
    "git_commit_hash": "85402c5c6fafc553256ddda6a38a5e86792e3fed",
    "elapsed_wclock_time": 3.8485444898605348,
    "final acc": 0.9300999641418457,
    "last batch loss": 0.97314453125,
    "epoch_val_accs": [
        0.6861000061035156,
        0.7443999648094177,
        0.6660000085830688,
        0.8274999856948853,
        0.8242999911308289,
        0.8337999582290649,
        0.8772000074386597,
        0.8743999600410461,
        0.9055999517440796,
        0.9235999584197998
    ],
    "epoch_losses": [
        1.4462890625,
        1.322265625,
        1.24609375,
        1.169921875,
        1.216796875,
        1.111328125,
        1.0703125,
        1.05078125,
        0.98046875,
        0.97314453125
    ]
}