{
    "opt": {
        "train_epochs": 9.9,
        "batch_size": 1024,
        "lr": 11.5,
        "momentum": 0.85,
        "weight_decay": 0.0153,
        "bias_scaler": 64.0,
        "label_smoothing": 0.2,
        "whiten_bias_epochs": 3
    },
    "aug": {
        "flip": true,
        "translate": 2
    },
    "net": {
        "widths": {
            "block1": 64,
            "block2": 256,
            "block3": 256
        },
        "batchnorm_momentum": 0.6,
        "scaling_factor": 0.1111111111111111,
        "tta_level": 2
    },
    "random_seed": 99,
    "git_commit_hash": "85402c5c6fafc553256ddda6a38a5e86792e3fed",
    "elapsed_wclock_time": 3.7647427966594695,
    "final acc": 0.9314000010490417,
    "last batch loss": 0.96484375,
    "epoch_val_accs": [
        0.6577999591827393,
        0.7203999757766724,
        0.7892999649047852,
        0.7129999995231628,
        0.8306999802589417,
        0.8319000005722046,
        0.8766999840736389,
        0.8869999647140503,
        0.9089999794960022,
        0.9211999773979187
    ],
    "epoch_losses": [
        1.44140625,
        1.267578125,
        1.2177734375,
        1.216796875,
        1.1728515625,
        1.134765625,
        1.064453125,
        1.05859375,
        1.005859375,
        0.96484375
    ]
}