{
    "opt": {
        "train_epochs": 9.9,
        "batch_size": 1024,
        "lr": 11.5,
        "momentum": 0.85,
        "weight_decay": 0.0153,
        "bias_scaler": 64.0,
        "label_smoothing": 0.2,
        "whiten_bias_epochs": 3
    },
    "aug": {
        "flip": true,
        "translate": 2
    },
    "net": {
        "widths": {
            "block1": 64,
            "block2": 256,
            "block3": 256
        },
        "batchnorm_momentum": 0.6,
        "scaling_factor": 0.1111111111111111,
        "tta_level": 2
    },
    "random_seed": 99,
    "git_commit_hash": "85402c5c6fafc553256ddda6a38a5e86792e3fed",
    "elapsed_wclock_time": 3.8147525801658633,
    "final acc": 0.9310999512672424,
    "last batch loss": 0.96923828125,
    "epoch_val_accs": [
        0.7089999914169312,
        0.7549999952316284,
        0.8050999641418457,
        0.7685999870300293,
        0.7773000001907349,
        0.7929999828338623,
        0.8563999533653259,
        0.8958999514579773,
        0.915399968624115,
        0.9229999780654907
    ],
    "epoch_losses": [
        1.4599609375,
        1.259765625,
        1.1953125,
        1.1943359375,
        1.15234375,
        1.125,
        1.0615234375,
        1.0439453125,
        1.0107421875,
        0.96923828125
    ]
}