{
    "opt": {
        "train_epochs": 9.9,
        "batch_size": 1024,
        "lr": 11.5,
        "momentum": 0.85,
        "weight_decay": 0.0153,
        "bias_scaler": 64.0,
        "label_smoothing": 0.2,
        "whiten_bias_epochs": 3
    },
    "aug": {
        "flip": true,
        "translate": 2
    },
    "net": {
        "widths": {
            "block1": 64,
            "block2": 256,
            "block3": 256
        },
        "batchnorm_momentum": 0.6,
        "scaling_factor": 0.1111111111111111,
        "tta_level": 2
    },
    "random_seed": 99,
    "git_commit_hash": "85402c5c6fafc553256ddda6a38a5e86792e3fed",
    "elapsed_wclock_time": 3.900464591026306,
    "final acc": 0.9282999634742737,
    "last batch loss": 0.958984375,
    "epoch_val_accs": [
        0.6765999794006348,
        0.7193999886512756,
        0.7432000041007996,
        0.8184999823570251,
        0.8191999793052673,
        0.8376999497413635,
        0.8618999719619751,
        0.8840999603271484,
        0.9074999690055847,
        0.9217999577522278
    ],
    "epoch_losses": [
        1.462890625,
        1.30078125,
        1.2294921875,
        1.19921875,
        1.1474609375,
        1.1171875,
        1.07421875,
        1.046875,
        0.99365234375,
        0.958984375
    ]
}