{
    "opt": {
        "train_epochs": 9.9,
        "batch_size": 1024,
        "lr": 11.5,
        "momentum": 0.85,
        "weight_decay": 0.0153,
        "bias_scaler": 64.0,
        "label_smoothing": 0.2,
        "whiten_bias_epochs": 3
    },
    "aug": {
        "flip": true,
        "translate": 2
    },
    "net": {
        "widths": {
            "block1": 64,
            "block2": 256,
            "block3": 256
        },
        "batchnorm_momentum": 0.6,
        "scaling_factor": 0.1111111111111111,
        "tta_level": 2
    },
    "random_seed": 99,
    "git_commit_hash": "85402c5c6fafc553256ddda6a38a5e86792e3fed",
    "elapsed_wclock_time": 3.849745586633682,
    "final acc": 0.9319999814033508,
    "last batch loss": 0.97265625,
    "epoch_val_accs": [
        0.6866999864578247,
        0.7386999726295471,
        0.684499979019165,
        0.7378000020980835,
        0.8091999888420105,
        0.8601999878883362,
        0.8621999621391296,
        0.8797000050544739,
        0.9156999588012695,
        0.9232999682426453
    ],
    "epoch_losses": [
        1.470703125,
        1.3017578125,
        1.2666015625,
        1.1845703125,
        1.1513671875,
        1.1162109375,
        1.0556640625,
        1.0546875,
        1.0029296875,
        0.97265625
    ]
}