{
    "opt": {
        "train_epochs": 9.9,
        "batch_size": 1024,
        "lr": 11.5,
        "momentum": 0.85,
        "weight_decay": 0.0153,
        "bias_scaler": 64.0,
        "label_smoothing": 0.2,
        "whiten_bias_epochs": 3
    },
    "aug": {
        "flip": true,
        "translate": 2
    },
    "net": {
        "widths": {
            "block1": 64,
            "block2": 256,
            "block3": 256
        },
        "batchnorm_momentum": 0.6,
        "scaling_factor": 0.1111111111111111,
        "tta_level": 2
    },
    "random_seed": 99,
    "git_commit_hash": "85402c5c6fafc553256ddda6a38a5e86792e3fed",
    "elapsed_wclock_time": 3.891193848371506,
    "final acc": 0.9348999857902527,
    "last batch loss": 0.97265625,
    "epoch_val_accs": [
        0.635699987411499,
        0.7170999646186829,
        0.7489999532699585,
        0.8184999823570251,
        0.8511999845504761,
        0.816100001335144,
        0.8513999581336975,
        0.8829999566078186,
        0.9185000061988831,
        0.9262999892234802
    ],
    "epoch_losses": [
        1.4345703125,
        1.3125,
        1.236328125,
        1.173828125,
        1.197265625,
        1.14453125,
        1.0830078125,
        1.0654296875,
        0.9951171875,
        0.97265625
    ]
}