{
    "opt": {
        "train_epochs": 9.9,
        "batch_size": 1024,
        "lr": 11.5,
        "momentum": 0.85,
        "weight_decay": 0.0153,
        "bias_scaler": 64.0,
        "label_smoothing": 0.2,
        "whiten_bias_epochs": 3
    },
    "aug": {
        "flip": true,
        "translate": 2
    },
    "net": {
        "widths": {
            "block1": 64,
            "block2": 256,
            "block3": 256
        },
        "batchnorm_momentum": 0.6,
        "scaling_factor": 0.1111111111111111,
        "tta_level": 2
    },
    "random_seed": 99,
    "git_commit_hash": "85402c5c6fafc553256ddda6a38a5e86792e3fed",
    "elapsed_wclock_time": 3.7646718738079072,
    "final acc": 0.9333999752998352,
    "last batch loss": 0.96142578125,
    "epoch_val_accs": [
        0.6620999574661255,
        0.6604999899864197,
        0.7991999983787537,
        0.7820999622344971,
        0.840499997138977,
        0.8414999842643738,
        0.8738999962806702,
        0.8826999664306641,
        0.9103999733924866,
        0.9229999780654907
    ],
    "epoch_losses": [
        1.4580078125,
        1.326171875,
        1.2265625,
        1.1640625,
        1.1611328125,
        1.15234375,
        1.080078125,
        1.04296875,
        1.03125,
        0.96142578125
    ]
}