{
    "opt": {
        "train_epochs": 9.9,
        "batch_size": 1024,
        "lr": 11.5,
        "momentum": 0.85,
        "weight_decay": 0.0153,
        "bias_scaler": 64.0,
        "label_smoothing": 0.2,
        "whiten_bias_epochs": 3
    },
    "aug": {
        "flip": true,
        "translate": 2
    },
    "net": {
        "widths": {
            "block1": 64,
            "block2": 256,
            "block3": 256
        },
        "batchnorm_momentum": 0.6,
        "scaling_factor": 0.1111111111111111,
        "tta_level": 2
    },
    "random_seed": 99,
    "git_commit_hash": "85402c5c6fafc553256ddda6a38a5e86792e3fed",
    "elapsed_wclock_time": 3.894048988342285,
    "final acc": 0.9320999979972839,
    "last batch loss": 0.9716796875,
    "epoch_val_accs": [
        0.6761999726295471,
        0.4530999958515167,
        0.804099977016449,
        0.8150999546051025,
        0.7421999573707581,
        0.8384999632835388,
        0.8596000075340271,
        0.873699963092804,
        0.9009999632835388,
        0.9222999811172485
    ],
    "epoch_losses": [
        1.4658203125,
        1.3251953125,
        1.234375,
        1.1865234375,
        1.181640625,
        1.1171875,
        1.0751953125,
        1.056640625,
        0.99267578125,
        0.9716796875
    ]
}