{
    "opt": {
        "train_epochs": 9.9,
        "batch_size": 1024,
        "lr": 11.5,
        "momentum": 0.85,
        "weight_decay": 0.0153,
        "bias_scaler": 64.0,
        "label_smoothing": 0.2,
        "whiten_bias_epochs": 3
    },
    "aug": {
        "flip": true,
        "translate": 2
    },
    "net": {
        "widths": {
            "block1": 64,
            "block2": 256,
            "block3": 256
        },
        "batchnorm_momentum": 0.6,
        "scaling_factor": 0.1111111111111111,
        "tta_level": 2
    },
    "random_seed": 99,
    "git_commit_hash": "85402c5c6fafc553256ddda6a38a5e86792e3fed",
    "elapsed_wclock_time": 3.8455103533267976,
    "final acc": 0.9320999979972839,
    "last batch loss": 0.96923828125,
    "epoch_val_accs": [
        0.6875,
        0.5812000036239624,
        0.7583000063896179,
        0.6622999906539917,
        0.8223999738693237,
        0.839199960231781,
        0.8626999855041504,
        0.8906999826431274,
        0.9108999967575073,
        0.9240999817848206
    ],
    "epoch_losses": [
        1.4521484375,
        1.3232421875,
        1.2109375,
        1.1953125,
        1.1650390625,
        1.1279296875,
        1.09375,
        1.0419921875,
        1.0048828125,
        0.96923828125
    ]
}