{
    "opt": {
        "train_epochs": 9.9,
        "batch_size": 1024,
        "lr": 11.5,
        "momentum": 0.85,
        "weight_decay": 0.0153,
        "bias_scaler": 64.0,
        "label_smoothing": 0.2,
        "whiten_bias_epochs": 3
    },
    "aug": {
        "flip": true,
        "translate": 2
    },
    "net": {
        "widths": {
            "block1": 64,
            "block2": 256,
            "block3": 256
        },
        "batchnorm_momentum": 0.6,
        "scaling_factor": 0.1111111111111111,
        "tta_level": 2
    },
    "random_seed": 99,
    "git_commit_hash": "85402c5c6fafc553256ddda6a38a5e86792e3fed",
    "elapsed_wclock_time": 3.892622927188873,
    "final acc": 0.9336999654769897,
    "last batch loss": 0.9677734375,
    "epoch_val_accs": [
        0.6351999640464783,
        0.7670999765396118,
        0.7833999991416931,
        0.7125999927520752,
        0.8226000070571899,
        0.8395999670028687,
        0.8710999488830566,
        0.8970999717712402,
        0.9125999808311462,
        0.9259999990463257
    ],
    "epoch_losses": [
        1.47265625,
        1.328125,
        1.1982421875,
        1.205078125,
        1.1650390625,
        1.1279296875,
        1.0908203125,
        1.05078125,
        1.005859375,
        0.9677734375
    ]
}