{
    "opt": {
        "train_epochs": 9.9,
        "batch_size": 1024,
        "lr": 11.5,
        "momentum": 0.85,
        "weight_decay": 0.0153,
        "bias_scaler": 64.0,
        "label_smoothing": 0.2,
        "whiten_bias_epochs": 3
    },
    "aug": {
        "flip": true,
        "translate": 2
    },
    "net": {
        "widths": {
            "block1": 64,
            "block2": 256,
            "block3": 256
        },
        "batchnorm_momentum": 0.6,
        "scaling_factor": 0.1111111111111111,
        "tta_level": 2
    },
    "random_seed": 99,
    "git_commit_hash": "85402c5c6fafc553256ddda6a38a5e86792e3fed",
    "elapsed_wclock_time": 3.8518633971214298,
    "final acc": 0.9323999881744385,
    "last batch loss": 0.95947265625,
    "epoch_val_accs": [
        0.6420999765396118,
        0.7470999956130981,
        0.7071999907493591,
        0.7293999791145325,
        0.8374999761581421,
        0.8075999617576599,
        0.8819999694824219,
        0.8907999992370605,
        0.9077999591827393,
        0.926099956035614
    ],
    "epoch_losses": [
        1.4560546875,
        1.29296875,
        1.240234375,
        1.2353515625,
        1.1591796875,
        1.138671875,
        1.056640625,
        1.0517578125,
        1.0107421875,
        0.95947265625
    ]
}