{
    "opt": {
        "train_epochs": 9.9,
        "batch_size": 1024,
        "lr": 11.5,
        "momentum": 0.85,
        "weight_decay": 0.0153,
        "bias_scaler": 64.0,
        "label_smoothing": 0.2,
        "whiten_bias_epochs": 3
    },
    "aug": {
        "flip": true,
        "translate": 2
    },
    "net": {
        "widths": {
            "block1": 64,
            "block2": 256,
            "block3": 256
        },
        "batchnorm_momentum": 0.6,
        "scaling_factor": 0.1111111111111111,
        "tta_level": 2
    },
    "random_seed": 99,
    "git_commit_hash": "85402c5c6fafc553256ddda6a38a5e86792e3fed",
    "elapsed_wclock_time": 3.854364821434021,
    "final acc": 0.9297999739646912,
    "last batch loss": 0.9697265625,
    "epoch_val_accs": [
        0.6498000025749207,
        0.7238999605178833,
        0.8037999868392944,
        0.7577999830245972,
        0.8136999607086182,
        0.8518999814987183,
        0.8628000020980835,
        0.8783999681472778,
        0.9109999537467957,
        0.920799970626831
    ],
    "epoch_losses": [
        1.4482421875,
        1.3369140625,
        1.25,
        1.1943359375,
        1.1826171875,
        1.109375,
        1.068359375,
        1.041015625,
        1.0087890625,
        0.9697265625
    ]
}