{
    "opt": {
        "train_epochs": 9.9,
        "batch_size": 1024,
        "lr": 11.5,
        "momentum": 0.85,
        "weight_decay": 0.0153,
        "bias_scaler": 64.0,
        "label_smoothing": 0.2,
        "whiten_bias_epochs": 3
    },
    "aug": {
        "flip": true,
        "translate": 2
    },
    "net": {
        "widths": {
            "block1": 64,
            "block2": 256,
            "block3": 256
        },
        "batchnorm_momentum": 0.6,
        "scaling_factor": 0.1111111111111111,
        "tta_level": 2
    },
    "random_seed": 99,
    "git_commit_hash": "85402c5c6fafc553256ddda6a38a5e86792e3fed",
    "elapsed_wclock_time": 3.8582647054195407,
    "final acc": 0.933899998664856,
    "last batch loss": 0.9736328125,
    "epoch_val_accs": [
        0.6473000049591064,
        0.6462999582290649,
        0.7888000011444092,
        0.7605999708175659,
        0.8360999822616577,
        0.8438000082969666,
        0.8871999979019165,
        0.8809999823570251,
        0.9127999544143677,
        0.9257999658584595
    ],
    "epoch_losses": [
        1.482421875,
        1.294921875,
        1.205078125,
        1.2275390625,
        1.1611328125,
        1.1279296875,
        1.07421875,
        1.0419921875,
        0.994140625,
        0.9736328125
    ]
}