{
    "opt": {
        "train_epochs": 9.9,
        "batch_size": 1024,
        "lr": 11.5,
        "momentum": 0.85,
        "weight_decay": 0.0153,
        "bias_scaler": 64.0,
        "label_smoothing": 0.2,
        "whiten_bias_epochs": 3
    },
    "aug": {
        "flip": true,
        "translate": 2
    },
    "net": {
        "widths": {
            "block1": 64,
            "block2": 256,
            "block3": 256
        },
        "batchnorm_momentum": 0.6,
        "scaling_factor": 0.1111111111111111,
        "tta_level": 2
    },
    "random_seed": 99,
    "git_commit_hash": "85402c5c6fafc553256ddda6a38a5e86792e3fed",
    "elapsed_wclock_time": 3.9009170989990234,
    "final acc": 0.9314000010490417,
    "last batch loss": 0.9736328125,
    "epoch_val_accs": [
        0.6686999797821045,
        0.6599999666213989,
        0.7303000092506409,
        0.8051999807357788,
        0.8281999826431274,
        0.8371999859809875,
        0.8716999888420105,
        0.886199951171875,
        0.9070000052452087,
        0.9222999811172485
    ],
    "epoch_losses": [
        1.4833984375,
        1.3037109375,
        1.2607421875,
        1.2041015625,
        1.1455078125,
        1.1181640625,
        1.10546875,
        1.05859375,
        1.0009765625,
        0.9736328125
    ]
}