{
    "opt": {
        "train_epochs": 9.9,
        "batch_size": 1024,
        "lr": 11.5,
        "momentum": 0.85,
        "weight_decay": 0.0153,
        "bias_scaler": 64.0,
        "label_smoothing": 0.2,
        "whiten_bias_epochs": 3
    },
    "aug": {
        "flip": true,
        "translate": 2
    },
    "net": {
        "widths": {
            "block1": 64,
            "block2": 256,
            "block3": 256
        },
        "batchnorm_momentum": 0.6,
        "scaling_factor": 0.1111111111111111,
        "tta_level": 2
    },
    "random_seed": 99,
    "git_commit_hash": "85402c5c6fafc553256ddda6a38a5e86792e3fed",
    "elapsed_wclock_time": 3.852421956300736,
    "final acc": 0.9339999556541443,
    "last batch loss": 0.974609375,
    "epoch_val_accs": [
        0.6845999956130981,
        0.6191999912261963,
        0.7685999870300293,
        0.7527999877929688,
        0.7865999937057495,
        0.7612999677658081,
        0.8805999755859375,
        0.8878999948501587,
        0.9129999876022339,
        0.9236999750137329
    ],
    "epoch_losses": [
        1.4580078125,
        1.2919921875,
        1.255859375,
        1.189453125,
        1.177734375,
        1.14453125,
        1.0673828125,
        1.0361328125,
        1.0029296875,
        0.974609375
    ]
}