{
    "opt": {
        "train_epochs": 9.9,
        "batch_size": 1024,
        "lr": 11.5,
        "momentum": 0.85,
        "weight_decay": 0.0153,
        "bias_scaler": 64.0,
        "label_smoothing": 0.2,
        "whiten_bias_epochs": 3
    },
    "aug": {
        "flip": true,
        "translate": 2
    },
    "net": {
        "widths": {
            "block1": 64,
            "block2": 256,
            "block3": 256
        },
        "batchnorm_momentum": 0.6,
        "scaling_factor": 0.1111111111111111,
        "tta_level": 2
    },
    "random_seed": 99,
    "git_commit_hash": "85402c5c6fafc553256ddda6a38a5e86792e3fed",
    "elapsed_wclock_time": 3.902267013549805,
    "final acc": 0.9307999610900879,
    "last batch loss": 0.9619140625,
    "epoch_val_accs": [
        0.7046999931335449,
        0.6847000122070312,
        0.7669000029563904,
        0.7684999704360962,
        0.8262999653816223,
        0.7893999814987183,
        0.880299985408783,
        0.8768999576568604,
        0.8976999521255493,
        0.9222999811172485
    ],
    "epoch_losses": [
        1.435546875,
        1.2802734375,
        1.2080078125,
        1.1865234375,
        1.1640625,
        1.13671875,
        1.078125,
        1.044921875,
        1.0009765625,
        0.9619140625
    ]
}