{
    "opt": {
        "train_epochs": 9.9,
        "batch_size": 1024,
        "lr": 11.5,
        "momentum": 0.85,
        "weight_decay": 0.0153,
        "bias_scaler": 64.0,
        "label_smoothing": 0.2,
        "whiten_bias_epochs": 3
    },
    "aug": {
        "flip": true,
        "translate": 2
    },
    "net": {
        "widths": {
            "block1": 64,
            "block2": 256,
            "block3": 256
        },
        "batchnorm_momentum": 0.6,
        "scaling_factor": 0.1111111111111111,
        "tta_level": 2
    },
    "random_seed": 99,
    "git_commit_hash": "85402c5c6fafc553256ddda6a38a5e86792e3fed",
    "elapsed_wclock_time": 3.772054518461227,
    "final acc": 0.9321999549865723,
    "last batch loss": 0.97998046875,
    "epoch_val_accs": [
        0.6527999639511108,
        0.6908999681472778,
        0.7777000069618225,
        0.7954999804496765,
        0.8565999865531921,
        0.8130999803543091,
        0.8758999705314636,
        0.8836999535560608,
        0.9133999943733215,
        0.924299955368042
    ],
    "epoch_losses": [
        1.5224609375,
        1.2890625,
        1.197265625,
        1.173828125,
        1.1552734375,
        1.138671875,
        1.0703125,
        1.072265625,
        1.0029296875,
        0.97998046875
    ]
}