{
    "opt": {
        "train_epochs": 9.9,
        "batch_size": 1024,
        "lr": 11.5,
        "momentum": 0.85,
        "weight_decay": 0.0153,
        "bias_scaler": 64.0,
        "label_smoothing": 0.2,
        "whiten_bias_epochs": 3
    },
    "aug": {
        "flip": true,
        "translate": 2
    },
    "net": {
        "widths": {
            "block1": 64,
            "block2": 256,
            "block3": 256
        },
        "batchnorm_momentum": 0.6,
        "scaling_factor": 0.1111111111111111,
        "tta_level": 2
    },
    "random_seed": 99,
    "git_commit_hash": "85402c5c6fafc553256ddda6a38a5e86792e3fed",
    "elapsed_wclock_time": 3.8508688261508945,
    "final acc": 0.930899977684021,
    "last batch loss": 0.958984375,
    "epoch_val_accs": [
        0.7013999819755554,
        0.7204999923706055,
        0.7800999879837036,
        0.8046000003814697,
        0.7910999655723572,
        0.8568999767303467,
        0.8592000007629395,
        0.8845999836921692,
        0.9086999893188477,
        0.9217999577522278
    ],
    "epoch_losses": [
        1.4580078125,
        1.314453125,
        1.2265625,
        1.1904296875,
        1.166015625,
        1.1220703125,
        1.1025390625,
        1.0341796875,
        1.0166015625,
        0.958984375
    ]
}