{
    "opt": {
        "train_epochs": 9.9,
        "batch_size": 1024,
        "lr": 11.5,
        "momentum": 0.85,
        "weight_decay": 0.0153,
        "bias_scaler": 64.0,
        "label_smoothing": 0.2,
        "whiten_bias_epochs": 3
    },
    "aug": {
        "flip": true,
        "translate": 2
    },
    "net": {
        "widths": {
            "block1": 64,
            "block2": 256,
            "block3": 256
        },
        "batchnorm_momentum": 0.6,
        "scaling_factor": 0.1111111111111111,
        "tta_level": 2
    },
    "random_seed": 99,
    "git_commit_hash": "85402c5c6fafc553256ddda6a38a5e86792e3fed",
    "elapsed_wclock_time": 3.765405393600464,
    "final acc": 0.9341999888420105,
    "last batch loss": 0.97607421875,
    "epoch_val_accs": [
        0.699999988079071,
        0.677299976348877,
        0.767799973487854,
        0.7993999719619751,
        0.8228999972343445,
        0.8346999883651733,
        0.8540999889373779,
        0.8863999843597412,
        0.9091999530792236,
        0.9233999848365784
    ],
    "epoch_losses": [
        1.4443359375,
        1.326171875,
        1.2353515625,
        1.1845703125,
        1.197265625,
        1.1259765625,
        1.09375,
        1.0517578125,
        1.0078125,
        0.97607421875
    ]
}