{
    "opt": {
        "train_epochs": 9.9,
        "batch_size": 1024,
        "lr": 11.5,
        "momentum": 0.85,
        "weight_decay": 0.0153,
        "bias_scaler": 64.0,
        "label_smoothing": 0.2,
        "whiten_bias_epochs": 3
    },
    "aug": {
        "flip": true,
        "translate": 2
    },
    "net": {
        "widths": {
            "block1": 64,
            "block2": 256,
            "block3": 256
        },
        "batchnorm_momentum": 0.6,
        "scaling_factor": 0.1111111111111111,
        "tta_level": 2
    },
    "random_seed": 99,
    "git_commit_hash": "85402c5c6fafc553256ddda6a38a5e86792e3fed",
    "elapsed_wclock_time": 3.814757197141647,
    "final acc": 0.9307000041007996,
    "last batch loss": 0.97216796875,
    "epoch_val_accs": [
        0.6489999890327454,
        0.64410001039505,
        0.6746000051498413,
        0.7789999842643738,
        0.8438999652862549,
        0.7152999639511108,
        0.8611999750137329,
        0.8849999904632568,
        0.8962000012397766,
        0.923799991607666
    ],
    "epoch_losses": [
        1.4267578125,
        1.3046875,
        1.23828125,
        1.2021484375,
        1.1474609375,
        1.134765625,
        1.0556640625,
        1.0283203125,
        1.005859375,
        0.97216796875
    ]
}