{
    "opt": {
        "train_epochs": 9.9,
        "batch_size": 1024,
        "lr": 11.5,
        "momentum": 0.85,
        "weight_decay": 0.0153,
        "bias_scaler": 64.0,
        "label_smoothing": 0.2,
        "whiten_bias_epochs": 3
    },
    "aug": {
        "flip": true,
        "translate": 2
    },
    "net": {
        "widths": {
            "block1": 64,
            "block2": 256,
            "block3": 256
        },
        "batchnorm_momentum": 0.6,
        "scaling_factor": 0.1111111111111111,
        "tta_level": 2
    },
    "random_seed": 99,
    "git_commit_hash": "85402c5c6fafc553256ddda6a38a5e86792e3fed",
    "elapsed_wclock_time": 3.8993840546607976,
    "final acc": 0.9329999685287476,
    "last batch loss": 0.9619140625,
    "epoch_val_accs": [
        0.6715999841690063,
        0.7303999662399292,
        0.8098999857902527,
        0.7360999584197998,
        0.8556999564170837,
        0.8527999520301819,
        0.8743000030517578,
        0.8925999999046326,
        0.9090999960899353,
        0.9228999614715576
    ],
    "epoch_losses": [
        1.5009765625,
        1.283203125,
        1.208984375,
        1.2314453125,
        1.1533203125,
        1.119140625,
        1.0966796875,
        1.046875,
        0.97705078125,
        0.9619140625
    ]
}