{
    "opt": {
        "train_epochs": 9.9,
        "batch_size": 1024,
        "lr": 11.5,
        "momentum": 0.85,
        "weight_decay": 0.0153,
        "bias_scaler": 64.0,
        "label_smoothing": 0.2,
        "whiten_bias_epochs": 3
    },
    "aug": {
        "flip": true,
        "translate": 2
    },
    "net": {
        "widths": {
            "block1": 64,
            "block2": 256,
            "block3": 256
        },
        "batchnorm_momentum": 0.6,
        "scaling_factor": 0.1111111111111111,
        "tta_level": 2
    },
    "random_seed": 99,
    "git_commit_hash": "85402c5c6fafc553256ddda6a38a5e86792e3fed",
    "elapsed_wclock_time": 3.8526280019283288,
    "final acc": 0.9325999617576599,
    "last batch loss": 0.970703125,
    "epoch_val_accs": [
        0.6398999691009521,
        0.7371999621391296,
        0.6644999980926514,
        0.7135999798774719,
        0.7971999645233154,
        0.8377999663352966,
        0.8488999605178833,
        0.8919999599456787,
        0.9071999788284302,
        0.9256999492645264
    ],
    "epoch_losses": [
        1.4892578125,
        1.2841796875,
        1.224609375,
        1.2041015625,
        1.2080078125,
        1.111328125,
        1.083984375,
        1.0498046875,
        1.001953125,
        0.970703125
    ]
}