{
    "opt": {
        "train_epochs": 9.9,
        "batch_size": 1024,
        "lr": 11.5,
        "momentum": 0.85,
        "weight_decay": 0.0153,
        "bias_scaler": 64.0,
        "label_smoothing": 0.2,
        "whiten_bias_epochs": 3
    },
    "aug": {
        "flip": true,
        "translate": 2
    },
    "net": {
        "widths": {
            "block1": 64,
            "block2": 256,
            "block3": 256
        },
        "batchnorm_momentum": 0.6,
        "scaling_factor": 0.1111111111111111,
        "tta_level": 2
    },
    "random_seed": 99,
    "git_commit_hash": "85402c5c6fafc553256ddda6a38a5e86792e3fed",
    "elapsed_wclock_time": 3.889675140619278,
    "final acc": 0.9352999925613403,
    "last batch loss": 0.9638671875,
    "epoch_val_accs": [
        0.60589998960495,
        0.70660001039505,
        0.7407999634742737,
        0.7712000012397766,
        0.8285999894142151,
        0.8442999720573425,
        0.8777999877929688,
        0.8695999979972839,
        0.9175999760627747,
        0.9286999702453613
    ],
    "epoch_losses": [
        1.4794921875,
        1.2919921875,
        1.2314453125,
        1.1943359375,
        1.1728515625,
        1.1025390625,
        1.072265625,
        1.037109375,
        1.00390625,
        0.9638671875
    ]
}