{
    "opt": {
        "train_epochs": 9.9,
        "batch_size": 1024,
        "lr": 11.5,
        "momentum": 0.85,
        "weight_decay": 0.0153,
        "bias_scaler": 64.0,
        "label_smoothing": 0.2,
        "whiten_bias_epochs": 3
    },
    "aug": {
        "flip": true,
        "translate": 2
    },
    "net": {
        "widths": {
            "block1": 64,
            "block2": 256,
            "block3": 256
        },
        "batchnorm_momentum": 0.6,
        "scaling_factor": 0.1111111111111111,
        "tta_level": 2
    },
    "random_seed": 99,
    "git_commit_hash": "85402c5c6fafc553256ddda6a38a5e86792e3fed",
    "elapsed_wclock_time": 3.8626014785766607,
    "final acc": 0.9332000017166138,
    "last batch loss": 0.962890625,
    "epoch_val_accs": [
        0.6437000036239624,
        0.6360999941825867,
        0.7958999872207642,
        0.7919999957084656,
        0.8324999809265137,
        0.8258999586105347,
        0.8750999569892883,
        0.8690999746322632,
        0.9108999967575073,
        0.9239999651908875
    ],
    "epoch_losses": [
        1.4541015625,
        1.3212890625,
        1.22265625,
        1.1630859375,
        1.16015625,
        1.1103515625,
        1.0791015625,
        1.0625,
        0.9853515625,
        0.962890625
    ]
}