{
    "opt": {
        "train_epochs": 9.9,
        "batch_size": 1024,
        "lr": 11.5,
        "momentum": 0.85,
        "weight_decay": 0.0153,
        "bias_scaler": 64.0,
        "label_smoothing": 0.2,
        "whiten_bias_epochs": 3
    },
    "aug": {
        "flip": true,
        "translate": 2
    },
    "net": {
        "widths": {
            "block1": 64,
            "block2": 256,
            "block3": 256
        },
        "batchnorm_momentum": 0.6,
        "scaling_factor": 0.1111111111111111,
        "tta_level": 2
    },
    "random_seed": 99,
    "git_commit_hash": "85402c5c6fafc553256ddda6a38a5e86792e3fed",
    "elapsed_wclock_time": 3.8997009458541867,
    "final acc": 0.9319999814033508,
    "last batch loss": 0.98388671875,
    "epoch_val_accs": [
        0.6789000034332275,
        0.7073999643325806,
        0.7858999967575073,
        0.7888999581336975,
        0.7635999917984009,
        0.8549000024795532,
        0.8514999747276306,
        0.885699987411499,
        0.913100004196167,
        0.9229999780654907
    ],
    "epoch_losses": [
        1.45703125,
        1.3564453125,
        1.2158203125,
        1.1728515625,
        1.1435546875,
        1.1181640625,
        1.07421875,
        1.05859375,
        1.0009765625,
        0.98388671875
    ]
}