{
    "opt": {
        "train_epochs": 9.9,
        "batch_size": 1024,
        "lr": 11.5,
        "momentum": 0.85,
        "weight_decay": 0.0153,
        "bias_scaler": 64.0,
        "label_smoothing": 0.2,
        "whiten_bias_epochs": 3
    },
    "aug": {
        "flip": true,
        "translate": 2
    },
    "net": {
        "widths": {
            "block1": 64,
            "block2": 256,
            "block3": 256
        },
        "batchnorm_momentum": 0.6,
        "scaling_factor": 0.1111111111111111,
        "tta_level": 2
    },
    "random_seed": 99,
    "git_commit_hash": "85402c5c6fafc553256ddda6a38a5e86792e3fed",
    "elapsed_wclock_time": 3.758971879243851,
    "final acc": 0.9323999881744385,
    "last batch loss": 0.9677734375,
    "epoch_val_accs": [
        0.6847000122070312,
        0.5047999620437622,
        0.7208999991416931,
        0.8175999522209167,
        0.7793999910354614,
        0.8550999760627747,
        0.8872999548912048,
        0.8738999962806702,
        0.9108999967575073,
        0.9231999516487122
    ],
    "epoch_losses": [
        1.447265625,
        1.349609375,
        1.2529296875,
        1.1826171875,
        1.189453125,
        1.1259765625,
        1.08203125,
        1.0458984375,
        1.0107421875,
        0.9677734375
    ]
}