{
    "opt": {
        "train_epochs": 9.9,
        "batch_size": 1024,
        "lr": 11.5,
        "momentum": 0.85,
        "weight_decay": 0.0153,
        "bias_scaler": 64.0,
        "label_smoothing": 0.2,
        "whiten_bias_epochs": 3
    },
    "aug": {
        "flip": true,
        "translate": 2
    },
    "net": {
        "widths": {
            "block1": 64,
            "block2": 256,
            "block3": 256
        },
        "batchnorm_momentum": 0.6,
        "scaling_factor": 0.1111111111111111,
        "tta_level": 2
    },
    "random_seed": 99,
    "git_commit_hash": "85402c5c6fafc553256ddda6a38a5e86792e3fed",
    "elapsed_wclock_time": 3.847278664112091,
    "final acc": 0.9321999549865723,
    "last batch loss": 0.96142578125,
    "epoch_val_accs": [
        0.6674999594688416,
        0.6994999647140503,
        0.7932999730110168,
        0.8313999772071838,
        0.8353999853134155,
        0.8330000042915344,
        0.8715999722480774,
        0.8593999743461609,
        0.910099983215332,
        0.9217999577522278
    ],
    "epoch_losses": [
        1.4326171875,
        1.298828125,
        1.21484375,
        1.1962890625,
        1.1708984375,
        1.12109375,
        1.0673828125,
        1.05078125,
        1.001953125,
        0.96142578125
    ]
}