{
    "opt": {
        "train_epochs": 9.9,
        "batch_size": 1024,
        "lr": 11.5,
        "momentum": 0.85,
        "weight_decay": 0.0153,
        "bias_scaler": 64.0,
        "label_smoothing": 0.2,
        "whiten_bias_epochs": 3
    },
    "aug": {
        "flip": true,
        "translate": 2
    },
    "net": {
        "widths": {
            "block1": 64,
            "block2": 256,
            "block3": 256
        },
        "batchnorm_momentum": 0.6,
        "scaling_factor": 0.1111111111111111,
        "tta_level": 2
    },
    "random_seed": 99,
    "git_commit_hash": "85402c5c6fafc553256ddda6a38a5e86792e3fed",
    "elapsed_wclock_time": 3.8092886176109317,
    "final acc": 0.934499979019165,
    "last batch loss": 0.95556640625,
    "epoch_val_accs": [
        0.6581000089645386,
        0.7295999526977539,
        0.7749999761581421,
        0.7339999675750732,
        0.7577999830245972,
        0.8316999673843384,
        0.8652999997138977,
        0.8842999935150146,
        0.9101999998092651,
        0.9233999848365784
    ],
    "epoch_losses": [
        1.5263671875,
        1.2783203125,
        1.228515625,
        1.2255859375,
        1.177734375,
        1.109375,
        1.056640625,
        1.03515625,
        1.01171875,
        0.95556640625
    ]
}