{
    "opt": {
        "train_epochs": 9.9,
        "batch_size": 1024,
        "lr": 11.5,
        "momentum": 0.85,
        "weight_decay": 0.0153,
        "bias_scaler": 64.0,
        "label_smoothing": 0.2,
        "whiten_bias_epochs": 3
    },
    "aug": {
        "flip": true,
        "translate": 2
    },
    "net": {
        "widths": {
            "block1": 64,
            "block2": 256,
            "block3": 256
        },
        "batchnorm_momentum": 0.6,
        "scaling_factor": 0.1111111111111111,
        "tta_level": 2
    },
    "random_seed": 99,
    "git_commit_hash": "85402c5c6fafc553256ddda6a38a5e86792e3fed",
    "elapsed_wclock_time": 3.7685630185604095,
    "final acc": 0.932699978351593,
    "last batch loss": 0.98095703125,
    "epoch_val_accs": [
        0.638700008392334,
        0.7375999689102173,
        0.6918999552726746,
        0.7181999683380127,
        0.8305999636650085,
        0.8481000065803528,
        0.8669999837875366,
        0.8801999688148499,
        0.9088000059127808,
        0.9232999682426453
    ],
    "epoch_losses": [
        1.458984375,
        1.2685546875,
        1.24609375,
        1.18359375,
        1.1484375,
        1.12109375,
        1.08984375,
        1.06640625,
        1.0078125,
        0.98095703125
    ]
}