{
    "opt": {
        "train_epochs": 9.9,
        "batch_size": 1024,
        "lr": 11.5,
        "momentum": 0.85,
        "weight_decay": 0.0153,
        "bias_scaler": 64.0,
        "label_smoothing": 0.2,
        "whiten_bias_epochs": 3
    },
    "aug": {
        "flip": true,
        "translate": 2
    },
    "net": {
        "widths": {
            "block1": 64,
            "block2": 256,
            "block3": 256
        },
        "batchnorm_momentum": 0.6,
        "scaling_factor": 0.1111111111111111,
        "tta_level": 2
    },
    "random_seed": 99,
    "git_commit_hash": "85402c5c6fafc553256ddda6a38a5e86792e3fed",
    "elapsed_wclock_time": 3.895331001281738,
    "final acc": 0.9330999851226807,
    "last batch loss": 0.97607421875,
    "epoch_val_accs": [
        0.6787999868392944,
        0.6563000082969666,
        0.746999979019165,
        0.7256999611854553,
        0.8326999545097351,
        0.7999999523162842,
        0.882099986076355,
        0.8784999847412109,
        0.9093999862670898,
        0.9241999983787537
    ],
    "epoch_losses": [
        1.455078125,
        1.3056640625,
        1.2412109375,
        1.201171875,
        1.1416015625,
        1.1181640625,
        1.0693359375,
        1.0556640625,
        1.0009765625,
        0.97607421875
    ]
}