{
    "opt": {
        "train_epochs": 9.9,
        "batch_size": 1024,
        "lr": 11.5,
        "momentum": 0.85,
        "weight_decay": 0.0153,
        "bias_scaler": 64.0,
        "label_smoothing": 0.2,
        "whiten_bias_epochs": 3
    },
    "aug": {
        "flip": true,
        "translate": 2
    },
    "net": {
        "widths": {
            "block1": 64,
            "block2": 256,
            "block3": 256
        },
        "batchnorm_momentum": 0.6,
        "scaling_factor": 0.1111111111111111,
        "tta_level": 2
    },
    "random_seed": 99,
    "git_commit_hash": "85402c5c6fafc553256ddda6a38a5e86792e3fed",
    "elapsed_wclock_time": 3.8980137906074526,
    "final acc": 0.9317999482154846,
    "last batch loss": 0.9677734375,
    "epoch_val_accs": [
        0.6489999890327454,
        0.7657999992370605,
        0.7382000088691711,
        0.7612999677658081,
        0.8449999690055847,
        0.8429999947547913,
        0.8868999481201172,
        0.8895999789237976,
        0.911300003528595,
        0.9217000007629395
    ],
    "epoch_losses": [
        1.4765625,
        1.2978515625,
        1.208984375,
        1.2001953125,
        1.15234375,
        1.12890625,
        1.076171875,
        1.025390625,
        1.001953125,
        0.9677734375
    ]
}