{
    "opt": {
        "train_epochs": 9.9,
        "batch_size": 1024,
        "lr": 11.5,
        "momentum": 0.85,
        "weight_decay": 0.0153,
        "bias_scaler": 64.0,
        "label_smoothing": 0.2,
        "whiten_bias_epochs": 3
    },
    "aug": {
        "flip": true,
        "translate": 2
    },
    "net": {
        "widths": {
            "block1": 64,
            "block2": 256,
            "block3": 256
        },
        "batchnorm_momentum": 0.6,
        "scaling_factor": 0.1111111111111111,
        "tta_level": 2
    },
    "random_seed": 99,
    "git_commit_hash": "85402c5c6fafc553256ddda6a38a5e86792e3fed",
    "elapsed_wclock_time": 3.8776065740585333,
    "final acc": 0.9339999556541443,
    "last batch loss": 0.97021484375,
    "epoch_val_accs": [
        0.6563000082969666,
        0.7800999879837036,
        0.7515999674797058,
        0.7609999775886536,
        0.8517999649047852,
        0.8543999791145325,
        0.8743000030517578,
        0.8923999667167664,
        0.909500002861023,
        0.9248999953269958
    ],
    "epoch_losses": [
        1.482421875,
        1.2939453125,
        1.22265625,
        1.2099609375,
        1.1572265625,
        1.111328125,
        1.0751953125,
        1.0361328125,
        1.0029296875,
        0.97021484375
    ]
}