{
    "opt": {
        "train_epochs": 9.9,
        "batch_size": 1024,
        "lr": 11.5,
        "momentum": 0.85,
        "weight_decay": 0.0153,
        "bias_scaler": 64.0,
        "label_smoothing": 0.2,
        "whiten_bias_epochs": 3
    },
    "aug": {
        "flip": true,
        "translate": 2
    },
    "net": {
        "widths": {
            "block1": 64,
            "block2": 256,
            "block3": 256
        },
        "batchnorm_momentum": 0.6,
        "scaling_factor": 0.1111111111111111,
        "tta_level": 2
    },
    "random_seed": 99,
    "git_commit_hash": "85402c5c6fafc553256ddda6a38a5e86792e3fed",
    "elapsed_wclock_time": 3.8532752680778506,
    "final acc": 0.9323999881744385,
    "last batch loss": 0.96435546875,
    "epoch_val_accs": [
        0.6184999942779541,
        0.7703999876976013,
        0.7648999691009521,
        0.7504000067710876,
        0.8504999876022339,
        0.7982999682426453,
        0.8686999678611755,
        0.8890999555587769,
        0.911799967288971,
        0.9243999719619751
    ],
    "epoch_losses": [
        1.421875,
        1.271484375,
        1.2197265625,
        1.1904296875,
        1.1455078125,
        1.1328125,
        1.078125,
        1.0517578125,
        0.99853515625,
        0.96435546875
    ]
}