{
    "opt": {
        "train_epochs": 9.9,
        "batch_size": 1024,
        "lr": 11.5,
        "momentum": 0.85,
        "weight_decay": 0.0153,
        "bias_scaler": 64.0,
        "label_smoothing": 0.2,
        "whiten_bias_epochs": 3
    },
    "aug": {
        "flip": true,
        "translate": 2
    },
    "net": {
        "widths": {
            "block1": 64,
            "block2": 256,
            "block3": 256
        },
        "batchnorm_momentum": 0.6,
        "scaling_factor": 0.1111111111111111,
        "tta_level": 2
    },
    "random_seed": 99,
    "git_commit_hash": "85402c5c6fafc553256ddda6a38a5e86792e3fed",
    "elapsed_wclock_time": 3.906123332977295,
    "final acc": 0.9314000010490417,
    "last batch loss": 0.96044921875,
    "epoch_val_accs": [
        0.6505999565124512,
        0.7089999914169312,
        0.6365999579429626,
        0.7717999815940857,
        0.840399980545044,
        0.8238999843597412,
        0.8637999892234802,
        0.8736000061035156,
        0.9059000015258789,
        0.9229999780654907
    ],
    "epoch_losses": [
        1.4677734375,
        1.2626953125,
        1.2236328125,
        1.2216796875,
        1.1904296875,
        1.1298828125,
        1.0673828125,
        1.0546875,
        1.0029296875,
        0.96044921875
    ]
}