{
    "opt": {
        "train_epochs": 9.9,
        "batch_size": 1024,
        "lr": 11.5,
        "momentum": 0.85,
        "weight_decay": 0.0153,
        "bias_scaler": 64.0,
        "label_smoothing": 0.2,
        "whiten_bias_epochs": 3
    },
    "aug": {
        "flip": true,
        "translate": 2
    },
    "net": {
        "widths": {
            "block1": 64,
            "block2": 256,
            "block3": 256
        },
        "batchnorm_momentum": 0.6,
        "scaling_factor": 0.1111111111111111,
        "tta_level": 2
    },
    "random_seed": 99,
    "git_commit_hash": "85402c5c6fafc553256ddda6a38a5e86792e3fed",
    "elapsed_wclock_time": 3.850552862882614,
    "final acc": 0.9316999912261963,
    "last batch loss": 0.958984375,
    "epoch_val_accs": [
        0.6098999977111816,
        0.7549999952316284,
        0.790399968624115,
        0.7210999727249146,
        0.7407999634742737,
        0.8486999869346619,
        0.8667999505996704,
        0.8903999924659729,
        0.9106999635696411,
        0.9228999614715576
    ],
    "epoch_losses": [
        1.490234375,
        1.318359375,
        1.2353515625,
        1.216796875,
        1.1904296875,
        1.1357421875,
        1.087890625,
        1.0498046875,
        1.0029296875,
        0.958984375
    ]
}