{
    "opt": {
        "train_epochs": 9.9,
        "batch_size": 1024,
        "lr": 11.5,
        "momentum": 0.85,
        "weight_decay": 0.0153,
        "bias_scaler": 64.0,
        "label_smoothing": 0.2,
        "whiten_bias_epochs": 3
    },
    "aug": {
        "flip": true,
        "translate": 2
    },
    "net": {
        "widths": {
            "block1": 64,
            "block2": 256,
            "block3": 256
        },
        "batchnorm_momentum": 0.6,
        "scaling_factor": 0.1111111111111111,
        "tta_level": 2
    },
    "random_seed": 99,
    "git_commit_hash": "85402c5c6fafc553256ddda6a38a5e86792e3fed",
    "elapsed_wclock_time": 3.773568004369736,
    "final acc": 0.9346999526023865,
    "last batch loss": 0.95849609375,
    "epoch_val_accs": [
        0.651199996471405,
        0.7330999970436096,
        0.6890000104904175,
        0.767799973487854,
        0.8062999844551086,
        0.8517999649047852,
        0.8816999793052673,
        0.8780999779701233,
        0.9072999954223633,
        0.9271999597549438
    ],
    "epoch_losses": [
        1.4619140625,
        1.2998046875,
        1.248046875,
        1.1982421875,
        1.1494140625,
        1.13671875,
        1.0576171875,
        1.0673828125,
        0.98876953125,
        0.95849609375
    ]
}