{
    "opt": {
        "train_epochs": 9.9,
        "batch_size": 1024,
        "lr": 11.5,
        "momentum": 0.85,
        "weight_decay": 0.0153,
        "bias_scaler": 64.0,
        "label_smoothing": 0.2,
        "whiten_bias_epochs": 3
    },
    "aug": {
        "flip": true,
        "translate": 2
    },
    "net": {
        "widths": {
            "block1": 64,
            "block2": 256,
            "block3": 256
        },
        "batchnorm_momentum": 0.6,
        "scaling_factor": 0.1111111111111111,
        "tta_level": 2
    },
    "random_seed": 99,
    "git_commit_hash": "85402c5c6fafc553256ddda6a38a5e86792e3fed",
    "elapsed_wclock_time": 3.8160345816612242,
    "final acc": 0.9327999949455261,
    "last batch loss": 0.96142578125,
    "epoch_val_accs": [
        0.6638999581336975,
        0.6739000082015991,
        0.7953000068664551,
        0.7836999893188477,
        0.8440999984741211,
        0.8438000082969666,
        0.8382999897003174,
        0.8833000063896179,
        0.9152999520301819,
        0.9274999499320984
    ],
    "epoch_losses": [
        1.4423828125,
        1.3330078125,
        1.2294921875,
        1.216796875,
        1.1845703125,
        1.1279296875,
        1.076171875,
        1.0478515625,
        1.013671875,
        0.96142578125
    ]
}