{
    "opt": {
        "train_epochs": 9.9,
        "batch_size": 1024,
        "lr": 11.5,
        "momentum": 0.85,
        "weight_decay": 0.0153,
        "bias_scaler": 64.0,
        "label_smoothing": 0.2,
        "whiten_bias_epochs": 3
    },
    "aug": {
        "flip": true,
        "translate": 2
    },
    "net": {
        "widths": {
            "block1": 64,
            "block2": 256,
            "block3": 256
        },
        "batchnorm_momentum": 0.6,
        "scaling_factor": 0.1111111111111111,
        "tta_level": 2
    },
    "random_seed": 99,
    "git_commit_hash": "85402c5c6fafc553256ddda6a38a5e86792e3fed",
    "elapsed_wclock_time": 3.852314779281616,
    "final acc": 0.9328999519348145,
    "last batch loss": 0.94970703125,
    "epoch_val_accs": [
        0.6471999883651733,
        0.6326000094413757,
        0.767799973487854,
        0.8222000002861023,
        0.8115999698638916,
        0.8359000086784363,
        0.8752999901771545,
        0.9006999731063843,
        0.9147999882698059,
        0.9239999651908875
    ],
    "epoch_losses": [
        1.4677734375,
        1.30078125,
        1.228515625,
        1.181640625,
        1.1337890625,
        1.1435546875,
        1.08203125,
        1.0400390625,
        0.9912109375,
        0.94970703125
    ]
}