{
    "opt": {
        "train_epochs": 9.9,
        "batch_size": 1024,
        "lr": 11.5,
        "momentum": 0.85,
        "weight_decay": 0.0153,
        "bias_scaler": 64.0,
        "label_smoothing": 0.2,
        "whiten_bias_epochs": 3
    },
    "aug": {
        "flip": true,
        "translate": 2
    },
    "net": {
        "widths": {
            "block1": 64,
            "block2": 256,
            "block3": 256
        },
        "batchnorm_momentum": 0.6,
        "scaling_factor": 0.1111111111111111,
        "tta_level": 2
    },
    "random_seed": 99,
    "git_commit_hash": "85402c5c6fafc553256ddda6a38a5e86792e3fed",
    "elapsed_wclock_time": 3.8484350712299342,
    "final acc": 0.9333999752998352,
    "last batch loss": 0.98046875,
    "epoch_val_accs": [
        0.6444999575614929,
        0.6013999581336975,
        0.6920999884605408,
        0.8060999512672424,
        0.8042999505996704,
        0.8240999579429626,
        0.8705999851226807,
        0.8906999826431274,
        0.9120999574661255,
        0.9267999529838562
    ],
    "epoch_losses": [
        1.4462890625,
        1.302734375,
        1.234375,
        1.189453125,
        1.1357421875,
        1.1318359375,
        1.0537109375,
        1.044921875,
        0.9873046875,
        0.98046875
    ]
}