{
    "opt": {
        "train_epochs": 9.9,
        "batch_size": 1024,
        "lr": 11.5,
        "momentum": 0.85,
        "weight_decay": 0.0153,
        "bias_scaler": 64.0,
        "label_smoothing": 0.2,
        "whiten_bias_epochs": 3
    },
    "aug": {
        "flip": true,
        "translate": 2
    },
    "net": {
        "widths": {
            "block1": 64,
            "block2": 256,
            "block3": 256
        },
        "batchnorm_momentum": 0.6,
        "scaling_factor": 0.1111111111111111,
        "tta_level": 2
    },
    "random_seed": 99,
    "git_commit_hash": "85402c5c6fafc553256ddda6a38a5e86792e3fed",
    "elapsed_wclock_time": 3.9071391932964326,
    "final acc": 0.9325000047683716,
    "last batch loss": 0.96533203125,
    "epoch_val_accs": [
        0.6777999997138977,
        0.7292999625205994,
        0.7602999806404114,
        0.6818999648094177,
        0.8349999785423279,
        0.8536999821662903,
        0.8777999877929688,
        0.8751999735832214,
        0.9032999873161316,
        0.9241999983787537
    ],
    "epoch_losses": [
        1.443359375,
        1.318359375,
        1.2421875,
        1.2119140625,
        1.1552734375,
        1.125,
        1.0556640625,
        1.0478515625,
        0.99951171875,
        0.96533203125
    ]
}