{
    "opt": {
        "train_epochs": 9.9,
        "batch_size": 1024,
        "lr": 11.5,
        "momentum": 0.85,
        "weight_decay": 0.0153,
        "bias_scaler": 64.0,
        "label_smoothing": 0.2,
        "whiten_bias_epochs": 3
    },
    "aug": {
        "flip": true,
        "translate": 2
    },
    "net": {
        "widths": {
            "block1": 64,
            "block2": 256,
            "block3": 256
        },
        "batchnorm_momentum": 0.6,
        "scaling_factor": 0.1111111111111111,
        "tta_level": 2
    },
    "random_seed": 99,
    "git_commit_hash": "85402c5c6fafc553256ddda6a38a5e86792e3fed",
    "elapsed_wclock_time": 3.894310554981231,
    "final acc": 0.9337999820709229,
    "last batch loss": 0.966796875,
    "epoch_val_accs": [
        0.6110999584197998,
        0.7602999806404114,
        0.6326000094413757,
        0.8233999609947205,
        0.8319999575614929,
        0.8193999528884888,
        0.8711999654769897,
        0.8920999765396118,
        0.9032999873161316,
        0.923799991607666
    ],
    "epoch_losses": [
        1.4951171875,
        1.25390625,
        1.2158203125,
        1.1640625,
        1.1630859375,
        1.1142578125,
        1.0625,
        1.0478515625,
        1.01171875,
        0.966796875
    ]
}