{
    "opt": {
        "train_epochs": 9.9,
        "batch_size": 1024,
        "lr": 11.5,
        "momentum": 0.85,
        "weight_decay": 0.0153,
        "bias_scaler": 64.0,
        "label_smoothing": 0.2,
        "whiten_bias_epochs": 3
    },
    "aug": {
        "flip": true,
        "translate": 2
    },
    "net": {
        "widths": {
            "block1": 64,
            "block2": 256,
            "block3": 256
        },
        "batchnorm_momentum": 0.6,
        "scaling_factor": 0.1111111111111111,
        "tta_level": 2
    },
    "random_seed": 99,
    "git_commit_hash": "85402c5c6fafc553256ddda6a38a5e86792e3fed",
    "elapsed_wclock_time": 3.814168825387955,
    "final acc": 0.9307999610900879,
    "last batch loss": 0.96728515625,
    "epoch_val_accs": [
        0.6545000076293945,
        0.682699978351593,
        0.7317999601364136,
        0.7567999958992004,
        0.8066999912261963,
        0.8416999578475952,
        0.8732999563217163,
        0.8873999714851379,
        0.911300003528595,
        0.9233999848365784
    ],
    "epoch_losses": [
        1.4375,
        1.2958984375,
        1.2490234375,
        1.19140625,
        1.1689453125,
        1.107421875,
        1.08203125,
        1.05078125,
        1.0048828125,
        0.96728515625
    ]
}