{
    "opt": {
        "train_epochs": 9.9,
        "batch_size": 1024,
        "lr": 11.5,
        "momentum": 0.85,
        "weight_decay": 0.0153,
        "bias_scaler": 64.0,
        "label_smoothing": 0.2,
        "whiten_bias_epochs": 3
    },
    "aug": {
        "flip": true,
        "translate": 2
    },
    "net": {
        "widths": {
            "block1": 64,
            "block2": 256,
            "block3": 256
        },
        "batchnorm_momentum": 0.6,
        "scaling_factor": 0.1111111111111111,
        "tta_level": 2
    },
    "random_seed": 99,
    "git_commit_hash": "85402c5c6fafc553256ddda6a38a5e86792e3fed",
    "elapsed_wclock_time": 3.901071997642517,
    "final acc": 0.9307999610900879,
    "last batch loss": 0.9619140625,
    "epoch_val_accs": [
        0.6000999808311462,
        0.7368999719619751,
        0.7579999566078186,
        0.814799964427948,
        0.8047999739646912,
        0.8545999526977539,
        0.849399983882904,
        0.8696999549865723,
        0.9095999598503113,
        0.9212999939918518
    ],
    "epoch_losses": [
        1.4931640625,
        1.3193359375,
        1.2197265625,
        1.205078125,
        1.189453125,
        1.1279296875,
        1.0703125,
        1.072265625,
        1.009765625,
        0.9619140625
    ]
}