{
    "opt": {
        "train_epochs": 9.9,
        "batch_size": 1024,
        "lr": 11.5,
        "momentum": 0.85,
        "weight_decay": 0.0153,
        "bias_scaler": 64.0,
        "label_smoothing": 0.2,
        "whiten_bias_epochs": 3
    },
    "aug": {
        "flip": true,
        "translate": 2
    },
    "net": {
        "widths": {
            "block1": 64,
            "block2": 256,
            "block3": 256
        },
        "batchnorm_momentum": 0.6,
        "scaling_factor": 0.1111111111111111,
        "tta_level": 2
    },
    "random_seed": 99,
    "git_commit_hash": "85402c5c6fafc553256ddda6a38a5e86792e3fed",
    "elapsed_wclock_time": 3.8184663181304934,
    "final acc": 0.9301999807357788,
    "last batch loss": 0.96044921875,
    "epoch_val_accs": [
        0.6536999940872192,
        0.6766999959945679,
        0.779699981212616,
        0.707099974155426,
        0.8560999631881714,
        0.8323000073432922,
        0.8631999492645264,
        0.8865000009536743,
        0.9084999561309814,
        0.9232999682426453
    ],
    "epoch_losses": [
        1.4541015625,
        1.2978515625,
        1.23046875,
        1.19921875,
        1.17578125,
        1.134765625,
        1.0751953125,
        1.0654296875,
        1.0068359375,
        0.96044921875
    ]
}