{
    "opt": {
        "train_epochs": 9.9,
        "batch_size": 1024,
        "lr": 11.5,
        "momentum": 0.85,
        "weight_decay": 0.0153,
        "bias_scaler": 64.0,
        "label_smoothing": 0.2,
        "whiten_bias_epochs": 3
    },
    "aug": {
        "flip": true,
        "translate": 2
    },
    "net": {
        "widths": {
            "block1": 64,
            "block2": 256,
            "block3": 256
        },
        "batchnorm_momentum": 0.6,
        "scaling_factor": 0.1111111111111111,
        "tta_level": 2
    },
    "random_seed": 99,
    "git_commit_hash": "85402c5c6fafc553256ddda6a38a5e86792e3fed",
    "elapsed_wclock_time": 3.849925685167313,
    "final acc": 0.9329999685287476,
    "last batch loss": 0.97314453125,
    "epoch_val_accs": [
        0.6412999629974365,
        0.6825000047683716,
        0.7627999782562256,
        0.8003999590873718,
        0.8518999814987183,
        0.848800003528595,
        0.8721999526023865,
        0.8859999775886536,
        0.9110999703407288,
        0.9235000014305115
    ],
    "epoch_losses": [
        1.4462890625,
        1.3037109375,
        1.21484375,
        1.193359375,
        1.1494140625,
        1.1259765625,
        1.07421875,
        1.0546875,
        0.9931640625,
        0.97314453125
    ]
}