{
    "opt": {
        "train_epochs": 9.9,
        "batch_size": 1024,
        "lr": 11.5,
        "momentum": 0.85,
        "weight_decay": 0.0153,
        "bias_scaler": 64.0,
        "label_smoothing": 0.2,
        "whiten_bias_epochs": 3
    },
    "aug": {
        "flip": true,
        "translate": 2
    },
    "net": {
        "widths": {
            "block1": 64,
            "block2": 256,
            "block3": 256
        },
        "batchnorm_momentum": 0.6,
        "scaling_factor": 0.1111111111111111,
        "tta_level": 2
    },
    "random_seed": 99,
    "git_commit_hash": "85402c5c6fafc553256ddda6a38a5e86792e3fed",
    "elapsed_wclock_time": 3.808441069841385,
    "final acc": 0.9307999610900879,
    "last batch loss": 0.96044921875,
    "epoch_val_accs": [
        0.6688999533653259,
        0.7502999901771545,
        0.7692999839782715,
        0.8061999678611755,
        0.8370999693870544,
        0.840499997138977,
        0.8693999648094177,
        0.8912999629974365,
        0.90829998254776,
        0.920799970626831
    ],
    "epoch_losses": [
        1.4697265625,
        1.2998046875,
        1.2080078125,
        1.1845703125,
        1.1923828125,
        1.1357421875,
        1.083984375,
        1.0615234375,
        0.99560546875,
        0.96044921875
    ]
}