{
    "opt": {
        "train_epochs": 9.9,
        "batch_size": 1024,
        "lr": 11.5,
        "momentum": 0.85,
        "weight_decay": 0.0153,
        "bias_scaler": 64.0,
        "label_smoothing": 0.2,
        "whiten_bias_epochs": 3
    },
    "aug": {
        "flip": true,
        "translate": 2
    },
    "net": {
        "widths": {
            "block1": 64,
            "block2": 256,
            "block3": 256
        },
        "batchnorm_momentum": 0.6,
        "scaling_factor": 0.1111111111111111,
        "tta_level": 2
    },
    "random_seed": 99,
    "git_commit_hash": "85402c5c6fafc553256ddda6a38a5e86792e3fed",
    "elapsed_wclock_time": 3.9087372875213626,
    "final acc": 0.9310999512672424,
    "last batch loss": 0.96875,
    "epoch_val_accs": [
        0.6843000054359436,
        0.7774999737739563,
        0.786799967288971,
        0.7328999638557434,
        0.7421999573707581,
        0.8531999588012695,
        0.8669999837875366,
        0.8852999806404114,
        0.9102999567985535,
        0.9217000007629395
    ],
    "epoch_losses": [
        1.4619140625,
        1.2841796875,
        1.2021484375,
        1.203125,
        1.1689453125,
        1.1240234375,
        1.0693359375,
        1.0654296875,
        0.99853515625,
        0.96875
    ]
}