{
    "opt": {
        "train_epochs": 9.9,
        "batch_size": 1024,
        "lr": 11.5,
        "momentum": 0.85,
        "weight_decay": 0.0153,
        "bias_scaler": 64.0,
        "label_smoothing": 0.2,
        "whiten_bias_epochs": 3
    },
    "aug": {
        "flip": true,
        "translate": 2
    },
    "net": {
        "widths": {
            "block1": 64,
            "block2": 256,
            "block3": 256
        },
        "batchnorm_momentum": 0.6,
        "scaling_factor": 0.1111111111111111,
        "tta_level": 2
    },
    "random_seed": 99,
    "git_commit_hash": "85402c5c6fafc553256ddda6a38a5e86792e3fed",
    "elapsed_wclock_time": 3.8817873239517215,
    "final acc": 0.9327999949455261,
    "last batch loss": 0.9658203125,
    "epoch_val_accs": [
        0.58160001039505,
        0.715499997138977,
        0.7389999628067017,
        0.7847999930381775,
        0.8047999739646912,
        0.8283999562263489,
        0.8800999522209167,
        0.8769999742507935,
        0.9059000015258789,
        0.9243999719619751
    ],
    "epoch_losses": [
        1.552734375,
        1.291015625,
        1.2333984375,
        1.2060546875,
        1.1796875,
        1.1181640625,
        1.0615234375,
        1.0478515625,
        0.9931640625,
        0.9658203125
    ]
}