{
    "opt": {
        "train_epochs": 9.9,
        "batch_size": 1024,
        "lr": 11.5,
        "momentum": 0.85,
        "weight_decay": 0.0153,
        "bias_scaler": 64.0,
        "label_smoothing": 0.2,
        "whiten_bias_epochs": 3
    },
    "aug": {
        "flip": true,
        "translate": 2
    },
    "net": {
        "widths": {
            "block1": 64,
            "block2": 256,
            "block3": 256
        },
        "batchnorm_momentum": 0.6,
        "scaling_factor": 0.1111111111111111,
        "tta_level": 2
    },
    "random_seed": 99,
    "git_commit_hash": "85402c5c6fafc553256ddda6a38a5e86792e3fed",
    "elapsed_wclock_time": 3.9047927474975594,
    "final acc": 0.930899977684021,
    "last batch loss": 0.96728515625,
    "epoch_val_accs": [
        0.6162999868392944,
        0.7218999862670898,
        0.7568999528884888,
        0.7267000079154968,
        0.8396999835968018,
        0.8394999504089355,
        0.8209999799728394,
        0.8818999528884888,
        0.9110999703407288,
        0.9232999682426453
    ],
    "epoch_losses": [
        1.462890625,
        1.3212890625,
        1.26953125,
        1.1923828125,
        1.1787109375,
        1.1484375,
        1.07421875,
        1.0537109375,
        0.990234375,
        0.96728515625
    ]
}