{
    "opt": {
        "train_epochs": 9.9,
        "batch_size": 1024,
        "lr": 11.5,
        "momentum": 0.85,
        "weight_decay": 0.0153,
        "bias_scaler": 64.0,
        "label_smoothing": 0.2,
        "whiten_bias_epochs": 3
    },
    "aug": {
        "flip": true,
        "translate": 2
    },
    "net": {
        "widths": {
            "block1": 64,
            "block2": 256,
            "block3": 256
        },
        "batchnorm_momentum": 0.6,
        "scaling_factor": 0.1111111111111111,
        "tta_level": 2
    },
    "random_seed": 99,
    "git_commit_hash": "85402c5c6fafc553256ddda6a38a5e86792e3fed",
    "elapsed_wclock_time": 3.8196640372276307,
    "final acc": 0.9296999573707581,
    "last batch loss": 0.96533203125,
    "epoch_val_accs": [
        0.6801999807357788,
        0.6710000038146973,
        0.73089998960495,
        0.814799964427948,
        0.7833999991416931,
        0.8450999855995178,
        0.8687999844551086,
        0.8895999789237976,
        0.9150999784469604,
        0.920699954032898
    ],
    "epoch_losses": [
        1.4462890625,
        1.3173828125,
        1.2685546875,
        1.171875,
        1.15625,
        1.1005859375,
        1.0654296875,
        1.076171875,
        0.99267578125,
        0.96533203125
    ]
}