{
    "opt": {
        "train_epochs": 9.9,
        "batch_size": 1024,
        "lr": 11.5,
        "momentum": 0.85,
        "weight_decay": 0.0153,
        "bias_scaler": 64.0,
        "label_smoothing": 0.2,
        "whiten_bias_epochs": 3
    },
    "aug": {
        "flip": true,
        "translate": 2
    },
    "net": {
        "widths": {
            "block1": 64,
            "block2": 256,
            "block3": 256
        },
        "batchnorm_momentum": 0.6,
        "scaling_factor": 0.1111111111111111,
        "tta_level": 2
    },
    "random_seed": 99,
    "git_commit_hash": "85402c5c6fafc553256ddda6a38a5e86792e3fed",
    "elapsed_wclock_time": 18.89100425720215,
    "final acc": 0.9298999905586243,
    "last batch loss": 0.962890625,
    "epoch_val_accs": [
        0.5997999906539917,
        0.7276999950408936,
        0.6631999611854553,
        0.751800000667572,
        0.852899968624115,
        0.8438000082969666,
        0.875499963760376,
        0.8826999664306641,
        0.9138000011444092,
        0.9229999780654907
    ],
    "epoch_losses": [
        1.48046875,
        1.2734375,
        1.2353515625,
        1.2177734375,
        1.1455078125,
        1.11328125,
        1.0810546875,
        1.0556640625,
        0.98681640625,
        0.962890625
    ]
}