{
    "opt": {
        "train_epochs": 9.9,
        "batch_size": 1024,
        "lr": 11.5,
        "momentum": 0.85,
        "weight_decay": 0.0153,
        "bias_scaler": 64.0,
        "label_smoothing": 0.2,
        "whiten_bias_epochs": 3
    },
    "aug": {
        "flip": true,
        "translate": 2
    },
    "net": {
        "widths": {
            "block1": 64,
            "block2": 256,
            "block3": 256
        },
        "batchnorm_momentum": 0.6,
        "scaling_factor": 0.1111111111111111,
        "tta_level": 2
    },
    "random_seed": 99,
    "git_commit_hash": "85402c5c6fafc553256ddda6a38a5e86792e3fed",
    "elapsed_wclock_time": 3.8536442024707798,
    "final acc": 0.9320999979972839,
    "last batch loss": 0.97119140625,
    "epoch_val_accs": [
        0.6414999961853027,
        0.6930999755859375,
        0.7217999696731567,
        0.7947999835014343,
        0.7820999622344971,
        0.8287999629974365,
        0.8718000054359436,
        0.863099992275238,
        0.9077000021934509,
        0.9223999977111816
    ],
    "epoch_losses": [
        1.470703125,
        1.3369140625,
        1.2734375,
        1.19140625,
        1.1767578125,
        1.1376953125,
        1.072265625,
        1.05859375,
        1.01171875,
        0.97119140625
    ]
}