{
    "opt": {
        "train_epochs": 9.9,
        "batch_size": 1024,
        "lr": 11.5,
        "momentum": 0.85,
        "weight_decay": 0.0153,
        "bias_scaler": 64.0,
        "label_smoothing": 0.2,
        "whiten_bias_epochs": 3
    },
    "aug": {
        "flip": true,
        "translate": 2
    },
    "net": {
        "widths": {
            "block1": 64,
            "block2": 256,
            "block3": 256
        },
        "batchnorm_momentum": 0.6,
        "scaling_factor": 0.1111111111111111,
        "tta_level": 2
    },
    "random_seed": 99,
    "git_commit_hash": "85402c5c6fafc553256ddda6a38a5e86792e3fed",
    "elapsed_wclock_time": 3.8983716640472417,
    "final acc": 0.9337999820709229,
    "last batch loss": 0.97021484375,
    "epoch_val_accs": [
        0.6547999978065491,
        0.7059999704360962,
        0.7507999539375305,
        0.7831000089645386,
        0.8301999568939209,
        0.8314999938011169,
        0.8700000047683716,
        0.8852999806404114,
        0.9041000008583069,
        0.9231999516487122
    ],
    "epoch_losses": [
        1.462890625,
        1.298828125,
        1.2197265625,
        1.2001953125,
        1.1708984375,
        1.125,
        1.06640625,
        1.05078125,
        1.005859375,
        0.97021484375
    ]
}