{
    "opt": {
        "train_epochs": 9.9,
        "batch_size": 1024,
        "lr": 11.5,
        "momentum": 0.85,
        "weight_decay": 0.0153,
        "bias_scaler": 64.0,
        "label_smoothing": 0.2,
        "whiten_bias_epochs": 3
    },
    "aug": {
        "flip": true,
        "translate": 2
    },
    "net": {
        "widths": {
            "block1": 64,
            "block2": 256,
            "block3": 256
        },
        "batchnorm_momentum": 0.6,
        "scaling_factor": 0.1111111111111111,
        "tta_level": 2
    },
    "random_seed": 99,
    "git_commit_hash": "85402c5c6fafc553256ddda6a38a5e86792e3fed",
    "elapsed_wclock_time": 3.8385845875740054,
    "final acc": 0.9341999888420105,
    "last batch loss": 0.96533203125,
    "epoch_val_accs": [
        0.6351999640464783,
        0.7276999950408936,
        0.7555999755859375,
        0.8003999590873718,
        0.8069999814033508,
        0.8378999829292297,
        0.8819999694824219,
        0.8780999779701233,
        0.90829998254776,
        0.923799991607666
    ],
    "epoch_losses": [
        1.4736328125,
        1.3037109375,
        1.21484375,
        1.169921875,
        1.169921875,
        1.1376953125,
        1.05078125,
        1.0830078125,
        1.0029296875,
        0.96533203125
    ]
}