{
    "opt": {
        "train_epochs": 9.9,
        "batch_size": 1024,
        "lr": 11.5,
        "momentum": 0.85,
        "weight_decay": 0.0153,
        "bias_scaler": 64.0,
        "label_smoothing": 0.2,
        "whiten_bias_epochs": 3
    },
    "aug": {
        "flip": true,
        "translate": 2
    },
    "net": {
        "widths": {
            "block1": 64,
            "block2": 256,
            "block3": 256
        },
        "batchnorm_momentum": 0.6,
        "scaling_factor": 0.1111111111111111,
        "tta_level": 2
    },
    "random_seed": 99,
    "git_commit_hash": "85402c5c6fafc553256ddda6a38a5e86792e3fed",
    "elapsed_wclock_time": 3.7672090911865235,
    "final acc": 0.9320999979972839,
    "last batch loss": 0.962890625,
    "epoch_val_accs": [
        0.6608999967575073,
        0.7184000015258789,
        0.7174999713897705,
        0.8118000030517578,
        0.8270999789237976,
        0.8470999598503113,
        0.877299964427948,
        0.892799973487854,
        0.9070000052452087,
        0.9249999523162842
    ],
    "epoch_losses": [
        1.4736328125,
        1.2998046875,
        1.2275390625,
        1.193359375,
        1.1728515625,
        1.12890625,
        1.0634765625,
        1.0576171875,
        0.9755859375,
        0.962890625
    ]
}