{
    "opt": {
        "train_epochs": 9.9,
        "batch_size": 1024,
        "lr": 11.5,
        "momentum": 0.85,
        "weight_decay": 0.0153,
        "bias_scaler": 64.0,
        "label_smoothing": 0.2,
        "whiten_bias_epochs": 3
    },
    "aug": {
        "flip": true,
        "translate": 2
    },
    "net": {
        "widths": {
            "block1": 64,
            "block2": 256,
            "block3": 256
        },
        "batchnorm_momentum": 0.6,
        "scaling_factor": 0.1111111111111111,
        "tta_level": 2
    },
    "random_seed": 99,
    "git_commit_hash": "85402c5c6fafc553256ddda6a38a5e86792e3fed",
    "elapsed_wclock_time": 3.893209568738937,
    "final acc": 0.9307999610900879,
    "last batch loss": 0.9677734375,
    "epoch_val_accs": [
        0.6319000124931335,
        0.6942999958992004,
        0.8012999892234802,
        0.7777000069618225,
        0.8446999788284302,
        0.8567999601364136,
        0.8759999871253967,
        0.8959999680519104,
        0.9062999486923218,
        0.9238999485969543
    ],
    "epoch_losses": [
        1.4970703125,
        1.3388671875,
        1.2001953125,
        1.2021484375,
        1.1669921875,
        1.1376953125,
        1.078125,
        1.04296875,
        1.0126953125,
        0.9677734375
    ]
}