{
    "opt": {
        "train_epochs": 9.9,
        "batch_size": 1024,
        "lr": 11.5,
        "momentum": 0.85,
        "weight_decay": 0.0153,
        "bias_scaler": 64.0,
        "label_smoothing": 0.2,
        "whiten_bias_epochs": 3
    },
    "aug": {
        "flip": true,
        "translate": 2
    },
    "net": {
        "widths": {
            "block1": 64,
            "block2": 256,
            "block3": 256
        },
        "batchnorm_momentum": 0.6,
        "scaling_factor": 0.1111111111111111,
        "tta_level": 2
    },
    "random_seed": 99,
    "git_commit_hash": "85402c5c6fafc553256ddda6a38a5e86792e3fed",
    "elapsed_wclock_time": 3.8528632659912114,
    "final acc": 0.932699978351593,
    "last batch loss": 0.96435546875,
    "epoch_val_accs": [
        0.6079999804496765,
        0.6668999791145325,
        0.6962999701499939,
        0.8008999824523926,
        0.8251999616622925,
        0.85589998960495,
        0.8728999495506287,
        0.8824999928474426,
        0.9132999777793884,
        0.9250999689102173
    ],
    "epoch_losses": [
        1.46484375,
        1.326171875,
        1.2197265625,
        1.18359375,
        1.16796875,
        1.0966796875,
        1.0771484375,
        1.0615234375,
        0.9873046875,
        0.96435546875
    ]
}