{
    "opt": {
        "train_epochs": 9.9,
        "batch_size": 1024,
        "lr": 11.5,
        "momentum": 0.85,
        "weight_decay": 0.0153,
        "bias_scaler": 64.0,
        "label_smoothing": 0.2,
        "whiten_bias_epochs": 3
    },
    "aug": {
        "flip": true,
        "translate": 2
    },
    "net": {
        "widths": {
            "block1": 64,
            "block2": 256,
            "block3": 256
        },
        "batchnorm_momentum": 0.6,
        "scaling_factor": 0.1111111111111111,
        "tta_level": 2
    },
    "random_seed": 99,
    "git_commit_hash": "85402c5c6fafc553256ddda6a38a5e86792e3fed",
    "elapsed_wclock_time": 3.813082723617554,
    "final acc": 0.9348999857902527,
    "last batch loss": 0.9755859375,
    "epoch_val_accs": [
        0.6419000029563904,
        0.7603999972343445,
        0.7706999778747559,
        0.7874000072479248,
        0.7491999864578247,
        0.8307999968528748,
        0.8710999488830566,
        0.8783999681472778,
        0.9037999510765076,
        0.9267999529838562
    ],
    "epoch_losses": [
        1.451171875,
        1.27734375,
        1.216796875,
        1.1669921875,
        1.162109375,
        1.1171875,
        1.0810546875,
        1.05078125,
        0.99462890625,
        0.9755859375
    ]
}