{
    "opt": {
        "train_epochs": 9.9,
        "batch_size": 1024,
        "lr": 11.5,
        "momentum": 0.85,
        "weight_decay": 0.0153,
        "bias_scaler": 64.0,
        "label_smoothing": 0.2,
        "whiten_bias_epochs": 3
    },
    "aug": {
        "flip": true,
        "translate": 2
    },
    "net": {
        "widths": {
            "block1": 64,
            "block2": 256,
            "block3": 256
        },
        "batchnorm_momentum": 0.6,
        "scaling_factor": 0.1111111111111111,
        "tta_level": 2
    },
    "random_seed": 99,
    "git_commit_hash": "85402c5c6fafc553256ddda6a38a5e86792e3fed",
    "elapsed_wclock_time": 3.7658982820510865,
    "final acc": 0.9327999949455261,
    "last batch loss": 0.962890625,
    "epoch_val_accs": [
        0.6579999923706055,
        0.6959999799728394,
        0.7410999536514282,
        0.7394999861717224,
        0.7999999523162842,
        0.8314999938011169,
        0.8722999691963196,
        0.8515999913215637,
        0.9042999744415283,
        0.9214999675750732
    ],
    "epoch_losses": [
        1.4365234375,
        1.296875,
        1.2177734375,
        1.2041015625,
        1.158203125,
        1.1435546875,
        1.080078125,
        1.07421875,
        0.99267578125,
        0.962890625
    ]
}