{
    "opt": {
        "train_epochs": 9.9,
        "batch_size": 1024,
        "lr": 11.5,
        "momentum": 0.85,
        "weight_decay": 0.0153,
        "bias_scaler": 64.0,
        "label_smoothing": 0.2,
        "whiten_bias_epochs": 3
    },
    "aug": {
        "flip": true,
        "translate": 2
    },
    "net": {
        "widths": {
            "block1": 64,
            "block2": 256,
            "block3": 256
        },
        "batchnorm_momentum": 0.6,
        "scaling_factor": 0.1111111111111111,
        "tta_level": 2
    },
    "random_seed": 99,
    "git_commit_hash": "85402c5c6fafc553256ddda6a38a5e86792e3fed",
    "elapsed_wclock_time": 3.91015779876709,
    "final acc": 0.9311999678611755,
    "last batch loss": 0.96533203125,
    "epoch_val_accs": [
        0.6629999876022339,
        0.6995999813079834,
        0.7590000033378601,
        0.7791000008583069,
        0.8126999735832214,
        0.7360999584197998,
        0.8483999967575073,
        0.8835999965667725,
        0.9065999984741211,
        0.9220999479293823
    ],
    "epoch_losses": [
        1.48046875,
        1.2822265625,
        1.2314453125,
        1.1767578125,
        1.150390625,
        1.1298828125,
        1.1015625,
        1.056640625,
        0.99169921875,
        0.96533203125
    ]
}