{
    "opt": {
        "train_epochs": 9.9,
        "batch_size": 1024,
        "lr": 11.5,
        "momentum": 0.85,
        "weight_decay": 0.0153,
        "bias_scaler": 64.0,
        "label_smoothing": 0.2,
        "whiten_bias_epochs": 3
    },
    "aug": {
        "flip": true,
        "translate": 2
    },
    "net": {
        "widths": {
            "block1": 64,
            "block2": 256,
            "block3": 256
        },
        "batchnorm_momentum": 0.6,
        "scaling_factor": 0.1111111111111111,
        "tta_level": 2
    },
    "random_seed": 99,
    "git_commit_hash": "85402c5c6fafc553256ddda6a38a5e86792e3fed",
    "elapsed_wclock_time": 3.902417576313019,
    "final acc": 0.9322999715805054,
    "last batch loss": 0.95751953125,
    "epoch_val_accs": [
        0.6538000106811523,
        0.7214999794960022,
        0.6798999905586243,
        0.7470999956130981,
        0.7989000082015991,
        0.8501999974250793,
        0.8508999943733215,
        0.8896999955177307,
        0.913100004196167,
        0.9232999682426453
    ],
    "epoch_losses": [
        1.48828125,
        1.3212890625,
        1.2548828125,
        1.2060546875,
        1.19921875,
        1.1220703125,
        1.0908203125,
        1.0537109375,
        1.013671875,
        0.95751953125
    ]
}