{
    "opt": {
        "train_epochs": 9.9,
        "batch_size": 1024,
        "lr": 11.5,
        "momentum": 0.85,
        "weight_decay": 0.0153,
        "bias_scaler": 64.0,
        "label_smoothing": 0.2,
        "whiten_bias_epochs": 3
    },
    "aug": {
        "flip": true,
        "translate": 2
    },
    "net": {
        "widths": {
            "block1": 64,
            "block2": 256,
            "block3": 256
        },
        "batchnorm_momentum": 0.6,
        "scaling_factor": 0.1111111111111111,
        "tta_level": 2
    },
    "random_seed": 99,
    "git_commit_hash": "85402c5c6fafc553256ddda6a38a5e86792e3fed",
    "elapsed_wclock_time": 3.757400167226791,
    "final acc": 0.9314000010490417,
    "last batch loss": 0.95556640625,
    "epoch_val_accs": [
        0.6435999870300293,
        0.7532999515533447,
        0.795199990272522,
        0.7806999683380127,
        0.8046999573707581,
        0.7670999765396118,
        0.882599949836731,
        0.8888999819755554,
        0.909500002861023,
        0.9248999953269958
    ],
    "epoch_losses": [
        1.4931640625,
        1.298828125,
        1.2021484375,
        1.1865234375,
        1.1728515625,
        1.138671875,
        1.0791015625,
        1.0478515625,
        1.0087890625,
        0.95556640625
    ]
}