{
    "opt": {
        "train_epochs": 9.9,
        "batch_size": 1024,
        "lr": 11.5,
        "momentum": 0.85,
        "weight_decay": 0.0153,
        "bias_scaler": 64.0,
        "label_smoothing": 0.2,
        "whiten_bias_epochs": 3
    },
    "aug": {
        "flip": true,
        "translate": 2
    },
    "net": {
        "widths": {
            "block1": 64,
            "block2": 256,
            "block3": 256
        },
        "batchnorm_momentum": 0.6,
        "scaling_factor": 0.1111111111111111,
        "tta_level": 2
    },
    "random_seed": 99,
    "git_commit_hash": "85402c5c6fafc553256ddda6a38a5e86792e3fed",
    "elapsed_wclock_time": 3.7636501283645627,
    "final acc": 0.9336999654769897,
    "last batch loss": 0.96826171875,
    "epoch_val_accs": [
        0.6710999608039856,
        0.7274999618530273,
        0.7116000056266785,
        0.786300003528595,
        0.8197999596595764,
        0.8422999978065491,
        0.8658999800682068,
        0.8867999911308289,
        0.9077000021934509,
        0.9235999584197998
    ],
    "epoch_losses": [
        1.45703125,
        1.306640625,
        1.2353515625,
        1.1806640625,
        1.177734375,
        1.1142578125,
        1.083984375,
        1.0625,
        0.99951171875,
        0.96826171875
    ]
}