{
    "opt": {
        "train_epochs": 9.9,
        "batch_size": 1024,
        "lr": 11.5,
        "momentum": 0.85,
        "weight_decay": 0.0153,
        "bias_scaler": 64.0,
        "label_smoothing": 0.2,
        "whiten_bias_epochs": 3
    },
    "aug": {
        "flip": true,
        "translate": 2
    },
    "net": {
        "widths": {
            "block1": 64,
            "block2": 256,
            "block3": 256
        },
        "batchnorm_momentum": 0.6,
        "scaling_factor": 0.1111111111111111,
        "tta_level": 2
    },
    "random_seed": 99,
    "git_commit_hash": "85402c5c6fafc553256ddda6a38a5e86792e3fed",
    "elapsed_wclock_time": 3.849452355384826,
    "final acc": 0.9321999549865723,
    "last batch loss": 0.97021484375,
    "epoch_val_accs": [
        0.6265999674797058,
        0.6733999848365784,
        0.7353000044822693,
        0.7932999730110168,
        0.8330999612808228,
        0.8328999876976013,
        0.8702999949455261,
        0.8865000009536743,
        0.9121999740600586,
        0.9259999990463257
    ],
    "epoch_losses": [
        1.4580078125,
        1.302734375,
        1.224609375,
        1.2412109375,
        1.1572265625,
        1.119140625,
        1.0693359375,
        1.060546875,
        1.0078125,
        0.97021484375
    ]
}