{
    "opt": {
        "train_epochs": 9.9,
        "batch_size": 1024,
        "lr": 11.5,
        "momentum": 0.85,
        "weight_decay": 0.0153,
        "bias_scaler": 64.0,
        "label_smoothing": 0.2,
        "whiten_bias_epochs": 3
    },
    "aug": {
        "flip": true,
        "translate": 2
    },
    "net": {
        "widths": {
            "block1": 64,
            "block2": 256,
            "block3": 256
        },
        "batchnorm_momentum": 0.6,
        "scaling_factor": 0.1111111111111111,
        "tta_level": 2
    },
    "random_seed": 99,
    "git_commit_hash": "85402c5c6fafc553256ddda6a38a5e86792e3fed",
    "elapsed_wclock_time": 3.8458805732727055,
    "final acc": 0.9334999918937683,
    "last batch loss": 0.95556640625,
    "epoch_val_accs": [
        0.6158999800682068,
        0.7429999709129333,
        0.6060999631881714,
        0.8027999997138977,
        0.8379999995231628,
        0.8295999765396118,
        0.8673999905586243,
        0.8834999799728394,
        0.9138999581336975,
        0.925599992275238
    ],
    "epoch_losses": [
        1.470703125,
        1.263671875,
        1.234375,
        1.1826171875,
        1.1875,
        1.11328125,
        1.0810546875,
        1.029296875,
        0.990234375,
        0.95556640625
    ]
}