{
    "opt": {
        "train_epochs": 9.9,
        "batch_size": 1024,
        "lr": 11.5,
        "momentum": 0.85,
        "weight_decay": 0.0153,
        "bias_scaler": 64.0,
        "label_smoothing": 0.2,
        "whiten_bias_epochs": 3
    },
    "aug": {
        "flip": true,
        "translate": 2
    },
    "net": {
        "widths": {
            "block1": 64,
            "block2": 256,
            "block3": 256
        },
        "batchnorm_momentum": 0.6,
        "scaling_factor": 0.1111111111111111,
        "tta_level": 2
    },
    "random_seed": 99,
    "git_commit_hash": "85402c5c6fafc553256ddda6a38a5e86792e3fed",
    "elapsed_wclock_time": 3.850592903852462,
    "final acc": 0.9311999678611755,
    "last batch loss": 0.97119140625,
    "epoch_val_accs": [
        0.6311999559402466,
        0.7763999700546265,
        0.7883999943733215,
        0.7892999649047852,
        0.8395999670028687,
        0.79339998960495,
        0.861299991607666,
        0.8847000002861023,
        0.911899983882904,
        0.9235000014305115
    ],
    "epoch_losses": [
        1.5439453125,
        1.28125,
        1.2666015625,
        1.19921875,
        1.16015625,
        1.1474609375,
        1.068359375,
        1.046875,
        0.9853515625,
        0.97119140625
    ]
}