{
    "opt": {
        "train_epochs": 9.9,
        "batch_size": 1024,
        "lr": 11.5,
        "momentum": 0.85,
        "weight_decay": 0.0153,
        "bias_scaler": 64.0,
        "label_smoothing": 0.2,
        "whiten_bias_epochs": 3
    },
    "aug": {
        "flip": true,
        "translate": 2
    },
    "net": {
        "widths": {
            "block1": 64,
            "block2": 256,
            "block3": 256
        },
        "batchnorm_momentum": 0.6,
        "scaling_factor": 0.1111111111111111,
        "tta_level": 2
    },
    "random_seed": 99,
    "git_commit_hash": "85402c5c6fafc553256ddda6a38a5e86792e3fed",
    "elapsed_wclock_time": 3.7885596597194673,
    "final acc": 0.9301999807357788,
    "last batch loss": 0.9482421875,
    "epoch_val_accs": [
        0.5645999908447266,
        0.7159000039100647,
        0.7281999588012695,
        0.7540000081062317,
        0.8445999622344971,
        0.8596999645233154,
        0.8759999871253967,
        0.8795999884605408,
        0.9073999524116516,
        0.9253000020980835
    ],
    "epoch_losses": [
        1.494140625,
        1.3017578125,
        1.2578125,
        1.2236328125,
        1.15234375,
        1.103515625,
        1.0693359375,
        1.044921875,
        1.0048828125,
        0.9482421875
    ]
}