{
    "opt": {
        "train_epochs": 9.9,
        "batch_size": 1024,
        "lr": 11.5,
        "momentum": 0.85,
        "weight_decay": 0.0153,
        "bias_scaler": 64.0,
        "label_smoothing": 0.2,
        "whiten_bias_epochs": 3
    },
    "aug": {
        "flip": true,
        "translate": 2
    },
    "net": {
        "widths": {
            "block1": 64,
            "block2": 256,
            "block3": 256
        },
        "batchnorm_momentum": 0.6,
        "scaling_factor": 0.1111111111111111,
        "tta_level": 2
    },
    "random_seed": 99,
    "git_commit_hash": "85402c5c6fafc553256ddda6a38a5e86792e3fed",
    "elapsed_wclock_time": 3.892722518920898,
    "final acc": 0.9299999475479126,
    "last batch loss": 0.9677734375,
    "epoch_val_accs": [
        0.6503999829292297,
        0.7410999536514282,
        0.7114999890327454,
        0.7886999845504761,
        0.8173999786376953,
        0.851099967956543,
        0.8784999847412109,
        0.8811999559402466,
        0.906499981880188,
        0.9208999872207642
    ],
    "epoch_losses": [
        1.4443359375,
        1.28125,
        1.2333984375,
        1.1796875,
        1.1650390625,
        1.1162109375,
        1.068359375,
        1.0556640625,
        0.9873046875,
        0.9677734375
    ]
}