{
    "opt": {
        "train_epochs": 9.9,
        "batch_size": 1024,
        "lr": 11.5,
        "momentum": 0.85,
        "weight_decay": 0.0153,
        "bias_scaler": 64.0,
        "label_smoothing": 0.2,
        "whiten_bias_epochs": 3
    },
    "aug": {
        "flip": true,
        "translate": 2
    },
    "net": {
        "widths": {
            "block1": 64,
            "block2": 256,
            "block3": 256
        },
        "batchnorm_momentum": 0.6,
        "scaling_factor": 0.1111111111111111,
        "tta_level": 2
    },
    "random_seed": 99,
    "git_commit_hash": "85402c5c6fafc553256ddda6a38a5e86792e3fed",
    "elapsed_wclock_time": 3.8509559051990507,
    "final acc": 0.9325000047683716,
    "last batch loss": 0.9599609375,
    "epoch_val_accs": [
        0.618399977684021,
        0.7475999593734741,
        0.7838000059127808,
        0.7998999953269958,
        0.7652999758720398,
        0.8540999889373779,
        0.8671999573707581,
        0.8915999531745911,
        0.9086999893188477,
        0.921999990940094
    ],
    "epoch_losses": [
        1.4638671875,
        1.314453125,
        1.2373046875,
        1.251953125,
        1.1474609375,
        1.1298828125,
        1.08203125,
        1.060546875,
        0.9921875,
        0.9599609375
    ]
}