{
    "opt": {
        "train_epochs": 9.9,
        "batch_size": 1024,
        "lr": 11.5,
        "momentum": 0.85,
        "weight_decay": 0.0153,
        "bias_scaler": 64.0,
        "label_smoothing": 0.2,
        "whiten_bias_epochs": 3
    },
    "aug": {
        "flip": true,
        "translate": 2
    },
    "net": {
        "widths": {
            "block1": 64,
            "block2": 256,
            "block3": 256
        },
        "batchnorm_momentum": 0.6,
        "scaling_factor": 0.1111111111111111,
        "tta_level": 2
    },
    "random_seed": 99,
    "git_commit_hash": "85402c5c6fafc553256ddda6a38a5e86792e3fed",
    "elapsed_wclock_time": 3.762772109031678,
    "final acc": 0.9334999918937683,
    "last batch loss": 0.96533203125,
    "epoch_val_accs": [
        0.5805999636650085,
        0.6468999981880188,
        0.7559999823570251,
        0.7573999762535095,
        0.8226000070571899,
        0.8229999542236328,
        0.8855999708175659,
        0.8854999542236328,
        0.9145999550819397,
        0.9217000007629395
    ],
    "epoch_losses": [
        1.4619140625,
        1.283203125,
        1.20703125,
        1.177734375,
        1.1748046875,
        1.1416015625,
        1.080078125,
        1.0390625,
        1.0107421875,
        0.96533203125
    ]
}