{
    "opt": {
        "train_epochs": 9.9,
        "batch_size": 1024,
        "lr": 11.5,
        "momentum": 0.85,
        "weight_decay": 0.0153,
        "bias_scaler": 64.0,
        "label_smoothing": 0.2,
        "whiten_bias_epochs": 3
    },
    "aug": {
        "flip": true,
        "translate": 2
    },
    "net": {
        "widths": {
            "block1": 64,
            "block2": 256,
            "block3": 256
        },
        "batchnorm_momentum": 0.6,
        "scaling_factor": 0.1111111111111111,
        "tta_level": 2
    },
    "random_seed": 99,
    "git_commit_hash": "85402c5c6fafc553256ddda6a38a5e86792e3fed",
    "elapsed_wclock_time": 3.9772101974487306,
    "final acc": 0.933899998664856,
    "last batch loss": 0.9638671875,
    "epoch_val_accs": [
        0.6448000073432922,
        0.7311999797821045,
        0.7353999614715576,
        0.7822999954223633,
        0.8118000030517578,
        0.8054999709129333,
        0.8756999969482422,
        0.8958999514579773,
        0.9081999659538269,
        0.9218999743461609
    ],
    "epoch_losses": [
        1.470703125,
        1.29296875,
        1.2861328125,
        1.1689453125,
        1.189453125,
        1.1064453125,
        1.072265625,
        1.0439453125,
        0.9970703125,
        0.9638671875
    ]
}