{
    "opt": {
        "train_epochs": 9.9,
        "batch_size": 1024,
        "lr": 11.5,
        "momentum": 0.85,
        "weight_decay": 0.0153,
        "bias_scaler": 64.0,
        "label_smoothing": 0.2,
        "whiten_bias_epochs": 3
    },
    "aug": {
        "flip": true,
        "translate": 2
    },
    "net": {
        "widths": {
            "block1": 64,
            "block2": 256,
            "block3": 256
        },
        "batchnorm_momentum": 0.6,
        "scaling_factor": 0.1111111111111111,
        "tta_level": 2
    },
    "random_seed": 99,
    "git_commit_hash": "85402c5c6fafc553256ddda6a38a5e86792e3fed",
    "elapsed_wclock_time": 3.8494060688018794,
    "final acc": 0.9296999573707581,
    "last batch loss": 0.95849609375,
    "epoch_val_accs": [
        0.6861000061035156,
        0.7461000084877014,
        0.7430999875068665,
        0.7896999716758728,
        0.823699951171875,
        0.8615999817848206,
        0.8654999732971191,
        0.8775999546051025,
        0.9095999598503113,
        0.9228000044822693
    ],
    "epoch_losses": [
        1.5068359375,
        1.3369140625,
        1.2763671875,
        1.1875,
        1.15625,
        1.1162109375,
        1.0634765625,
        1.025390625,
        1.01171875,
        0.95849609375
    ]
}