{
    "opt": {
        "train_epochs": 9.9,
        "batch_size": 1024,
        "lr": 11.5,
        "momentum": 0.85,
        "weight_decay": 0.0153,
        "bias_scaler": 64.0,
        "label_smoothing": 0.2,
        "whiten_bias_epochs": 3
    },
    "aug": {
        "flip": true,
        "translate": 2
    },
    "net": {
        "widths": {
            "block1": 64,
            "block2": 256,
            "block3": 256
        },
        "batchnorm_momentum": 0.6,
        "scaling_factor": 0.1111111111111111,
        "tta_level": 2
    },
    "random_seed": 99,
    "git_commit_hash": "85402c5c6fafc553256ddda6a38a5e86792e3fed",
    "elapsed_wclock_time": 3.8517614564895633,
    "final acc": 0.9310999512672424,
    "last batch loss": 0.9560546875,
    "epoch_val_accs": [
        0.6821999549865723,
        0.7084999680519104,
        0.6442999839782715,
        0.7787999510765076,
        0.7706999778747559,
        0.8030999898910522,
        0.8269000053405762,
        0.8583999872207642,
        0.8934999704360962,
        0.9236999750137329
    ],
    "epoch_losses": [
        1.4306640625,
        1.3076171875,
        1.2587890625,
        1.1728515625,
        1.1640625,
        1.1044921875,
        1.076171875,
        1.048828125,
        1.0205078125,
        0.9560546875
    ]
}