{
    "opt": {
        "train_epochs": 9.9,
        "batch_size": 1024,
        "lr": 11.5,
        "momentum": 0.85,
        "weight_decay": 0.0153,
        "bias_scaler": 64.0,
        "label_smoothing": 0.2,
        "whiten_bias_epochs": 3
    },
    "aug": {
        "flip": true,
        "translate": 2
    },
    "net": {
        "widths": {
            "block1": 64,
            "block2": 256,
            "block3": 256
        },
        "batchnorm_momentum": 0.6,
        "scaling_factor": 0.1111111111111111,
        "tta_level": 2
    },
    "random_seed": 99,
    "git_commit_hash": "85402c5c6fafc553256ddda6a38a5e86792e3fed",
    "elapsed_wclock_time": 3.8538594765663143,
    "final acc": 0.9343999624252319,
    "last batch loss": 0.96484375,
    "epoch_val_accs": [
        0.7060999870300293,
        0.7735999822616577,
        0.6026999950408936,
        0.7542999982833862,
        0.8244999647140503,
        0.8328999876976013,
        0.8529999852180481,
        0.8845999836921692,
        0.9113999605178833,
        0.9246999621391296
    ],
    "epoch_losses": [
        1.458984375,
        1.2880859375,
        1.2119140625,
        1.2001953125,
        1.1806640625,
        1.09765625,
        1.078125,
        1.0498046875,
        0.998046875,
        0.96484375
    ]
}