{
    "opt": {
        "train_epochs": 9.9,
        "batch_size": 1024,
        "lr": 11.5,
        "momentum": 0.85,
        "weight_decay": 0.0153,
        "bias_scaler": 64.0,
        "label_smoothing": 0.2,
        "whiten_bias_epochs": 3
    },
    "aug": {
        "flip": true,
        "translate": 2
    },
    "net": {
        "widths": {
            "block1": 64,
            "block2": 256,
            "block3": 256
        },
        "batchnorm_momentum": 0.6,
        "scaling_factor": 0.1111111111111111,
        "tta_level": 2
    },
    "random_seed": 99,
    "git_commit_hash": "85402c5c6fafc553256ddda6a38a5e86792e3fed",
    "elapsed_wclock_time": 3.7723870854377752,
    "final acc": 0.9299999475479126,
    "last batch loss": 0.96630859375,
    "epoch_val_accs": [
        0.6190999746322632,
        0.6836000084877014,
        0.6827999949455261,
        0.7807999849319458,
        0.8114999532699585,
        0.8384000062942505,
        0.8520999550819397,
        0.896399974822998,
        0.914900004863739,
        0.9258999824523926
    ],
    "epoch_losses": [
        1.443359375,
        1.3134765625,
        1.2275390625,
        1.1748046875,
        1.1748046875,
        1.1015625,
        1.0732421875,
        1.0908203125,
        0.99365234375,
        0.96630859375
    ]
}