{
    "opt": {
        "train_epochs": 9.9,
        "batch_size": 1024,
        "lr": 11.5,
        "momentum": 0.85,
        "weight_decay": 0.0153,
        "bias_scaler": 64.0,
        "label_smoothing": 0.2,
        "whiten_bias_epochs": 3
    },
    "aug": {
        "flip": true,
        "translate": 2
    },
    "net": {
        "widths": {
            "block1": 64,
            "block2": 256,
            "block3": 256
        },
        "batchnorm_momentum": 0.6,
        "scaling_factor": 0.1111111111111111,
        "tta_level": 2
    },
    "random_seed": 99,
    "git_commit_hash": "85402c5c6fafc553256ddda6a38a5e86792e3fed",
    "elapsed_wclock_time": 3.849136804819107,
    "final acc": 0.9300999641418457,
    "last batch loss": 0.96875,
    "epoch_val_accs": [
        0.676099956035614,
        0.6746999621391296,
        0.7817999720573425,
        0.7749999761581421,
        0.8513000011444092,
        0.8258999586105347,
        0.8811999559402466,
        0.8707999587059021,
        0.911300003528595,
        0.9232999682426453
    ],
    "epoch_losses": [
        1.482421875,
        1.2900390625,
        1.2158203125,
        1.2080078125,
        1.1533203125,
        1.1220703125,
        1.080078125,
        1.056640625,
        1.0,
        0.96875
    ]
}