{
    "opt": {
        "train_epochs": 9.9,
        "batch_size": 1024,
        "lr": 11.5,
        "momentum": 0.85,
        "weight_decay": 0.0153,
        "bias_scaler": 64.0,
        "label_smoothing": 0.2,
        "whiten_bias_epochs": 3
    },
    "aug": {
        "flip": true,
        "translate": 2
    },
    "net": {
        "widths": {
            "block1": 64,
            "block2": 256,
            "block3": 256
        },
        "batchnorm_momentum": 0.6,
        "scaling_factor": 0.1111111111111111,
        "tta_level": 2
    },
    "random_seed": 99,
    "git_commit_hash": "85402c5c6fafc553256ddda6a38a5e86792e3fed",
    "elapsed_wclock_time": 3.947454970598221,
    "final acc": 0.9357999563217163,
    "last batch loss": 0.96728515625,
    "epoch_val_accs": [
        0.6739999651908875,
        0.6848999857902527,
        0.7461999654769897,
        0.7635999917984009,
        0.805899977684021,
        0.8155999779701233,
        0.8777999877929688,
        0.8685999512672424,
        0.9161999821662903,
        0.9269999861717224
    ],
    "epoch_losses": [
        1.4384765625,
        1.3310546875,
        1.21875,
        1.1650390625,
        1.1533203125,
        1.1533203125,
        1.0625,
        1.03515625,
        0.9892578125,
        0.96728515625
    ]
}