{
    "opt": {
        "train_epochs": 9.9,
        "batch_size": 1024,
        "lr": 11.5,
        "momentum": 0.85,
        "weight_decay": 0.0153,
        "bias_scaler": 64.0,
        "label_smoothing": 0.2,
        "whiten_bias_epochs": 3
    },
    "aug": {
        "flip": true,
        "translate": 2
    },
    "net": {
        "widths": {
            "block1": 64,
            "block2": 256,
            "block3": 256
        },
        "batchnorm_momentum": 0.6,
        "scaling_factor": 0.1111111111111111,
        "tta_level": 2
    },
    "random_seed": 99,
    "git_commit_hash": "85402c5c6fafc553256ddda6a38a5e86792e3fed",
    "elapsed_wclock_time": 3.8080003204345707,
    "final acc": 0.9320999979972839,
    "last batch loss": 0.96875,
    "epoch_val_accs": [
        0.6272000074386597,
        0.6072999835014343,
        0.6958999633789062,
        0.8035999536514282,
        0.8314999938011169,
        0.8278999924659729,
        0.8752999901771545,
        0.8844999670982361,
        0.9151999950408936,
        0.9248999953269958
    ],
    "epoch_losses": [
        1.44921875,
        1.291015625,
        1.2314453125,
        1.20703125,
        1.16796875,
        1.107421875,
        1.0615234375,
        1.021484375,
        1.005859375,
        0.96875
    ]
}