{
    "opt": {
        "train_epochs": 9.9,
        "batch_size": 1024,
        "lr": 11.5,
        "momentum": 0.85,
        "weight_decay": 0.0153,
        "bias_scaler": 64.0,
        "label_smoothing": 0.2,
        "whiten_bias_epochs": 3
    },
    "aug": {
        "flip": true,
        "translate": 2
    },
    "net": {
        "widths": {
            "block1": 64,
            "block2": 256,
            "block3": 256
        },
        "batchnorm_momentum": 0.6,
        "scaling_factor": 0.1111111111111111,
        "tta_level": 2
    },
    "random_seed": 99,
    "git_commit_hash": "85402c5c6fafc553256ddda6a38a5e86792e3fed",
    "elapsed_wclock_time": 3.9053440847396854,
    "final acc": 0.9332999587059021,
    "last batch loss": 0.96728515625,
    "epoch_val_accs": [
        0.6502999663352966,
        0.710099995136261,
        0.7005000114440918,
        0.8136000037193298,
        0.8210999965667725,
        0.8294999599456787,
        0.8696999549865723,
        0.8866999745368958,
        0.9126999974250793,
        0.9246999621391296
    ],
    "epoch_losses": [
        1.51171875,
        1.29296875,
        1.251953125,
        1.1748046875,
        1.18359375,
        1.1162109375,
        1.0712890625,
        1.048828125,
        0.99853515625,
        0.96728515625
    ]
}