{
    "opt": {
        "train_epochs": 9.9,
        "batch_size": 1024,
        "lr": 11.5,
        "momentum": 0.85,
        "weight_decay": 0.0153,
        "bias_scaler": 64.0,
        "label_smoothing": 0.2,
        "whiten_bias_epochs": 3
    },
    "aug": {
        "flip": true,
        "translate": 2
    },
    "net": {
        "widths": {
            "block1": 64,
            "block2": 256,
            "block3": 256
        },
        "batchnorm_momentum": 0.6,
        "scaling_factor": 0.1111111111111111,
        "tta_level": 2
    },
    "random_seed": 99,
    "git_commit_hash": "85402c5c6fafc553256ddda6a38a5e86792e3fed",
    "elapsed_wclock_time": 3.9006005935668946,
    "final acc": 0.9347999691963196,
    "last batch loss": 0.96435546875,
    "epoch_val_accs": [
        0.6137999892234802,
        0.7132999897003174,
        0.661799967288971,
        0.7870999574661255,
        0.8050999641418457,
        0.8033999800682068,
        0.8804999589920044,
        0.8805999755859375,
        0.9106999635696411,
        0.9215999841690063
    ],
    "epoch_losses": [
        1.4736328125,
        1.337890625,
        1.2470703125,
        1.2275390625,
        1.171875,
        1.173828125,
        1.072265625,
        1.0634765625,
        0.9951171875,
        0.96435546875
    ]
}