{
    "opt": {
        "train_epochs": 9.9,
        "batch_size": 1024,
        "lr": 11.5,
        "momentum": 0.85,
        "weight_decay": 0.0153,
        "bias_scaler": 64.0,
        "label_smoothing": 0.2,
        "whiten_bias_epochs": 3
    },
    "aug": {
        "flip": true,
        "translate": 2
    },
    "net": {
        "widths": {
            "block1": 64,
            "block2": 256,
            "block3": 256
        },
        "batchnorm_momentum": 0.6,
        "scaling_factor": 0.1111111111111111,
        "tta_level": 2
    },
    "random_seed": 99,
    "git_commit_hash": "85402c5c6fafc553256ddda6a38a5e86792e3fed",
    "elapsed_wclock_time": 3.8944443111419678,
    "final acc": 0.9327999949455261,
    "last batch loss": 0.97119140625,
    "epoch_val_accs": [
        0.6802999973297119,
        0.714199960231781,
        0.6322999596595764,
        0.781499981880188,
        0.8175999522209167,
        0.8075999617576599,
        0.8859999775886536,
        0.8919000029563904,
        0.9106000065803528,
        0.9253999590873718
    ],
    "epoch_losses": [
        1.4296875,
        1.296875,
        1.25,
        1.1875,
        1.20703125,
        1.0986328125,
        1.06640625,
        1.0439453125,
        0.98876953125,
        0.97119140625
    ]
}