{
    "opt": {
        "train_epochs": 9.9,
        "batch_size": 1024,
        "lr": 11.5,
        "momentum": 0.85,
        "weight_decay": 0.0153,
        "bias_scaler": 64.0,
        "label_smoothing": 0.2,
        "whiten_bias_epochs": 3
    },
    "aug": {
        "flip": true,
        "translate": 2
    },
    "net": {
        "widths": {
            "block1": 64,
            "block2": 256,
            "block3": 256
        },
        "batchnorm_momentum": 0.6,
        "scaling_factor": 0.1111111111111111,
        "tta_level": 2
    },
    "random_seed": 99,
    "git_commit_hash": "85402c5c6fafc553256ddda6a38a5e86792e3fed",
    "elapsed_wclock_time": 3.810239754915237,
    "final acc": 0.9315999746322632,
    "last batch loss": 0.9794921875,
    "epoch_val_accs": [
        0.6191999912261963,
        0.6847999691963196,
        0.7827999591827393,
        0.7935999631881714,
        0.8465999960899353,
        0.8134999871253967,
        0.8777999877929688,
        0.8571999669075012,
        0.9052000045776367,
        0.9259999990463257
    ],
    "epoch_losses": [
        1.515625,
        1.3232421875,
        1.228515625,
        1.1591796875,
        1.154296875,
        1.109375,
        1.05859375,
        1.029296875,
        0.984375,
        0.9794921875
    ]
}