{
    "opt": {
        "train_epochs": 9.9,
        "batch_size": 1024,
        "lr": 11.5,
        "momentum": 0.85,
        "weight_decay": 0.0153,
        "bias_scaler": 64.0,
        "label_smoothing": 0.2,
        "whiten_bias_epochs": 3
    },
    "aug": {
        "flip": true,
        "translate": 2
    },
    "net": {
        "widths": {
            "block1": 64,
            "block2": 256,
            "block3": 256
        },
        "batchnorm_momentum": 0.6,
        "scaling_factor": 0.1111111111111111,
        "tta_level": 2
    },
    "random_seed": 99,
    "git_commit_hash": "85402c5c6fafc553256ddda6a38a5e86792e3fed",
    "elapsed_wclock_time": 3.853194357633591,
    "final acc": 0.932699978351593,
    "last batch loss": 0.97705078125,
    "epoch_val_accs": [
        0.6773999929428101,
        0.7694999575614929,
        0.7708999514579773,
        0.8167999982833862,
        0.8327999711036682,
        0.8522999882698059,
        0.8837999701499939,
        0.8969999551773071,
        0.910099983215332,
        0.9231999516487122
    ],
    "epoch_losses": [
        1.470703125,
        1.2900390625,
        1.232421875,
        1.20703125,
        1.1591796875,
        1.1298828125,
        1.072265625,
        1.0478515625,
        1.00390625,
        0.97705078125
    ]
}