{
    "opt": {
        "train_epochs": 9.9,
        "batch_size": 1024,
        "lr": 11.5,
        "momentum": 0.85,
        "weight_decay": 0.0153,
        "bias_scaler": 64.0,
        "label_smoothing": 0.2,
        "whiten_bias_epochs": 3
    },
    "aug": {
        "flip": true,
        "translate": 2
    },
    "net": {
        "widths": {
            "block1": 64,
            "block2": 256,
            "block3": 256
        },
        "batchnorm_momentum": 0.6,
        "scaling_factor": 0.1111111111111111,
        "tta_level": 2
    },
    "random_seed": 99,
    "git_commit_hash": "85402c5c6fafc553256ddda6a38a5e86792e3fed",
    "elapsed_wclock_time": 3.900179534912109,
    "final acc": 0.9320999979972839,
    "last batch loss": 0.97314453125,
    "epoch_val_accs": [
        0.6083999872207642,
        0.7037000060081482,
        0.7581999897956848,
        0.7831000089645386,
        0.8071999549865723,
        0.8289999961853027,
        0.8616999983787537,
        0.88919997215271,
        0.9107999801635742,
        0.9240999817848206
    ],
    "epoch_losses": [
        1.4794921875,
        1.2841796875,
        1.220703125,
        1.1806640625,
        1.1533203125,
        1.12890625,
        1.07421875,
        1.0615234375,
        0.9921875,
        0.97314453125
    ]
}