{
    "opt": {
        "train_epochs": 9.9,
        "batch_size": 1024,
        "lr": 11.5,
        "momentum": 0.85,
        "weight_decay": 0.0153,
        "bias_scaler": 64.0,
        "label_smoothing": 0.2,
        "whiten_bias_epochs": 3
    },
    "aug": {
        "flip": true,
        "translate": 2
    },
    "net": {
        "widths": {
            "block1": 64,
            "block2": 256,
            "block3": 256
        },
        "batchnorm_momentum": 0.6,
        "scaling_factor": 0.1111111111111111,
        "tta_level": 2
    },
    "random_seed": 99,
    "git_commit_hash": "85402c5c6fafc553256ddda6a38a5e86792e3fed",
    "elapsed_wclock_time": 3.9031908798217776,
    "final acc": 0.9351999759674072,
    "last batch loss": 0.95263671875,
    "epoch_val_accs": [
        0.6394999623298645,
        0.7407000064849854,
        0.7795000076293945,
        0.8156999945640564,
        0.7055000066757202,
        0.8669999837875366,
        0.8813999891281128,
        0.8815000057220459,
        0.9156000018119812,
        0.9246999621391296
    ],
    "epoch_losses": [
        1.4697265625,
        1.306640625,
        1.224609375,
        1.185546875,
        1.1552734375,
        1.1552734375,
        1.0927734375,
        1.0380859375,
        0.9912109375,
        0.95263671875
    ]
}