{
    "opt": {
        "train_epochs": 9.9,
        "batch_size": 1024,
        "lr": 11.5,
        "momentum": 0.85,
        "weight_decay": 0.0153,
        "bias_scaler": 64.0,
        "label_smoothing": 0.2,
        "whiten_bias_epochs": 3
    },
    "aug": {
        "flip": true,
        "translate": 2
    },
    "net": {
        "widths": {
            "block1": 64,
            "block2": 256,
            "block3": 256
        },
        "batchnorm_momentum": 0.6,
        "scaling_factor": 0.1111111111111111,
        "tta_level": 2
    },
    "random_seed": 99,
    "git_commit_hash": "85402c5c6fafc553256ddda6a38a5e86792e3fed",
    "elapsed_wclock_time": 3.850999422073365,
    "final acc": 0.9314999580383301,
    "last batch loss": 0.96533203125,
    "epoch_val_accs": [
        0.6741999983787537,
        0.7627999782562256,
        0.7763999700546265,
        0.7364999651908875,
        0.8430999517440796,
        0.8425999879837036,
        0.8727999925613403,
        0.8750999569892883,
        0.9091999530792236,
        0.9222999811172485
    ],
    "epoch_losses": [
        1.443359375,
        1.3095703125,
        1.23828125,
        1.1943359375,
        1.1357421875,
        1.146484375,
        1.0673828125,
        1.048828125,
        1.005859375,
        0.96533203125
    ]
}