{
    "opt": {
        "train_epochs": 9.9,
        "batch_size": 1024,
        "lr": 11.5,
        "momentum": 0.85,
        "weight_decay": 0.0153,
        "bias_scaler": 64.0,
        "label_smoothing": 0.2,
        "whiten_bias_epochs": 3
    },
    "aug": {
        "flip": true,
        "translate": 2
    },
    "net": {
        "widths": {
            "block1": 64,
            "block2": 256,
            "block3": 256
        },
        "batchnorm_momentum": 0.6,
        "scaling_factor": 0.1111111111111111,
        "tta_level": 2
    },
    "random_seed": 99,
    "git_commit_hash": "85402c5c6fafc553256ddda6a38a5e86792e3fed",
    "elapsed_wclock_time": 3.765062747478485,
    "final acc": 0.929099977016449,
    "last batch loss": 0.9677734375,
    "epoch_val_accs": [
        0.6821999549865723,
        0.6807000041007996,
        0.7759999632835388,
        0.772599995136261,
        0.8251999616622925,
        0.7529999613761902,
        0.8755999803543091,
        0.896399974822998,
        0.9097999930381775,
        0.9232999682426453
    ],
    "epoch_losses": [
        1.4716796875,
        1.326171875,
        1.2373046875,
        1.193359375,
        1.16015625,
        1.1396484375,
        1.0732421875,
        1.0595703125,
        0.9921875,
        0.9677734375
    ]
}