{
    "opt": {
        "train_epochs": 9.9,
        "batch_size": 1024,
        "lr": 11.5,
        "momentum": 0.85,
        "weight_decay": 0.0153,
        "bias_scaler": 64.0,
        "label_smoothing": 0.2,
        "whiten_bias_epochs": 3
    },
    "aug": {
        "flip": true,
        "translate": 2
    },
    "net": {
        "widths": {
            "block1": 64,
            "block2": 256,
            "block3": 256
        },
        "batchnorm_momentum": 0.6,
        "scaling_factor": 0.1111111111111111,
        "tta_level": 2
    },
    "random_seed": 99,
    "git_commit_hash": "85402c5c6fafc553256ddda6a38a5e86792e3fed",
    "elapsed_wclock_time": 3.8482610070705414,
    "final acc": 0.9329999685287476,
    "last batch loss": 0.955078125,
    "epoch_val_accs": [
        0.6679999828338623,
        0.6948999762535095,
        0.7633999586105347,
        0.8167999982833862,
        0.8333999514579773,
        0.8305999636650085,
        0.8694999814033508,
        0.8896999955177307,
        0.9042999744415283,
        0.9259999990463257
    ],
    "epoch_losses": [
        1.4873046875,
        1.2841796875,
        1.2509765625,
        1.18359375,
        1.1904296875,
        1.1142578125,
        1.0673828125,
        1.0341796875,
        1.0078125,
        0.955078125
    ]
}