{
    "opt": {
        "train_epochs": 9.9,
        "batch_size": 1024,
        "lr": 11.5,
        "momentum": 0.85,
        "weight_decay": 0.0153,
        "bias_scaler": 64.0,
        "label_smoothing": 0.2,
        "whiten_bias_epochs": 3
    },
    "aug": {
        "flip": true,
        "translate": 2
    },
    "net": {
        "widths": {
            "block1": 64,
            "block2": 256,
            "block3": 256
        },
        "batchnorm_momentum": 0.6,
        "scaling_factor": 0.1111111111111111,
        "tta_level": 2
    },
    "random_seed": 99,
    "git_commit_hash": "85402c5c6fafc553256ddda6a38a5e86792e3fed",
    "elapsed_wclock_time": 3.853706425905228,
    "final acc": 0.9314000010490417,
    "last batch loss": 0.9619140625,
    "epoch_val_accs": [
        0.6444999575614929,
        0.6948999762535095,
        0.7312999963760376,
        0.723800003528595,
        0.8393999934196472,
        0.850600004196167,
        0.8482999801635742,
        0.8939999938011169,
        0.9077999591827393,
        0.9241999983787537
    ],
    "epoch_losses": [
        1.4697265625,
        1.2998046875,
        1.2802734375,
        1.1923828125,
        1.1396484375,
        1.0966796875,
        1.072265625,
        1.0673828125,
        1.015625,
        0.9619140625
    ]
}