{
    "opt": {
        "train_epochs": 9.9,
        "batch_size": 1024,
        "lr": 11.5,
        "momentum": 0.85,
        "weight_decay": 0.0153,
        "bias_scaler": 64.0,
        "label_smoothing": 0.2,
        "whiten_bias_epochs": 3
    },
    "aug": {
        "flip": true,
        "translate": 2
    },
    "net": {
        "widths": {
            "block1": 64,
            "block2": 256,
            "block3": 256
        },
        "batchnorm_momentum": 0.6,
        "scaling_factor": 0.1111111111111111,
        "tta_level": 2
    },
    "random_seed": 99,
    "git_commit_hash": "85402c5c6fafc553256ddda6a38a5e86792e3fed",
    "elapsed_wclock_time": 3.886288640499115,
    "final acc": 0.9312999844551086,
    "last batch loss": 0.96728515625,
    "epoch_val_accs": [
        0.6191999912261963,
        0.6710000038146973,
        0.795799970626831,
        0.8108999729156494,
        0.7955999970436096,
        0.8364999890327454,
        0.8862999677658081,
        0.8745999932289124,
        0.9095999598503113,
        0.9231999516487122
    ],
    "epoch_losses": [
        1.470703125,
        1.291015625,
        1.2353515625,
        1.189453125,
        1.150390625,
        1.1298828125,
        1.05859375,
        1.046875,
        0.9921875,
        0.96728515625
    ]
}