{
    "opt": {
        "train_epochs": 9.9,
        "batch_size": 1024,
        "lr": 11.5,
        "momentum": 0.85,
        "weight_decay": 0.0153,
        "bias_scaler": 64.0,
        "label_smoothing": 0.2,
        "whiten_bias_epochs": 3
    },
    "aug": {
        "flip": true,
        "translate": 2
    },
    "net": {
        "widths": {
            "block1": 64,
            "block2": 256,
            "block3": 256
        },
        "batchnorm_momentum": 0.6,
        "scaling_factor": 0.1111111111111111,
        "tta_level": 2
    },
    "random_seed": 99,
    "git_commit_hash": "85402c5c6fafc553256ddda6a38a5e86792e3fed",
    "elapsed_wclock_time": 3.851439417362213,
    "final acc": 0.9315999746322632,
    "last batch loss": 0.9619140625,
    "epoch_val_accs": [
        0.5972999930381775,
        0.7391999959945679,
        0.7222999930381775,
        0.7537999749183655,
        0.8525999784469604,
        0.817799985408783,
        0.8666999936103821,
        0.8569999933242798,
        0.9098999500274658,
        0.9243999719619751
    ],
    "epoch_losses": [
        1.4580078125,
        1.3076171875,
        1.2314453125,
        1.2041015625,
        1.1787109375,
        1.1083984375,
        1.07421875,
        1.044921875,
        1.0009765625,
        0.9619140625
    ]
}