{
    "opt": {
        "train_epochs": 9.9,
        "batch_size": 1024,
        "lr": 11.5,
        "momentum": 0.85,
        "weight_decay": 0.0153,
        "bias_scaler": 64.0,
        "label_smoothing": 0.2,
        "whiten_bias_epochs": 3
    },
    "aug": {
        "flip": true,
        "translate": 2
    },
    "net": {
        "widths": {
            "block1": 64,
            "block2": 256,
            "block3": 256
        },
        "batchnorm_momentum": 0.6,
        "scaling_factor": 0.1111111111111111,
        "tta_level": 2
    },
    "random_seed": 99,
    "git_commit_hash": "85402c5c6fafc553256ddda6a38a5e86792e3fed",
    "elapsed_wclock_time": 3.852945182085037,
    "final acc": 0.9318999648094177,
    "last batch loss": 0.97412109375,
    "epoch_val_accs": [
        0.6575999855995178,
        0.7216999530792236,
        0.7040999531745911,
        0.7893999814987183,
        0.802299976348877,
        0.852899968624115,
        0.8556999564170837,
        0.8748999834060669,
        0.9126999974250793,
        0.9225999712944031
    ],
    "epoch_losses": [
        1.4111328125,
        1.3046875,
        1.244140625,
        1.216796875,
        1.1474609375,
        1.142578125,
        1.0771484375,
        1.041015625,
        0.99951171875,
        0.97412109375
    ]
}