{
    "opt": {
        "train_epochs": 9.9,
        "batch_size": 1024,
        "lr": 11.5,
        "momentum": 0.85,
        "weight_decay": 0.0153,
        "bias_scaler": 64.0,
        "label_smoothing": 0.2,
        "whiten_bias_epochs": 3
    },
    "aug": {
        "flip": true,
        "translate": 2
    },
    "net": {
        "widths": {
            "block1": 64,
            "block2": 256,
            "block3": 256
        },
        "batchnorm_momentum": 0.6,
        "scaling_factor": 0.1111111111111111,
        "tta_level": 2
    },
    "random_seed": 99,
    "git_commit_hash": "85402c5c6fafc553256ddda6a38a5e86792e3fed",
    "elapsed_wclock_time": 3.7664679996967325,
    "final acc": 0.9314000010490417,
    "last batch loss": 0.9580078125,
    "epoch_val_accs": [
        0.6193999648094177,
        0.7768999934196472,
        0.8007000088691711,
        0.8154000043869019,
        0.8287000060081482,
        0.8407999873161316,
        0.8858000040054321,
        0.8908999562263489,
        0.9083999991416931,
        0.9228999614715576
    ],
    "epoch_losses": [
        1.451171875,
        1.2646484375,
        1.234375,
        1.205078125,
        1.154296875,
        1.1259765625,
        1.05859375,
        1.0361328125,
        0.986328125,
        0.9580078125
    ]
}