{
    "opt": {
        "train_epochs": 9.9,
        "batch_size": 1024,
        "lr": 11.5,
        "momentum": 0.85,
        "weight_decay": 0.0153,
        "bias_scaler": 64.0,
        "label_smoothing": 0.2,
        "whiten_bias_epochs": 3
    },
    "aug": {
        "flip": true,
        "translate": 2
    },
    "net": {
        "widths": {
            "block1": 64,
            "block2": 256,
            "block3": 256
        },
        "batchnorm_momentum": 0.6,
        "scaling_factor": 0.1111111111111111,
        "tta_level": 2
    },
    "random_seed": 99,
    "git_commit_hash": "85402c5c6fafc553256ddda6a38a5e86792e3fed",
    "elapsed_wclock_time": 3.762530750513077,
    "final acc": 0.9329999685287476,
    "last batch loss": 0.9658203125,
    "epoch_val_accs": [
        0.6510999798774719,
        0.7526999711990356,
        0.7452999949455261,
        0.7676999568939209,
        0.8424999713897705,
        0.8428999781608582,
        0.8752999901771545,
        0.883899986743927,
        0.9099999666213989,
        0.9246000051498413
    ],
    "epoch_losses": [
        1.439453125,
        1.2978515625,
        1.244140625,
        1.1767578125,
        1.1630859375,
        1.1064453125,
        1.078125,
        1.0546875,
        1.0078125,
        0.9658203125
    ]
}