{
    "opt": {
        "train_epochs": 9.9,
        "batch_size": 1024,
        "lr": 11.5,
        "momentum": 0.85,
        "weight_decay": 0.0153,
        "bias_scaler": 64.0,
        "label_smoothing": 0.2,
        "whiten_bias_epochs": 3
    },
    "aug": {
        "flip": true,
        "translate": 2
    },
    "net": {
        "widths": {
            "block1": 64,
            "block2": 256,
            "block3": 256
        },
        "batchnorm_momentum": 0.6,
        "scaling_factor": 0.1111111111111111,
        "tta_level": 2
    },
    "random_seed": 99,
    "git_commit_hash": "85402c5c6fafc553256ddda6a38a5e86792e3fed",
    "elapsed_wclock_time": 3.8524552261829372,
    "final acc": 0.9343000054359436,
    "last batch loss": 0.97021484375,
    "epoch_val_accs": [
        0.6843000054359436,
        0.7249999642372131,
        0.8046999573707581,
        0.8191999793052673,
        0.8455999493598938,
        0.8434999585151672,
        0.8883999586105347,
        0.8714999556541443,
        0.910099983215332,
        0.9243999719619751
    ],
    "epoch_losses": [
        1.423828125,
        1.3095703125,
        1.1904296875,
        1.2041015625,
        1.16796875,
        1.12109375,
        1.05078125,
        1.0498046875,
        1.00390625,
        0.97021484375
    ]
}