{
    "opt": {
        "train_epochs": 9.9,
        "batch_size": 1024,
        "lr": 11.5,
        "momentum": 0.85,
        "weight_decay": 0.0153,
        "bias_scaler": 64.0,
        "label_smoothing": 0.2,
        "whiten_bias_epochs": 3
    },
    "aug": {
        "flip": true,
        "translate": 2
    },
    "net": {
        "widths": {
            "block1": 64,
            "block2": 256,
            "block3": 256
        },
        "batchnorm_momentum": 0.6,
        "scaling_factor": 0.1111111111111111,
        "tta_level": 2
    },
    "random_seed": 99,
    "git_commit_hash": "85402c5c6fafc553256ddda6a38a5e86792e3fed",
    "elapsed_wclock_time": 3.8510990066528317,
    "final acc": 0.9318999648094177,
    "last batch loss": 0.9599609375,
    "epoch_val_accs": [
        0.6480000019073486,
        0.7465999722480774,
        0.7404999732971191,
        0.7917999625205994,
        0.8267999887466431,
        0.8467999696731567,
        0.8588999509811401,
        0.8804000020027161,
        0.9037999510765076,
        0.9221999645233154
    ],
    "epoch_losses": [
        1.439453125,
        1.29296875,
        1.2607421875,
        1.208984375,
        1.146484375,
        1.1123046875,
        1.0576171875,
        1.056640625,
        1.001953125,
        0.9599609375
    ]
}