{
    "opt": {
        "train_epochs": 9.9,
        "batch_size": 1024,
        "lr": 11.5,
        "momentum": 0.85,
        "weight_decay": 0.0153,
        "bias_scaler": 64.0,
        "label_smoothing": 0.2,
        "whiten_bias_epochs": 3
    },
    "aug": {
        "flip": true,
        "translate": 2
    },
    "net": {
        "widths": {
            "block1": 64,
            "block2": 256,
            "block3": 256
        },
        "batchnorm_momentum": 0.6,
        "scaling_factor": 0.1111111111111111,
        "tta_level": 2
    },
    "random_seed": 99,
    "git_commit_hash": "85402c5c6fafc553256ddda6a38a5e86792e3fed",
    "elapsed_wclock_time": 3.8376804838180543,
    "final acc": 0.9336999654769897,
    "last batch loss": 0.96875,
    "epoch_val_accs": [
        0.6521999835968018,
        0.7040999531745911,
        0.7414999604225159,
        0.7965999841690063,
        0.7634999752044678,
        0.8252999782562256,
        0.8556999564170837,
        0.8837999701499939,
        0.914900004863739,
        0.921999990940094
    ],
    "epoch_losses": [
        1.4541015625,
        1.2939453125,
        1.25390625,
        1.1962890625,
        1.193359375,
        1.123046875,
        1.05859375,
        1.04296875,
        1.00390625,
        0.96875
    ]
}