{
    "opt": {
        "train_epochs": 9.9,
        "batch_size": 1024,
        "lr": 11.5,
        "momentum": 0.85,
        "weight_decay": 0.0153,
        "bias_scaler": 64.0,
        "label_smoothing": 0.2,
        "whiten_bias_epochs": 3
    },
    "aug": {
        "flip": true,
        "translate": 2
    },
    "net": {
        "widths": {
            "block1": 64,
            "block2": 256,
            "block3": 256
        },
        "batchnorm_momentum": 0.6,
        "scaling_factor": 0.1111111111111111,
        "tta_level": 2
    },
    "random_seed": 99,
    "git_commit_hash": "85402c5c6fafc553256ddda6a38a5e86792e3fed",
    "elapsed_wclock_time": 3.766928438663483,
    "final acc": 0.9328999519348145,
    "last batch loss": 0.9736328125,
    "epoch_val_accs": [
        0.5990999937057495,
        0.6875999569892883,
        0.7330999970436096,
        0.7954999804496765,
        0.8376999497413635,
        0.8416000008583069,
        0.87909996509552,
        0.8782999515533447,
        0.9133999943733215,
        0.9250999689102173
    ],
    "epoch_losses": [
        1.443359375,
        1.29296875,
        1.265625,
        1.1689453125,
        1.1474609375,
        1.1318359375,
        1.0537109375,
        1.05859375,
        1.0078125,
        0.9736328125
    ]
}