{
    "opt": {
        "train_epochs": 9.9,
        "batch_size": 1024,
        "lr": 11.5,
        "momentum": 0.85,
        "weight_decay": 0.0153,
        "bias_scaler": 64.0,
        "label_smoothing": 0.2,
        "whiten_bias_epochs": 3
    },
    "aug": {
        "flip": true,
        "translate": 2
    },
    "net": {
        "widths": {
            "block1": 64,
            "block2": 256,
            "block3": 256
        },
        "batchnorm_momentum": 0.6,
        "scaling_factor": 0.1111111111111111,
        "tta_level": 2
    },
    "random_seed": 99,
    "git_commit_hash": "85402c5c6fafc553256ddda6a38a5e86792e3fed",
    "elapsed_wclock_time": 3.9015726485252378,
    "final acc": 0.9329999685287476,
    "last batch loss": 0.9697265625,
    "epoch_val_accs": [
        0.6679999828338623,
        0.7598999738693237,
        0.7375999689102173,
        0.7823999524116516,
        0.7804999947547913,
        0.8059999942779541,
        0.8829999566078186,
        0.8872999548912048,
        0.9095999598503113,
        0.9241999983787537
    ],
    "epoch_losses": [
        1.482421875,
        1.3310546875,
        1.2060546875,
        1.169921875,
        1.16015625,
        1.130859375,
        1.0791015625,
        1.0419921875,
        0.9970703125,
        0.9697265625
    ]
}