{
    "opt": {
        "train_epochs": 9.9,
        "batch_size": 1024,
        "lr": 11.5,
        "momentum": 0.85,
        "weight_decay": 0.0153,
        "bias_scaler": 64.0,
        "label_smoothing": 0.2,
        "whiten_bias_epochs": 3
    },
    "aug": {
        "flip": true,
        "translate": 2
    },
    "net": {
        "widths": {
            "block1": 64,
            "block2": 256,
            "block3": 256
        },
        "batchnorm_momentum": 0.6,
        "scaling_factor": 0.1111111111111111,
        "tta_level": 2
    },
    "random_seed": 99,
    "git_commit_hash": "85402c5c6fafc553256ddda6a38a5e86792e3fed",
    "elapsed_wclock_time": 3.799562197208405,
    "final acc": 0.9323999881744385,
    "last batch loss": 0.96142578125,
    "epoch_val_accs": [
        0.6444000005722046,
        0.6798999905586243,
        0.7648999691009521,
        0.7859999537467957,
        0.8387999534606934,
        0.8496999740600586,
        0.8880999684333801,
        0.8806999921798706,
        0.9159999489784241,
        0.926099956035614
    ],
    "epoch_losses": [
        1.47265625,
        1.33984375,
        1.1953125,
        1.1806640625,
        1.158203125,
        1.109375,
        1.0693359375,
        1.0517578125,
        1.0029296875,
        0.96142578125
    ]
}