{
    "opt": {
        "train_epochs": 9.9,
        "batch_size": 1024,
        "lr": 11.5,
        "momentum": 0.85,
        "weight_decay": 0.0153,
        "bias_scaler": 64.0,
        "label_smoothing": 0.2,
        "whiten_bias_epochs": 3
    },
    "aug": {
        "flip": true,
        "translate": 2
    },
    "net": {
        "widths": {
            "block1": 64,
            "block2": 256,
            "block3": 256
        },
        "batchnorm_momentum": 0.6,
        "scaling_factor": 0.1111111111111111,
        "tta_level": 2
    },
    "random_seed": 99,
    "git_commit_hash": "85402c5c6fafc553256ddda6a38a5e86792e3fed",
    "elapsed_wclock_time": 3.9054220879077914,
    "final acc": 0.9311999678611755,
    "last batch loss": 0.9619140625,
    "epoch_val_accs": [
        0.6176999807357788,
        0.7365999817848206,
        0.7815999984741211,
        0.7967999577522278,
        0.7822999954223633,
        0.8154999613761902,
        0.8726999759674072,
        0.8941999673843384,
        0.9127999544143677,
        0.9246999621391296
    ],
    "epoch_losses": [
        1.5146484375,
        1.3212890625,
        1.1845703125,
        1.181640625,
        1.181640625,
        1.1376953125,
        1.0732421875,
        1.046875,
        1.0078125,
        0.9619140625
    ]
}