{
    "opt": {
        "train_epochs": 9.9,
        "batch_size": 1024,
        "lr": 11.5,
        "momentum": 0.85,
        "weight_decay": 0.0153,
        "bias_scaler": 64.0,
        "label_smoothing": 0.2,
        "whiten_bias_epochs": 3
    },
    "aug": {
        "flip": true,
        "translate": 2
    },
    "net": {
        "widths": {
            "block1": 64,
            "block2": 256,
            "block3": 256
        },
        "batchnorm_momentum": 0.6,
        "scaling_factor": 0.1111111111111111,
        "tta_level": 2
    },
    "random_seed": 99,
    "git_commit_hash": "85402c5c6fafc553256ddda6a38a5e86792e3fed",
    "elapsed_wclock_time": 3.978019646644592,
    "final acc": 0.9314999580383301,
    "last batch loss": 0.9599609375,
    "epoch_val_accs": [
        0.680899977684021,
        0.7360000014305115,
        0.7554999589920044,
        0.7509999871253967,
        0.781499981880188,
        0.8657000064849854,
        0.8733999729156494,
        0.8948999643325806,
        0.9109999537467957,
        0.9240999817848206
    ],
    "epoch_losses": [
        1.4765625,
        1.3203125,
        1.2080078125,
        1.2138671875,
        1.1630859375,
        1.123046875,
        1.068359375,
        1.0322265625,
        1.001953125,
        0.9599609375
    ]
}