{
    "opt": {
        "train_epochs": 9.9,
        "batch_size": 1024,
        "lr": 11.5,
        "momentum": 0.85,
        "weight_decay": 0.0153,
        "bias_scaler": 64.0,
        "label_smoothing": 0.2,
        "whiten_bias_epochs": 3
    },
    "aug": {
        "flip": true,
        "translate": 2
    },
    "net": {
        "widths": {
            "block1": 64,
            "block2": 256,
            "block3": 256
        },
        "batchnorm_momentum": 0.6,
        "scaling_factor": 0.1111111111111111,
        "tta_level": 2
    },
    "random_seed": 99,
    "git_commit_hash": "85402c5c6fafc553256ddda6a38a5e86792e3fed",
    "elapsed_wclock_time": 3.8526080265045173,
    "final acc": 0.9319999814033508,
    "last batch loss": 0.96875,
    "epoch_val_accs": [
        0.6922999620437622,
        0.7125999927520752,
        0.70169997215271,
        0.7091000080108643,
        0.807699978351593,
        0.8136000037193298,
        0.8684999942779541,
        0.8865000009536743,
        0.9107999801635742,
        0.9250999689102173
    ],
    "epoch_losses": [
        1.4794921875,
        1.2998046875,
        1.26171875,
        1.1875,
        1.171875,
        1.111328125,
        1.0947265625,
        1.044921875,
        0.99560546875,
        0.96875
    ]
}