{
    "opt": {
        "train_epochs": 9.9,
        "batch_size": 1024,
        "lr": 11.5,
        "momentum": 0.85,
        "weight_decay": 0.0153,
        "bias_scaler": 64.0,
        "label_smoothing": 0.2,
        "whiten_bias_epochs": 3
    },
    "aug": {
        "flip": true,
        "translate": 2
    },
    "net": {
        "widths": {
            "block1": 64,
            "block2": 256,
            "block3": 256
        },
        "batchnorm_momentum": 0.6,
        "scaling_factor": 0.1111111111111111,
        "tta_level": 2
    },
    "random_seed": 99,
    "git_commit_hash": "85402c5c6fafc553256ddda6a38a5e86792e3fed",
    "elapsed_wclock_time": 3.849969830751419,
    "final acc": 0.9319999814033508,
    "last batch loss": 0.96484375,
    "epoch_val_accs": [
        0.6243000030517578,
        0.7407999634742737,
        0.70169997215271,
        0.7912999987602234,
        0.8258000016212463,
        0.8122999668121338,
        0.8686999678611755,
        0.8799999952316284,
        0.9115999937057495,
        0.9256999492645264
    ],
    "epoch_losses": [
        1.4736328125,
        1.287109375,
        1.201171875,
        1.1904296875,
        1.2001953125,
        1.13671875,
        1.0791015625,
        1.0625,
        0.99951171875,
        0.96484375
    ]
}