{
    "opt": {
        "train_epochs": 9.9,
        "batch_size": 1024,
        "lr": 11.5,
        "momentum": 0.85,
        "weight_decay": 0.0153,
        "bias_scaler": 64.0,
        "label_smoothing": 0.2,
        "whiten_bias_epochs": 3
    },
    "aug": {
        "flip": true,
        "translate": 2
    },
    "net": {
        "widths": {
            "block1": 64,
            "block2": 256,
            "block3": 256
        },
        "batchnorm_momentum": 0.6,
        "scaling_factor": 0.1111111111111111,
        "tta_level": 2
    },
    "random_seed": 99,
    "git_commit_hash": "85402c5c6fafc553256ddda6a38a5e86792e3fed",
    "elapsed_wclock_time": 3.8855608332157137,
    "final acc": 0.9307999610900879,
    "last batch loss": 0.95751953125,
    "epoch_val_accs": [
        0.6765999794006348,
        0.7238999605178833,
        0.7188999652862549,
        0.7407999634742737,
        0.8343999981880188,
        0.8636999726295471,
        0.8632999658584595,
        0.8847999572753906,
        0.9107999801635742,
        0.9235999584197998
    ],
    "epoch_losses": [
        1.4267578125,
        1.310546875,
        1.26171875,
        1.2060546875,
        1.1611328125,
        1.119140625,
        1.0693359375,
        1.0517578125,
        1.0166015625,
        0.95751953125
    ]
}