{
    "opt": {
        "train_epochs": 9.9,
        "batch_size": 1024,
        "lr": 11.5,
        "momentum": 0.85,
        "weight_decay": 0.0153,
        "bias_scaler": 64.0,
        "label_smoothing": 0.2,
        "whiten_bias_epochs": 3
    },
    "aug": {
        "flip": true,
        "translate": 2
    },
    "net": {
        "widths": {
            "block1": 64,
            "block2": 256,
            "block3": 256
        },
        "batchnorm_momentum": 0.6,
        "scaling_factor": 0.1111111111111111,
        "tta_level": 2
    },
    "random_seed": 99,
    "git_commit_hash": "85402c5c6fafc553256ddda6a38a5e86792e3fed",
    "elapsed_wclock_time": 3.8946424255371097,
    "final acc": 0.9307000041007996,
    "last batch loss": 0.970703125,
    "epoch_val_accs": [
        0.6078000068664551,
        0.7348999977111816,
        0.6899999976158142,
        0.7580999732017517,
        0.8377999663352966,
        0.8258000016212463,
        0.8817999958992004,
        0.8792999982833862,
        0.9109999537467957,
        0.9253999590873718
    ],
    "epoch_losses": [
        1.474609375,
        1.3056640625,
        1.240234375,
        1.19140625,
        1.154296875,
        1.12890625,
        1.0791015625,
        1.0537109375,
        1.005859375,
        0.970703125
    ]
}