{
    "opt": {
        "train_epochs": 9.9,
        "batch_size": 1024,
        "lr": 11.5,
        "momentum": 0.85,
        "weight_decay": 0.0153,
        "bias_scaler": 64.0,
        "label_smoothing": 0.2,
        "whiten_bias_epochs": 3
    },
    "aug": {
        "flip": true,
        "translate": 2
    },
    "net": {
        "widths": {
            "block1": 64,
            "block2": 256,
            "block3": 256
        },
        "batchnorm_momentum": 0.6,
        "scaling_factor": 0.1111111111111111,
        "tta_level": 2
    },
    "random_seed": 99,
    "git_commit_hash": "85402c5c6fafc553256ddda6a38a5e86792e3fed",
    "elapsed_wclock_time": 3.9001926605701445,
    "final acc": 0.933899998664856,
    "last batch loss": 0.9677734375,
    "epoch_val_accs": [
        0.6714000105857849,
        0.7418000102043152,
        0.7788999676704407,
        0.7450000047683716,
        0.8051999807357788,
        0.8285999894142151,
        0.8751999735832214,
        0.8851000070571899,
        0.913100004196167,
        0.9223999977111816
    ],
    "epoch_losses": [
        1.451171875,
        1.3095703125,
        1.2158203125,
        1.2060546875,
        1.150390625,
        1.154296875,
        1.05859375,
        1.05859375,
        0.998046875,
        0.9677734375
    ]
}