{
    "opt": {
        "train_epochs": 9.9,
        "batch_size": 1024,
        "lr": 11.5,
        "momentum": 0.85,
        "weight_decay": 0.0153,
        "bias_scaler": 64.0,
        "label_smoothing": 0.2,
        "whiten_bias_epochs": 3
    },
    "aug": {
        "flip": true,
        "translate": 2
    },
    "net": {
        "widths": {
            "block1": 64,
            "block2": 256,
            "block3": 256
        },
        "batchnorm_momentum": 0.6,
        "scaling_factor": 0.1111111111111111,
        "tta_level": 2
    },
    "random_seed": 99,
    "git_commit_hash": "85402c5c6fafc553256ddda6a38a5e86792e3fed",
    "elapsed_wclock_time": 3.8151470963954925,
    "final acc": 0.9320999979972839,
    "last batch loss": 0.96630859375,
    "epoch_val_accs": [
        0.5110999941825867,
        0.628600001335144,
        0.7617999911308289,
        0.8215999603271484,
        0.8060999512672424,
        0.7573999762535095,
        0.870199978351593,
        0.8907999992370605,
        0.9147999882698059,
        0.9250999689102173
    ],
    "epoch_losses": [
        1.4853515625,
        1.3125,
        1.22265625,
        1.1904296875,
        1.205078125,
        1.123046875,
        1.0634765625,
        1.044921875,
        1.015625,
        0.96630859375
    ]
}