{
    "opt": {
        "train_epochs": 9.9,
        "batch_size": 1024,
        "lr": 11.5,
        "momentum": 0.85,
        "weight_decay": 0.0153,
        "bias_scaler": 64.0,
        "label_smoothing": 0.2,
        "whiten_bias_epochs": 3
    },
    "aug": {
        "flip": true,
        "translate": 2
    },
    "net": {
        "widths": {
            "block1": 64,
            "block2": 256,
            "block3": 256
        },
        "batchnorm_momentum": 0.6,
        "scaling_factor": 0.1111111111111111,
        "tta_level": 2
    },
    "random_seed": 99,
    "git_commit_hash": "85402c5c6fafc553256ddda6a38a5e86792e3fed",
    "elapsed_wclock_time": 3.843820601224899,
    "final acc": 0.9322999715805054,
    "last batch loss": 0.97021484375,
    "epoch_val_accs": [
        0.6879000067710876,
        0.729200005531311,
        0.7782999873161316,
        0.7458999752998352,
        0.8134999871253967,
        0.819599986076355,
        0.8447999954223633,
        0.8977999687194824,
        0.9096999764442444,
        0.9241999983787537
    ],
    "epoch_losses": [
        1.4326171875,
        1.287109375,
        1.2177734375,
        1.193359375,
        1.171875,
        1.1611328125,
        1.1044921875,
        1.080078125,
        0.99560546875,
        0.97021484375
    ]
}