{
    "opt": {
        "train_epochs": 9.9,
        "batch_size": 1024,
        "lr": 11.5,
        "momentum": 0.85,
        "weight_decay": 0.0153,
        "bias_scaler": 64.0,
        "label_smoothing": 0.2,
        "whiten_bias_epochs": 3
    },
    "aug": {
        "flip": true,
        "translate": 2
    },
    "net": {
        "widths": {
            "block1": 64,
            "block2": 256,
            "block3": 256
        },
        "batchnorm_momentum": 0.6,
        "scaling_factor": 0.1111111111111111,
        "tta_level": 2
    },
    "random_seed": 99,
    "git_commit_hash": "85402c5c6fafc553256ddda6a38a5e86792e3fed",
    "elapsed_wclock_time": 3.893065853595733,
    "final acc": 0.9328999519348145,
    "last batch loss": 0.96044921875,
    "epoch_val_accs": [
        0.5938999652862549,
        0.7565999627113342,
        0.8054999709129333,
        0.7166000008583069,
        0.8330000042915344,
        0.8290999531745911,
        0.8770999908447266,
        0.884399950504303,
        0.9086999893188477,
        0.9240999817848206
    ],
    "epoch_losses": [
        1.4970703125,
        1.3525390625,
        1.2138671875,
        1.2158203125,
        1.158203125,
        1.1171875,
        1.0771484375,
        1.0419921875,
        0.994140625,
        0.96044921875
    ]
}