{
    "opt": {
        "train_epochs": 9.9,
        "batch_size": 1024,
        "lr": 11.5,
        "momentum": 0.85,
        "weight_decay": 0.0153,
        "bias_scaler": 64.0,
        "label_smoothing": 0.2,
        "whiten_bias_epochs": 3
    },
    "aug": {
        "flip": true,
        "translate": 2
    },
    "net": {
        "widths": {
            "block1": 64,
            "block2": 256,
            "block3": 256
        },
        "batchnorm_momentum": 0.6,
        "scaling_factor": 0.1111111111111111,
        "tta_level": 2
    },
    "random_seed": 99,
    "git_commit_hash": "85402c5c6fafc553256ddda6a38a5e86792e3fed",
    "elapsed_wclock_time": 3.766481320381164,
    "final acc": 0.9343000054359436,
    "last batch loss": 0.97265625,
    "epoch_val_accs": [
        0.6331999897956848,
        0.6434999704360962,
        0.6949999928474426,
        0.8210999965667725,
        0.8073999881744385,
        0.8533999919891357,
        0.8567000031471252,
        0.8791999816894531,
        0.9127999544143677,
        0.9253999590873718
    ],
    "epoch_losses": [
        1.45703125,
        1.3232421875,
        1.26171875,
        1.1630859375,
        1.1416015625,
        1.1005859375,
        1.060546875,
        1.05859375,
        1.005859375,
        0.97265625
    ]
}