{
    "opt": {
        "train_epochs": 9.9,
        "batch_size": 1024,
        "lr": 11.5,
        "momentum": 0.85,
        "weight_decay": 0.0153,
        "bias_scaler": 64.0,
        "label_smoothing": 0.2,
        "whiten_bias_epochs": 3
    },
    "aug": {
        "flip": true,
        "translate": 2
    },
    "net": {
        "widths": {
            "block1": 64,
            "block2": 256,
            "block3": 256
        },
        "batchnorm_momentum": 0.6,
        "scaling_factor": 0.1111111111111111,
        "tta_level": 2
    },
    "random_seed": 99,
    "git_commit_hash": "85402c5c6fafc553256ddda6a38a5e86792e3fed",
    "elapsed_wclock_time": 3.768760287046433,
    "final acc": 0.9329999685287476,
    "last batch loss": 0.97119140625,
    "epoch_val_accs": [
        0.6639999747276306,
        0.7430999875068665,
        0.7157999873161316,
        0.7432999610900879,
        0.8187999725341797,
        0.7894999980926514,
        0.8478999733924866,
        0.8694999814033508,
        0.9088000059127808,
        0.9261999726295471
    ],
    "epoch_losses": [
        1.4248046875,
        1.337890625,
        1.2626953125,
        1.2314453125,
        1.154296875,
        1.1259765625,
        1.0791015625,
        1.072265625,
        0.99462890625,
        0.97119140625
    ]
}