{
    "opt": {
        "train_epochs": 9.9,
        "batch_size": 1024,
        "lr": 11.5,
        "momentum": 0.85,
        "weight_decay": 0.0153,
        "bias_scaler": 64.0,
        "label_smoothing": 0.2,
        "whiten_bias_epochs": 3
    },
    "aug": {
        "flip": true,
        "translate": 2
    },
    "net": {
        "widths": {
            "block1": 64,
            "block2": 256,
            "block3": 256
        },
        "batchnorm_momentum": 0.6,
        "scaling_factor": 0.1111111111111111,
        "tta_level": 2
    },
    "random_seed": 99,
    "git_commit_hash": "85402c5c6fafc553256ddda6a38a5e86792e3fed",
    "elapsed_wclock_time": 3.882497362613678,
    "final acc": 0.9319999814033508,
    "last batch loss": 0.95458984375,
    "epoch_val_accs": [
        0.64410001039505,
        0.6759999990463257,
        0.792199969291687,
        0.8151999711990356,
        0.8282999992370605,
        0.8423999547958374,
        0.8741999864578247,
        0.866599977016449,
        0.9077000021934509,
        0.9247999787330627
    ],
    "epoch_losses": [
        1.509765625,
        1.3056640625,
        1.2197265625,
        1.1923828125,
        1.1484375,
        1.1005859375,
        1.064453125,
        1.0546875,
        0.98291015625,
        0.95458984375
    ]
}