{
    "opt": {
        "train_epochs": 9.9,
        "batch_size": 1024,
        "lr": 11.5,
        "momentum": 0.85,
        "weight_decay": 0.0153,
        "bias_scaler": 64.0,
        "label_smoothing": 0.2,
        "whiten_bias_epochs": 3
    },
    "aug": {
        "flip": true,
        "translate": 2
    },
    "net": {
        "widths": {
            "block1": 64,
            "block2": 256,
            "block3": 256
        },
        "batchnorm_momentum": 0.6,
        "scaling_factor": 0.1111111111111111,
        "tta_level": 2
    },
    "random_seed": 99,
    "git_commit_hash": "85402c5c6fafc553256ddda6a38a5e86792e3fed",
    "elapsed_wclock_time": 3.8491508965492245,
    "final acc": 0.9323999881744385,
    "last batch loss": 0.9619140625,
    "epoch_val_accs": [
        0.6735000014305115,
        0.7026000022888184,
        0.8072999715805054,
        0.7807999849319458,
        0.8216999769210815,
        0.7935000061988831,
        0.8707999587059021,
        0.8937000036239624,
        0.9108999967575073,
        0.921999990940094
    ],
    "epoch_losses": [
        1.4404296875,
        1.298828125,
        1.244140625,
        1.1806640625,
        1.15625,
        1.1298828125,
        1.0771484375,
        1.0390625,
        0.99365234375,
        0.9619140625
    ]
}