{
    "opt": {
        "train_epochs": 9.9,
        "batch_size": 1024,
        "lr": 11.5,
        "momentum": 0.85,
        "weight_decay": 0.0153,
        "bias_scaler": 64.0,
        "label_smoothing": 0.2,
        "whiten_bias_epochs": 3
    },
    "aug": {
        "flip": true,
        "translate": 2
    },
    "net": {
        "widths": {
            "block1": 64,
            "block2": 256,
            "block3": 256
        },
        "batchnorm_momentum": 0.6,
        "scaling_factor": 0.1111111111111111,
        "tta_level": 2
    },
    "random_seed": 99,
    "git_commit_hash": "85402c5c6fafc553256ddda6a38a5e86792e3fed",
    "elapsed_wclock_time": 3.8534127020835873,
    "final acc": 0.9341999888420105,
    "last batch loss": 0.9658203125,
    "epoch_val_accs": [
        0.6549999713897705,
        0.715399980545044,
        0.7797999978065491,
        0.7699999809265137,
        0.800599992275238,
        0.8191999793052673,
        0.8775999546051025,
        0.8703999519348145,
        0.9124999642372131,
        0.9246999621391296
    ],
    "epoch_losses": [
        1.466796875,
        1.318359375,
        1.2509765625,
        1.171875,
        1.1396484375,
        1.1328125,
        1.0732421875,
        1.0556640625,
        0.99267578125,
        0.9658203125
    ]
}