{
    "opt": {
        "train_epochs": 9.9,
        "batch_size": 1024,
        "lr": 11.5,
        "momentum": 0.85,
        "weight_decay": 0.0153,
        "bias_scaler": 64.0,
        "label_smoothing": 0.2,
        "whiten_bias_epochs": 3
    },
    "aug": {
        "flip": true,
        "translate": 2
    },
    "net": {
        "widths": {
            "block1": 64,
            "block2": 256,
            "block3": 256
        },
        "batchnorm_momentum": 0.6,
        "scaling_factor": 0.1111111111111111,
        "tta_level": 2
    },
    "random_seed": 99,
    "git_commit_hash": "85402c5c6fafc553256ddda6a38a5e86792e3fed",
    "elapsed_wclock_time": 3.8521340234279635,
    "final acc": 0.9315999746322632,
    "last batch loss": 0.96435546875,
    "epoch_val_accs": [
        0.6225000023841858,
        0.7228999733924866,
        0.7226999998092651,
        0.7950999736785889,
        0.8402000069618225,
        0.8391000032424927,
        0.8658999800682068,
        0.8827999830245972,
        0.9102999567985535,
        0.9241999983787537
    ],
    "epoch_losses": [
        1.5419921875,
        1.2705078125,
        1.23828125,
        1.1953125,
        1.1572265625,
        1.1767578125,
        1.0615234375,
        1.0517578125,
        0.99560546875,
        0.96435546875
    ]
}