{
    "opt": {
        "train_epochs": 9.9,
        "batch_size": 1024,
        "lr": 11.5,
        "momentum": 0.85,
        "weight_decay": 0.0153,
        "bias_scaler": 64.0,
        "label_smoothing": 0.2,
        "whiten_bias_epochs": 3
    },
    "aug": {
        "flip": true,
        "translate": 2
    },
    "net": {
        "widths": {
            "block1": 64,
            "block2": 256,
            "block3": 256
        },
        "batchnorm_momentum": 0.6,
        "scaling_factor": 0.1111111111111111,
        "tta_level": 2
    },
    "random_seed": 99,
    "git_commit_hash": "85402c5c6fafc553256ddda6a38a5e86792e3fed",
    "elapsed_wclock_time": 3.88585272526741,
    "final acc": 0.9305999875068665,
    "last batch loss": 0.978515625,
    "epoch_val_accs": [
        0.6660999655723572,
        0.6394999623298645,
        0.7821999788284302,
        0.7856000065803528,
        0.8504999876022339,
        0.827299952507019,
        0.8810999989509583,
        0.8855999708175659,
        0.9101999998092651,
        0.921999990940094
    ],
    "epoch_losses": [
        1.501953125,
        1.310546875,
        1.21484375,
        1.201171875,
        1.1748046875,
        1.1318359375,
        1.0673828125,
        1.06640625,
        1.017578125,
        0.978515625
    ]
}