{
    "opt": {
        "train_epochs": 9.9,
        "batch_size": 1024,
        "lr": 11.5,
        "momentum": 0.85,
        "weight_decay": 0.0153,
        "bias_scaler": 64.0,
        "label_smoothing": 0.2,
        "whiten_bias_epochs": 3
    },
    "aug": {
        "flip": true,
        "translate": 2
    },
    "net": {
        "widths": {
            "block1": 64,
            "block2": 256,
            "block3": 256
        },
        "batchnorm_momentum": 0.6,
        "scaling_factor": 0.1111111111111111,
        "tta_level": 2
    },
    "random_seed": 99,
    "git_commit_hash": "85402c5c6fafc553256ddda6a38a5e86792e3fed",
    "elapsed_wclock_time": 3.8415136682987217,
    "final acc": 0.9332000017166138,
    "last batch loss": 0.96923828125,
    "epoch_val_accs": [
        0.6358000040054321,
        0.6741999983787537,
        0.7652999758720398,
        0.7712000012397766,
        0.8229999542236328,
        0.8561999797821045,
        0.8764999508857727,
        0.889799952507019,
        0.9057999849319458,
        0.9232999682426453
    ],
    "epoch_losses": [
        1.5009765625,
        1.3173828125,
        1.2333984375,
        1.1826171875,
        1.173828125,
        1.1220703125,
        1.080078125,
        1.05078125,
        1.013671875,
        0.96923828125
    ]
}