{
    "opt": {
        "train_epochs": 9.9,
        "batch_size": 1024,
        "lr": 11.5,
        "momentum": 0.85,
        "weight_decay": 0.0153,
        "bias_scaler": 64.0,
        "label_smoothing": 0.2,
        "whiten_bias_epochs": 3
    },
    "aug": {
        "flip": true,
        "translate": 2
    },
    "net": {
        "widths": {
            "block1": 64,
            "block2": 256,
            "block3": 256
        },
        "batchnorm_momentum": 0.6,
        "scaling_factor": 0.1111111111111111,
        "tta_level": 2
    },
    "random_seed": 99,
    "git_commit_hash": "85402c5c6fafc553256ddda6a38a5e86792e3fed",
    "elapsed_wclock_time": 3.9035185492038726,
    "final acc": 0.9312999844551086,
    "last batch loss": 0.962890625,
    "epoch_val_accs": [
        0.6549999713897705,
        0.6899999976158142,
        0.7967999577522278,
        0.7943999767303467,
        0.8495999574661255,
        0.7950999736785889,
        0.8721999526023865,
        0.8759999871253967,
        0.9127999544143677,
        0.9243999719619751
    ],
    "epoch_losses": [
        1.4521484375,
        1.314453125,
        1.21875,
        1.1884765625,
        1.1826171875,
        1.13671875,
        1.076171875,
        1.046875,
        0.98876953125,
        0.962890625
    ]
}