{
    "opt": {
        "train_epochs": 9.9,
        "batch_size": 1024,
        "lr": 11.5,
        "momentum": 0.85,
        "weight_decay": 0.0153,
        "bias_scaler": 64.0,
        "label_smoothing": 0.2,
        "whiten_bias_epochs": 3
    },
    "aug": {
        "flip": true,
        "translate": 2
    },
    "net": {
        "widths": {
            "block1": 64,
            "block2": 256,
            "block3": 256
        },
        "batchnorm_momentum": 0.6,
        "scaling_factor": 0.1111111111111111,
        "tta_level": 2
    },
    "random_seed": 99,
    "git_commit_hash": "85402c5c6fafc553256ddda6a38a5e86792e3fed",
    "elapsed_wclock_time": 3.8952053680419927,
    "final acc": 0.932699978351593,
    "last batch loss": 0.98828125,
    "epoch_val_accs": [
        0.6381999850273132,
        0.6444000005722046,
        0.7055999636650085,
        0.8068999648094177,
        0.8306999802589417,
        0.8237999677658081,
        0.8540999889373779,
        0.884399950504303,
        0.9096999764442444,
        0.9243999719619751
    ],
    "epoch_losses": [
        1.4951171875,
        1.30078125,
        1.2314453125,
        1.1845703125,
        1.166015625,
        1.134765625,
        1.064453125,
        1.0380859375,
        0.9970703125,
        0.98828125
    ]
}