{
    "opt": {
        "train_epochs": 9.9,
        "batch_size": 1024,
        "lr": 11.5,
        "momentum": 0.85,
        "weight_decay": 0.0153,
        "bias_scaler": 64.0,
        "label_smoothing": 0.2,
        "whiten_bias_epochs": 3
    },
    "aug": {
        "flip": true,
        "translate": 2
    },
    "net": {
        "widths": {
            "block1": 64,
            "block2": 256,
            "block3": 256
        },
        "batchnorm_momentum": 0.6,
        "scaling_factor": 0.1111111111111111,
        "tta_level": 2
    },
    "random_seed": 99,
    "git_commit_hash": "85402c5c6fafc553256ddda6a38a5e86792e3fed",
    "elapsed_wclock_time": 3.8344645791053775,
    "final acc": 0.9343000054359436,
    "last batch loss": 0.96728515625,
    "epoch_val_accs": [
        0.6044999957084656,
        0.7330999970436096,
        0.7652999758720398,
        0.7030999660491943,
        0.8613999485969543,
        0.819599986076355,
        0.8830999732017517,
        0.8709999918937683,
        0.903499960899353,
        0.924299955368042
    ],
    "epoch_losses": [
        1.470703125,
        1.3193359375,
        1.2255859375,
        1.216796875,
        1.16796875,
        1.107421875,
        1.0615234375,
        1.05078125,
        0.99462890625,
        0.96728515625
    ]
}