{
    "opt": {
        "train_epochs": 9.9,
        "batch_size": 1024,
        "lr": 11.5,
        "momentum": 0.85,
        "weight_decay": 0.0153,
        "bias_scaler": 64.0,
        "label_smoothing": 0.2,
        "whiten_bias_epochs": 3
    },
    "aug": {
        "flip": true,
        "translate": 2
    },
    "net": {
        "widths": {
            "block1": 64,
            "block2": 256,
            "block3": 256
        },
        "batchnorm_momentum": 0.6,
        "scaling_factor": 0.1111111111111111,
        "tta_level": 2
    },
    "random_seed": 99,
    "git_commit_hash": "85402c5c6fafc553256ddda6a38a5e86792e3fed",
    "elapsed_wclock_time": 3.85448633980751,
    "final acc": 0.9341999888420105,
    "last batch loss": 0.97314453125,
    "epoch_val_accs": [
        0.6785999536514282,
        0.5600999593734741,
        0.7419999837875366,
        0.7741000056266785,
        0.7719999551773071,
        0.7838000059127808,
        0.8069999814033508,
        0.8769999742507935,
        0.9121999740600586,
        0.9267999529838562
    ],
    "epoch_losses": [
        1.4765625,
        1.33203125,
        1.2275390625,
        1.197265625,
        1.162109375,
        1.0986328125,
        1.0654296875,
        1.0771484375,
        0.998046875,
        0.97314453125
    ]
}