{
    "opt": {
        "train_epochs": 9.9,
        "batch_size": 1024,
        "lr": 11.5,
        "momentum": 0.85,
        "weight_decay": 0.0153,
        "bias_scaler": 64.0,
        "label_smoothing": 0.2,
        "whiten_bias_epochs": 3
    },
    "aug": {
        "flip": true,
        "translate": 2
    },
    "net": {
        "widths": {
            "block1": 64,
            "block2": 256,
            "block3": 256
        },
        "batchnorm_momentum": 0.6,
        "scaling_factor": 0.1111111111111111,
        "tta_level": 2
    },
    "random_seed": 99,
    "git_commit_hash": "85402c5c6fafc553256ddda6a38a5e86792e3fed",
    "elapsed_wclock_time": 3.8492991471290594,
    "final acc": 0.9322999715805054,
    "last batch loss": 0.97021484375,
    "epoch_val_accs": [
        0.6561999917030334,
        0.7511999607086182,
        0.7576999664306641,
        0.8008999824523926,
        0.8381999731063843,
        0.804099977016449,
        0.8765999674797058,
        0.8799999952316284,
        0.9048999547958374,
        0.9226999878883362
    ],
    "epoch_losses": [
        1.4638671875,
        1.3115234375,
        1.23046875,
        1.1904296875,
        1.1806640625,
        1.1220703125,
        1.064453125,
        1.05078125,
        0.99853515625,
        0.97021484375
    ]
}