{
    "opt": {
        "train_epochs": 9.9,
        "batch_size": 1024,
        "lr": 11.5,
        "momentum": 0.85,
        "weight_decay": 0.0153,
        "bias_scaler": 64.0,
        "label_smoothing": 0.2,
        "whiten_bias_epochs": 3
    },
    "aug": {
        "flip": true,
        "translate": 2
    },
    "net": {
        "widths": {
            "block1": 64,
            "block2": 256,
            "block3": 256
        },
        "batchnorm_momentum": 0.6,
        "scaling_factor": 0.1111111111111111,
        "tta_level": 2
    },
    "random_seed": 99,
    "git_commit_hash": "85402c5c6fafc553256ddda6a38a5e86792e3fed",
    "elapsed_wclock_time": 3.9023963770866392,
    "final acc": 0.9319999814033508,
    "last batch loss": 0.96044921875,
    "epoch_val_accs": [
        0.6035999655723572,
        0.6859999895095825,
        0.7502999901771545,
        0.7788999676704407,
        0.8479999899864197,
        0.8065999746322632,
        0.847599983215332,
        0.8658999800682068,
        0.9068999886512756,
        0.9235000014305115
    ],
    "epoch_losses": [
        1.4619140625,
        1.2734375,
        1.21875,
        1.17578125,
        1.1640625,
        1.115234375,
        1.072265625,
        1.0419921875,
        0.99365234375,
        0.96044921875
    ]
}