{
    "opt": {
        "train_epochs": 9.9,
        "batch_size": 1024,
        "lr": 11.5,
        "momentum": 0.85,
        "weight_decay": 0.0153,
        "bias_scaler": 64.0,
        "label_smoothing": 0.2,
        "whiten_bias_epochs": 3
    },
    "aug": {
        "flip": true,
        "translate": 2
    },
    "net": {
        "widths": {
            "block1": 64,
            "block2": 256,
            "block3": 256
        },
        "batchnorm_momentum": 0.6,
        "scaling_factor": 0.1111111111111111,
        "tta_level": 2
    },
    "random_seed": 99,
    "git_commit_hash": "85402c5c6fafc553256ddda6a38a5e86792e3fed",
    "elapsed_wclock_time": 3.8973721313476557,
    "final acc": 0.9293999671936035,
    "last batch loss": 0.9697265625,
    "epoch_val_accs": [
        0.630299985408783,
        0.6137999892234802,
        0.7453999519348145,
        0.7468999624252319,
        0.8506999611854553,
        0.843999981880188,
        0.8625999689102173,
        0.887499988079071,
        0.9143999814987183,
        0.9232999682426453
    ],
    "epoch_losses": [
        1.482421875,
        1.298828125,
        1.25390625,
        1.19140625,
        1.1484375,
        1.10546875,
        1.0703125,
        1.06640625,
        1.005859375,
        0.9697265625
    ]
}