{
    "opt": {
        "train_epochs": 9.9,
        "batch_size": 1024,
        "lr": 11.5,
        "momentum": 0.85,
        "weight_decay": 0.0153,
        "bias_scaler": 64.0,
        "label_smoothing": 0.2,
        "whiten_bias_epochs": 3
    },
    "aug": {
        "flip": true,
        "translate": 2
    },
    "net": {
        "widths": {
            "block1": 64,
            "block2": 256,
            "block3": 256
        },
        "batchnorm_momentum": 0.6,
        "scaling_factor": 0.1111111111111111,
        "tta_level": 2
    },
    "random_seed": 99,
    "git_commit_hash": "85402c5c6fafc553256ddda6a38a5e86792e3fed",
    "elapsed_wclock_time": 3.9007465445995333,
    "final acc": 0.9315999746322632,
    "last batch loss": 0.9638671875,
    "epoch_val_accs": [
        0.6764999628067017,
        0.590399980545044,
        0.774399995803833,
        0.8131999969482422,
        0.8442999720573425,
        0.8369999527931213,
        0.875,
        0.886199951171875,
        0.9142999649047852,
        0.9264000058174133
    ],
    "epoch_losses": [
        1.45703125,
        1.3251953125,
        1.2216796875,
        1.1865234375,
        1.1689453125,
        1.1142578125,
        1.076171875,
        1.0576171875,
        0.99267578125,
        0.9638671875
    ]
}