{
    "opt": {
        "train_epochs": 9.9,
        "batch_size": 1024,
        "lr": 11.5,
        "momentum": 0.85,
        "weight_decay": 0.0153,
        "bias_scaler": 64.0,
        "label_smoothing": 0.2,
        "whiten_bias_epochs": 3
    },
    "aug": {
        "flip": true,
        "translate": 2
    },
    "net": {
        "widths": {
            "block1": 64,
            "block2": 256,
            "block3": 256
        },
        "batchnorm_momentum": 0.6,
        "scaling_factor": 0.1111111111111111,
        "tta_level": 2
    },
    "random_seed": 99,
    "git_commit_hash": "85402c5c6fafc553256ddda6a38a5e86792e3fed",
    "elapsed_wclock_time": 3.893046354532242,
    "final acc": 0.9332999587059021,
    "last batch loss": 0.95654296875,
    "epoch_val_accs": [
        0.6714999675750732,
        0.6926999688148499,
        0.6650999784469604,
        0.7965999841690063,
        0.8346999883651733,
        0.8116999864578247,
        0.8646999597549438,
        0.8723999857902527,
        0.9120999574661255,
        0.9257999658584595
    ],
    "epoch_losses": [
        1.462890625,
        1.3330078125,
        1.2421875,
        1.1845703125,
        1.1591796875,
        1.1025390625,
        1.07421875,
        1.06640625,
        1.0078125,
        0.95654296875
    ]
}