{
    "opt": {
        "train_epochs": 9.9,
        "batch_size": 1024,
        "lr": 11.5,
        "momentum": 0.85,
        "weight_decay": 0.0153,
        "bias_scaler": 64.0,
        "label_smoothing": 0.2,
        "whiten_bias_epochs": 3
    },
    "aug": {
        "flip": true,
        "translate": 2
    },
    "net": {
        "widths": {
            "block1": 64,
            "block2": 256,
            "block3": 256
        },
        "batchnorm_momentum": 0.6,
        "scaling_factor": 0.1111111111111111,
        "tta_level": 2
    },
    "random_seed": 99,
    "git_commit_hash": "85402c5c6fafc553256ddda6a38a5e86792e3fed",
    "elapsed_wclock_time": 3.907154457092285,
    "final acc": 0.9329999685287476,
    "last batch loss": 0.97802734375,
    "epoch_val_accs": [
        0.6771999597549438,
        0.7694999575614929,
        0.6969000101089478,
        0.7981999516487122,
        0.8297999501228333,
        0.8312999606132507,
        0.8702999949455261,
        0.8914999961853027,
        0.9023999571800232,
        0.9236999750137329
    ],
    "epoch_losses": [
        1.45703125,
        1.298828125,
        1.2265625,
        1.1865234375,
        1.16015625,
        1.12890625,
        1.0771484375,
        1.03515625,
        1.0009765625,
        0.97802734375
    ]
}