{
    "opt": {
        "train_epochs": 9.9,
        "batch_size": 1024,
        "lr": 11.5,
        "momentum": 0.85,
        "weight_decay": 0.0153,
        "bias_scaler": 64.0,
        "label_smoothing": 0.2,
        "whiten_bias_epochs": 3
    },
    "aug": {
        "flip": true,
        "translate": 2
    },
    "net": {
        "widths": {
            "block1": 64,
            "block2": 256,
            "block3": 256
        },
        "batchnorm_momentum": 0.6,
        "scaling_factor": 0.1111111111111111,
        "tta_level": 2
    },
    "random_seed": 99,
    "git_commit_hash": "85402c5c6fafc553256ddda6a38a5e86792e3fed",
    "elapsed_wclock_time": 3.803858735799789,
    "final acc": 0.9332000017166138,
    "last batch loss": 0.9658203125,
    "epoch_val_accs": [
        0.5927000045776367,
        0.717199981212616,
        0.7411999702453613,
        0.8362999558448792,
        0.8001999855041504,
        0.8361999988555908,
        0.854699969291687,
        0.8901999592781067,
        0.9120000004768372,
        0.9239999651908875
    ],
    "epoch_losses": [
        1.5078125,
        1.3017578125,
        1.2041015625,
        1.19140625,
        1.1787109375,
        1.1416015625,
        1.0498046875,
        1.05078125,
        0.97998046875,
        0.9658203125
    ]
}