{
    "opt": {
        "train_epochs": 9.9,
        "batch_size": 1024,
        "lr": 11.5,
        "momentum": 0.85,
        "weight_decay": 0.0153,
        "bias_scaler": 64.0,
        "label_smoothing": 0.2,
        "whiten_bias_epochs": 3
    },
    "aug": {
        "flip": true,
        "translate": 2
    },
    "net": {
        "widths": {
            "block1": 64,
            "block2": 256,
            "block3": 256
        },
        "batchnorm_momentum": 0.6,
        "scaling_factor": 0.1111111111111111,
        "tta_level": 2
    },
    "random_seed": 99,
    "git_commit_hash": "85402c5c6fafc553256ddda6a38a5e86792e3fed",
    "elapsed_wclock_time": 3.852448756217956,
    "final acc": 0.9310999512672424,
    "last batch loss": 0.9658203125,
    "epoch_val_accs": [
        0.6352999806404114,
        0.7651000022888184,
        0.6714000105857849,
        0.7195000052452087,
        0.7786999940872192,
        0.8416999578475952,
        0.8693999648094177,
        0.8756999969482422,
        0.9121999740600586,
        0.924299955368042
    ],
    "epoch_losses": [
        1.49609375,
        1.2841796875,
        1.27734375,
        1.20703125,
        1.16015625,
        1.1220703125,
        1.0556640625,
        1.064453125,
        1.009765625,
        0.9658203125
    ]
}