{
    "opt": {
        "train_epochs": 9.9,
        "batch_size": 1024,
        "lr": 11.5,
        "momentum": 0.85,
        "weight_decay": 0.0153,
        "bias_scaler": 64.0,
        "label_smoothing": 0.2,
        "whiten_bias_epochs": 3
    },
    "aug": {
        "flip": true,
        "translate": 2
    },
    "net": {
        "widths": {
            "block1": 64,
            "block2": 256,
            "block3": 256
        },
        "batchnorm_momentum": 0.6,
        "scaling_factor": 0.1111111111111111,
        "tta_level": 2
    },
    "random_seed": 99,
    "git_commit_hash": "85402c5c6fafc553256ddda6a38a5e86792e3fed",
    "elapsed_wclock_time": 3.895272575855255,
    "final acc": 0.9328999519348145,
    "last batch loss": 0.9580078125,
    "epoch_val_accs": [
        0.6297000050544739,
        0.7246999740600586,
        0.7504000067710876,
        0.7828999757766724,
        0.8466999530792236,
        0.8048999905586243,
        0.8736000061035156,
        0.8901999592781067,
        0.914900004863739,
        0.9253000020980835
    ],
    "epoch_losses": [
        1.474609375,
        1.3046875,
        1.23046875,
        1.2138671875,
        1.1533203125,
        1.1142578125,
        1.0693359375,
        1.037109375,
        1.013671875,
        0.9580078125
    ]
}