{
    "opt": {
        "train_epochs": 9.9,
        "batch_size": 1024,
        "lr": 11.5,
        "momentum": 0.85,
        "weight_decay": 0.0153,
        "bias_scaler": 64.0,
        "label_smoothing": 0.2,
        "whiten_bias_epochs": 3
    },
    "aug": {
        "flip": true,
        "translate": 2
    },
    "net": {
        "widths": {
            "block1": 64,
            "block2": 256,
            "block3": 256
        },
        "batchnorm_momentum": 0.6,
        "scaling_factor": 0.1111111111111111,
        "tta_level": 2
    },
    "random_seed": 99,
    "git_commit_hash": "85402c5c6fafc553256ddda6a38a5e86792e3fed",
    "elapsed_wclock_time": 3.766683696508407,
    "final acc": 0.9343000054359436,
    "last batch loss": 0.95654296875,
    "epoch_val_accs": [
        0.6530999541282654,
        0.7422999739646912,
        0.6258000135421753,
        0.7789999842643738,
        0.7884999513626099,
        0.84579998254776,
        0.8672999739646912,
        0.8885999917984009,
        0.9107999801635742,
        0.9253000020980835
    ],
    "epoch_losses": [
        1.4609375,
        1.3125,
        1.2802734375,
        1.177734375,
        1.162109375,
        1.1298828125,
        1.0859375,
        1.033203125,
        1.0087890625,
        0.95654296875
    ]
}