{
    "opt": {
        "train_epochs": 9.9,
        "batch_size": 1024,
        "lr": 11.5,
        "momentum": 0.85,
        "weight_decay": 0.0153,
        "bias_scaler": 64.0,
        "label_smoothing": 0.2,
        "whiten_bias_epochs": 3
    },
    "aug": {
        "flip": true,
        "translate": 2
    },
    "net": {
        "widths": {
            "block1": 64,
            "block2": 256,
            "block3": 256
        },
        "batchnorm_momentum": 0.6,
        "scaling_factor": 0.1111111111111111,
        "tta_level": 2
    },
    "random_seed": 99,
    "git_commit_hash": "85402c5c6fafc553256ddda6a38a5e86792e3fed",
    "elapsed_wclock_time": 3.8124446446895606,
    "final acc": 0.932699978351593,
    "last batch loss": 0.970703125,
    "epoch_val_accs": [
        0.5194000005722046,
        0.6723999977111816,
        0.7735999822616577,
        0.7583000063896179,
        0.8438000082969666,
        0.835599958896637,
        0.8682999610900879,
        0.8533999919891357,
        0.9129999876022339,
        0.9262999892234802
    ],
    "epoch_losses": [
        1.4931640625,
        1.3046875,
        1.2314453125,
        1.2041015625,
        1.1533203125,
        1.1123046875,
        1.068359375,
        1.0439453125,
        0.9990234375,
        0.970703125
    ]
}