{
    "opt": {
        "train_epochs": 9.9,
        "batch_size": 1024,
        "lr": 11.5,
        "momentum": 0.85,
        "weight_decay": 0.0153,
        "bias_scaler": 64.0,
        "label_smoothing": 0.2,
        "whiten_bias_epochs": 3
    },
    "aug": {
        "flip": true,
        "translate": 2
    },
    "net": {
        "widths": {
            "block1": 64,
            "block2": 256,
            "block3": 256
        },
        "batchnorm_momentum": 0.6,
        "scaling_factor": 0.1111111111111111,
        "tta_level": 2
    },
    "random_seed": 99,
    "git_commit_hash": "85402c5c6fafc553256ddda6a38a5e86792e3fed",
    "elapsed_wclock_time": 3.8895335874557495,
    "final acc": 0.9345999956130981,
    "last batch loss": 0.9697265625,
    "epoch_val_accs": [
        0.6710000038146973,
        0.6786999702453613,
        0.7103999853134155,
        0.7511999607086182,
        0.8357999920845032,
        0.8229999542236328,
        0.8721999526023865,
        0.8865999579429626,
        0.9169999957084656,
        0.9258999824523926
    ],
    "epoch_losses": [
        1.5185546875,
        1.3291015625,
        1.2431640625,
        1.2158203125,
        1.1962890625,
        1.1240234375,
        1.0869140625,
        1.037109375,
        0.98681640625,
        0.9697265625
    ]
}