{
    "opt": {
        "train_epochs": 9.9,
        "batch_size": 1024,
        "lr": 11.5,
        "momentum": 0.85,
        "weight_decay": 0.0153,
        "bias_scaler": 64.0,
        "label_smoothing": 0.2,
        "whiten_bias_epochs": 3
    },
    "aug": {
        "flip": true,
        "translate": 2
    },
    "net": {
        "widths": {
            "block1": 64,
            "block2": 256,
            "block3": 256
        },
        "batchnorm_momentum": 0.6,
        "scaling_factor": 0.1111111111111111,
        "tta_level": 2
    },
    "random_seed": 99,
    "git_commit_hash": "85402c5c6fafc553256ddda6a38a5e86792e3fed",
    "elapsed_wclock_time": 3.848688539505005,
    "final acc": 0.9314999580383301,
    "last batch loss": 0.97021484375,
    "epoch_val_accs": [
        0.6728999614715576,
        0.7727999687194824,
        0.75,
        0.7687999606132507,
        0.7986999750137329,
        0.8321999907493591,
        0.871399998664856,
        0.887999951839447,
        0.9030999541282654,
        0.92249995470047
    ],
    "epoch_losses": [
        1.478515625,
        1.2900390625,
        1.1953125,
        1.1904296875,
        1.1640625,
        1.123046875,
        1.07421875,
        1.046875,
        1.00390625,
        0.97021484375
    ]
}