{
    "opt": {
        "train_epochs": 9.9,
        "batch_size": 1024,
        "lr": 11.5,
        "momentum": 0.85,
        "weight_decay": 0.0153,
        "bias_scaler": 64.0,
        "label_smoothing": 0.2,
        "whiten_bias_epochs": 3
    },
    "aug": {
        "flip": true,
        "translate": 2
    },
    "net": {
        "widths": {
            "block1": 64,
            "block2": 256,
            "block3": 256
        },
        "batchnorm_momentum": 0.6,
        "scaling_factor": 0.1111111111111111,
        "tta_level": 2
    },
    "random_seed": 99,
    "git_commit_hash": "85402c5c6fafc553256ddda6a38a5e86792e3fed",
    "elapsed_wclock_time": 3.7695955016613003,
    "final acc": 0.9333999752998352,
    "last batch loss": 0.95849609375,
    "epoch_val_accs": [
        0.6631999611854553,
        0.7421999573707581,
        0.7484999895095825,
        0.7827999591827393,
        0.7426999807357788,
        0.8256999850273132,
        0.8786999583244324,
        0.882599949836731,
        0.913100004196167,
        0.9251999855041504
    ],
    "epoch_losses": [
        1.44921875,
        1.279296875,
        1.2177734375,
        1.1728515625,
        1.16015625,
        1.1298828125,
        1.0556640625,
        1.0439453125,
        1.001953125,
        0.95849609375
    ]
}