{
    "opt": {
        "train_epochs": 9.9,
        "batch_size": 1024,
        "lr": 11.5,
        "momentum": 0.85,
        "weight_decay": 0.0153,
        "bias_scaler": 64.0,
        "label_smoothing": 0.2,
        "whiten_bias_epochs": 3
    },
    "aug": {
        "flip": true,
        "translate": 2
    },
    "net": {
        "widths": {
            "block1": 64,
            "block2": 256,
            "block3": 256
        },
        "batchnorm_momentum": 0.6,
        "scaling_factor": 0.1111111111111111,
        "tta_level": 2
    },
    "random_seed": 99,
    "git_commit_hash": "85402c5c6fafc553256ddda6a38a5e86792e3fed",
    "elapsed_wclock_time": 3.904436653137207,
    "final acc": 0.9347999691963196,
    "last batch loss": 0.95849609375,
    "epoch_val_accs": [
        0.6646999716758728,
        0.5995000004768372,
        0.6793000102043152,
        0.774899959564209,
        0.8125999569892883,
        0.8550999760627747,
        0.8690999746322632,
        0.8880999684333801,
        0.9122999906539917,
        0.926099956035614
    ],
    "epoch_losses": [
        1.45703125,
        1.3828125,
        1.2744140625,
        1.171875,
        1.1494140625,
        1.1416015625,
        1.0810546875,
        1.0556640625,
        1.0068359375,
        0.95849609375
    ]
}