{
    "opt": {
        "train_epochs": 9.9,
        "batch_size": 1024,
        "lr": 11.5,
        "momentum": 0.85,
        "weight_decay": 0.0153,
        "bias_scaler": 64.0,
        "label_smoothing": 0.2,
        "whiten_bias_epochs": 3
    },
    "aug": {
        "flip": true,
        "translate": 2
    },
    "net": {
        "widths": {
            "block1": 64,
            "block2": 256,
            "block3": 256
        },
        "batchnorm_momentum": 0.6,
        "scaling_factor": 0.1111111111111111,
        "tta_level": 2
    },
    "random_seed": 99,
    "git_commit_hash": "85402c5c6fafc553256ddda6a38a5e86792e3fed",
    "elapsed_wclock_time": 3.8489683120250704,
    "final acc": 0.9325000047683716,
    "last batch loss": 0.96533203125,
    "epoch_val_accs": [
        0.5880999565124512,
        0.676099956035614,
        0.7391999959945679,
        0.7347999811172485,
        0.7731999754905701,
        0.8429999947547913,
        0.859499990940094,
        0.8853999972343445,
        0.9162999987602234,
        0.9239999651908875
    ],
    "epoch_losses": [
        1.5087890625,
        1.3203125,
        1.251953125,
        1.1982421875,
        1.185546875,
        1.1279296875,
        1.0732421875,
        1.056640625,
        1.001953125,
        0.96533203125
    ]
}