{
    "opt": {
        "train_epochs": 9.9,
        "batch_size": 1024,
        "lr": 11.5,
        "momentum": 0.85,
        "weight_decay": 0.0153,
        "bias_scaler": 64.0,
        "label_smoothing": 0.2,
        "whiten_bias_epochs": 3
    },
    "aug": {
        "flip": true,
        "translate": 2
    },
    "net": {
        "widths": {
            "block1": 64,
            "block2": 256,
            "block3": 256
        },
        "batchnorm_momentum": 0.6,
        "scaling_factor": 0.1111111111111111,
        "tta_level": 2
    },
    "random_seed": 99,
    "git_commit_hash": "85402c5c6fafc553256ddda6a38a5e86792e3fed",
    "elapsed_wclock_time": 3.85081302690506,
    "final acc": 0.9311999678611755,
    "last batch loss": 0.95947265625,
    "epoch_val_accs": [
        0.6021999716758728,
        0.7428999543190002,
        0.7841999530792236,
        0.7527999877929688,
        0.811199963092804,
        0.8438999652862549,
        0.8826999664306641,
        0.8884999752044678,
        0.9125999808311462,
        0.926099956035614
    ],
    "epoch_losses": [
        1.484375,
        1.26953125,
        1.2138671875,
        1.1884765625,
        1.1552734375,
        1.1142578125,
        1.072265625,
        1.05078125,
        0.9951171875,
        0.95947265625
    ]
}