{
    "opt": {
        "train_epochs": 9.9,
        "batch_size": 1024,
        "lr": 11.5,
        "momentum": 0.85,
        "weight_decay": 0.0153,
        "bias_scaler": 64.0,
        "label_smoothing": 0.2,
        "whiten_bias_epochs": 3
    },
    "aug": {
        "flip": true,
        "translate": 2
    },
    "net": {
        "widths": {
            "block1": 64,
            "block2": 256,
            "block3": 256
        },
        "batchnorm_momentum": 0.6,
        "scaling_factor": 0.1111111111111111,
        "tta_level": 2
    },
    "random_seed": 99,
    "git_commit_hash": "85402c5c6fafc553256ddda6a38a5e86792e3fed",
    "elapsed_wclock_time": 3.8122666902542117,
    "final acc": 0.9332000017166138,
    "last batch loss": 0.951171875,
    "epoch_val_accs": [
        0.6815999746322632,
        0.7361999750137329,
        0.713699996471405,
        0.7871999740600586,
        0.8382999897003174,
        0.8230999708175659,
        0.8466999530792236,
        0.8887999653816223,
        0.9080999493598938,
        0.9210999608039856
    ],
    "epoch_losses": [
        1.4580078125,
        1.322265625,
        1.26171875,
        1.1875,
        1.158203125,
        1.1298828125,
        1.0849609375,
        1.0400390625,
        1.0263671875,
        0.951171875
    ]
}