{
    "opt": {
        "train_epochs": 9.9,
        "batch_size": 1024,
        "lr": 11.5,
        "momentum": 0.85,
        "weight_decay": 0.0153,
        "bias_scaler": 64.0,
        "label_smoothing": 0.2,
        "whiten_bias_epochs": 3
    },
    "aug": {
        "flip": true,
        "translate": 2
    },
    "net": {
        "widths": {
            "block1": 64,
            "block2": 256,
            "block3": 256
        },
        "batchnorm_momentum": 0.6,
        "scaling_factor": 0.1111111111111111,
        "tta_level": 2
    },
    "random_seed": 99,
    "git_commit_hash": "85402c5c6fafc553256ddda6a38a5e86792e3fed",
    "elapsed_wclock_time": 3.853608816385269,
    "final acc": 0.9314000010490417,
    "last batch loss": 0.97119140625,
    "epoch_val_accs": [
        0.6517999768257141,
        0.761900007724762,
        0.7178999781608582,
        0.7821999788284302,
        0.7656999826431274,
        0.8556999564170837,
        0.85999995470047,
        0.8792999982833862,
        0.913599967956543,
        0.9256999492645264
    ],
    "epoch_losses": [
        1.46484375,
        1.259765625,
        1.236328125,
        1.17578125,
        1.189453125,
        1.1298828125,
        1.0732421875,
        1.05078125,
        0.9853515625,
        0.97119140625
    ]
}