{
    "opt": {
        "train_epochs": 9.9,
        "batch_size": 1024,
        "lr": 11.5,
        "momentum": 0.85,
        "weight_decay": 0.0153,
        "bias_scaler": 64.0,
        "label_smoothing": 0.2,
        "whiten_bias_epochs": 3
    },
    "aug": {
        "flip": true,
        "translate": 2
    },
    "net": {
        "widths": {
            "block1": 64,
            "block2": 256,
            "block3": 256
        },
        "batchnorm_momentum": 0.6,
        "scaling_factor": 0.1111111111111111,
        "tta_level": 2
    },
    "random_seed": 99,
    "git_commit_hash": "85402c5c6fafc553256ddda6a38a5e86792e3fed",
    "elapsed_wclock_time": 3.857770080566406,
    "final acc": 0.9339999556541443,
    "last batch loss": 0.96435546875,
    "epoch_val_accs": [
        0.630899965763092,
        0.7274999618530273,
        0.7851999998092651,
        0.8154000043869019,
        0.7762999534606934,
        0.8424999713897705,
        0.8747999668121338,
        0.8797000050544739,
        0.9109999537467957,
        0.9235999584197998
    ],
    "epoch_losses": [
        1.5205078125,
        1.306640625,
        1.244140625,
        1.20703125,
        1.1513671875,
        1.140625,
        1.0478515625,
        1.0712890625,
        0.98828125,
        0.96435546875
    ]
}