{
    "opt": {
        "train_epochs": 9.9,
        "batch_size": 1024,
        "lr": 11.5,
        "momentum": 0.85,
        "weight_decay": 0.0153,
        "bias_scaler": 64.0,
        "label_smoothing": 0.2,
        "whiten_bias_epochs": 3
    },
    "aug": {
        "flip": true,
        "translate": 2
    },
    "net": {
        "widths": {
            "block1": 64,
            "block2": 256,
            "block3": 256
        },
        "batchnorm_momentum": 0.6,
        "scaling_factor": 0.1111111111111111,
        "tta_level": 2
    },
    "random_seed": 99,
    "git_commit_hash": "85402c5c6fafc553256ddda6a38a5e86792e3fed",
    "elapsed_wclock_time": 3.851654466152191,
    "final acc": 0.9320999979972839,
    "last batch loss": 0.9736328125,
    "epoch_val_accs": [
        0.6972000002861023,
        0.7394999861717224,
        0.7831000089645386,
        0.8283999562263489,
        0.840999960899353,
        0.8303999900817871,
        0.8833999633789062,
        0.897599995136261,
        0.9067999720573425,
        0.9230999946594238
    ],
    "epoch_losses": [
        1.427734375,
        1.294921875,
        1.2001953125,
        1.1669921875,
        1.1435546875,
        1.115234375,
        1.05859375,
        1.0224609375,
        0.97900390625,
        0.9736328125
    ]
}