{
    "opt": {
        "train_epochs": 9.9,
        "batch_size": 1024,
        "lr": 11.5,
        "momentum": 0.85,
        "weight_decay": 0.0153,
        "bias_scaler": 64.0,
        "label_smoothing": 0.2,
        "whiten_bias_epochs": 3
    },
    "aug": {
        "flip": true,
        "translate": 2
    },
    "net": {
        "widths": {
            "block1": 64,
            "block2": 256,
            "block3": 256
        },
        "batchnorm_momentum": 0.6,
        "scaling_factor": 0.1111111111111111,
        "tta_level": 2
    },
    "random_seed": 99,
    "git_commit_hash": "85402c5c6fafc553256ddda6a38a5e86792e3fed",
    "elapsed_wclock_time": 3.8097393796443937,
    "final acc": 0.9334999918937683,
    "last batch loss": 0.97119140625,
    "epoch_val_accs": [
        0.6779999732971191,
        0.6847999691963196,
        0.7892999649047852,
        0.7767999768257141,
        0.8138999938964844,
        0.8486999869346619,
        0.8664000034332275,
        0.8920999765396118,
        0.9096999764442444,
        0.9228999614715576
    ],
    "epoch_losses": [
        1.4306640625,
        1.322265625,
        1.232421875,
        1.1796875,
        1.138671875,
        1.115234375,
        1.056640625,
        1.0263671875,
        1.0029296875,
        0.97119140625
    ]
}