{
    "opt": {
        "train_epochs": 9.9,
        "batch_size": 1024,
        "lr": 11.5,
        "momentum": 0.85,
        "weight_decay": 0.0153,
        "bias_scaler": 64.0,
        "label_smoothing": 0.2,
        "whiten_bias_epochs": 3
    },
    "aug": {
        "flip": true,
        "translate": 2
    },
    "net": {
        "widths": {
            "block1": 64,
            "block2": 256,
            "block3": 256
        },
        "batchnorm_momentum": 0.6,
        "scaling_factor": 0.1111111111111111,
        "tta_level": 2
    },
    "random_seed": 99,
    "git_commit_hash": "85402c5c6fafc553256ddda6a38a5e86792e3fed",
    "elapsed_wclock_time": 3.804861666202545,
    "final acc": 0.9343999624252319,
    "last batch loss": 0.955078125,
    "epoch_val_accs": [
        0.6136999726295471,
        0.7181999683380127,
        0.7160999774932861,
        0.7578999996185303,
        0.8603999614715576,
        0.8615999817848206,
        0.8669999837875366,
        0.8815000057220459,
        0.9063999652862549,
        0.9266999959945679
    ],
    "epoch_losses": [
        1.4619140625,
        1.29296875,
        1.23828125,
        1.25390625,
        1.1767578125,
        1.099609375,
        1.068359375,
        1.0771484375,
        1.01171875,
        0.955078125
    ]
}