{
    "opt": {
        "train_epochs": 9.9,
        "batch_size": 1024,
        "lr": 11.5,
        "momentum": 0.85,
        "weight_decay": 0.0153,
        "bias_scaler": 64.0,
        "label_smoothing": 0.2,
        "whiten_bias_epochs": 3
    },
    "aug": {
        "flip": true,
        "translate": 2
    },
    "net": {
        "widths": {
            "block1": 64,
            "block2": 256,
            "block3": 256
        },
        "batchnorm_momentum": 0.6,
        "scaling_factor": 0.1111111111111111,
        "tta_level": 2
    },
    "random_seed": 99,
    "git_commit_hash": "85402c5c6fafc553256ddda6a38a5e86792e3fed",
    "elapsed_wclock_time": 3.9176308898925782,
    "final acc": 0.9322999715805054,
    "last batch loss": 0.9619140625,
    "epoch_val_accs": [
        0.5687999725341797,
        0.7203999757766724,
        0.8116999864578247,
        0.8082999587059021,
        0.8186999559402466,
        0.8179999589920044,
        0.8752999901771545,
        0.8842999935150146,
        0.90829998254776,
        0.9241999983787537
    ],
    "epoch_losses": [
        1.53515625,
        1.314453125,
        1.2529296875,
        1.203125,
        1.158203125,
        1.1181640625,
        1.056640625,
        1.05859375,
        0.9990234375,
        0.9619140625
    ]
}