{
    "opt": {
        "train_epochs": 9.9,
        "batch_size": 1024,
        "lr": 11.5,
        "momentum": 0.85,
        "weight_decay": 0.0153,
        "bias_scaler": 64.0,
        "label_smoothing": 0.2,
        "whiten_bias_epochs": 3
    },
    "aug": {
        "flip": true,
        "translate": 2
    },
    "net": {
        "widths": {
            "block1": 64,
            "block2": 256,
            "block3": 256
        },
        "batchnorm_momentum": 0.6,
        "scaling_factor": 0.1111111111111111,
        "tta_level": 2
    },
    "random_seed": 99,
    "git_commit_hash": "85402c5c6fafc553256ddda6a38a5e86792e3fed",
    "elapsed_wclock_time": 3.8092444534301757,
    "final acc": 0.9333999752998352,
    "last batch loss": 0.97265625,
    "epoch_val_accs": [
        0.6139999628067017,
        0.7028999924659729,
        0.7473999857902527,
        0.7835999727249146,
        0.7849000096321106,
        0.8116999864578247,
        0.8773999810218811,
        0.9017999768257141,
        0.9139999747276306,
        0.9240999817848206
    ],
    "epoch_losses": [
        1.484375,
        1.318359375,
        1.201171875,
        1.1494140625,
        1.1611328125,
        1.13671875,
        1.076171875,
        1.0517578125,
        0.9873046875,
        0.97265625
    ]
}