{
    "opt": {
        "train_epochs": 9.9,
        "batch_size": 1024,
        "lr": 11.5,
        "momentum": 0.85,
        "weight_decay": 0.0153,
        "bias_scaler": 64.0,
        "label_smoothing": 0.2,
        "whiten_bias_epochs": 3
    },
    "aug": {
        "flip": true,
        "translate": 2
    },
    "net": {
        "widths": {
            "block1": 64,
            "block2": 256,
            "block3": 256
        },
        "batchnorm_momentum": 0.6,
        "scaling_factor": 0.1111111111111111,
        "tta_level": 2
    },
    "random_seed": 99,
    "git_commit_hash": "85402c5c6fafc553256ddda6a38a5e86792e3fed",
    "elapsed_wclock_time": 3.849114750146865,
    "final acc": 0.9314999580383301,
    "last batch loss": 0.97216796875,
    "epoch_val_accs": [
        0.6599999666213989,
        0.7033999562263489,
        0.7078999876976013,
        0.7950999736785889,
        0.8174999952316284,
        0.8382999897003174,
        0.8604999780654907,
        0.8644999861717224,
        0.9108999967575073,
        0.9222999811172485
    ],
    "epoch_losses": [
        1.4287109375,
        1.31640625,
        1.2255859375,
        1.2314453125,
        1.1796875,
        1.1259765625,
        1.08203125,
        1.0595703125,
        0.994140625,
        0.97216796875
    ]
}