{
    "opt": {
        "train_epochs": 9.9,
        "batch_size": 1024,
        "lr": 11.5,
        "momentum": 0.85,
        "weight_decay": 0.0153,
        "bias_scaler": 64.0,
        "label_smoothing": 0.2,
        "whiten_bias_epochs": 3
    },
    "aug": {
        "flip": true,
        "translate": 2
    },
    "net": {
        "widths": {
            "block1": 64,
            "block2": 256,
            "block3": 256
        },
        "batchnorm_momentum": 0.6,
        "scaling_factor": 0.1111111111111111,
        "tta_level": 2
    },
    "random_seed": 99,
    "git_commit_hash": "85402c5c6fafc553256ddda6a38a5e86792e3fed",
    "elapsed_wclock_time": 3.8086568481922143,
    "final acc": 0.9334999918937683,
    "last batch loss": 0.96533203125,
    "epoch_val_accs": [
        0.6676999926567078,
        0.6803999543190002,
        0.7843999862670898,
        0.757099986076355,
        0.8259999752044678,
        0.8568999767303467,
        0.8682999610900879,
        0.8725999593734741,
        0.9114999771118164,
        0.9271999597549438
    ],
    "epoch_losses": [
        1.421875,
        1.3330078125,
        1.228515625,
        1.197265625,
        1.17578125,
        1.1005859375,
        1.06640625,
        1.0458984375,
        0.986328125,
        0.96533203125
    ]
}