{
    "opt": {
        "train_epochs": 9.9,
        "batch_size": 1024,
        "lr": 11.5,
        "momentum": 0.85,
        "weight_decay": 0.0153,
        "bias_scaler": 64.0,
        "label_smoothing": 0.2,
        "whiten_bias_epochs": 3
    },
    "aug": {
        "flip": true,
        "translate": 2
    },
    "net": {
        "widths": {
            "block1": 64,
            "block2": 256,
            "block3": 256
        },
        "batchnorm_momentum": 0.6,
        "scaling_factor": 0.1111111111111111,
        "tta_level": 2
    },
    "random_seed": 99,
    "git_commit_hash": "85402c5c6fafc553256ddda6a38a5e86792e3fed",
    "elapsed_wclock_time": 3.8829956829547885,
    "final acc": 0.9325999617576599,
    "last batch loss": 0.958984375,
    "epoch_val_accs": [
        0.6852999925613403,
        0.7073000073432922,
        0.758899986743927,
        0.725600004196167,
        0.837399959564209,
        0.7791999578475952,
        0.882599949836731,
        0.8791999816894531,
        0.9080999493598938,
        0.9220999479293823
    ],
    "epoch_losses": [
        1.435546875,
        1.2705078125,
        1.2158203125,
        1.23828125,
        1.1513671875,
        1.1337890625,
        1.0888671875,
        1.0625,
        0.98583984375,
        0.958984375
    ]
}