{
    "opt": {
        "train_epochs": 9.9,
        "batch_size": 1024,
        "lr": 11.5,
        "momentum": 0.85,
        "weight_decay": 0.0153,
        "bias_scaler": 64.0,
        "label_smoothing": 0.2,
        "whiten_bias_epochs": 3
    },
    "aug": {
        "flip": true,
        "translate": 2
    },
    "net": {
        "widths": {
            "block1": 64,
            "block2": 256,
            "block3": 256
        },
        "batchnorm_momentum": 0.6,
        "scaling_factor": 0.1111111111111111,
        "tta_level": 2
    },
    "random_seed": 99,
    "git_commit_hash": "85402c5c6fafc553256ddda6a38a5e86792e3fed",
    "elapsed_wclock_time": 3.9070035364627835,
    "final acc": 0.9320999979972839,
    "last batch loss": 0.97509765625,
    "epoch_val_accs": [
        0.6656999588012695,
        0.7202999591827393,
        0.7526999711990356,
        0.6847999691963196,
        0.8378999829292297,
        0.849399983882904,
        0.8513999581336975,
        0.8744999766349792,
        0.9032999873161316,
        0.9236999750137329
    ],
    "epoch_losses": [
        1.4423828125,
        1.3125,
        1.25390625,
        1.201171875,
        1.1435546875,
        1.13671875,
        1.07421875,
        1.0390625,
        1.0205078125,
        0.97509765625
    ]
}