{
    "opt": {
        "train_epochs": 9.9,
        "batch_size": 1024,
        "lr": 11.5,
        "momentum": 0.85,
        "weight_decay": 0.0153,
        "bias_scaler": 64.0,
        "label_smoothing": 0.2,
        "whiten_bias_epochs": 3
    },
    "aug": {
        "flip": true,
        "translate": 2
    },
    "net": {
        "widths": {
            "block1": 64,
            "block2": 256,
            "block3": 256
        },
        "batchnorm_momentum": 0.6,
        "scaling_factor": 0.1111111111111111,
        "tta_level": 2
    },
    "random_seed": 99,
    "git_commit_hash": "85402c5c6fafc553256ddda6a38a5e86792e3fed",
    "elapsed_wclock_time": 3.85504944229126,
    "final acc": 0.9325000047683716,
    "last batch loss": 0.9697265625,
    "epoch_val_accs": [
        0.6779999732971191,
        0.6367999911308289,
        0.7215999960899353,
        0.8265999555587769,
        0.8183000087738037,
        0.8104999661445618,
        0.8604999780654907,
        0.8851000070571899,
        0.9097999930381775,
        0.92249995470047
    ],
    "epoch_losses": [
        1.470703125,
        1.28515625,
        1.236328125,
        1.1796875,
        1.16015625,
        1.1630859375,
        1.0810546875,
        1.04296875,
        0.9970703125,
        0.9697265625
    ]
}