{
    "opt": {
        "train_epochs": 9.9,
        "batch_size": 1024,
        "lr": 11.5,
        "momentum": 0.85,
        "weight_decay": 0.0153,
        "bias_scaler": 64.0,
        "label_smoothing": 0.2,
        "whiten_bias_epochs": 3
    },
    "aug": {
        "flip": true,
        "translate": 2
    },
    "net": {
        "widths": {
            "block1": 64,
            "block2": 256,
            "block3": 256
        },
        "batchnorm_momentum": 0.6,
        "scaling_factor": 0.1111111111111111,
        "tta_level": 2
    },
    "random_seed": 99,
    "git_commit_hash": "85402c5c6fafc553256ddda6a38a5e86792e3fed",
    "elapsed_wclock_time": 3.892904986858368,
    "final acc": 0.9299999475479126,
    "last batch loss": 0.98193359375,
    "epoch_val_accs": [
        0.6854000091552734,
        0.7315999865531921,
        0.7374999523162842,
        0.7842999696731567,
        0.8278999924659729,
        0.8491999506950378,
        0.849399983882904,
        0.8788999915122986,
        0.9070999622344971,
        0.9220999479293823
    ],
    "epoch_losses": [
        1.453125,
        1.271484375,
        1.2548828125,
        1.18359375,
        1.1591796875,
        1.1162109375,
        1.0986328125,
        1.0556640625,
        1.01171875,
        0.98193359375
    ]
}