{
    "opt": {
        "train_epochs": 9.9,
        "batch_size": 1024,
        "lr": 11.5,
        "momentum": 0.85,
        "weight_decay": 0.0153,
        "bias_scaler": 64.0,
        "label_smoothing": 0.2,
        "whiten_bias_epochs": 3
    },
    "aug": {
        "flip": true,
        "translate": 2
    },
    "net": {
        "widths": {
            "block1": 64,
            "block2": 256,
            "block3": 256
        },
        "batchnorm_momentum": 0.6,
        "scaling_factor": 0.1111111111111111,
        "tta_level": 2
    },
    "random_seed": 99,
    "git_commit_hash": "85402c5c6fafc553256ddda6a38a5e86792e3fed",
    "elapsed_wclock_time": 3.76650542807579,
    "final acc": 0.9329999685287476,
    "last batch loss": 0.96142578125,
    "epoch_val_accs": [
        0.6387999653816223,
        0.6658999919891357,
        0.7129999995231628,
        0.7027999758720398,
        0.8291999697685242,
        0.8287000060081482,
        0.886199951171875,
        0.8682000041007996,
        0.9077999591827393,
        0.9246999621391296
    ],
    "epoch_losses": [
        1.4677734375,
        1.2724609375,
        1.23046875,
        1.19140625,
        1.1689453125,
        1.1123046875,
        1.056640625,
        1.0263671875,
        1.00390625,
        0.96142578125
    ]
}