{
    "opt": {
        "train_epochs": 9.9,
        "batch_size": 1024,
        "lr": 11.5,
        "momentum": 0.85,
        "weight_decay": 0.0153,
        "bias_scaler": 64.0,
        "label_smoothing": 0.2,
        "whiten_bias_epochs": 3
    },
    "aug": {
        "flip": true,
        "translate": 2
    },
    "net": {
        "widths": {
            "block1": 64,
            "block2": 256,
            "block3": 256
        },
        "batchnorm_momentum": 0.6,
        "scaling_factor": 0.1111111111111111,
        "tta_level": 2
    },
    "random_seed": 99,
    "git_commit_hash": "85402c5c6fafc553256ddda6a38a5e86792e3fed",
    "elapsed_wclock_time": 3.8968137142658232,
    "final acc": 0.9329999685287476,
    "last batch loss": 0.96484375,
    "epoch_val_accs": [
        0.62909996509552,
        0.7143999934196472,
        0.7439999580383301,
        0.767300009727478,
        0.7965999841690063,
        0.8112999796867371,
        0.8805999755859375,
        0.8800999522209167,
        0.9056999683380127,
        0.9228000044822693
    ],
    "epoch_losses": [
        1.447265625,
        1.296875,
        1.255859375,
        1.1708984375,
        1.1455078125,
        1.1494140625,
        1.0625,
        1.0732421875,
        1.0068359375,
        0.96484375
    ]
}