{
    "opt": {
        "train_epochs": 9.9,
        "batch_size": 1024,
        "lr": 11.5,
        "momentum": 0.85,
        "weight_decay": 0.0153,
        "bias_scaler": 64.0,
        "label_smoothing": 0.2,
        "whiten_bias_epochs": 3
    },
    "aug": {
        "flip": true,
        "translate": 2
    },
    "net": {
        "widths": {
            "block1": 64,
            "block2": 256,
            "block3": 256
        },
        "batchnorm_momentum": 0.6,
        "scaling_factor": 0.1111111111111111,
        "tta_level": 2
    },
    "random_seed": 99,
    "git_commit_hash": "85402c5c6fafc553256ddda6a38a5e86792e3fed",
    "elapsed_wclock_time": 3.8990108859539037,
    "final acc": 0.9312999844551086,
    "last batch loss": 0.9697265625,
    "epoch_val_accs": [
        0.6671000123023987,
        0.7563999891281128,
        0.7741999626159668,
        0.7295999526977539,
        0.8513000011444092,
        0.8168999552726746,
        0.8406999707221985,
        0.8815999627113342,
        0.9024999737739563,
        0.9218999743461609
    ],
    "epoch_losses": [
        1.4755859375,
        1.2841796875,
        1.251953125,
        1.19140625,
        1.1611328125,
        1.134765625,
        1.0380859375,
        1.076171875,
        0.998046875,
        0.9697265625
    ]
}