{
    "opt": {
        "train_epochs": 9.9,
        "batch_size": 1024,
        "lr": 11.5,
        "momentum": 0.85,
        "weight_decay": 0.0153,
        "bias_scaler": 64.0,
        "label_smoothing": 0.2,
        "whiten_bias_epochs": 3
    },
    "aug": {
        "flip": true,
        "translate": 2
    },
    "net": {
        "widths": {
            "block1": 64,
            "block2": 256,
            "block3": 256
        },
        "batchnorm_momentum": 0.6,
        "scaling_factor": 0.1111111111111111,
        "tta_level": 2
    },
    "random_seed": 99,
    "git_commit_hash": "85402c5c6fafc553256ddda6a38a5e86792e3fed",
    "elapsed_wclock_time": 3.895794966936111,
    "final acc": 0.9317999482154846,
    "last batch loss": 0.95751953125,
    "epoch_val_accs": [
        0.6890000104904175,
        0.6284999847412109,
        0.7343999743461609,
        0.7983999848365784,
        0.8463000059127808,
        0.8176999688148499,
        0.8827999830245972,
        0.8914999961853027,
        0.9088999629020691,
        0.924299955368042
    ],
    "epoch_losses": [
        1.455078125,
        1.29296875,
        1.23828125,
        1.1904296875,
        1.1787109375,
        1.126953125,
        1.09375,
        1.080078125,
        1.0068359375,
        0.95751953125
    ]
}