{
    "opt": {
        "train_epochs": 9.9,
        "batch_size": 1024,
        "lr": 11.5,
        "momentum": 0.85,
        "weight_decay": 0.0153,
        "bias_scaler": 64.0,
        "label_smoothing": 0.2,
        "whiten_bias_epochs": 3
    },
    "aug": {
        "flip": true,
        "translate": 2
    },
    "net": {
        "widths": {
            "block1": 64,
            "block2": 256,
            "block3": 256
        },
        "batchnorm_momentum": 0.6,
        "scaling_factor": 0.1111111111111111,
        "tta_level": 2
    },
    "random_seed": 99,
    "git_commit_hash": "85402c5c6fafc553256ddda6a38a5e86792e3fed",
    "elapsed_wclock_time": 3.856254350423813,
    "final acc": 0.9307999610900879,
    "last batch loss": 0.9580078125,
    "epoch_val_accs": [
        0.6662999987602234,
        0.6340999603271484,
        0.7752000093460083,
        0.770799994468689,
        0.8122999668121338,
        0.8438000082969666,
        0.8697999715805054,
        0.8747999668121338,
        0.91239994764328,
        0.9250999689102173
    ],
    "epoch_losses": [
        1.4306640625,
        1.33203125,
        1.1953125,
        1.185546875,
        1.1474609375,
        1.1591796875,
        1.0537109375,
        1.0576171875,
        1.0087890625,
        0.9580078125
    ]
}