{
    "opt": {
        "train_epochs": 9.9,
        "batch_size": 1024,
        "lr": 11.5,
        "momentum": 0.85,
        "weight_decay": 0.0153,
        "bias_scaler": 64.0,
        "label_smoothing": 0.2,
        "whiten_bias_epochs": 3
    },
    "aug": {
        "flip": true,
        "translate": 2
    },
    "net": {
        "widths": {
            "block1": 64,
            "block2": 256,
            "block3": 256
        },
        "batchnorm_momentum": 0.6,
        "scaling_factor": 0.1111111111111111,
        "tta_level": 2
    },
    "random_seed": 99,
    "git_commit_hash": "85402c5c6fafc553256ddda6a38a5e86792e3fed",
    "elapsed_wclock_time": 3.853867981910705,
    "final acc": 0.9350999593734741,
    "last batch loss": 0.96923828125,
    "epoch_val_accs": [
        0.6926999688148499,
        0.6953999996185303,
        0.7633999586105347,
        0.7371000051498413,
        0.8186999559402466,
        0.8325999975204468,
        0.8542999625205994,
        0.87909996509552,
        0.9176999926567078,
        0.9261999726295471
    ],
    "epoch_losses": [
        1.44140625,
        1.3017578125,
        1.2353515625,
        1.1806640625,
        1.15234375,
        1.142578125,
        1.064453125,
        1.03515625,
        0.98681640625,
        0.96923828125
    ]
}