{
    "opt": {
        "train_epochs": 9.9,
        "batch_size": 1024,
        "lr": 11.5,
        "momentum": 0.85,
        "weight_decay": 0.0153,
        "bias_scaler": 64.0,
        "label_smoothing": 0.2,
        "whiten_bias_epochs": 3
    },
    "aug": {
        "flip": true,
        "translate": 2
    },
    "net": {
        "widths": {
            "block1": 64,
            "block2": 256,
            "block3": 256
        },
        "batchnorm_momentum": 0.6,
        "scaling_factor": 0.1111111111111111,
        "tta_level": 2
    },
    "random_seed": 99,
    "git_commit_hash": "85402c5c6fafc553256ddda6a38a5e86792e3fed",
    "elapsed_wclock_time": 3.8487721545696263,
    "final acc": 0.9347999691963196,
    "last batch loss": 0.96533203125,
    "epoch_val_accs": [
        0.6384999752044678,
        0.7203999757766724,
        0.7838999629020691,
        0.7741000056266785,
        0.8294999599456787,
        0.8109999895095825,
        0.8794999718666077,
        0.8962999582290649,
        0.9124999642372131,
        0.924299955368042
    ],
    "epoch_losses": [
        1.4814453125,
        1.3076171875,
        1.2216796875,
        1.1875,
        1.1748046875,
        1.1259765625,
        1.08203125,
        1.0400390625,
        1.0078125,
        0.96533203125
    ]
}