{
    "opt": {
        "train_epochs": 9.9,
        "batch_size": 1024,
        "lr": 11.5,
        "momentum": 0.85,
        "weight_decay": 0.0153,
        "bias_scaler": 64.0,
        "label_smoothing": 0.2,
        "whiten_bias_epochs": 3
    },
    "aug": {
        "flip": true,
        "translate": 2
    },
    "net": {
        "widths": {
            "block1": 64,
            "block2": 256,
            "block3": 256
        },
        "batchnorm_momentum": 0.6,
        "scaling_factor": 0.1111111111111111,
        "tta_level": 2
    },
    "random_seed": 99,
    "git_commit_hash": "85402c5c6fafc553256ddda6a38a5e86792e3fed",
    "elapsed_wclock_time": 3.8530439422130587,
    "final acc": 0.9322999715805054,
    "last batch loss": 0.9560546875,
    "epoch_val_accs": [
        0.6089999675750732,
        0.7292999625205994,
        0.7901999950408936,
        0.7294999957084656,
        0.8325999975204468,
        0.8326999545097351,
        0.8575999736785889,
        0.8833000063896179,
        0.9146999716758728,
        0.9222999811172485
    ],
    "epoch_losses": [
        1.4951171875,
        1.2900390625,
        1.3115234375,
        1.189453125,
        1.134765625,
        1.12109375,
        1.07421875,
        1.0537109375,
        1.0087890625,
        0.9560546875
    ]
}