{
    "opt": {
        "train_epochs": 9.9,
        "batch_size": 1024,
        "lr": 11.5,
        "momentum": 0.85,
        "weight_decay": 0.0153,
        "bias_scaler": 64.0,
        "label_smoothing": 0.2,
        "whiten_bias_epochs": 3
    },
    "aug": {
        "flip": true,
        "translate": 2
    },
    "net": {
        "widths": {
            "block1": 64,
            "block2": 256,
            "block3": 256
        },
        "batchnorm_momentum": 0.6,
        "scaling_factor": 0.1111111111111111,
        "tta_level": 2
    },
    "random_seed": 99,
    "git_commit_hash": "85402c5c6fafc553256ddda6a38a5e86792e3fed",
    "elapsed_wclock_time": 3.813989632844925,
    "final acc": 0.9332000017166138,
    "last batch loss": 0.9560546875,
    "epoch_val_accs": [
        0.5859000086784363,
        0.7407000064849854,
        0.7968999743461609,
        0.7465999722480774,
        0.8560000061988831,
        0.8425999879837036,
        0.8708999752998352,
        0.8912999629974365,
        0.9133999943733215,
        0.9248999953269958
    ],
    "epoch_losses": [
        1.4638671875,
        1.2744140625,
        1.228515625,
        1.2041015625,
        1.1669921875,
        1.099609375,
        1.103515625,
        1.0302734375,
        1.0,
        0.9560546875
    ]
}