{
    "opt": {
        "train_epochs": 9.9,
        "batch_size": 1024,
        "lr": 11.5,
        "momentum": 0.85,
        "weight_decay": 0.0153,
        "bias_scaler": 64.0,
        "label_smoothing": 0.2,
        "whiten_bias_epochs": 3
    },
    "aug": {
        "flip": true,
        "translate": 2
    },
    "net": {
        "widths": {
            "block1": 64,
            "block2": 256,
            "block3": 256
        },
        "batchnorm_momentum": 0.6,
        "scaling_factor": 0.1111111111111111,
        "tta_level": 2
    },
    "random_seed": 99,
    "git_commit_hash": "85402c5c6fafc553256ddda6a38a5e86792e3fed",
    "elapsed_wclock_time": 3.8958676307201388,
    "final acc": 0.9341999888420105,
    "last batch loss": 0.96044921875,
    "epoch_val_accs": [
        0.6613999605178833,
        0.7170999646186829,
        0.7450000047683716,
        0.7583000063896179,
        0.8223999738693237,
        0.8294000029563904,
        0.8730999827384949,
        0.882599949836731,
        0.9043999910354614,
        0.9244999885559082
    ],
    "epoch_losses": [
        1.4853515625,
        1.27734375,
        1.2373046875,
        1.2275390625,
        1.169921875,
        1.138671875,
        1.0673828125,
        1.04296875,
        1.013671875,
        0.96044921875
    ]
}