{
    "opt": {
        "train_epochs": 9.9,
        "batch_size": 1024,
        "lr": 11.5,
        "momentum": 0.85,
        "weight_decay": 0.0153,
        "bias_scaler": 64.0,
        "label_smoothing": 0.2,
        "whiten_bias_epochs": 3
    },
    "aug": {
        "flip": true,
        "translate": 2
    },
    "net": {
        "widths": {
            "block1": 64,
            "block2": 256,
            "block3": 256
        },
        "batchnorm_momentum": 0.6,
        "scaling_factor": 0.1111111111111111,
        "tta_level": 2
    },
    "random_seed": 99,
    "git_commit_hash": "85402c5c6fafc553256ddda6a38a5e86792e3fed",
    "elapsed_wclock_time": 3.833278558254242,
    "final acc": 0.9301999807357788,
    "last batch loss": 0.95654296875,
    "epoch_val_accs": [
        0.5473999977111816,
        0.7577999830245972,
        0.6545999646186829,
        0.7405999898910522,
        0.8109999895095825,
        0.8016999959945679,
        0.8596000075340271,
        0.887499988079071,
        0.911899983882904,
        0.9211999773979187
    ],
    "epoch_losses": [
        1.453125,
        1.2998046875,
        1.220703125,
        1.16796875,
        1.162109375,
        1.1083984375,
        1.0732421875,
        1.0439453125,
        1.0048828125,
        0.95654296875
    ]
}