{
    "opt": {
        "train_epochs": 9.9,
        "batch_size": 1024,
        "lr": 11.5,
        "momentum": 0.85,
        "weight_decay": 0.0153,
        "bias_scaler": 64.0,
        "label_smoothing": 0.2,
        "whiten_bias_epochs": 3
    },
    "aug": {
        "flip": true,
        "translate": 2
    },
    "net": {
        "widths": {
            "block1": 64,
            "block2": 256,
            "block3": 256
        },
        "batchnorm_momentum": 0.6,
        "scaling_factor": 0.1111111111111111,
        "tta_level": 2
    },
    "random_seed": 99,
    "git_commit_hash": "85402c5c6fafc553256ddda6a38a5e86792e3fed",
    "elapsed_wclock_time": 3.9055441589355464,
    "final acc": 0.9321999549865723,
    "last batch loss": 0.96923828125,
    "epoch_val_accs": [
        0.6172999739646912,
        0.7152999639511108,
        0.7688999772071838,
        0.8130999803543091,
        0.84579998254776,
        0.7883999943733215,
        0.8574999570846558,
        0.8744999766349792,
        0.9102999567985535,
        0.9228999614715576
    ],
    "epoch_losses": [
        1.4794921875,
        1.3115234375,
        1.2578125,
        1.1787109375,
        1.134765625,
        1.134765625,
        1.087890625,
        1.0439453125,
        0.98876953125,
        0.96923828125
    ]
}