{
    "opt": {
        "train_epochs": 9.9,
        "batch_size": 1024,
        "lr": 11.5,
        "momentum": 0.85,
        "weight_decay": 0.0153,
        "bias_scaler": 64.0,
        "label_smoothing": 0.2,
        "whiten_bias_epochs": 3
    },
    "aug": {
        "flip": true,
        "translate": 2
    },
    "net": {
        "widths": {
            "block1": 64,
            "block2": 256,
            "block3": 256
        },
        "batchnorm_momentum": 0.6,
        "scaling_factor": 0.1111111111111111,
        "tta_level": 2
    },
    "random_seed": 99,
    "git_commit_hash": "85402c5c6fafc553256ddda6a38a5e86792e3fed",
    "elapsed_wclock_time": 3.849517661809921,
    "final acc": 0.9334999918937683,
    "last batch loss": 0.96240234375,
    "epoch_val_accs": [
        0.5866000056266785,
        0.7021999955177307,
        0.7691999673843384,
        0.7967999577522278,
        0.8406999707221985,
        0.8380999565124512,
        0.863099992275238,
        0.8763999938964844,
        0.9163999557495117,
        0.9254999756813049
    ],
    "epoch_losses": [
        1.51953125,
        1.32421875,
        1.25,
        1.201171875,
        1.142578125,
        1.11328125,
        1.0625,
        1.0595703125,
        0.9990234375,
        0.96240234375
    ]
}