{
    "opt": {
        "train_epochs": 9.9,
        "batch_size": 1024,
        "lr": 11.5,
        "momentum": 0.85,
        "weight_decay": 0.0153,
        "bias_scaler": 64.0,
        "label_smoothing": 0.2,
        "whiten_bias_epochs": 3
    },
    "aug": {
        "flip": true,
        "translate": 2
    },
    "net": {
        "widths": {
            "block1": 64,
            "block2": 256,
            "block3": 256
        },
        "batchnorm_momentum": 0.6,
        "scaling_factor": 0.1111111111111111,
        "tta_level": 2
    },
    "random_seed": 99,
    "git_commit_hash": "85402c5c6fafc553256ddda6a38a5e86792e3fed",
    "elapsed_wclock_time": 3.900877639770508,
    "final acc": 0.9332999587059021,
    "last batch loss": 0.9697265625,
    "epoch_val_accs": [
        0.6583999991416931,
        0.6800999641418457,
        0.7688999772071838,
        0.8057000041007996,
        0.8238999843597412,
        0.8517000079154968,
        0.8454999923706055,
        0.8792999982833862,
        0.9134999513626099,
        0.9257999658584595
    ],
    "epoch_losses": [
        1.451171875,
        1.2919921875,
        1.240234375,
        1.1806640625,
        1.1728515625,
        1.150390625,
        1.0693359375,
        1.060546875,
        0.998046875,
        0.9697265625
    ]
}