{
    "opt": {
        "train_epochs": 9.9,
        "batch_size": 1024,
        "lr": 11.5,
        "momentum": 0.85,
        "weight_decay": 0.0153,
        "bias_scaler": 64.0,
        "label_smoothing": 0.2,
        "whiten_bias_epochs": 3
    },
    "aug": {
        "flip": true,
        "translate": 2
    },
    "net": {
        "widths": {
            "block1": 64,
            "block2": 256,
            "block3": 256
        },
        "batchnorm_momentum": 0.6,
        "scaling_factor": 0.1111111111111111,
        "tta_level": 2
    },
    "random_seed": 99,
    "git_commit_hash": "85402c5c6fafc553256ddda6a38a5e86792e3fed",
    "elapsed_wclock_time": 3.8106833777427673,
    "final acc": 0.9348999857902527,
    "last batch loss": 0.9638671875,
    "epoch_val_accs": [
        0.633899986743927,
        0.6416000127792358,
        0.7757999897003174,
        0.7874999642372131,
        0.8341999650001526,
        0.8596999645233154,
        0.8732999563217163,
        0.8703999519348145,
        0.9120000004768372,
        0.9228999614715576
    ],
    "epoch_losses": [
        1.46484375,
        1.30078125,
        1.2119140625,
        1.2099609375,
        1.181640625,
        1.115234375,
        1.064453125,
        1.048828125,
        0.99267578125,
        0.9638671875
    ]
}