{
    "opt": {
        "train_epochs": 9.9,
        "batch_size": 1024,
        "lr": 11.5,
        "momentum": 0.85,
        "weight_decay": 0.0153,
        "bias_scaler": 64.0,
        "label_smoothing": 0.2,
        "whiten_bias_epochs": 3
    },
    "aug": {
        "flip": true,
        "translate": 2
    },
    "net": {
        "widths": {
            "block1": 64,
            "block2": 256,
            "block3": 256
        },
        "batchnorm_momentum": 0.6,
        "scaling_factor": 0.1111111111111111,
        "tta_level": 2
    },
    "random_seed": 99,
    "git_commit_hash": "85402c5c6fafc553256ddda6a38a5e86792e3fed",
    "elapsed_wclock_time": 3.895958159446716,
    "final acc": 0.9339999556541443,
    "last batch loss": 0.97265625,
    "epoch_val_accs": [
        0.6214999556541443,
        0.6697999835014343,
        0.7329999804496765,
        0.7829999923706055,
        0.8472999930381775,
        0.7838999629020691,
        0.8740999698638916,
        0.8835999965667725,
        0.9108999967575073,
        0.9247999787330627
    ],
    "epoch_losses": [
        1.4609375,
        1.322265625,
        1.2373046875,
        1.20703125,
        1.1826171875,
        1.1162109375,
        1.0615234375,
        1.0390625,
        0.9873046875,
        0.97265625
    ]
}