{
    "opt": {
        "train_epochs": 9.9,
        "batch_size": 1024,
        "lr": 11.5,
        "momentum": 0.85,
        "weight_decay": 0.0153,
        "bias_scaler": 64.0,
        "label_smoothing": 0.2,
        "whiten_bias_epochs": 3
    },
    "aug": {
        "flip": true,
        "translate": 2
    },
    "net": {
        "widths": {
            "block1": 64,
            "block2": 256,
            "block3": 256
        },
        "batchnorm_momentum": 0.6,
        "scaling_factor": 0.1111111111111111,
        "tta_level": 2
    },
    "random_seed": 99,
    "git_commit_hash": "85402c5c6fafc553256ddda6a38a5e86792e3fed",
    "elapsed_wclock_time": 3.81204443192482,
    "final acc": 0.936199963092804,
    "last batch loss": 0.96728515625,
    "epoch_val_accs": [
        0.6714000105857849,
        0.7804999947547913,
        0.6818999648094177,
        0.774399995803833,
        0.8269999623298645,
        0.8359999656677246,
        0.8484999537467957,
        0.8540999889373779,
        0.9176999926567078,
        0.9268999695777893
    ],
    "epoch_losses": [
        1.48828125,
        1.283203125,
        1.255859375,
        1.1962890625,
        1.17578125,
        1.109375,
        1.068359375,
        1.0390625,
        0.9990234375,
        0.96728515625
    ]
}