{
    "opt": {
        "train_epochs": 9.9,
        "batch_size": 1024,
        "lr": 11.5,
        "momentum": 0.85,
        "weight_decay": 0.0153,
        "bias_scaler": 64.0,
        "label_smoothing": 0.2,
        "whiten_bias_epochs": 3
    },
    "aug": {
        "flip": true,
        "translate": 2
    },
    "net": {
        "widths": {
            "block1": 64,
            "block2": 256,
            "block3": 256
        },
        "batchnorm_momentum": 0.6,
        "scaling_factor": 0.1111111111111111,
        "tta_level": 2
    },
    "random_seed": 99,
    "git_commit_hash": "85402c5c6fafc553256ddda6a38a5e86792e3fed",
    "elapsed_wclock_time": 3.8900986630916594,
    "final acc": 0.9323999881744385,
    "last batch loss": 0.96142578125,
    "epoch_val_accs": [
        0.6421999931335449,
        0.7483999729156494,
        0.7804999947547913,
        0.7394999861717224,
        0.8300999999046326,
        0.8473999500274658,
        0.8626999855041504,
        0.8772000074386597,
        0.9053999781608582,
        0.9222999811172485
    ],
    "epoch_losses": [
        1.470703125,
        1.28515625,
        1.203125,
        1.220703125,
        1.1572265625,
        1.1259765625,
        1.076171875,
        1.0537109375,
        0.98974609375,
        0.96142578125
    ]
}