{
    "opt": {
        "train_epochs": 9.9,
        "batch_size": 1024,
        "lr": 11.5,
        "momentum": 0.85,
        "weight_decay": 0.0153,
        "bias_scaler": 64.0,
        "label_smoothing": 0.2,
        "whiten_bias_epochs": 3
    },
    "aug": {
        "flip": true,
        "translate": 2
    },
    "net": {
        "widths": {
            "block1": 64,
            "block2": 256,
            "block3": 256
        },
        "batchnorm_momentum": 0.6,
        "scaling_factor": 0.1111111111111111,
        "tta_level": 2
    },
    "random_seed": 99,
    "git_commit_hash": "85402c5c6fafc553256ddda6a38a5e86792e3fed",
    "elapsed_wclock_time": 3.8537170670032506,
    "final acc": 0.9339999556541443,
    "last batch loss": 0.974609375,
    "epoch_val_accs": [
        0.6187999844551086,
        0.7157999873161316,
        0.7634999752044678,
        0.7439000010490417,
        0.8391000032424927,
        0.8520999550819397,
        0.8714999556541443,
        0.8784999847412109,
        0.9107999801635742,
        0.9248999953269958
    ],
    "epoch_losses": [
        1.5,
        1.3095703125,
        1.21875,
        1.2236328125,
        1.1474609375,
        1.1435546875,
        1.0732421875,
        1.048828125,
        1.021484375,
        0.974609375
    ]
}