{
    "opt": {
        "train_epochs": 9.9,
        "batch_size": 1024,
        "lr": 11.5,
        "momentum": 0.85,
        "weight_decay": 0.0153,
        "bias_scaler": 64.0,
        "label_smoothing": 0.2,
        "whiten_bias_epochs": 3
    },
    "aug": {
        "flip": true,
        "translate": 2
    },
    "net": {
        "widths": {
            "block1": 64,
            "block2": 256,
            "block3": 256
        },
        "batchnorm_momentum": 0.6,
        "scaling_factor": 0.1111111111111111,
        "tta_level": 2
    },
    "random_seed": 99,
    "git_commit_hash": "85402c5c6fafc553256ddda6a38a5e86792e3fed",
    "elapsed_wclock_time": 3.98614617562294,
    "final acc": 0.9332999587059021,
    "last batch loss": 0.97265625,
    "epoch_val_accs": [
        0.6875999569892883,
        0.6288999915122986,
        0.7558000087738037,
        0.8208000063896179,
        0.8369999527931213,
        0.79749995470047,
        0.8851000070571899,
        0.8789999485015869,
        0.9152999520301819,
        0.9239999651908875
    ],
    "epoch_losses": [
        1.4326171875,
        1.2880859375,
        1.2490234375,
        1.166015625,
        1.138671875,
        1.1337890625,
        1.0634765625,
        1.0380859375,
        1.0048828125,
        0.97265625
    ]
}