{
    "opt": {
        "train_epochs": 9.9,
        "batch_size": 1024,
        "lr": 11.5,
        "momentum": 0.85,
        "weight_decay": 0.0153,
        "bias_scaler": 64.0,
        "label_smoothing": 0.2,
        "whiten_bias_epochs": 3
    },
    "aug": {
        "flip": true,
        "translate": 2
    },
    "net": {
        "widths": {
            "block1": 64,
            "block2": 256,
            "block3": 256
        },
        "batchnorm_momentum": 0.6,
        "scaling_factor": 0.1111111111111111,
        "tta_level": 2
    },
    "random_seed": 99,
    "git_commit_hash": "85402c5c6fafc553256ddda6a38a5e86792e3fed",
    "elapsed_wclock_time": 3.8523180027008057,
    "final acc": 0.9307000041007996,
    "last batch loss": 0.96533203125,
    "epoch_val_accs": [
        0.701200008392334,
        0.698199987411499,
        0.7892000079154968,
        0.7561999559402466,
        0.8193999528884888,
        0.786799967288971,
        0.8624999523162842,
        0.8899999856948853,
        0.9127999544143677,
        0.9232999682426453
    ],
    "epoch_losses": [
        1.44140625,
        1.3134765625,
        1.2197265625,
        1.1982421875,
        1.1611328125,
        1.146484375,
        1.0908203125,
        1.04296875,
        1.0009765625,
        0.96533203125
    ]
}