{
    "opt": {
        "train_epochs": 9.9,
        "batch_size": 1024,
        "lr": 11.5,
        "momentum": 0.85,
        "weight_decay": 0.0153,
        "bias_scaler": 64.0,
        "label_smoothing": 0.2,
        "whiten_bias_epochs": 3
    },
    "aug": {
        "flip": true,
        "translate": 2
    },
    "net": {
        "widths": {
            "block1": 64,
            "block2": 256,
            "block3": 256
        },
        "batchnorm_momentum": 0.6,
        "scaling_factor": 0.1111111111111111,
        "tta_level": 2
    },
    "random_seed": 99,
    "git_commit_hash": "85402c5c6fafc553256ddda6a38a5e86792e3fed",
    "elapsed_wclock_time": 3.849988220453263,
    "final acc": 0.9317999482154846,
    "last batch loss": 0.9677734375,
    "epoch_val_accs": [
        0.5929999947547913,
        0.7238999605178833,
        0.765500009059906,
        0.8155999779701233,
        0.8229999542236328,
        0.8596000075340271,
        0.861799955368042,
        0.861799955368042,
        0.905299961566925,
        0.9213999509811401
    ],
    "epoch_losses": [
        1.4521484375,
        1.3017578125,
        1.2490234375,
        1.2109375,
        1.1767578125,
        1.1279296875,
        1.0849609375,
        1.0654296875,
        1.0126953125,
        0.9677734375
    ]
}