{
    "opt": {
        "train_epochs": 9.9,
        "batch_size": 1024,
        "lr": 11.5,
        "momentum": 0.85,
        "weight_decay": 0.0153,
        "bias_scaler": 64.0,
        "label_smoothing": 0.2,
        "whiten_bias_epochs": 3
    },
    "aug": {
        "flip": true,
        "translate": 2
    },
    "net": {
        "widths": {
            "block1": 64,
            "block2": 256,
            "block3": 256
        },
        "batchnorm_momentum": 0.6,
        "scaling_factor": 0.1111111111111111,
        "tta_level": 2
    },
    "random_seed": 99,
    "git_commit_hash": "85402c5c6fafc553256ddda6a38a5e86792e3fed",
    "elapsed_wclock_time": 3.9049760742187507,
    "final acc": 0.9319999814033508,
    "last batch loss": 0.96142578125,
    "epoch_val_accs": [
        0.6922999620437622,
        0.729200005531311,
        0.7994999885559082,
        0.7884999513626099,
        0.8540999889373779,
        0.8472999930381775,
        0.8693000078201294,
        0.885699987411499,
        0.9128999710083008,
        0.9246000051498413
    ],
    "epoch_losses": [
        1.462890625,
        1.3388671875,
        1.2265625,
        1.1630859375,
        1.1640625,
        1.1220703125,
        1.0546875,
        1.041015625,
        1.017578125,
        0.96142578125
    ]
}