{
    "opt": {
        "train_epochs": 9.9,
        "batch_size": 1024,
        "lr": 11.5,
        "momentum": 0.85,
        "weight_decay": 0.0153,
        "bias_scaler": 64.0,
        "label_smoothing": 0.2,
        "whiten_bias_epochs": 3
    },
    "aug": {
        "flip": true,
        "translate": 2
    },
    "net": {
        "widths": {
            "block1": 64,
            "block2": 256,
            "block3": 256
        },
        "batchnorm_momentum": 0.6,
        "scaling_factor": 0.1111111111111111,
        "tta_level": 2
    },
    "random_seed": 99,
    "git_commit_hash": "85402c5c6fafc553256ddda6a38a5e86792e3fed",
    "elapsed_wclock_time": 3.851830420970917,
    "final acc": 0.9309999942779541,
    "last batch loss": 0.95263671875,
    "epoch_val_accs": [
        0.6638999581336975,
        0.762999951839447,
        0.7696999907493591,
        0.7856999635696411,
        0.7935000061988831,
        0.835099995136261,
        0.8631999492645264,
        0.8885999917984009,
        0.9077999591827393,
        0.9212999939918518
    ],
    "epoch_losses": [
        1.462890625,
        1.3076171875,
        1.208984375,
        1.1845703125,
        1.1689453125,
        1.13671875,
        1.1025390625,
        1.0576171875,
        1.0146484375,
        0.95263671875
    ]
}