{
    "opt": {
        "train_epochs": 9.9,
        "batch_size": 1024,
        "lr": 11.5,
        "momentum": 0.85,
        "weight_decay": 0.0153,
        "bias_scaler": 64.0,
        "label_smoothing": 0.2,
        "whiten_bias_epochs": 3
    },
    "aug": {
        "flip": true,
        "translate": 2
    },
    "net": {
        "widths": {
            "block1": 64,
            "block2": 256,
            "block3": 256
        },
        "batchnorm_momentum": 0.6,
        "scaling_factor": 0.1111111111111111,
        "tta_level": 2
    },
    "random_seed": 99,
    "git_commit_hash": "85402c5c6fafc553256ddda6a38a5e86792e3fed",
    "elapsed_wclock_time": 3.7628233120441434,
    "final acc": 0.9334999918937683,
    "last batch loss": 0.96142578125,
    "epoch_val_accs": [
        0.6065999865531921,
        0.647599995136261,
        0.7587999701499939,
        0.7699999809265137,
        0.8330000042915344,
        0.835099995136261,
        0.861799955368042,
        0.8818999528884888,
        0.9059999585151672,
        0.9218999743461609
    ],
    "epoch_losses": [
        1.5029296875,
        1.2900390625,
        1.189453125,
        1.193359375,
        1.1689453125,
        1.11328125,
        1.078125,
        1.0380859375,
        1.0029296875,
        0.96142578125
    ]
}