{
    "opt": {
        "train_epochs": 9.9,
        "batch_size": 1024,
        "lr": 11.5,
        "momentum": 0.85,
        "weight_decay": 0.0153,
        "bias_scaler": 64.0,
        "label_smoothing": 0.2,
        "whiten_bias_epochs": 3
    },
    "aug": {
        "flip": true,
        "translate": 2
    },
    "net": {
        "widths": {
            "block1": 64,
            "block2": 256,
            "block3": 256
        },
        "batchnorm_momentum": 0.6,
        "scaling_factor": 0.1111111111111111,
        "tta_level": 2
    },
    "random_seed": 99,
    "git_commit_hash": "85402c5c6fafc553256ddda6a38a5e86792e3fed",
    "elapsed_wclock_time": 3.8733763856887813,
    "final acc": 0.9314000010490417,
    "last batch loss": 0.94677734375,
    "epoch_val_accs": [
        0.6485999822616577,
        0.6850000023841858,
        0.6204000115394592,
        0.7918999791145325,
        0.8356999754905701,
        0.778499960899353,
        0.8689000010490417,
        0.8732999563217163,
        0.9074999690055847,
        0.9246999621391296
    ],
    "epoch_losses": [
        1.484375,
        1.240234375,
        1.2265625,
        1.1748046875,
        1.1923828125,
        1.1142578125,
        1.083984375,
        1.0302734375,
        0.9951171875,
        0.94677734375
    ]
}