{
    "opt": {
        "train_epochs": 9.9,
        "batch_size": 1024,
        "lr": 11.5,
        "momentum": 0.85,
        "weight_decay": 0.0153,
        "bias_scaler": 64.0,
        "label_smoothing": 0.2,
        "whiten_bias_epochs": 3
    },
    "aug": {
        "flip": true,
        "translate": 2
    },
    "net": {
        "widths": {
            "block1": 64,
            "block2": 256,
            "block3": 256
        },
        "batchnorm_momentum": 0.6,
        "scaling_factor": 0.1111111111111111,
        "tta_level": 2
    },
    "random_seed": 99,
    "git_commit_hash": "85402c5c6fafc553256ddda6a38a5e86792e3fed",
    "elapsed_wclock_time": 3.8539569125175475,
    "final acc": 0.9330999851226807,
    "last batch loss": 0.97607421875,
    "epoch_val_accs": [
        0.6794999837875366,
        0.7402999997138977,
        0.7475000023841858,
        0.8217999935150146,
        0.8412999510765076,
        0.8084999918937683,
        0.8348999619483948,
        0.8876999616622925,
        0.915399968624115,
        0.9246999621391296
    ],
    "epoch_losses": [
        1.494140625,
        1.3076171875,
        1.2470703125,
        1.1708984375,
        1.13671875,
        1.1376953125,
        1.099609375,
        1.048828125,
        1.0,
        0.97607421875
    ]
}