{
    "opt": {
        "train_epochs": 9.9,
        "batch_size": 1024,
        "lr": 11.5,
        "momentum": 0.85,
        "weight_decay": 0.0153,
        "bias_scaler": 64.0,
        "label_smoothing": 0.2,
        "whiten_bias_epochs": 3
    },
    "aug": {
        "flip": true,
        "translate": 2
    },
    "net": {
        "widths": {
            "block1": 64,
            "block2": 256,
            "block3": 256
        },
        "batchnorm_momentum": 0.6,
        "scaling_factor": 0.1111111111111111,
        "tta_level": 2
    },
    "random_seed": 99,
    "git_commit_hash": "85402c5c6fafc553256ddda6a38a5e86792e3fed",
    "elapsed_wclock_time": 3.8517793762683867,
    "final acc": 0.934499979019165,
    "last batch loss": 0.95458984375,
    "epoch_val_accs": [
        0.6367999911308289,
        0.7670999765396118,
        0.7511999607086182,
        0.7685999870300293,
        0.8367999792098999,
        0.8039000034332275,
        0.8743000030517578,
        0.8810999989509583,
        0.902899980545044,
        0.9269999861717224
    ],
    "epoch_losses": [
        1.4775390625,
        1.279296875,
        1.2265625,
        1.1865234375,
        1.146484375,
        1.103515625,
        1.0751953125,
        1.044921875,
        1.0078125,
        0.95458984375
    ]
}