{
    "opt": {
        "train_epochs": 9.9,
        "batch_size": 1024,
        "lr": 11.5,
        "momentum": 0.85,
        "weight_decay": 0.0153,
        "bias_scaler": 64.0,
        "label_smoothing": 0.2,
        "whiten_bias_epochs": 3
    },
    "aug": {
        "flip": true,
        "translate": 2
    },
    "net": {
        "widths": {
            "block1": 64,
            "block2": 256,
            "block3": 256
        },
        "batchnorm_momentum": 0.6,
        "scaling_factor": 0.1111111111111111,
        "tta_level": 2
    },
    "random_seed": 99,
    "git_commit_hash": "85402c5c6fafc553256ddda6a38a5e86792e3fed",
    "elapsed_wclock_time": 3.904700808048249,
    "final acc": 0.9309999942779541,
    "last batch loss": 0.96142578125,
    "epoch_val_accs": [
        0.5679000020027161,
        0.6857999563217163,
        0.7511999607086182,
        0.7662000060081482,
        0.7958999872207642,
        0.8356999754905701,
        0.8773999810218811,
        0.8910999894142151,
        0.9079999923706055,
        0.9243999719619751
    ],
    "epoch_losses": [
        1.5068359375,
        1.3212890625,
        1.2236328125,
        1.1767578125,
        1.169921875,
        1.1337890625,
        1.07421875,
        1.0224609375,
        1.0048828125,
        0.96142578125
    ]
}