{
    "opt": {
        "train_epochs": 9.9,
        "batch_size": 1024,
        "lr": 11.5,
        "momentum": 0.85,
        "weight_decay": 0.0153,
        "bias_scaler": 64.0,
        "label_smoothing": 0.2,
        "whiten_bias_epochs": 3
    },
    "aug": {
        "flip": true,
        "translate": 2
    },
    "net": {
        "widths": {
            "block1": 64,
            "block2": 256,
            "block3": 256
        },
        "batchnorm_momentum": 0.6,
        "scaling_factor": 0.1111111111111111,
        "tta_level": 2
    },
    "random_seed": 99,
    "git_commit_hash": "85402c5c6fafc553256ddda6a38a5e86792e3fed",
    "elapsed_wclock_time": 3.894189320802689,
    "final acc": 0.9320999979972839,
    "last batch loss": 0.962890625,
    "epoch_val_accs": [
        0.6103999614715576,
        0.7748000025749207,
        0.6643999814987183,
        0.750499963760376,
        0.8240999579429626,
        0.8517999649047852,
        0.8570999503135681,
        0.871999979019165,
        0.9086999893188477,
        0.923799991607666
    ],
    "epoch_losses": [
        1.4716796875,
        1.283203125,
        1.236328125,
        1.2275390625,
        1.1484375,
        1.1240234375,
        1.068359375,
        1.05859375,
        0.9931640625,
        0.962890625
    ]
}