{
    "opt": {
        "train_epochs": 9.9,
        "batch_size": 1024,
        "lr": 11.5,
        "momentum": 0.85,
        "weight_decay": 0.0153,
        "bias_scaler": 64.0,
        "label_smoothing": 0.2,
        "whiten_bias_epochs": 3
    },
    "aug": {
        "flip": true,
        "translate": 2
    },
    "net": {
        "widths": {
            "block1": 64,
            "block2": 256,
            "block3": 256
        },
        "batchnorm_momentum": 0.6,
        "scaling_factor": 0.1111111111111111,
        "tta_level": 2
    },
    "random_seed": 99,
    "git_commit_hash": "85402c5c6fafc553256ddda6a38a5e86792e3fed",
    "elapsed_wclock_time": 3.8552801866531374,
    "final acc": 0.9333999752998352,
    "last batch loss": 0.943359375,
    "epoch_val_accs": [
        0.6735000014305115,
        0.6664999723434448,
        0.7527999877929688,
        0.802299976348877,
        0.8477999567985535,
        0.85589998960495,
        0.8743000030517578,
        0.8865999579429626,
        0.911799967288971,
        0.923799991607666
    ],
    "epoch_losses": [
        1.5205078125,
        1.3251953125,
        1.2265625,
        1.1904296875,
        1.1748046875,
        1.1181640625,
        1.07421875,
        1.02734375,
        1.00390625,
        0.943359375
    ]
}