{
    "opt": {
        "train_epochs": 9.9,
        "batch_size": 1024,
        "lr": 11.5,
        "momentum": 0.85,
        "weight_decay": 0.0153,
        "bias_scaler": 64.0,
        "label_smoothing": 0.2,
        "whiten_bias_epochs": 3
    },
    "aug": {
        "flip": true,
        "translate": 2
    },
    "net": {
        "widths": {
            "block1": 64,
            "block2": 256,
            "block3": 256
        },
        "batchnorm_momentum": 0.6,
        "scaling_factor": 0.1111111111111111,
        "tta_level": 2
    },
    "random_seed": 99,
    "git_commit_hash": "85402c5c6fafc553256ddda6a38a5e86792e3fed",
    "elapsed_wclock_time": 3.901878520965576,
    "final acc": 0.9281999468803406,
    "last batch loss": 0.96923828125,
    "epoch_val_accs": [
        0.6079999804496765,
        0.6389999985694885,
        0.765500009059906,
        0.8086999654769897,
        0.8526999950408936,
        0.8140999674797058,
        0.8565999865531921,
        0.8797999620437622,
        0.914900004863739,
        0.9246000051498413
    ],
    "epoch_losses": [
        1.4599609375,
        1.3154296875,
        1.2099609375,
        1.1982421875,
        1.15625,
        1.140625,
        1.0634765625,
        1.048828125,
        1.0146484375,
        0.96923828125
    ]
}