{
    "opt": {
        "train_epochs": 9.9,
        "batch_size": 1024,
        "lr": 11.5,
        "momentum": 0.85,
        "weight_decay": 0.0153,
        "bias_scaler": 64.0,
        "label_smoothing": 0.2,
        "whiten_bias_epochs": 3
    },
    "aug": {
        "flip": true,
        "translate": 2
    },
    "net": {
        "widths": {
            "block1": 64,
            "block2": 256,
            "block3": 256
        },
        "batchnorm_momentum": 0.6,
        "scaling_factor": 0.1111111111111111,
        "tta_level": 2
    },
    "random_seed": 99,
    "git_commit_hash": "85402c5c6fafc553256ddda6a38a5e86792e3fed",
    "elapsed_wclock_time": 3.8080526423454284,
    "final acc": 0.9320999979972839,
    "last batch loss": 0.962890625,
    "epoch_val_accs": [
        0.6620999574661255,
        0.6827999949455261,
        0.7373999953269958,
        0.7003999948501587,
        0.8359999656677246,
        0.8303999900817871,
        0.8789999485015869,
        0.8793999552726746,
        0.9110999703407288,
        0.9267999529838562
    ],
    "epoch_losses": [
        1.4306640625,
        1.2724609375,
        1.2431640625,
        1.205078125,
        1.1318359375,
        1.1240234375,
        1.0634765625,
        1.04296875,
        0.9892578125,
        0.962890625
    ]
}