{
    "opt": {
        "train_epochs": 9.9,
        "batch_size": 1024,
        "lr": 11.5,
        "momentum": 0.85,
        "weight_decay": 0.0153,
        "bias_scaler": 64.0,
        "label_smoothing": 0.2,
        "whiten_bias_epochs": 3
    },
    "aug": {
        "flip": true,
        "translate": 2
    },
    "net": {
        "widths": {
            "block1": 64,
            "block2": 256,
            "block3": 256
        },
        "batchnorm_momentum": 0.6,
        "scaling_factor": 0.1111111111111111,
        "tta_level": 2
    },
    "random_seed": 99,
    "git_commit_hash": "85402c5c6fafc553256ddda6a38a5e86792e3fed",
    "elapsed_wclock_time": 3.767542760848999,
    "final acc": 0.9335999488830566,
    "last batch loss": 0.974609375,
    "epoch_val_accs": [
        0.550599992275238,
        0.7436000108718872,
        0.7093999981880188,
        0.6884999871253967,
        0.8376999497413635,
        0.8306999802589417,
        0.8835999965667725,
        0.8575999736785889,
        0.9070000052452087,
        0.9253999590873718
    ],
    "epoch_losses": [
        1.4599609375,
        1.302734375,
        1.2578125,
        1.2021484375,
        1.1640625,
        1.1201171875,
        1.06640625,
        1.060546875,
        0.994140625,
        0.974609375
    ]
}