{
    "opt": {
        "train_epochs": 9.9,
        "batch_size": 1024,
        "lr": 11.5,
        "momentum": 0.85,
        "weight_decay": 0.0153,
        "bias_scaler": 64.0,
        "label_smoothing": 0.2,
        "whiten_bias_epochs": 3
    },
    "aug": {
        "flip": true,
        "translate": 2
    },
    "net": {
        "widths": {
            "block1": 64,
            "block2": 256,
            "block3": 256
        },
        "batchnorm_momentum": 0.6,
        "scaling_factor": 0.1111111111111111,
        "tta_level": 2
    },
    "random_seed": 99,
    "git_commit_hash": "85402c5c6fafc553256ddda6a38a5e86792e3fed",
    "elapsed_wclock_time": 3.8481529386043545,
    "final acc": 0.9316999912261963,
    "last batch loss": 0.95849609375,
    "epoch_val_accs": [
        0.5906999707221985,
        0.7382000088691711,
        0.8036999702453613,
        0.7426999807357788,
        0.8463999629020691,
        0.8273999691009521,
        0.8596999645233154,
        0.8914999961853027,
        0.9075999855995178,
        0.9212999939918518
    ],
    "epoch_losses": [
        1.4853515625,
        1.3369140625,
        1.2119140625,
        1.21484375,
        1.16796875,
        1.1162109375,
        1.06640625,
        1.0361328125,
        0.994140625,
        0.95849609375
    ]
}