{
    "opt": {
        "train_epochs": 9.9,
        "batch_size": 1024,
        "lr": 11.5,
        "momentum": 0.85,
        "weight_decay": 0.0153,
        "bias_scaler": 64.0,
        "label_smoothing": 0.2,
        "whiten_bias_epochs": 3
    },
    "aug": {
        "flip": true,
        "translate": 2
    },
    "net": {
        "widths": {
            "block1": 64,
            "block2": 256,
            "block3": 256
        },
        "batchnorm_momentum": 0.6,
        "scaling_factor": 0.1111111111111111,
        "tta_level": 2
    },
    "random_seed": 99,
    "git_commit_hash": "85402c5c6fafc553256ddda6a38a5e86792e3fed",
    "elapsed_wclock_time": 3.8492054996490475,
    "final acc": 0.9299999475479126,
    "last batch loss": 0.970703125,
    "epoch_val_accs": [
        0.689300000667572,
        0.7497999668121338,
        0.7048999667167664,
        0.800599992275238,
        0.8000999689102173,
        0.8538999557495117,
        0.8567999601364136,
        0.8937999606132507,
        0.9059999585151672,
        0.9240999817848206
    ],
    "epoch_losses": [
        1.451171875,
        1.31640625,
        1.240234375,
        1.1865234375,
        1.150390625,
        1.1171875,
        1.0751953125,
        1.0517578125,
        1.0029296875,
        0.970703125
    ]
}