{
    "opt": {
        "train_epochs": 9.9,
        "batch_size": 1024,
        "lr": 11.5,
        "momentum": 0.85,
        "weight_decay": 0.0153,
        "bias_scaler": 64.0,
        "label_smoothing": 0.2,
        "whiten_bias_epochs": 3
    },
    "aug": {
        "flip": true,
        "translate": 2
    },
    "net": {
        "widths": {
            "block1": 64,
            "block2": 256,
            "block3": 256
        },
        "batchnorm_momentum": 0.6,
        "scaling_factor": 0.1111111111111111,
        "tta_level": 2
    },
    "random_seed": 99,
    "git_commit_hash": "85402c5c6fafc553256ddda6a38a5e86792e3fed",
    "elapsed_wclock_time": 3.842376516103744,
    "final acc": 0.9333999752998352,
    "last batch loss": 0.96533203125,
    "epoch_val_accs": [
        0.6001999974250793,
        0.6517999768257141,
        0.7398999929428101,
        0.8075000047683716,
        0.8362999558448792,
        0.8319000005722046,
        0.8682999610900879,
        0.8895999789237976,
        0.9150999784469604,
        0.9246000051498413
    ],
    "epoch_losses": [
        1.484375,
        1.32421875,
        1.228515625,
        1.1826171875,
        1.19140625,
        1.125,
        1.064453125,
        1.052734375,
        1.009765625,
        0.96533203125
    ]
}