{
    "opt": {
        "train_epochs": 9.9,
        "batch_size": 1024,
        "lr": 11.5,
        "momentum": 0.85,
        "weight_decay": 0.0153,
        "bias_scaler": 64.0,
        "label_smoothing": 0.2,
        "whiten_bias_epochs": 3
    },
    "aug": {
        "flip": true,
        "translate": 2
    },
    "net": {
        "widths": {
            "block1": 64,
            "block2": 256,
            "block3": 256
        },
        "batchnorm_momentum": 0.6,
        "scaling_factor": 0.1111111111111111,
        "tta_level": 2
    },
    "random_seed": 99,
    "git_commit_hash": "85402c5c6fafc553256ddda6a38a5e86792e3fed",
    "elapsed_wclock_time": 3.8101459493637084,
    "final acc": 0.9337999820709229,
    "last batch loss": 0.96337890625,
    "epoch_val_accs": [
        0.6444000005722046,
        0.6157999634742737,
        0.7351999878883362,
        0.8019999861717224,
        0.8319999575614929,
        0.8474999666213989,
        0.8715999722480774,
        0.8880999684333801,
        0.9120000004768372,
        0.9291999936103821
    ],
    "epoch_losses": [
        1.4501953125,
        1.310546875,
        1.2724609375,
        1.17578125,
        1.15234375,
        1.138671875,
        1.078125,
        1.0380859375,
        1.0068359375,
        0.96337890625
    ]
}