{
    "opt": {
        "train_epochs": 9.9,
        "batch_size": 1024,
        "lr": 11.5,
        "momentum": 0.85,
        "weight_decay": 0.0153,
        "bias_scaler": 64.0,
        "label_smoothing": 0.2,
        "whiten_bias_epochs": 3
    },
    "aug": {
        "flip": true,
        "translate": 2
    },
    "net": {
        "widths": {
            "block1": 64,
            "block2": 256,
            "block3": 256
        },
        "batchnorm_momentum": 0.6,
        "scaling_factor": 0.1111111111111111,
        "tta_level": 2
    },
    "random_seed": 99,
    "git_commit_hash": "85402c5c6fafc553256ddda6a38a5e86792e3fed",
    "elapsed_wclock_time": 3.9046002161502833,
    "final acc": 0.9311999678611755,
    "last batch loss": 0.96875,
    "epoch_val_accs": [
        0.6272000074386597,
        0.6588000059127808,
        0.7287999987602234,
        0.6804999709129333,
        0.838699996471405,
        0.8287999629974365,
        0.8741999864578247,
        0.8710999488830566,
        0.9107999801635742,
        0.923799991607666
    ],
    "epoch_losses": [
        1.49609375,
        1.3134765625,
        1.2421875,
        1.1806640625,
        1.1044921875,
        1.12109375,
        1.0673828125,
        1.0576171875,
        0.990234375,
        0.96875
    ]
}