{
    "opt": {
        "train_epochs": 9.9,
        "batch_size": 1024,
        "lr": 11.5,
        "momentum": 0.85,
        "weight_decay": 0.0153,
        "bias_scaler": 64.0,
        "label_smoothing": 0.2,
        "whiten_bias_epochs": 3
    },
    "aug": {
        "flip": true,
        "translate": 2
    },
    "net": {
        "widths": {
            "block1": 64,
            "block2": 256,
            "block3": 256
        },
        "batchnorm_momentum": 0.6,
        "scaling_factor": 0.1111111111111111,
        "tta_level": 2
    },
    "random_seed": 99,
    "git_commit_hash": "85402c5c6fafc553256ddda6a38a5e86792e3fed",
    "elapsed_wclock_time": 3.8545388488769525,
    "final acc": 0.9329999685287476,
    "last batch loss": 0.970703125,
    "epoch_val_accs": [
        0.6133999824523926,
        0.6495999693870544,
        0.7089999914169312,
        0.7876999974250793,
        0.8064999580383301,
        0.8413999676704407,
        0.8761999607086182,
        0.8766999840736389,
        0.9134999513626099,
        0.9253000020980835
    ],
    "epoch_losses": [
        1.4521484375,
        1.2900390625,
        1.2578125,
        1.173828125,
        1.1689453125,
        1.1484375,
        1.07421875,
        1.0537109375,
        0.99365234375,
        0.970703125
    ]
}