{
    "opt": {
        "train_epochs": 9.9,
        "batch_size": 1024,
        "lr": 11.5,
        "momentum": 0.85,
        "weight_decay": 0.0153,
        "bias_scaler": 64.0,
        "label_smoothing": 0.2,
        "whiten_bias_epochs": 3
    },
    "aug": {
        "flip": true,
        "translate": 2
    },
    "net": {
        "widths": {
            "block1": 64,
            "block2": 256,
            "block3": 256
        },
        "batchnorm_momentum": 0.6,
        "scaling_factor": 0.1111111111111111,
        "tta_level": 2
    },
    "random_seed": 99,
    "git_commit_hash": "85402c5c6fafc553256ddda6a38a5e86792e3fed",
    "elapsed_wclock_time": 3.8999522507190703,
    "final acc": 0.9332000017166138,
    "last batch loss": 0.97314453125,
    "epoch_val_accs": [
        0.6006999611854553,
        0.6877999901771545,
        0.7818999886512756,
        0.8121999502182007,
        0.7723999619483948,
        0.8549999594688416,
        0.8639000058174133,
        0.8646000027656555,
        0.9138999581336975,
        0.925599992275238
    ],
    "epoch_losses": [
        1.4794921875,
        1.302734375,
        1.248046875,
        1.1611328125,
        1.1640625,
        1.1484375,
        1.0869140625,
        1.0478515625,
        1.0107421875,
        0.97314453125
    ]
}