{
    "opt": {
        "train_epochs": 9.9,
        "batch_size": 1024,
        "lr": 11.5,
        "momentum": 0.85,
        "weight_decay": 0.0153,
        "bias_scaler": 64.0,
        "label_smoothing": 0.2,
        "whiten_bias_epochs": 3
    },
    "aug": {
        "flip": true,
        "translate": 2
    },
    "net": {
        "widths": {
            "block1": 64,
            "block2": 256,
            "block3": 256
        },
        "batchnorm_momentum": 0.6,
        "scaling_factor": 0.1111111111111111,
        "tta_level": 2
    },
    "random_seed": 99,
    "git_commit_hash": "85402c5c6fafc553256ddda6a38a5e86792e3fed",
    "elapsed_wclock_time": 3.789098901510239,
    "final acc": 0.9336999654769897,
    "last batch loss": 0.9833984375,
    "epoch_val_accs": [
        0.6503999829292297,
        0.6423999667167664,
        0.7087000012397766,
        0.7457000017166138,
        0.8352999687194824,
        0.8267999887466431,
        0.8797999620437622,
        0.8840000033378601,
        0.909500002861023,
        0.926099956035614
    ],
    "epoch_losses": [
        1.4580078125,
        1.322265625,
        1.23828125,
        1.1982421875,
        1.1796875,
        1.1298828125,
        1.0556640625,
        1.0283203125,
        0.99951171875,
        0.9833984375
    ]
}