{
    "opt": {
        "train_epochs": 9.9,
        "batch_size": 1024,
        "lr": 11.5,
        "momentum": 0.85,
        "weight_decay": 0.0153,
        "bias_scaler": 64.0,
        "label_smoothing": 0.2,
        "whiten_bias_epochs": 3
    },
    "aug": {
        "flip": true,
        "translate": 2
    },
    "net": {
        "widths": {
            "block1": 64,
            "block2": 256,
            "block3": 256
        },
        "batchnorm_momentum": 0.6,
        "scaling_factor": 0.1111111111111111,
        "tta_level": 2
    },
    "random_seed": 99,
    "git_commit_hash": "85402c5c6fafc553256ddda6a38a5e86792e3fed",
    "elapsed_wclock_time": 3.848608701705933,
    "final acc": 0.9325999617576599,
    "last batch loss": 0.9599609375,
    "epoch_val_accs": [
        0.6588999629020691,
        0.57669997215271,
        0.8119999766349792,
        0.6866999864578247,
        0.7896999716758728,
        0.8511999845504761,
        0.8690999746322632,
        0.8952999711036682,
        0.9102999567985535,
        0.9226999878883362
    ],
    "epoch_losses": [
        1.5185546875,
        1.28515625,
        1.2021484375,
        1.20703125,
        1.162109375,
        1.125,
        1.0966796875,
        1.052734375,
        0.97705078125,
        0.9599609375
    ]
}