{
    "opt": {
        "train_epochs": 9.9,
        "batch_size": 1024,
        "lr": 11.5,
        "momentum": 0.85,
        "weight_decay": 0.0153,
        "bias_scaler": 64.0,
        "label_smoothing": 0.2,
        "whiten_bias_epochs": 3
    },
    "aug": {
        "flip": true,
        "translate": 2
    },
    "net": {
        "widths": {
            "block1": 64,
            "block2": 256,
            "block3": 256
        },
        "batchnorm_momentum": 0.6,
        "scaling_factor": 0.1111111111111111,
        "tta_level": 2
    },
    "random_seed": 99,
    "git_commit_hash": "85402c5c6fafc553256ddda6a38a5e86792e3fed",
    "elapsed_wclock_time": 3.911836379528045,
    "final acc": 0.9317999482154846,
    "last batch loss": 0.9677734375,
    "epoch_val_accs": [
        0.6609999537467957,
        0.6503999829292297,
        0.7579999566078186,
        0.8145999908447266,
        0.8149999976158142,
        0.8549000024795532,
        0.8691999912261963,
        0.8648999929428101,
        0.9114999771118164,
        0.9246999621391296
    ],
    "epoch_losses": [
        1.4716796875,
        1.30859375,
        1.2333984375,
        1.208984375,
        1.1591796875,
        1.1474609375,
        1.052734375,
        1.08203125,
        0.982421875,
        0.9677734375
    ]
}