{
    "opt": {
        "train_epochs": 9.9,
        "batch_size": 1024,
        "lr": 11.5,
        "momentum": 0.85,
        "weight_decay": 0.0153,
        "bias_scaler": 64.0,
        "label_smoothing": 0.2,
        "whiten_bias_epochs": 3
    },
    "aug": {
        "flip": true,
        "translate": 2
    },
    "net": {
        "widths": {
            "block1": 64,
            "block2": 256,
            "block3": 256
        },
        "batchnorm_momentum": 0.6,
        "scaling_factor": 0.1111111111111111,
        "tta_level": 2
    },
    "random_seed": 99,
    "git_commit_hash": "85402c5c6fafc553256ddda6a38a5e86792e3fed",
    "elapsed_wclock_time": 3.850882149457932,
    "final acc": 0.9325000047683716,
    "last batch loss": 0.958984375,
    "epoch_val_accs": [
        0.6549999713897705,
        0.741599977016449,
        0.7396000027656555,
        0.7973999977111816,
        0.8323000073432922,
        0.8448999524116516,
        0.8668999671936035,
        0.8739999532699585,
        0.9111999869346619,
        0.9223999977111816
    ],
    "epoch_losses": [
        1.478515625,
        1.2998046875,
        1.234375,
        1.1904296875,
        1.1630859375,
        1.111328125,
        1.078125,
        1.046875,
        0.9833984375,
        0.958984375
    ]
}