{
    "opt": {
        "train_epochs": 9.9,
        "batch_size": 1024,
        "lr": 11.5,
        "momentum": 0.85,
        "weight_decay": 0.0153,
        "bias_scaler": 64.0,
        "label_smoothing": 0.2,
        "whiten_bias_epochs": 3
    },
    "aug": {
        "flip": true,
        "translate": 2
    },
    "net": {
        "widths": {
            "block1": 64,
            "block2": 256,
            "block3": 256
        },
        "batchnorm_momentum": 0.6,
        "scaling_factor": 0.1111111111111111,
        "tta_level": 2
    },
    "random_seed": 99,
    "git_commit_hash": "85402c5c6fafc553256ddda6a38a5e86792e3fed",
    "elapsed_wclock_time": 3.902607242822647,
    "final acc": 0.936199963092804,
    "last batch loss": 0.96875,
    "epoch_val_accs": [
        0.6584999561309814,
        0.6604999899864197,
        0.7130999565124512,
        0.7929999828338623,
        0.8452000021934509,
        0.8345999717712402,
        0.8837999701499939,
        0.892799973487854,
        0.9174000024795532,
        0.9275999665260315
    ],
    "epoch_losses": [
        1.4931640625,
        1.3095703125,
        1.22265625,
        1.2236328125,
        1.1552734375,
        1.1328125,
        1.0693359375,
        1.0498046875,
        0.99951171875,
        0.96875
    ]
}