{
    "opt": {
        "train_epochs": 9.9,
        "batch_size": 1024,
        "lr": 11.5,
        "momentum": 0.85,
        "weight_decay": 0.0153,
        "bias_scaler": 64.0,
        "label_smoothing": 0.2,
        "whiten_bias_epochs": 3
    },
    "aug": {
        "flip": true,
        "translate": 2
    },
    "net": {
        "widths": {
            "block1": 64,
            "block2": 256,
            "block3": 256
        },
        "batchnorm_momentum": 0.6,
        "scaling_factor": 0.1111111111111111,
        "tta_level": 2
    },
    "random_seed": 99,
    "git_commit_hash": "85402c5c6fafc553256ddda6a38a5e86792e3fed",
    "elapsed_wclock_time": 3.900410263061523,
    "final acc": 0.9329999685287476,
    "last batch loss": 0.96337890625,
    "epoch_val_accs": [
        0.6431999802589417,
        0.5299000144004822,
        0.7603999972343445,
        0.8034999966621399,
        0.7843999862670898,
        0.8361999988555908,
        0.8542999625205994,
        0.886199951171875,
        0.9077999591827393,
        0.9247999787330627
    ],
    "epoch_losses": [
        1.4775390625,
        1.28515625,
        1.224609375,
        1.2001953125,
        1.173828125,
        1.111328125,
        1.078125,
        1.03515625,
        0.9931640625,
        0.96337890625
    ]
}