{
    "opt": {
        "train_epochs": 9.9,
        "batch_size": 1024,
        "lr": 11.5,
        "momentum": 0.85,
        "weight_decay": 0.0153,
        "bias_scaler": 64.0,
        "label_smoothing": 0.2,
        "whiten_bias_epochs": 3
    },
    "aug": {
        "flip": true,
        "translate": 2
    },
    "net": {
        "widths": {
            "block1": 64,
            "block2": 256,
            "block3": 256
        },
        "batchnorm_momentum": 0.6,
        "scaling_factor": 0.1111111111111111,
        "tta_level": 2
    },
    "random_seed": 99,
    "git_commit_hash": "85402c5c6fafc553256ddda6a38a5e86792e3fed",
    "elapsed_wclock_time": 3.848533584117889,
    "final acc": 0.9322999715805054,
    "last batch loss": 0.95849609375,
    "epoch_val_accs": [
        0.6825000047683716,
        0.7038999795913696,
        0.8073999881744385,
        0.7623999714851379,
        0.8327999711036682,
        0.8438999652862549,
        0.8798999786376953,
        0.8906999826431274,
        0.913100004196167,
        0.9236999750137329
    ],
    "epoch_losses": [
        1.4833984375,
        1.283203125,
        1.2158203125,
        1.177734375,
        1.1455078125,
        1.1240234375,
        1.080078125,
        1.0517578125,
        1.00390625,
        0.95849609375
    ]
}