{
    "opt": {
        "train_epochs": 9.9,
        "batch_size": 1024,
        "lr": 11.5,
        "momentum": 0.85,
        "weight_decay": 0.0153,
        "bias_scaler": 64.0,
        "label_smoothing": 0.2,
        "whiten_bias_epochs": 3
    },
    "aug": {
        "flip": true,
        "translate": 2
    },
    "net": {
        "widths": {
            "block1": 64,
            "block2": 256,
            "block3": 256
        },
        "batchnorm_momentum": 0.6,
        "scaling_factor": 0.1111111111111111,
        "tta_level": 2
    },
    "random_seed": 99,
    "git_commit_hash": "85402c5c6fafc553256ddda6a38a5e86792e3fed",
    "elapsed_wclock_time": 3.8536474533081058,
    "final acc": 0.9298999905586243,
    "last batch loss": 0.9599609375,
    "epoch_val_accs": [
        0.606499969959259,
        0.7050999999046326,
        0.774399995803833,
        0.8202999830245972,
        0.8579999804496765,
        0.8592999577522278,
        0.8739999532699585,
        0.8762999773025513,
        0.9127999544143677,
        0.9231999516487122
    ],
    "epoch_losses": [
        1.46484375,
        1.3515625,
        1.2373046875,
        1.1689453125,
        1.14453125,
        1.1044921875,
        1.068359375,
        1.0791015625,
        1.0087890625,
        0.9599609375
    ]
}