{
    "opt": {
        "train_epochs": 9.9,
        "batch_size": 1024,
        "lr": 11.5,
        "momentum": 0.85,
        "weight_decay": 0.0153,
        "bias_scaler": 64.0,
        "label_smoothing": 0.2,
        "whiten_bias_epochs": 3
    },
    "aug": {
        "flip": true,
        "translate": 2
    },
    "net": {
        "widths": {
            "block1": 64,
            "block2": 256,
            "block3": 256
        },
        "batchnorm_momentum": 0.6,
        "scaling_factor": 0.1111111111111111,
        "tta_level": 2
    },
    "random_seed": 99,
    "git_commit_hash": "85402c5c6fafc553256ddda6a38a5e86792e3fed",
    "elapsed_wclock_time": 3.8944969947338106,
    "final acc": 0.9304999709129333,
    "last batch loss": 0.96142578125,
    "epoch_val_accs": [
        0.6585999727249146,
        0.7594000101089478,
        0.7716999650001526,
        0.7991999983787537,
        0.8255999684333801,
        0.8252999782562256,
        0.8542999625205994,
        0.8818999528884888,
        0.8989999890327454,
        0.9232999682426453
    ],
    "epoch_losses": [
        1.4658203125,
        1.359375,
        1.2734375,
        1.1953125,
        1.1611328125,
        1.091796875,
        1.080078125,
        1.0654296875,
        1.00390625,
        0.96142578125
    ]
}