{
    "opt": {
        "train_epochs": 9.9,
        "batch_size": 1024,
        "lr": 11.5,
        "momentum": 0.85,
        "weight_decay": 0.0153,
        "bias_scaler": 64.0,
        "label_smoothing": 0.2,
        "whiten_bias_epochs": 3
    },
    "aug": {
        "flip": true,
        "translate": 2
    },
    "net": {
        "widths": {
            "block1": 64,
            "block2": 256,
            "block3": 256
        },
        "batchnorm_momentum": 0.6,
        "scaling_factor": 0.1111111111111111,
        "tta_level": 2
    },
    "random_seed": 99,
    "git_commit_hash": "85402c5c6fafc553256ddda6a38a5e86792e3fed",
    "elapsed_wclock_time": 3.9019978179931645,
    "final acc": 0.9339999556541443,
    "last batch loss": 0.9853515625,
    "epoch_val_accs": [
        0.6851999759674072,
        0.7214999794960022,
        0.7493000030517578,
        0.7694999575614929,
        0.8184999823570251,
        0.8438999652862549,
        0.87909996509552,
        0.8863999843597412,
        0.911799967288971,
        0.9271999597549438
    ],
    "epoch_losses": [
        1.44140625,
        1.2890625,
        1.2177734375,
        1.212890625,
        1.1640625,
        1.130859375,
        1.072265625,
        1.037109375,
        1.0048828125,
        0.9853515625
    ]
}