{
    "opt": {
        "train_epochs": 9.9,
        "batch_size": 1024,
        "lr": 11.5,
        "momentum": 0.85,
        "weight_decay": 0.0153,
        "bias_scaler": 64.0,
        "label_smoothing": 0.2,
        "whiten_bias_epochs": 3
    },
    "aug": {
        "flip": true,
        "translate": 2
    },
    "net": {
        "widths": {
            "block1": 64,
            "block2": 256,
            "block3": 256
        },
        "batchnorm_momentum": 0.6,
        "scaling_factor": 0.1111111111111111,
        "tta_level": 2
    },
    "random_seed": 99,
    "git_commit_hash": "85402c5c6fafc553256ddda6a38a5e86792e3fed",
    "elapsed_wclock_time": 3.8524634611606596,
    "final acc": 0.9348999857902527,
    "last batch loss": 0.96337890625,
    "epoch_val_accs": [
        0.6645999550819397,
        0.7335000038146973,
        0.7245000004768372,
        0.796999990940094,
        0.8385999798774719,
        0.8549000024795532,
        0.8876000046730042,
        0.8855999708175659,
        0.91239994764328,
        0.9247999787330627
    ],
    "epoch_losses": [
        1.453125,
        1.3251953125,
        1.25,
        1.17578125,
        1.15625,
        1.12109375,
        1.060546875,
        1.04296875,
        0.9892578125,
        0.96337890625
    ]
}