{
    "opt": {
        "train_epochs": 9.9,
        "batch_size": 1024,
        "lr": 11.5,
        "momentum": 0.85,
        "weight_decay": 0.0153,
        "bias_scaler": 64.0,
        "label_smoothing": 0.2,
        "whiten_bias_epochs": 3
    },
    "aug": {
        "flip": true,
        "translate": 2
    },
    "net": {
        "widths": {
            "block1": 64,
            "block2": 256,
            "block3": 256
        },
        "batchnorm_momentum": 0.6,
        "scaling_factor": 0.1111111111111111,
        "tta_level": 2
    },
    "random_seed": 99,
    "git_commit_hash": "85402c5c6fafc553256ddda6a38a5e86792e3fed",
    "elapsed_wclock_time": 3.8924114825725553,
    "final acc": 0.9307000041007996,
    "last batch loss": 0.96044921875,
    "epoch_val_accs": [
        0.6247000098228455,
        0.7426999807357788,
        0.7282999753952026,
        0.8281999826431274,
        0.8181999921798706,
        0.8442999720573425,
        0.8536999821662903,
        0.8915999531745911,
        0.9078999757766724,
        0.9215999841690063
    ],
    "epoch_losses": [
        1.4951171875,
        1.2880859375,
        1.244140625,
        1.185546875,
        1.1494140625,
        1.1240234375,
        1.06640625,
        1.0439453125,
        1.0244140625,
        0.96044921875
    ]
}