{
    "opt": {
        "train_epochs": 9.9,
        "batch_size": 1024,
        "lr": 11.5,
        "momentum": 0.85,
        "weight_decay": 0.0153,
        "bias_scaler": 64.0,
        "label_smoothing": 0.2,
        "whiten_bias_epochs": 3
    },
    "aug": {
        "flip": true,
        "translate": 2
    },
    "net": {
        "widths": {
            "block1": 64,
            "block2": 256,
            "block3": 256
        },
        "batchnorm_momentum": 0.6,
        "scaling_factor": 0.1111111111111111,
        "tta_level": 2
    },
    "random_seed": 99,
    "git_commit_hash": "85402c5c6fafc553256ddda6a38a5e86792e3fed",
    "elapsed_wclock_time": 3.8898350806236266,
    "final acc": 0.9299999475479126,
    "last batch loss": 0.96044921875,
    "epoch_val_accs": [
        0.6780999898910522,
        0.7741999626159668,
        0.7745999693870544,
        0.8008999824523926,
        0.8303999900817871,
        0.8550999760627747,
        0.8794999718666077,
        0.8887999653816223,
        0.911799967288971,
        0.9229999780654907
    ],
    "epoch_losses": [
        1.4384765625,
        1.30859375,
        1.2265625,
        1.1845703125,
        1.1376953125,
        1.1220703125,
        1.0888671875,
        1.0439453125,
        1.0068359375,
        0.96044921875
    ]
}