{
    "opt": {
        "train_epochs": 9.9,
        "batch_size": 1024,
        "lr": 11.5,
        "momentum": 0.85,
        "weight_decay": 0.0153,
        "bias_scaler": 64.0,
        "label_smoothing": 0.2,
        "whiten_bias_epochs": 3
    },
    "aug": {
        "flip": true,
        "translate": 2
    },
    "net": {
        "widths": {
            "block1": 64,
            "block2": 256,
            "block3": 256
        },
        "batchnorm_momentum": 0.6,
        "scaling_factor": 0.1111111111111111,
        "tta_level": 2
    },
    "random_seed": 99,
    "git_commit_hash": "85402c5c6fafc553256ddda6a38a5e86792e3fed",
    "elapsed_wclock_time": 3.8848400814533237,
    "final acc": 0.9314999580383301,
    "last batch loss": 0.96875,
    "epoch_val_accs": [
        0.6662999987602234,
        0.7265999913215637,
        0.7698000073432922,
        0.814300000667572,
        0.8204999566078186,
        0.8215999603271484,
        0.8757999539375305,
        0.8782999515533447,
        0.9044999480247498,
        0.9256999492645264
    ],
    "epoch_losses": [
        1.4140625,
        1.3017578125,
        1.232421875,
        1.169921875,
        1.1982421875,
        1.115234375,
        1.0869140625,
        1.0556640625,
        1.0087890625,
        0.96875
    ]
}