{
    "opt": {
        "train_epochs": 9.9,
        "batch_size": 1024,
        "lr": 11.5,
        "momentum": 0.85,
        "weight_decay": 0.0153,
        "bias_scaler": 64.0,
        "label_smoothing": 0.2,
        "whiten_bias_epochs": 3
    },
    "aug": {
        "flip": true,
        "translate": 2
    },
    "net": {
        "widths": {
            "block1": 64,
            "block2": 256,
            "block3": 256
        },
        "batchnorm_momentum": 0.6,
        "scaling_factor": 0.1111111111111111,
        "tta_level": 2
    },
    "random_seed": 99,
    "git_commit_hash": "85402c5c6fafc553256ddda6a38a5e86792e3fed",
    "elapsed_wclock_time": 3.8153157742023467,
    "final acc": 0.9339999556541443,
    "last batch loss": 0.96484375,
    "epoch_val_accs": [
        0.6782000064849854,
        0.7146999835968018,
        0.7912999987602234,
        0.8199999928474426,
        0.8147000074386597,
        0.8287000060081482,
        0.8586999773979187,
        0.8824999928474426,
        0.9077999591827393,
        0.926099956035614
    ],
    "epoch_losses": [
        1.4580078125,
        1.3046875,
        1.228515625,
        1.2080078125,
        1.154296875,
        1.1328125,
        1.07421875,
        1.064453125,
        0.998046875,
        0.96484375
    ]
}