{
    "opt": {
        "train_epochs": 9.9,
        "batch_size": 1024,
        "lr": 11.5,
        "momentum": 0.85,
        "weight_decay": 0.0153,
        "bias_scaler": 64.0,
        "label_smoothing": 0.2,
        "whiten_bias_epochs": 3
    },
    "aug": {
        "flip": true,
        "translate": 2
    },
    "net": {
        "widths": {
            "block1": 64,
            "block2": 256,
            "block3": 256
        },
        "batchnorm_momentum": 0.6,
        "scaling_factor": 0.1111111111111111,
        "tta_level": 2
    },
    "random_seed": 99,
    "git_commit_hash": "85402c5c6fafc553256ddda6a38a5e86792e3fed",
    "elapsed_wclock_time": 3.8183069758415225,
    "final acc": 0.9325000047683716,
    "last batch loss": 0.9658203125,
    "epoch_val_accs": [
        0.6791999936103821,
        0.699999988079071,
        0.7493000030517578,
        0.789900004863739,
        0.8589999675750732,
        0.863599956035614,
        0.8447999954223633,
        0.854200005531311,
        0.9136999845504761,
        0.9232999682426453
    ],
    "epoch_losses": [
        1.4658203125,
        1.2783203125,
        1.232421875,
        1.203125,
        1.1796875,
        1.12109375,
        1.0625,
        1.0556640625,
        1.01953125,
        0.9658203125
    ]
}