{
    "opt": {
        "train_epochs": 9.9,
        "batch_size": 1024,
        "lr": 11.5,
        "momentum": 0.85,
        "weight_decay": 0.0153,
        "bias_scaler": 64.0,
        "label_smoothing": 0.2,
        "whiten_bias_epochs": 3
    },
    "aug": {
        "flip": true,
        "translate": 2
    },
    "net": {
        "widths": {
            "block1": 64,
            "block2": 256,
            "block3": 256
        },
        "batchnorm_momentum": 0.6,
        "scaling_factor": 0.1111111111111111,
        "tta_level": 2
    },
    "random_seed": 99,
    "git_commit_hash": "85402c5c6fafc553256ddda6a38a5e86792e3fed",
    "elapsed_wclock_time": 3.7758837361335753,
    "final acc": 0.9296999573707581,
    "last batch loss": 0.97119140625,
    "epoch_val_accs": [
        0.6714000105857849,
        0.677899956703186,
        0.7786999940872192,
        0.746399998664856,
        0.8104999661445618,
        0.804099977016449,
        0.8793999552726746,
        0.8912000060081482,
        0.9092999696731567,
        0.9248999953269958
    ],
    "epoch_losses": [
        1.458984375,
        1.298828125,
        1.2548828125,
        1.19921875,
        1.169921875,
        1.1318359375,
        1.0712890625,
        1.052734375,
        1.0146484375,
        0.97119140625
    ]
}