{
    "opt": {
        "train_epochs": 9.9,
        "batch_size": 1024,
        "lr": 11.5,
        "momentum": 0.85,
        "weight_decay": 0.0153,
        "bias_scaler": 64.0,
        "label_smoothing": 0.2,
        "whiten_bias_epochs": 3
    },
    "aug": {
        "flip": true,
        "translate": 2
    },
    "net": {
        "widths": {
            "block1": 64,
            "block2": 256,
            "block3": 256
        },
        "batchnorm_momentum": 0.6,
        "scaling_factor": 0.1111111111111111,
        "tta_level": 2
    },
    "random_seed": 99,
    "git_commit_hash": "85402c5c6fafc553256ddda6a38a5e86792e3fed",
    "elapsed_wclock_time": 3.8504672801494606,
    "final acc": 0.9319999814033508,
    "last batch loss": 0.95458984375,
    "epoch_val_accs": [
        0.676099956035614,
        0.7392999529838562,
        0.762499988079071,
        0.8309999704360962,
        0.8281999826431274,
        0.7750999927520752,
        0.861299991607666,
        0.8866999745368958,
        0.913599967956543,
        0.9246000051498413
    ],
    "epoch_losses": [
        1.4560546875,
        1.310546875,
        1.2431640625,
        1.2353515625,
        1.150390625,
        1.13671875,
        1.0595703125,
        1.0458984375,
        0.99072265625,
        0.95458984375
    ]
}