{
    "opt": {
        "train_epochs": 9.9,
        "batch_size": 1024,
        "lr": 11.5,
        "momentum": 0.85,
        "weight_decay": 0.0153,
        "bias_scaler": 64.0,
        "label_smoothing": 0.2,
        "whiten_bias_epochs": 3
    },
    "aug": {
        "flip": true,
        "translate": 2
    },
    "net": {
        "widths": {
            "block1": 64,
            "block2": 256,
            "block3": 256
        },
        "batchnorm_momentum": 0.6,
        "scaling_factor": 0.1111111111111111,
        "tta_level": 2
    },
    "random_seed": 99,
    "git_commit_hash": "85402c5c6fafc553256ddda6a38a5e86792e3fed",
    "elapsed_wclock_time": 3.915980827331543,
    "final acc": 0.9357999563217163,
    "last batch loss": 0.9619140625,
    "epoch_val_accs": [
        0.6015999913215637,
        0.6668999791145325,
        0.8126999735832214,
        0.7583999633789062,
        0.8424999713897705,
        0.8116999864578247,
        0.8762999773025513,
        0.892799973487854,
        0.9127999544143677,
        0.9287999868392944
    ],
    "epoch_losses": [
        1.474609375,
        1.2998046875,
        1.2177734375,
        1.19921875,
        1.16796875,
        1.1435546875,
        1.0556640625,
        1.0302734375,
        1.005859375,
        0.9619140625
    ]
}