{
    "opt": {
        "train_epochs": 9.9,
        "batch_size": 1024,
        "lr": 11.5,
        "momentum": 0.85,
        "weight_decay": 0.0153,
        "bias_scaler": 64.0,
        "label_smoothing": 0.2,
        "whiten_bias_epochs": 3
    },
    "aug": {
        "flip": true,
        "translate": 2
    },
    "net": {
        "widths": {
            "block1": 64,
            "block2": 256,
            "block3": 256
        },
        "batchnorm_momentum": 0.6,
        "scaling_factor": 0.1111111111111111,
        "tta_level": 2
    },
    "random_seed": 99,
    "git_commit_hash": "85402c5c6fafc553256ddda6a38a5e86792e3fed",
    "elapsed_wclock_time": 3.8968567581176754,
    "final acc": 0.9305999875068665,
    "last batch loss": 0.97119140625,
    "epoch_val_accs": [
        0.6369999647140503,
        0.7475000023841858,
        0.7737999558448792,
        0.7628999948501587,
        0.8479999899864197,
        0.8265999555587769,
        0.8809999823570251,
        0.8833000063896179,
        0.9131999611854553,
        0.9235999584197998
    ],
    "epoch_losses": [
        1.466796875,
        1.298828125,
        1.224609375,
        1.185546875,
        1.1552734375,
        1.12890625,
        1.068359375,
        1.0419921875,
        0.9990234375,
        0.97119140625
    ]
}