{
    "opt": {
        "train_epochs": 9.9,
        "batch_size": 1024,
        "lr": 11.5,
        "momentum": 0.85,
        "weight_decay": 0.0153,
        "bias_scaler": 64.0,
        "label_smoothing": 0.2,
        "whiten_bias_epochs": 3
    },
    "aug": {
        "flip": true,
        "translate": 2
    },
    "net": {
        "widths": {
            "block1": 64,
            "block2": 256,
            "block3": 256
        },
        "batchnorm_momentum": 0.6,
        "scaling_factor": 0.1111111111111111,
        "tta_level": 2
    },
    "random_seed": 99,
    "git_commit_hash": "85402c5c6fafc553256ddda6a38a5e86792e3fed",
    "elapsed_wclock_time": 3.8528746318817135,
    "final acc": 0.9322999715805054,
    "last batch loss": 0.9765625,
    "epoch_val_accs": [
        0.6392999887466431,
        0.686199963092804,
        0.7753999829292297,
        0.8122999668121338,
        0.8499000072479248,
        0.792199969291687,
        0.8789999485015869,
        0.8940999507904053,
        0.9039999842643738,
        0.9247999787330627
    ],
    "epoch_losses": [
        1.4609375,
        1.30078125,
        1.2099609375,
        1.1826171875,
        1.1845703125,
        1.1220703125,
        1.076171875,
        1.0380859375,
        0.99365234375,
        0.9765625
    ]
}