{
    "opt": {
        "train_epochs": 9.9,
        "batch_size": 1024,
        "lr": 11.5,
        "momentum": 0.85,
        "weight_decay": 0.0153,
        "bias_scaler": 64.0,
        "label_smoothing": 0.2,
        "whiten_bias_epochs": 3
    },
    "aug": {
        "flip": true,
        "translate": 2
    },
    "net": {
        "widths": {
            "block1": 64,
            "block2": 256,
            "block3": 256
        },
        "batchnorm_momentum": 0.6,
        "scaling_factor": 0.1111111111111111,
        "tta_level": 2
    },
    "random_seed": 99,
    "git_commit_hash": "85402c5c6fafc553256ddda6a38a5e86792e3fed",
    "elapsed_wclock_time": 3.8918181490898127,
    "final acc": 0.9315999746322632,
    "last batch loss": 0.966796875,
    "epoch_val_accs": [
        0.6801999807357788,
        0.664900004863739,
        0.7119999527931213,
        0.7967000007629395,
        0.849399983882904,
        0.8379999995231628,
        0.8588999509811401,
        0.8876999616622925,
        0.9116999506950378,
        0.9238999485969543
    ],
    "epoch_losses": [
        1.486328125,
        1.2998046875,
        1.2265625,
        1.1728515625,
        1.17578125,
        1.1142578125,
        1.0673828125,
        1.05859375,
        0.978515625,
        0.966796875
    ]
}