{
    "opt": {
        "train_epochs": 9.9,
        "batch_size": 1024,
        "lr": 11.5,
        "momentum": 0.85,
        "weight_decay": 0.0153,
        "bias_scaler": 64.0,
        "label_smoothing": 0.2,
        "whiten_bias_epochs": 3
    },
    "aug": {
        "flip": true,
        "translate": 2
    },
    "net": {
        "widths": {
            "block1": 64,
            "block2": 256,
            "block3": 256
        },
        "batchnorm_momentum": 0.6,
        "scaling_factor": 0.1111111111111111,
        "tta_level": 2
    },
    "random_seed": 99,
    "git_commit_hash": "85402c5c6fafc553256ddda6a38a5e86792e3fed",
    "elapsed_wclock_time": 3.900218896389008,
    "final acc": 0.9335999488830566,
    "last batch loss": 0.95263671875,
    "epoch_val_accs": [
        0.5956999659538269,
        0.7398999929428101,
        0.7069999575614929,
        0.6316999793052673,
        0.8529999852180481,
        0.854699969291687,
        0.8743000030517578,
        0.8878999948501587,
        0.911899983882904,
        0.9261999726295471
    ],
    "epoch_losses": [
        1.4853515625,
        1.2900390625,
        1.2509765625,
        1.228515625,
        1.14453125,
        1.10546875,
        1.064453125,
        1.041015625,
        1.0048828125,
        0.95263671875
    ]
}