{
    "opt": {
        "train_epochs": 9.9,
        "batch_size": 1024,
        "lr": 11.5,
        "momentum": 0.85,
        "weight_decay": 0.0153,
        "bias_scaler": 64.0,
        "label_smoothing": 0.2,
        "whiten_bias_epochs": 3
    },
    "aug": {
        "flip": true,
        "translate": 2
    },
    "net": {
        "widths": {
            "block1": 64,
            "block2": 256,
            "block3": 256
        },
        "batchnorm_momentum": 0.6,
        "scaling_factor": 0.1111111111111111,
        "tta_level": 2
    },
    "random_seed": 99,
    "git_commit_hash": "85402c5c6fafc553256ddda6a38a5e86792e3fed",
    "elapsed_wclock_time": 3.9099985482692725,
    "final acc": 0.9332000017166138,
    "last batch loss": 0.9697265625,
    "epoch_val_accs": [
        0.6988999843597412,
        0.6602999567985535,
        0.7799999713897705,
        0.811199963092804,
        0.8156999945640564,
        0.8292999863624573,
        0.8671000003814697,
        0.8750999569892883,
        0.904699981212616,
        0.9231999516487122
    ],
    "epoch_losses": [
        1.4228515625,
        1.3037109375,
        1.2578125,
        1.1630859375,
        1.1708984375,
        1.091796875,
        1.080078125,
        1.0263671875,
        0.98974609375,
        0.9697265625
    ]
}