{
    "opt": {
        "train_epochs": 9.9,
        "batch_size": 1024,
        "lr": 11.5,
        "momentum": 0.85,
        "weight_decay": 0.0153,
        "bias_scaler": 64.0,
        "label_smoothing": 0.2,
        "whiten_bias_epochs": 3
    },
    "aug": {
        "flip": true,
        "translate": 2
    },
    "net": {
        "widths": {
            "block1": 64,
            "block2": 256,
            "block3": 256
        },
        "batchnorm_momentum": 0.6,
        "scaling_factor": 0.1111111111111111,
        "tta_level": 2
    },
    "random_seed": 99,
    "git_commit_hash": "85402c5c6fafc553256ddda6a38a5e86792e3fed",
    "elapsed_wclock_time": 3.8285874664783477,
    "final acc": 0.9334999918937683,
    "last batch loss": 0.97412109375,
    "epoch_val_accs": [
        0.6807000041007996,
        0.7382000088691711,
        0.7515000104904175,
        0.7735999822616577,
        0.8497999906539917,
        0.851099967956543,
        0.8725000023841858,
        0.8947999477386475,
        0.9154999852180481,
        0.9256999492645264
    ],
    "epoch_losses": [
        1.447265625,
        1.314453125,
        1.2373046875,
        1.1806640625,
        1.154296875,
        1.1015625,
        1.0615234375,
        1.0576171875,
        0.96728515625,
        0.97412109375
    ]
}