{
    "opt": {
        "train_epochs": 9.9,
        "batch_size": 1024,
        "lr": 11.5,
        "momentum": 0.85,
        "weight_decay": 0.0153,
        "bias_scaler": 64.0,
        "label_smoothing": 0.2,
        "whiten_bias_epochs": 3
    },
    "aug": {
        "flip": true,
        "translate": 2
    },
    "net": {
        "widths": {
            "block1": 64,
            "block2": 256,
            "block3": 256
        },
        "batchnorm_momentum": 0.6,
        "scaling_factor": 0.1111111111111111,
        "tta_level": 2
    },
    "random_seed": 99,
    "git_commit_hash": "85402c5c6fafc553256ddda6a38a5e86792e3fed",
    "elapsed_wclock_time": 3.8912658865451815,
    "final acc": 0.9321999549865723,
    "last batch loss": 0.96484375,
    "epoch_val_accs": [
        0.6273999810218811,
        0.7257999777793884,
        0.761199951171875,
        0.7986999750137329,
        0.8173999786376953,
        0.8068999648094177,
        0.8601999878883362,
        0.8955000042915344,
        0.9052000045776367,
        0.9233999848365784
    ],
    "epoch_losses": [
        1.423828125,
        1.279296875,
        1.2373046875,
        1.203125,
        1.154296875,
        1.140625,
        1.0859375,
        1.0458984375,
        0.99609375,
        0.96484375
    ]
}