{
    "opt": {
        "train_epochs": 9.9,
        "batch_size": 1024,
        "lr": 11.5,
        "momentum": 0.85,
        "weight_decay": 0.0153,
        "bias_scaler": 64.0,
        "label_smoothing": 0.2,
        "whiten_bias_epochs": 3
    },
    "aug": {
        "flip": true,
        "translate": 2
    },
    "net": {
        "widths": {
            "block1": 64,
            "block2": 256,
            "block3": 256
        },
        "batchnorm_momentum": 0.6,
        "scaling_factor": 0.1111111111111111,
        "tta_level": 2
    },
    "random_seed": 99,
    "git_commit_hash": "85402c5c6fafc553256ddda6a38a5e86792e3fed",
    "elapsed_wclock_time": 3.903477305650711,
    "final acc": 0.9335999488830566,
    "last batch loss": 0.955078125,
    "epoch_val_accs": [
        0.6606000065803528,
        0.7339000105857849,
        0.724399983882904,
        0.8016999959945679,
        0.8230999708175659,
        0.8585000038146973,
        0.8789999485015869,
        0.8787999749183655,
        0.902999997138977,
        0.9247999787330627
    ],
    "epoch_losses": [
        1.4833984375,
        1.3115234375,
        1.203125,
        1.201171875,
        1.1650390625,
        1.130859375,
        1.0712890625,
        1.0703125,
        1.0,
        0.955078125
    ]
}