{
    "opt": {
        "train_epochs": 9.9,
        "batch_size": 1024,
        "lr": 11.5,
        "momentum": 0.85,
        "weight_decay": 0.0153,
        "bias_scaler": 64.0,
        "label_smoothing": 0.2,
        "whiten_bias_epochs": 3
    },
    "aug": {
        "flip": true,
        "translate": 2
    },
    "net": {
        "widths": {
            "block1": 64,
            "block2": 256,
            "block3": 256
        },
        "batchnorm_momentum": 0.6,
        "scaling_factor": 0.1111111111111111,
        "tta_level": 2
    },
    "random_seed": 99,
    "git_commit_hash": "85402c5c6fafc553256ddda6a38a5e86792e3fed",
    "elapsed_wclock_time": 3.7662684831619266,
    "final acc": 0.9325999617576599,
    "last batch loss": 0.9482421875,
    "epoch_val_accs": [
        0.5988999605178833,
        0.7186999917030334,
        0.7148999571800232,
        0.8039999604225159,
        0.8351999521255493,
        0.8521999716758728,
        0.8472999930381775,
        0.8862999677658081,
        0.9127999544143677,
        0.9266999959945679
    ],
    "epoch_losses": [
        1.4677734375,
        1.291015625,
        1.2392578125,
        1.2255859375,
        1.1806640625,
        1.119140625,
        1.08203125,
        1.0615234375,
        1.017578125,
        0.9482421875
    ]
}