{
    "opt": {
        "train_epochs": 9.9,
        "batch_size": 1024,
        "lr": 11.5,
        "momentum": 0.85,
        "weight_decay": 0.0153,
        "bias_scaler": 64.0,
        "label_smoothing": 0.2,
        "whiten_bias_epochs": 3
    },
    "aug": {
        "flip": true,
        "translate": 2
    },
    "net": {
        "widths": {
            "block1": 64,
            "block2": 256,
            "block3": 256
        },
        "batchnorm_momentum": 0.6,
        "scaling_factor": 0.1111111111111111,
        "tta_level": 2
    },
    "random_seed": 99,
    "git_commit_hash": "85402c5c6fafc553256ddda6a38a5e86792e3fed",
    "elapsed_wclock_time": 3.8907522957324985,
    "final acc": 0.934499979019165,
    "last batch loss": 0.9638671875,
    "epoch_val_accs": [
        0.6850000023841858,
        0.6777999997138977,
        0.7720999717712402,
        0.7637999653816223,
        0.8388999700546265,
        0.8273999691009521,
        0.8525999784469604,
        0.8837999701499939,
        0.9126999974250793,
        0.9257999658584595
    ],
    "epoch_losses": [
        1.4658203125,
        1.2841796875,
        1.2431640625,
        1.1962890625,
        1.15234375,
        1.1669921875,
        1.076171875,
        1.044921875,
        0.98828125,
        0.9638671875
    ]
}