{
    "opt": {
        "train_epochs": 9.9,
        "batch_size": 1024,
        "lr": 11.5,
        "momentum": 0.85,
        "weight_decay": 0.0153,
        "bias_scaler": 64.0,
        "label_smoothing": 0.2,
        "whiten_bias_epochs": 3
    },
    "aug": {
        "flip": true,
        "translate": 2
    },
    "net": {
        "widths": {
            "block1": 64,
            "block2": 256,
            "block3": 256
        },
        "batchnorm_momentum": 0.6,
        "scaling_factor": 0.1111111111111111,
        "tta_level": 2
    },
    "random_seed": 99,
    "git_commit_hash": "85402c5c6fafc553256ddda6a38a5e86792e3fed",
    "elapsed_wclock_time": 3.8865818655490876,
    "final acc": 0.9319999814033508,
    "last batch loss": 0.9716796875,
    "epoch_val_accs": [
        0.6766999959945679,
        0.5590000152587891,
        0.7330999970436096,
        0.8183000087738037,
        0.8204999566078186,
        0.8222000002861023,
        0.8792999982833862,
        0.8883000016212463,
        0.9133999943733215,
        0.9233999848365784
    ],
    "epoch_losses": [
        1.4599609375,
        1.2822265625,
        1.2392578125,
        1.1826171875,
        1.1484375,
        1.1005859375,
        1.0712890625,
        1.021484375,
        0.99853515625,
        0.9716796875
    ]
}