{
    "opt": {
        "train_epochs": 9.9,
        "batch_size": 1024,
        "lr": 11.5,
        "momentum": 0.85,
        "weight_decay": 0.0153,
        "bias_scaler": 64.0,
        "label_smoothing": 0.2,
        "whiten_bias_epochs": 3
    },
    "aug": {
        "flip": true,
        "translate": 2
    },
    "net": {
        "widths": {
            "block1": 64,
            "block2": 256,
            "block3": 256
        },
        "batchnorm_momentum": 0.6,
        "scaling_factor": 0.1111111111111111,
        "tta_level": 2
    },
    "random_seed": 99,
    "git_commit_hash": "85402c5c6fafc553256ddda6a38a5e86792e3fed",
    "elapsed_wclock_time": 3.9008451385498044,
    "final acc": 0.9321999549865723,
    "last batch loss": 0.9609375,
    "epoch_val_accs": [
        0.6218999624252319,
        0.6421999931335449,
        0.7407999634742737,
        0.8029999732971191,
        0.8464999794960022,
        0.8044999837875366,
        0.839199960231781,
        0.8932999968528748,
        0.9037999510765076,
        0.9215999841690063
    ],
    "epoch_losses": [
        1.4814453125,
        1.3447265625,
        1.21484375,
        1.2451171875,
        1.1513671875,
        1.13671875,
        1.0771484375,
        1.052734375,
        1.0087890625,
        0.9609375
    ]
}