{
    "opt": {
        "train_epochs": 9.9,
        "batch_size": 1024,
        "lr": 11.5,
        "momentum": 0.85,
        "weight_decay": 0.0153,
        "bias_scaler": 64.0,
        "label_smoothing": 0.2,
        "whiten_bias_epochs": 3
    },
    "aug": {
        "flip": true,
        "translate": 2
    },
    "net": {
        "widths": {
            "block1": 64,
            "block2": 256,
            "block3": 256
        },
        "batchnorm_momentum": 0.6,
        "scaling_factor": 0.1111111111111111,
        "tta_level": 2
    },
    "random_seed": 99,
    "git_commit_hash": "85402c5c6fafc553256ddda6a38a5e86792e3fed",
    "elapsed_wclock_time": 3.7672235381603243,
    "final acc": 0.930899977684021,
    "last batch loss": 0.96533203125,
    "epoch_val_accs": [
        0.6557999849319458,
        0.7619999647140503,
        0.7721999883651733,
        0.771399974822998,
        0.8280999660491943,
        0.8377999663352966,
        0.857699990272522,
        0.8726999759674072,
        0.9154999852180481,
        0.9264000058174133
    ],
    "epoch_losses": [
        1.4716796875,
        1.2900390625,
        1.23828125,
        1.1826171875,
        1.15625,
        1.107421875,
        1.0654296875,
        1.0380859375,
        0.99658203125,
        0.96533203125
    ]
}