{
    "opt": {
        "train_epochs": 9.9,
        "batch_size": 1024,
        "lr": 11.5,
        "momentum": 0.85,
        "weight_decay": 0.0153,
        "bias_scaler": 64.0,
        "label_smoothing": 0.2,
        "whiten_bias_epochs": 3
    },
    "aug": {
        "flip": true,
        "translate": 2
    },
    "net": {
        "widths": {
            "block1": 64,
            "block2": 256,
            "block3": 256
        },
        "batchnorm_momentum": 0.6,
        "scaling_factor": 0.1111111111111111,
        "tta_level": 2
    },
    "random_seed": 99,
    "git_commit_hash": "85402c5c6fafc553256ddda6a38a5e86792e3fed",
    "elapsed_wclock_time": 3.9024347519874567,
    "final acc": 0.9332000017166138,
    "last batch loss": 0.9638671875,
    "epoch_val_accs": [
        0.6814999580383301,
        0.6398000121116638,
        0.8001999855041504,
        0.7797999978065491,
        0.840499997138977,
        0.8382999897003174,
        0.8601999878883362,
        0.8920999765396118,
        0.9056999683380127,
        0.9266999959945679
    ],
    "epoch_losses": [
        1.4560546875,
        1.2958984375,
        1.21875,
        1.1943359375,
        1.17578125,
        1.125,
        1.0869140625,
        1.0419921875,
        1.001953125,
        0.9638671875
    ]
}