{
    "opt": {
        "train_epochs": 9.9,
        "batch_size": 1024,
        "lr": 11.5,
        "momentum": 0.85,
        "weight_decay": 0.0153,
        "bias_scaler": 64.0,
        "label_smoothing": 0.2,
        "whiten_bias_epochs": 3
    },
    "aug": {
        "flip": true,
        "translate": 2
    },
    "net": {
        "widths": {
            "block1": 64,
            "block2": 256,
            "block3": 256
        },
        "batchnorm_momentum": 0.6,
        "scaling_factor": 0.1111111111111111,
        "tta_level": 2
    },
    "random_seed": 99,
    "git_commit_hash": "85402c5c6fafc553256ddda6a38a5e86792e3fed",
    "elapsed_wclock_time": 3.8961937153339385,
    "final acc": 0.9339999556541443,
    "last batch loss": 0.96435546875,
    "epoch_val_accs": [
        0.6452999711036682,
        0.7425000071525574,
        0.7382999658584595,
        0.7675999999046326,
        0.8478999733924866,
        0.8091999888420105,
        0.8822999596595764,
        0.8770999908447266,
        0.9124999642372131,
        0.9248999953269958
    ],
    "epoch_losses": [
        1.4921875,
        1.294921875,
        1.24609375,
        1.220703125,
        1.142578125,
        1.12109375,
        1.08203125,
        1.05078125,
        0.98046875,
        0.96435546875
    ]
}