{
    "opt": {
        "train_epochs": 9.9,
        "batch_size": 1024,
        "lr": 11.5,
        "momentum": 0.85,
        "weight_decay": 0.0153,
        "bias_scaler": 64.0,
        "label_smoothing": 0.2,
        "whiten_bias_epochs": 3
    },
    "aug": {
        "flip": true,
        "translate": 2
    },
    "net": {
        "widths": {
            "block1": 64,
            "block2": 256,
            "block3": 256
        },
        "batchnorm_momentum": 0.6,
        "scaling_factor": 0.1111111111111111,
        "tta_level": 2
    },
    "random_seed": 99,
    "git_commit_hash": "85402c5c6fafc553256ddda6a38a5e86792e3fed",
    "elapsed_wclock_time": 3.889545244693756,
    "final acc": 0.9318999648094177,
    "last batch loss": 0.9697265625,
    "epoch_val_accs": [
        0.6419999599456787,
        0.5925999879837036,
        0.7143999934196472,
        0.8041999936103821,
        0.848800003528595,
        0.8361999988555908,
        0.875499963760376,
        0.895799994468689,
        0.9127999544143677,
        0.9254999756813049
    ],
    "epoch_losses": [
        1.4521484375,
        1.3056640625,
        1.2451171875,
        1.1884765625,
        1.1826171875,
        1.12890625,
        1.076171875,
        1.0517578125,
        0.986328125,
        0.9697265625
    ]
}