{
    "opt": {
        "train_epochs": 9.9,
        "batch_size": 1024,
        "lr": 11.5,
        "momentum": 0.85,
        "weight_decay": 0.0153,
        "bias_scaler": 64.0,
        "label_smoothing": 0.2,
        "whiten_bias_epochs": 3
    },
    "aug": {
        "flip": true,
        "translate": 2
    },
    "net": {
        "widths": {
            "block1": 64,
            "block2": 256,
            "block3": 256
        },
        "batchnorm_momentum": 0.6,
        "scaling_factor": 0.1111111111111111,
        "tta_level": 2
    },
    "random_seed": 99,
    "git_commit_hash": "85402c5c6fafc553256ddda6a38a5e86792e3fed",
    "elapsed_wclock_time": 3.8945961294174194,
    "final acc": 0.9289000034332275,
    "last batch loss": 0.97021484375,
    "epoch_val_accs": [
        0.6930999755859375,
        0.6919999718666077,
        0.7698999643325806,
        0.8121999502182007,
        0.8062999844551086,
        0.8407999873161316,
        0.8921999931335449,
        0.8788999915122986,
        0.906499981880188,
        0.9221999645233154
    ],
    "epoch_losses": [
        1.4638671875,
        1.314453125,
        1.2333984375,
        1.201171875,
        1.169921875,
        1.1220703125,
        1.0634765625,
        1.03515625,
        0.99072265625,
        0.97021484375
    ]
}