{
    "opt": {
        "train_epochs": 9.9,
        "batch_size": 1024,
        "lr": 11.5,
        "momentum": 0.85,
        "weight_decay": 0.0153,
        "bias_scaler": 64.0,
        "label_smoothing": 0.2,
        "whiten_bias_epochs": 3
    },
    "aug": {
        "flip": true,
        "translate": 2
    },
    "net": {
        "widths": {
            "block1": 64,
            "block2": 256,
            "block3": 256
        },
        "batchnorm_momentum": 0.6,
        "scaling_factor": 0.1111111111111111,
        "tta_level": 2
    },
    "random_seed": 99,
    "git_commit_hash": "85402c5c6fafc553256ddda6a38a5e86792e3fed",
    "elapsed_wclock_time": 3.8159464390277864,
    "final acc": 0.9322999715805054,
    "last batch loss": 0.9765625,
    "epoch_val_accs": [
        0.6482999920845032,
        0.761199951171875,
        0.7409999966621399,
        0.8289999961853027,
        0.8431999683380127,
        0.8300999999046326,
        0.871399998664856,
        0.8901000022888184,
        0.9057999849319458,
        0.9229999780654907
    ],
    "epoch_losses": [
        1.4091796875,
        1.2685546875,
        1.2568359375,
        1.197265625,
        1.1474609375,
        1.142578125,
        1.068359375,
        1.0498046875,
        0.99267578125,
        0.9765625
    ]
}