{
    "opt": {
        "train_epochs": 9.9,
        "batch_size": 1024,
        "lr": 11.5,
        "momentum": 0.85,
        "weight_decay": 0.0153,
        "bias_scaler": 64.0,
        "label_smoothing": 0.2,
        "whiten_bias_epochs": 3
    },
    "aug": {
        "flip": true,
        "translate": 2
    },
    "net": {
        "widths": {
            "block1": 64,
            "block2": 256,
            "block3": 256
        },
        "batchnorm_momentum": 0.6,
        "scaling_factor": 0.1111111111111111,
        "tta_level": 2
    },
    "random_seed": 99,
    "git_commit_hash": "85402c5c6fafc553256ddda6a38a5e86792e3fed",
    "elapsed_wclock_time": 3.797320219039917,
    "final acc": 0.9340999722480774,
    "last batch loss": 0.97802734375,
    "epoch_val_accs": [
        0.6753000020980835,
        0.6255999803543091,
        0.7509999871253967,
        0.708299994468689,
        0.7750999927520752,
        0.8044999837875366,
        0.8447999954223633,
        0.8860999941825867,
        0.902999997138977,
        0.9238999485969543
    ],
    "epoch_losses": [
        1.4638671875,
        1.2890625,
        1.255859375,
        1.20703125,
        1.19921875,
        1.125,
        1.060546875,
        1.0478515625,
        1.0048828125,
        0.97802734375
    ]
}