{
    "opt": {
        "train_epochs": 9.9,
        "batch_size": 1024,
        "lr": 11.5,
        "momentum": 0.85,
        "weight_decay": 0.0153,
        "bias_scaler": 64.0,
        "label_smoothing": 0.2,
        "whiten_bias_epochs": 3
    },
    "aug": {
        "flip": true,
        "translate": 2
    },
    "net": {
        "widths": {
            "block1": 64,
            "block2": 256,
            "block3": 256
        },
        "batchnorm_momentum": 0.6,
        "scaling_factor": 0.1111111111111111,
        "tta_level": 2
    },
    "random_seed": 99,
    "git_commit_hash": "85402c5c6fafc553256ddda6a38a5e86792e3fed",
    "elapsed_wclock_time": 3.9013949697017676,
    "final acc": 0.9348999857902527,
    "last batch loss": 0.97265625,
    "epoch_val_accs": [
        0.6908999681472778,
        0.7409999966621399,
        0.7124999761581421,
        0.8086000084877014,
        0.8344999551773071,
        0.8238999843597412,
        0.8912000060081482,
        0.8769999742507935,
        0.9110999703407288,
        0.9287999868392944
    ],
    "epoch_losses": [
        1.421875,
        1.3193359375,
        1.208984375,
        1.181640625,
        1.154296875,
        1.14453125,
        1.052734375,
        1.0625,
        1.0009765625,
        0.97265625
    ]
}