{
    "opt": {
        "train_epochs": 9.9,
        "batch_size": 1024,
        "lr": 11.5,
        "momentum": 0.85,
        "weight_decay": 0.0153,
        "bias_scaler": 64.0,
        "label_smoothing": 0.2,
        "whiten_bias_epochs": 3
    },
    "aug": {
        "flip": true,
        "translate": 2
    },
    "net": {
        "widths": {
            "block1": 64,
            "block2": 256,
            "block3": 256
        },
        "batchnorm_momentum": 0.6,
        "scaling_factor": 0.1111111111111111,
        "tta_level": 2
    },
    "random_seed": 99,
    "git_commit_hash": "85402c5c6fafc553256ddda6a38a5e86792e3fed",
    "elapsed_wclock_time": 3.8072948274612424,
    "final acc": 0.9317999482154846,
    "last batch loss": 0.98095703125,
    "epoch_val_accs": [
        0.6370999813079834,
        0.6832000017166138,
        0.717199981212616,
        0.758899986743927,
        0.8227999806404114,
        0.8021999597549438,
        0.8636999726295471,
        0.8903999924659729,
        0.9168999791145325,
        0.9251999855041504
    ],
    "epoch_losses": [
        1.5419921875,
        1.2978515625,
        1.2138671875,
        1.1787109375,
        1.1591796875,
        1.14453125,
        1.0703125,
        1.07421875,
        1.001953125,
        0.98095703125
    ]
}