{
    "opt": {
        "train_epochs": 9.9,
        "batch_size": 1024,
        "lr": 11.5,
        "momentum": 0.85,
        "weight_decay": 0.0153,
        "bias_scaler": 64.0,
        "label_smoothing": 0.2,
        "whiten_bias_epochs": 3
    },
    "aug": {
        "flip": true,
        "translate": 2
    },
    "net": {
        "widths": {
            "block1": 64,
            "block2": 256,
            "block3": 256
        },
        "batchnorm_momentum": 0.6,
        "scaling_factor": 0.1111111111111111,
        "tta_level": 2
    },
    "random_seed": 99,
    "git_commit_hash": "85402c5c6fafc553256ddda6a38a5e86792e3fed",
    "elapsed_wclock_time": 3.7631496949195857,
    "final acc": 0.9332000017166138,
    "last batch loss": 0.96435546875,
    "epoch_val_accs": [
        0.6696999669075012,
        0.7251999974250793,
        0.7852999567985535,
        0.7942000031471252,
        0.8263999819755554,
        0.8274999856948853,
        0.8865000009536743,
        0.8836999535560608,
        0.9178999662399292,
        0.925599992275238
    ],
    "epoch_losses": [
        1.4462890625,
        1.32421875,
        1.2138671875,
        1.1787109375,
        1.154296875,
        1.1240234375,
        1.0849609375,
        1.0498046875,
        1.0087890625,
        0.96435546875
    ]
}