{
    "opt": {
        "train_epochs": 9.9,
        "batch_size": 1024,
        "lr": 11.5,
        "momentum": 0.85,
        "weight_decay": 0.0153,
        "bias_scaler": 64.0,
        "label_smoothing": 0.2,
        "whiten_bias_epochs": 3
    },
    "aug": {
        "flip": true,
        "translate": 2
    },
    "net": {
        "widths": {
            "block1": 64,
            "block2": 256,
            "block3": 256
        },
        "batchnorm_momentum": 0.6,
        "scaling_factor": 0.1111111111111111,
        "tta_level": 2
    },
    "random_seed": 99,
    "git_commit_hash": "85402c5c6fafc553256ddda6a38a5e86792e3fed",
    "elapsed_wclock_time": 3.905486488342285,
    "final acc": 0.9333999752998352,
    "last batch loss": 0.974609375,
    "epoch_val_accs": [
        0.6997999548912048,
        0.6283999681472778,
        0.7840999960899353,
        0.8025999665260315,
        0.7831000089645386,
        0.8596000075340271,
        0.8726999759674072,
        0.8915999531745911,
        0.9138000011444092,
        0.925599992275238
    ],
    "epoch_losses": [
        1.44140625,
        1.3046875,
        1.216796875,
        1.185546875,
        1.1943359375,
        1.1171875,
        1.09375,
        1.056640625,
        1.0078125,
        0.974609375
    ]
}