{
    "opt": {
        "train_epochs": 9.9,
        "batch_size": 1024,
        "lr": 11.5,
        "momentum": 0.85,
        "weight_decay": 0.0153,
        "bias_scaler": 64.0,
        "label_smoothing": 0.2,
        "whiten_bias_epochs": 3
    },
    "aug": {
        "flip": true,
        "translate": 2
    },
    "net": {
        "widths": {
            "block1": 64,
            "block2": 256,
            "block3": 256
        },
        "batchnorm_momentum": 0.6,
        "scaling_factor": 0.1111111111111111,
        "tta_level": 2
    },
    "random_seed": 99,
    "git_commit_hash": "85402c5c6fafc553256ddda6a38a5e86792e3fed",
    "elapsed_wclock_time": 3.8968670818805697,
    "final acc": 0.9319999814033508,
    "last batch loss": 0.9619140625,
    "epoch_val_accs": [
        0.5791000127792358,
        0.6510999798774719,
        0.7519999742507935,
        0.6983999609947205,
        0.8294000029563904,
        0.8285999894142151,
        0.8640999794006348,
        0.8881999850273132,
        0.9145999550819397,
        0.9248999953269958
    ],
    "epoch_losses": [
        1.451171875,
        1.271484375,
        1.21875,
        1.177734375,
        1.18359375,
        1.150390625,
        1.072265625,
        1.037109375,
        1.0126953125,
        0.9619140625
    ]
}