{
    "opt": {
        "train_epochs": 9.9,
        "batch_size": 1024,
        "lr": 11.5,
        "momentum": 0.85,
        "weight_decay": 0.0153,
        "bias_scaler": 64.0,
        "label_smoothing": 0.2,
        "whiten_bias_epochs": 3
    },
    "aug": {
        "flip": true,
        "translate": 2
    },
    "net": {
        "widths": {
            "block1": 64,
            "block2": 256,
            "block3": 256
        },
        "batchnorm_momentum": 0.6,
        "scaling_factor": 0.1111111111111111,
        "tta_level": 2
    },
    "random_seed": 99,
    "git_commit_hash": "85402c5c6fafc553256ddda6a38a5e86792e3fed",
    "elapsed_wclock_time": 3.767158699989319,
    "final acc": 0.9312999844551086,
    "last batch loss": 0.962890625,
    "epoch_val_accs": [
        0.6334999799728394,
        0.7130999565124512,
        0.7573999762535095,
        0.796999990940094,
        0.7657999992370605,
        0.7996999621391296,
        0.8625999689102173,
        0.8858999609947205,
        0.9073999524116516,
        0.9228999614715576
    ],
    "epoch_losses": [
        1.4453125,
        1.318359375,
        1.2421875,
        1.2109375,
        1.150390625,
        1.109375,
        1.0869140625,
        1.0537109375,
        0.99072265625,
        0.962890625
    ]
}