{
    "opt": {
        "train_epochs": 9.9,
        "batch_size": 1024,
        "lr": 11.5,
        "momentum": 0.85,
        "weight_decay": 0.0153,
        "bias_scaler": 64.0,
        "label_smoothing": 0.2,
        "whiten_bias_epochs": 3
    },
    "aug": {
        "flip": true,
        "translate": 2
    },
    "net": {
        "widths": {
            "block1": 64,
            "block2": 256,
            "block3": 256
        },
        "batchnorm_momentum": 0.6,
        "scaling_factor": 0.1111111111111111,
        "tta_level": 2
    },
    "random_seed": 99,
    "git_commit_hash": "85402c5c6fafc553256ddda6a38a5e86792e3fed",
    "elapsed_wclock_time": 3.8552083740234377,
    "final acc": 0.9314000010490417,
    "last batch loss": 0.96240234375,
    "epoch_val_accs": [
        0.6304000020027161,
        0.751800000667572,
        0.6875999569892883,
        0.7633999586105347,
        0.8543999791145325,
        0.8004999756813049,
        0.8551999926567078,
        0.8837999701499939,
        0.9092999696731567,
        0.9230999946594238
    ],
    "epoch_losses": [
        1.5166015625,
        1.3154296875,
        1.248046875,
        1.21484375,
        1.140625,
        1.123046875,
        1.0625,
        1.0634765625,
        1.0078125,
        0.96240234375
    ]
}