{
    "opt": {
        "train_epochs": 9.9,
        "batch_size": 1024,
        "lr": 11.5,
        "momentum": 0.85,
        "weight_decay": 0.0153,
        "bias_scaler": 64.0,
        "label_smoothing": 0.2,
        "whiten_bias_epochs": 3
    },
    "aug": {
        "flip": true,
        "translate": 2
    },
    "net": {
        "widths": {
            "block1": 64,
            "block2": 256,
            "block3": 256
        },
        "batchnorm_momentum": 0.6,
        "scaling_factor": 0.1111111111111111,
        "tta_level": 2
    },
    "random_seed": 99,
    "git_commit_hash": "85402c5c6fafc553256ddda6a38a5e86792e3fed",
    "elapsed_wclock_time": 3.764880124807358,
    "final acc": 0.9337999820709229,
    "last batch loss": 0.96484375,
    "epoch_val_accs": [
        0.7040999531745911,
        0.7662000060081482,
        0.7997999787330627,
        0.7558000087738037,
        0.704800009727478,
        0.8201999664306641,
        0.8704999685287476,
        0.8873999714851379,
        0.9091999530792236,
        0.9244999885559082
    ],
    "epoch_losses": [
        1.462890625,
        1.26953125,
        1.21875,
        1.2080078125,
        1.1591796875,
        1.1357421875,
        1.0546875,
        1.0439453125,
        1.0107421875,
        0.96484375
    ]
}