{
    "opt": {
        "train_epochs": 9.9,
        "batch_size": 1024,
        "lr": 11.5,
        "momentum": 0.85,
        "weight_decay": 0.0153,
        "bias_scaler": 64.0,
        "label_smoothing": 0.2,
        "whiten_bias_epochs": 3
    },
    "aug": {
        "flip": true,
        "translate": 2
    },
    "net": {
        "widths": {
            "block1": 64,
            "block2": 256,
            "block3": 256
        },
        "batchnorm_momentum": 0.6,
        "scaling_factor": 0.1111111111111111,
        "tta_level": 2
    },
    "random_seed": 99,
    "git_commit_hash": "85402c5c6fafc553256ddda6a38a5e86792e3fed",
    "elapsed_wclock_time": 3.766141492843628,
    "final acc": 0.9320999979972839,
    "last batch loss": 0.96728515625,
    "epoch_val_accs": [
        0.6687999963760376,
        0.7845999598503113,
        0.6955999732017517,
        0.7931999564170837,
        0.8209999799728394,
        0.826200008392334,
        0.8732999563217163,
        0.8962999582290649,
        0.9114999771118164,
        0.92249995470047
    ],
    "epoch_losses": [
        1.4794921875,
        1.3046875,
        1.25,
        1.1953125,
        1.220703125,
        1.11328125,
        1.07421875,
        1.02734375,
        0.9970703125,
        0.96728515625
    ]
}