{
    "opt": {
        "train_epochs": 9.9,
        "batch_size": 1024,
        "lr": 11.5,
        "momentum": 0.85,
        "weight_decay": 0.0153,
        "bias_scaler": 64.0,
        "label_smoothing": 0.2,
        "whiten_bias_epochs": 3
    },
    "aug": {
        "flip": true,
        "translate": 2
    },
    "net": {
        "widths": {
            "block1": 64,
            "block2": 256,
            "block3": 256
        },
        "batchnorm_momentum": 0.6,
        "scaling_factor": 0.1111111111111111,
        "tta_level": 2
    },
    "random_seed": 99,
    "git_commit_hash": "85402c5c6fafc553256ddda6a38a5e86792e3fed",
    "elapsed_wclock_time": 3.8927169644832618,
    "final acc": 0.9340999722480774,
    "last batch loss": 0.96435546875,
    "epoch_val_accs": [
        0.6595999598503113,
        0.7076999545097351,
        0.7925999760627747,
        0.7387999892234802,
        0.8116999864578247,
        0.8578000068664551,
        0.8801999688148499,
        0.8858000040054321,
        0.9091999530792236,
        0.9246999621391296
    ],
    "epoch_losses": [
        1.482421875,
        1.2958984375,
        1.259765625,
        1.24609375,
        1.1640625,
        1.16015625,
        1.076171875,
        1.0703125,
        1.0029296875,
        0.96435546875
    ]
}