{
    "opt": {
        "train_epochs": 9.9,
        "batch_size": 1024,
        "lr": 11.5,
        "momentum": 0.85,
        "weight_decay": 0.0153,
        "bias_scaler": 64.0,
        "label_smoothing": 0.2,
        "whiten_bias_epochs": 3
    },
    "aug": {
        "flip": true,
        "translate": 2
    },
    "net": {
        "widths": {
            "block1": 64,
            "block2": 256,
            "block3": 256
        },
        "batchnorm_momentum": 0.6,
        "scaling_factor": 0.1111111111111111,
        "tta_level": 2
    },
    "random_seed": 99,
    "git_commit_hash": "85402c5c6fafc553256ddda6a38a5e86792e3fed",
    "elapsed_wclock_time": 3.9050540685653683,
    "final acc": 0.9323999881744385,
    "last batch loss": 0.95263671875,
    "epoch_val_accs": [
        0.6868000030517578,
        0.6423999667167664,
        0.7050999999046326,
        0.8025999665260315,
        0.8521999716758728,
        0.8295999765396118,
        0.8596000075340271,
        0.88919997215271,
        0.9104999899864197,
        0.9239999651908875
    ],
    "epoch_losses": [
        1.4638671875,
        1.3369140625,
        1.216796875,
        1.1943359375,
        1.1669921875,
        1.12890625,
        1.1005859375,
        1.0498046875,
        1.01953125,
        0.95263671875
    ]
}