{
    "opt": {
        "train_epochs": 9.9,
        "batch_size": 1024,
        "lr": 11.5,
        "momentum": 0.85,
        "weight_decay": 0.0153,
        "bias_scaler": 64.0,
        "label_smoothing": 0.2,
        "whiten_bias_epochs": 3
    },
    "aug": {
        "flip": true,
        "translate": 2
    },
    "net": {
        "widths": {
            "block1": 64,
            "block2": 256,
            "block3": 256
        },
        "batchnorm_momentum": 0.6,
        "scaling_factor": 0.1111111111111111,
        "tta_level": 2
    },
    "random_seed": 99,
    "git_commit_hash": "85402c5c6fafc553256ddda6a38a5e86792e3fed",
    "elapsed_wclock_time": 3.900106849193573,
    "final acc": 0.9334999918937683,
    "last batch loss": 0.96826171875,
    "epoch_val_accs": [
        0.6266999840736389,
        0.6913999915122986,
        0.7464999556541443,
        0.7813999652862549,
        0.8333999514579773,
        0.7806999683380127,
        0.871399998664856,
        0.88919997215271,
        0.9077999591827393,
        0.9247999787330627
    ],
    "epoch_losses": [
        1.4296875,
        1.279296875,
        1.263671875,
        1.205078125,
        1.1787109375,
        1.1240234375,
        1.06640625,
        1.0390625,
        1.0068359375,
        0.96826171875
    ]
}