{
    "opt": {
        "train_epochs": 9.9,
        "batch_size": 1024,
        "lr": 11.5,
        "momentum": 0.85,
        "weight_decay": 0.0153,
        "bias_scaler": 64.0,
        "label_smoothing": 0.2,
        "whiten_bias_epochs": 3
    },
    "aug": {
        "flip": true,
        "translate": 2
    },
    "net": {
        "widths": {
            "block1": 64,
            "block2": 256,
            "block3": 256
        },
        "batchnorm_momentum": 0.6,
        "scaling_factor": 0.1111111111111111,
        "tta_level": 2
    },
    "random_seed": 99,
    "git_commit_hash": "85402c5c6fafc553256ddda6a38a5e86792e3fed",
    "elapsed_wclock_time": 3.7640481486320496,
    "final acc": 0.9329999685287476,
    "last batch loss": 0.958984375,
    "epoch_val_accs": [
        0.640500009059906,
        0.602400004863739,
        0.6782000064849854,
        0.8364999890327454,
        0.8043999671936035,
        0.8454999923706055,
        0.8700999617576599,
        0.8780999779701233,
        0.9154999852180481,
        0.9275999665260315
    ],
    "epoch_losses": [
        1.4580078125,
        1.373046875,
        1.267578125,
        1.1591796875,
        1.15234375,
        1.1328125,
        1.080078125,
        1.0576171875,
        0.99609375,
        0.958984375
    ]
}