{
    "opt": {
        "train_epochs": 9.9,
        "batch_size": 1024,
        "lr": 11.5,
        "momentum": 0.85,
        "weight_decay": 0.0153,
        "bias_scaler": 64.0,
        "label_smoothing": 0.2,
        "whiten_bias_epochs": 3
    },
    "aug": {
        "flip": true,
        "translate": 2
    },
    "net": {
        "widths": {
            "block1": 64,
            "block2": 256,
            "block3": 256
        },
        "batchnorm_momentum": 0.6,
        "scaling_factor": 0.1111111111111111,
        "tta_level": 2
    },
    "random_seed": 99,
    "git_commit_hash": "85402c5c6fafc553256ddda6a38a5e86792e3fed",
    "elapsed_wclock_time": 3.806379853725433,
    "final acc": 0.9334999918937683,
    "last batch loss": 0.96533203125,
    "epoch_val_accs": [
        0.6469999551773071,
        0.7009999752044678,
        0.7418000102043152,
        0.7696999907493591,
        0.81659996509552,
        0.8448999524116516,
        0.8716999888420105,
        0.8610000014305115,
        0.9132999777793884,
        0.9264999628067017
    ],
    "epoch_losses": [
        1.478515625,
        1.3125,
        1.2275390625,
        1.2099609375,
        1.1806640625,
        1.1572265625,
        1.0634765625,
        1.064453125,
        0.99462890625,
        0.96533203125
    ]
}