{
    "opt": {
        "train_epochs": 9.9,
        "batch_size": 1024,
        "lr": 11.5,
        "momentum": 0.85,
        "weight_decay": 0.0153,
        "bias_scaler": 64.0,
        "label_smoothing": 0.2,
        "whiten_bias_epochs": 3
    },
    "aug": {
        "flip": true,
        "translate": 2
    },
    "net": {
        "widths": {
            "block1": 64,
            "block2": 256,
            "block3": 256
        },
        "batchnorm_momentum": 0.6,
        "scaling_factor": 0.1111111111111111,
        "tta_level": 2
    },
    "random_seed": 99,
    "git_commit_hash": "85402c5c6fafc553256ddda6a38a5e86792e3fed",
    "elapsed_wclock_time": 3.856240152835846,
    "final acc": 0.9317999482154846,
    "last batch loss": 0.96630859375,
    "epoch_val_accs": [
        0.611799955368042,
        0.7168999910354614,
        0.7221999764442444,
        0.8111000061035156,
        0.8233000040054321,
        0.8452999591827393,
        0.8466999530792236,
        0.8946999907493591,
        0.913599967956543,
        0.9200999736785889
    ],
    "epoch_losses": [
        1.515625,
        1.31640625,
        1.251953125,
        1.1904296875,
        1.150390625,
        1.1201171875,
        1.07421875,
        1.05078125,
        1.0029296875,
        0.96630859375
    ]
}