{
    "opt": {
        "train_epochs": 9.9,
        "batch_size": 1024,
        "lr": 11.5,
        "momentum": 0.85,
        "weight_decay": 0.0153,
        "bias_scaler": 64.0,
        "label_smoothing": 0.2,
        "whiten_bias_epochs": 3
    },
    "aug": {
        "flip": true,
        "translate": 2
    },
    "net": {
        "widths": {
            "block1": 64,
            "block2": 256,
            "block3": 256
        },
        "batchnorm_momentum": 0.6,
        "scaling_factor": 0.1111111111111111,
        "tta_level": 2
    },
    "random_seed": 99,
    "git_commit_hash": "85402c5c6fafc553256ddda6a38a5e86792e3fed",
    "elapsed_wclock_time": 3.7652224955558786,
    "final acc": 0.9298999905586243,
    "last batch loss": 0.9794921875,
    "epoch_val_accs": [
        0.5877999663352966,
        0.7037999629974365,
        0.7324999570846558,
        0.7580999732017517,
        0.8233000040054321,
        0.8111000061035156,
        0.8538999557495117,
        0.8824999928474426,
        0.905299961566925,
        0.9222999811172485
    ],
    "epoch_losses": [
        1.4599609375,
        1.3154296875,
        1.2353515625,
        1.181640625,
        1.2060546875,
        1.142578125,
        1.080078125,
        1.064453125,
        1.0009765625,
        0.9794921875
    ]
}