{
    "opt": {
        "train_epochs": 9.9,
        "batch_size": 1024,
        "lr": 11.5,
        "momentum": 0.85,
        "weight_decay": 0.0153,
        "bias_scaler": 64.0,
        "label_smoothing": 0.2,
        "whiten_bias_epochs": 3
    },
    "aug": {
        "flip": true,
        "translate": 2
    },
    "net": {
        "widths": {
            "block1": 64,
            "block2": 256,
            "block3": 256
        },
        "batchnorm_momentum": 0.6,
        "scaling_factor": 0.1111111111111111,
        "tta_level": 2
    },
    "random_seed": 99,
    "git_commit_hash": "85402c5c6fafc553256ddda6a38a5e86792e3fed",
    "elapsed_wclock_time": 3.8508559000492104,
    "final acc": 0.9300999641418457,
    "last batch loss": 0.966796875,
    "epoch_val_accs": [
        0.7074999809265137,
        0.7489999532699585,
        0.7678999900817871,
        0.8080999851226807,
        0.8341000080108643,
        0.8567999601364136,
        0.8783999681472778,
        0.8824999928474426,
        0.9161999821662903,
        0.9228000044822693
    ],
    "epoch_losses": [
        1.4775390625,
        1.28125,
        1.232421875,
        1.1728515625,
        1.17578125,
        1.1328125,
        1.06640625,
        1.044921875,
        1.01171875,
        0.966796875
    ]
}