{
    "opt": {
        "train_epochs": 9.9,
        "batch_size": 1024,
        "lr": 11.5,
        "momentum": 0.85,
        "weight_decay": 0.0153,
        "bias_scaler": 64.0,
        "label_smoothing": 0.2,
        "whiten_bias_epochs": 3
    },
    "aug": {
        "flip": true,
        "translate": 2
    },
    "net": {
        "widths": {
            "block1": 64,
            "block2": 256,
            "block3": 256
        },
        "batchnorm_momentum": 0.6,
        "scaling_factor": 0.1111111111111111,
        "tta_level": 2
    },
    "random_seed": 99,
    "git_commit_hash": "85402c5c6fafc553256ddda6a38a5e86792e3fed",
    "elapsed_wclock_time": 3.858314094543457,
    "final acc": 0.9323999881744385,
    "last batch loss": 0.96142578125,
    "epoch_val_accs": [
        0.6601999998092651,
        0.7523999810218811,
        0.763700008392334,
        0.8170999884605408,
        0.8271999955177307,
        0.835599958896637,
        0.8592999577522278,
        0.8718000054359436,
        0.9120000004768372,
        0.9246000051498413
    ],
    "epoch_losses": [
        1.5185546875,
        1.2939453125,
        1.267578125,
        1.1826171875,
        1.1591796875,
        1.13671875,
        1.0712890625,
        1.0341796875,
        0.99755859375,
        0.96142578125
    ]
}