{
    "opt": {
        "train_epochs": 9.9,
        "batch_size": 1024,
        "lr": 11.5,
        "momentum": 0.85,
        "weight_decay": 0.0153,
        "bias_scaler": 64.0,
        "label_smoothing": 0.2,
        "whiten_bias_epochs": 3
    },
    "aug": {
        "flip": true,
        "translate": 2
    },
    "net": {
        "widths": {
            "block1": 64,
            "block2": 256,
            "block3": 256
        },
        "batchnorm_momentum": 0.6,
        "scaling_factor": 0.1111111111111111,
        "tta_level": 2
    },
    "random_seed": 99,
    "git_commit_hash": "85402c5c6fafc553256ddda6a38a5e86792e3fed",
    "elapsed_wclock_time": 3.842427900314331,
    "final acc": 0.9320999979972839,
    "last batch loss": 0.9619140625,
    "epoch_val_accs": [
        0.6531999707221985,
        0.6671000123023987,
        0.723800003528595,
        0.7368999719619751,
        0.7820999622344971,
        0.8533999919891357,
        0.8848999738693237,
        0.8956999778747559,
        0.9149999618530273,
        0.9248999953269958
    ],
    "epoch_losses": [
        1.4560546875,
        1.29296875,
        1.2587890625,
        1.208984375,
        1.2099609375,
        1.1298828125,
        1.0634765625,
        1.048828125,
        0.9814453125,
        0.9619140625
    ]
}