{
    "opt": {
        "train_epochs": 9.9,
        "batch_size": 1024,
        "lr": 11.5,
        "momentum": 0.85,
        "weight_decay": 0.0153,
        "bias_scaler": 64.0,
        "label_smoothing": 0.2,
        "whiten_bias_epochs": 3
    },
    "aug": {
        "flip": true,
        "translate": 2
    },
    "net": {
        "widths": {
            "block1": 64,
            "block2": 256,
            "block3": 256
        },
        "batchnorm_momentum": 0.6,
        "scaling_factor": 0.1111111111111111,
        "tta_level": 2
    },
    "random_seed": 99,
    "git_commit_hash": "85402c5c6fafc553256ddda6a38a5e86792e3fed",
    "elapsed_wclock_time": 3.8952769393920903,
    "final acc": 0.9312999844551086,
    "last batch loss": 0.97314453125,
    "epoch_val_accs": [
        0.6344999670982361,
        0.72079998254776,
        0.6904999613761902,
        0.7493000030517578,
        0.8062999844551086,
        0.8398999571800232,
        0.8784999847412109,
        0.8826999664306641,
        0.9077999591827393,
        0.9251999855041504
    ],
    "epoch_losses": [
        1.517578125,
        1.28515625,
        1.2431640625,
        1.2236328125,
        1.1708984375,
        1.134765625,
        1.0732421875,
        1.048828125,
        0.99658203125,
        0.97314453125
    ]
}