{
    "opt": {
        "train_epochs": 9.9,
        "batch_size": 1024,
        "lr": 11.5,
        "momentum": 0.85,
        "weight_decay": 0.0153,
        "bias_scaler": 64.0,
        "label_smoothing": 0.2,
        "whiten_bias_epochs": 3
    },
    "aug": {
        "flip": true,
        "translate": 2
    },
    "net": {
        "widths": {
            "block1": 64,
            "block2": 256,
            "block3": 256
        },
        "batchnorm_momentum": 0.6,
        "scaling_factor": 0.1111111111111111,
        "tta_level": 2
    },
    "random_seed": 99,
    "git_commit_hash": "85402c5c6fafc553256ddda6a38a5e86792e3fed",
    "elapsed_wclock_time": 3.7613085482120514,
    "final acc": 0.9301999807357788,
    "last batch loss": 0.966796875,
    "epoch_val_accs": [
        0.6530999541282654,
        0.78329998254776,
        0.7594000101089478,
        0.7475000023841858,
        0.8172000050544739,
        0.8226000070571899,
        0.880299985408783,
        0.8787999749183655,
        0.9132999777793884,
        0.9210000038146973
    ],
    "epoch_losses": [
        1.4267578125,
        1.3154296875,
        1.234375,
        1.1884765625,
        1.1650390625,
        1.1015625,
        1.107421875,
        1.0625,
        1.0,
        0.966796875
    ]
}