{
    "opt": {
        "train_epochs": 9.9,
        "batch_size": 1024,
        "lr": 11.5,
        "momentum": 0.85,
        "weight_decay": 0.0153,
        "bias_scaler": 64.0,
        "label_smoothing": 0.2,
        "whiten_bias_epochs": 3
    },
    "aug": {
        "flip": true,
        "translate": 2
    },
    "net": {
        "widths": {
            "block1": 64,
            "block2": 256,
            "block3": 256
        },
        "batchnorm_momentum": 0.6,
        "scaling_factor": 0.1111111111111111,
        "tta_level": 2
    },
    "random_seed": 99,
    "git_commit_hash": "85402c5c6fafc553256ddda6a38a5e86792e3fed",
    "elapsed_wclock_time": 3.900070900201797,
    "final acc": 0.9299999475479126,
    "last batch loss": 0.9638671875,
    "epoch_val_accs": [
        0.5730000138282776,
        0.7507999539375305,
        0.7138999700546265,
        0.7577999830245972,
        0.7730000019073486,
        0.8269000053405762,
        0.8619999885559082,
        0.8815999627113342,
        0.9115999937057495,
        0.9222999811172485
    ],
    "epoch_losses": [
        1.44921875,
        1.3251953125,
        1.2802734375,
        1.2060546875,
        1.1591796875,
        1.1240234375,
        1.078125,
        1.0654296875,
        0.99755859375,
        0.9638671875
    ]
}