{
    "opt": {
        "train_epochs": 9.9,
        "batch_size": 1024,
        "lr": 11.5,
        "momentum": 0.85,
        "weight_decay": 0.0153,
        "bias_scaler": 64.0,
        "label_smoothing": 0.2,
        "whiten_bias_epochs": 3
    },
    "aug": {
        "flip": true,
        "translate": 2
    },
    "net": {
        "widths": {
            "block1": 64,
            "block2": 256,
            "block3": 256
        },
        "batchnorm_momentum": 0.6,
        "scaling_factor": 0.1111111111111111,
        "tta_level": 2
    },
    "random_seed": 99,
    "git_commit_hash": "85402c5c6fafc553256ddda6a38a5e86792e3fed",
    "elapsed_wclock_time": 3.906530036926269,
    "final acc": 0.9336999654769897,
    "last batch loss": 0.97216796875,
    "epoch_val_accs": [
        0.7031999826431274,
        0.7445999979972839,
        0.7709999680519104,
        0.761900007724762,
        0.840499997138977,
        0.8479999899864197,
        0.8580999970436096,
        0.8901000022888184,
        0.911899983882904,
        0.9251999855041504
    ],
    "epoch_losses": [
        1.4638671875,
        1.2900390625,
        1.2216796875,
        1.2041015625,
        1.1865234375,
        1.107421875,
        1.076171875,
        1.0546875,
        0.99755859375,
        0.97216796875
    ]
}