{
    "opt": {
        "train_epochs": 9.9,
        "batch_size": 1024,
        "lr": 11.5,
        "momentum": 0.85,
        "weight_decay": 0.0153,
        "bias_scaler": 64.0,
        "label_smoothing": 0.2,
        "whiten_bias_epochs": 3
    },
    "aug": {
        "flip": true,
        "translate": 2
    },
    "net": {
        "widths": {
            "block1": 64,
            "block2": 256,
            "block3": 256
        },
        "batchnorm_momentum": 0.6,
        "scaling_factor": 0.1111111111111111,
        "tta_level": 2
    },
    "random_seed": 99,
    "git_commit_hash": "85402c5c6fafc553256ddda6a38a5e86792e3fed",
    "elapsed_wclock_time": 3.8197815387248992,
    "final acc": 0.9332999587059021,
    "last batch loss": 0.966796875,
    "epoch_val_accs": [
        0.6435999870300293,
        0.7317999601364136,
        0.751800000667572,
        0.7676999568939209,
        0.8342999815940857,
        0.8579999804496765,
        0.8661999702453613,
        0.8859999775886536,
        0.9063999652862549,
        0.9239999651908875
    ],
    "epoch_losses": [
        1.4541015625,
        1.287109375,
        1.240234375,
        1.197265625,
        1.18359375,
        1.1142578125,
        1.08203125,
        1.0673828125,
        0.99267578125,
        0.966796875
    ]
}