{
    "opt": {
        "train_epochs": 9.9,
        "batch_size": 1024,
        "lr": 11.5,
        "momentum": 0.85,
        "weight_decay": 0.0153,
        "bias_scaler": 64.0,
        "label_smoothing": 0.2,
        "whiten_bias_epochs": 3
    },
    "aug": {
        "flip": true,
        "translate": 2
    },
    "net": {
        "widths": {
            "block1": 64,
            "block2": 256,
            "block3": 256
        },
        "batchnorm_momentum": 0.6,
        "scaling_factor": 0.1111111111111111,
        "tta_level": 2
    },
    "random_seed": 99,
    "git_commit_hash": "85402c5c6fafc553256ddda6a38a5e86792e3fed",
    "elapsed_wclock_time": 3.7649432165622714,
    "final acc": 0.933899998664856,
    "last batch loss": 0.97509765625,
    "epoch_val_accs": [
        0.6627999544143677,
        0.7383999824523926,
        0.7580999732017517,
        0.8116999864578247,
        0.8343999981880188,
        0.8348000049591064,
        0.8787999749183655,
        0.884399950504303,
        0.9068999886512756,
        0.9225999712944031
    ],
    "epoch_losses": [
        1.52734375,
        1.294921875,
        1.2314453125,
        1.1884765625,
        1.1708984375,
        1.12890625,
        1.0703125,
        1.0458984375,
        1.00390625,
        0.97509765625
    ]
}