{
    "opt": {
        "train_epochs": 9.9,
        "batch_size": 1024,
        "lr": 11.5,
        "momentum": 0.85,
        "weight_decay": 0.0153,
        "bias_scaler": 64.0,
        "label_smoothing": 0.2,
        "whiten_bias_epochs": 3
    },
    "aug": {
        "flip": true,
        "translate": 2
    },
    "net": {
        "widths": {
            "block1": 64,
            "block2": 256,
            "block3": 256
        },
        "batchnorm_momentum": 0.6,
        "scaling_factor": 0.1111111111111111,
        "tta_level": 2
    },
    "random_seed": 99,
    "git_commit_hash": "85402c5c6fafc553256ddda6a38a5e86792e3fed",
    "elapsed_wclock_time": 3.7977769868373876,
    "final acc": 0.9316999912261963,
    "last batch loss": 0.9658203125,
    "epoch_val_accs": [
        0.6642000079154968,
        0.6579999923706055,
        0.7507999539375305,
        0.7967000007629395,
        0.8102999925613403,
        0.84579998254776,
        0.8779000043869019,
        0.8826999664306641,
        0.9090999960899353,
        0.9244999885559082
    ],
    "epoch_losses": [
        1.447265625,
        1.3232421875,
        1.2412109375,
        1.1708984375,
        1.1630859375,
        1.14453125,
        1.078125,
        1.0419921875,
        0.97509765625,
        0.9658203125
    ]
}