{
    "opt": {
        "train_epochs": 9.9,
        "batch_size": 1024,
        "lr": 11.5,
        "momentum": 0.85,
        "weight_decay": 0.0153,
        "bias_scaler": 64.0,
        "label_smoothing": 0.2,
        "whiten_bias_epochs": 3
    },
    "aug": {
        "flip": true,
        "translate": 2
    },
    "net": {
        "widths": {
            "block1": 64,
            "block2": 256,
            "block3": 256
        },
        "batchnorm_momentum": 0.6,
        "scaling_factor": 0.1111111111111111,
        "tta_level": 2
    },
    "random_seed": 99,
    "git_commit_hash": "85402c5c6fafc553256ddda6a38a5e86792e3fed",
    "elapsed_wclock_time": 3.837397693872452,
    "final acc": 0.9327999949455261,
    "last batch loss": 0.96630859375,
    "epoch_val_accs": [
        0.640500009059906,
        0.6656000018119812,
        0.790399968624115,
        0.8219999670982361,
        0.8240999579429626,
        0.8682000041007996,
        0.808899998664856,
        0.8959999680519104,
        0.9126999974250793,
        0.9236999750137329
    ],
    "epoch_losses": [
        1.4501953125,
        1.263671875,
        1.2470703125,
        1.193359375,
        1.1630859375,
        1.1337890625,
        1.0888671875,
        1.046875,
        1.00390625,
        0.96630859375
    ]
}