{
    "opt": {
        "train_epochs": 9.9,
        "batch_size": 1024,
        "lr": 11.5,
        "momentum": 0.85,
        "weight_decay": 0.0153,
        "bias_scaler": 64.0,
        "label_smoothing": 0.2,
        "whiten_bias_epochs": 3
    },
    "aug": {
        "flip": true,
        "translate": 2
    },
    "net": {
        "widths": {
            "block1": 64,
            "block2": 256,
            "block3": 256
        },
        "batchnorm_momentum": 0.6,
        "scaling_factor": 0.1111111111111111,
        "tta_level": 2
    },
    "random_seed": 99,
    "git_commit_hash": "85402c5c6fafc553256ddda6a38a5e86792e3fed",
    "elapsed_wclock_time": 3.8544688704013823,
    "final acc": 0.9327999949455261,
    "last batch loss": 0.94873046875,
    "epoch_val_accs": [
        0.6776999831199646,
        0.6592999696731567,
        0.755299985408783,
        0.7550999522209167,
        0.8026999831199646,
        0.8341999650001526,
        0.8734999895095825,
        0.8815000057220459,
        0.9127999544143677,
        0.9231999516487122
    ],
    "epoch_losses": [
        1.486328125,
        1.296875,
        1.2314453125,
        1.1806640625,
        1.1611328125,
        1.1171875,
        1.0712890625,
        1.0498046875,
        1.001953125,
        0.94873046875
    ]
}