{
    "opt": {
        "train_epochs": 9.9,
        "batch_size": 1024,
        "lr": 11.5,
        "momentum": 0.85,
        "weight_decay": 0.0153,
        "bias_scaler": 64.0,
        "label_smoothing": 0.2,
        "whiten_bias_epochs": 3
    },
    "aug": {
        "flip": true,
        "translate": 2
    },
    "net": {
        "widths": {
            "block1": 64,
            "block2": 256,
            "block3": 256
        },
        "batchnorm_momentum": 0.6,
        "scaling_factor": 0.1111111111111111,
        "tta_level": 2
    },
    "random_seed": 99,
    "git_commit_hash": "85402c5c6fafc553256ddda6a38a5e86792e3fed",
    "elapsed_wclock_time": 3.8512680816650384,
    "final acc": 0.9340999722480774,
    "last batch loss": 0.97607421875,
    "epoch_val_accs": [
        0.6449999809265137,
        0.7669000029563904,
        0.6690999865531921,
        0.8069999814033508,
        0.8446999788284302,
        0.8381999731063843,
        0.8684999942779541,
        0.8816999793052673,
        0.9140999913215637,
        0.9257999658584595
    ],
    "epoch_losses": [
        1.478515625,
        1.3291015625,
        1.265625,
        1.181640625,
        1.154296875,
        1.1220703125,
        1.0771484375,
        1.0458984375,
        0.99658203125,
        0.97607421875
    ]
}