{
    "opt": {
        "train_epochs": 9.9,
        "batch_size": 1024,
        "lr": 11.5,
        "momentum": 0.85,
        "weight_decay": 0.0153,
        "bias_scaler": 64.0,
        "label_smoothing": 0.2,
        "whiten_bias_epochs": 3
    },
    "aug": {
        "flip": true,
        "translate": 2
    },
    "net": {
        "widths": {
            "block1": 64,
            "block2": 256,
            "block3": 256
        },
        "batchnorm_momentum": 0.6,
        "scaling_factor": 0.1111111111111111,
        "tta_level": 2
    },
    "random_seed": 99,
    "git_commit_hash": "85402c5c6fafc553256ddda6a38a5e86792e3fed",
    "elapsed_wclock_time": 3.894680351734161,
    "final acc": 0.9321999549865723,
    "last batch loss": 0.96728515625,
    "epoch_val_accs": [
        0.6764000058174133,
        0.7168999910354614,
        0.7676999568939209,
        0.7908999919891357,
        0.8337999582290649,
        0.7967000007629395,
        0.8899999856948853,
        0.8872999548912048,
        0.9106999635696411,
        0.9246000051498413
    ],
    "epoch_losses": [
        1.46484375,
        1.32421875,
        1.251953125,
        1.1845703125,
        1.154296875,
        1.1591796875,
        1.05078125,
        1.0361328125,
        0.9873046875,
        0.96728515625
    ]
}