{
    "opt": {
        "train_epochs": 9.9,
        "batch_size": 1024,
        "lr": 11.5,
        "momentum": 0.85,
        "weight_decay": 0.0153,
        "bias_scaler": 64.0,
        "label_smoothing": 0.2,
        "whiten_bias_epochs": 3
    },
    "aug": {
        "flip": true,
        "translate": 2
    },
    "net": {
        "widths": {
            "block1": 64,
            "block2": 256,
            "block3": 256
        },
        "batchnorm_momentum": 0.6,
        "scaling_factor": 0.1111111111111111,
        "tta_level": 2
    },
    "random_seed": 99,
    "git_commit_hash": "85402c5c6fafc553256ddda6a38a5e86792e3fed",
    "elapsed_wclock_time": 3.8561304006576544,
    "final acc": 0.9318999648094177,
    "last batch loss": 0.97265625,
    "epoch_val_accs": [
        0.6906999945640564,
        0.5561999678611755,
        0.6545999646186829,
        0.8069999814033508,
        0.8351999521255493,
        0.8161999583244324,
        0.871399998664856,
        0.8942999839782715,
        0.9151999950408936,
        0.924299955368042
    ],
    "epoch_losses": [
        1.46484375,
        1.2763671875,
        1.251953125,
        1.1728515625,
        1.1484375,
        1.1064453125,
        1.0830078125,
        1.0224609375,
        1.0078125,
        0.97265625
    ]
}