{
    "opt": {
        "train_epochs": 9.9,
        "batch_size": 1024,
        "lr": 11.5,
        "momentum": 0.85,
        "weight_decay": 0.0153,
        "bias_scaler": 64.0,
        "label_smoothing": 0.2,
        "whiten_bias_epochs": 3
    },
    "aug": {
        "flip": true,
        "translate": 2
    },
    "net": {
        "widths": {
            "block1": 64,
            "block2": 256,
            "block3": 256
        },
        "batchnorm_momentum": 0.6,
        "scaling_factor": 0.1111111111111111,
        "tta_level": 2
    },
    "random_seed": 99,
    "git_commit_hash": "85402c5c6fafc553256ddda6a38a5e86792e3fed",
    "elapsed_wclock_time": 3.8506866607666015,
    "final acc": 0.9323999881744385,
    "last batch loss": 0.97119140625,
    "epoch_val_accs": [
        0.5907999873161316,
        0.7739999890327454,
        0.7497999668121338,
        0.7836999893188477,
        0.7411999702453613,
        0.8233999609947205,
        0.8834999799728394,
        0.877299964427948,
        0.9080999493598938,
        0.924299955368042
    ],
    "epoch_losses": [
        1.4892578125,
        1.3037109375,
        1.208984375,
        1.1953125,
        1.1630859375,
        1.1279296875,
        1.0615234375,
        1.0458984375,
        1.0048828125,
        0.97119140625
    ]
}