{
    "opt": {
        "train_epochs": 9.9,
        "batch_size": 1024,
        "lr": 11.5,
        "momentum": 0.85,
        "weight_decay": 0.0153,
        "bias_scaler": 64.0,
        "label_smoothing": 0.2,
        "whiten_bias_epochs": 3
    },
    "aug": {
        "flip": true,
        "translate": 2
    },
    "net": {
        "widths": {
            "block1": 64,
            "block2": 256,
            "block3": 256
        },
        "batchnorm_momentum": 0.6,
        "scaling_factor": 0.1111111111111111,
        "tta_level": 2
    },
    "random_seed": 99,
    "git_commit_hash": "85402c5c6fafc553256ddda6a38a5e86792e3fed",
    "elapsed_wclock_time": 3.8545554962158204,
    "final acc": 0.9322999715805054,
    "last batch loss": 0.9736328125,
    "epoch_val_accs": [
        0.6886999607086182,
        0.647599995136261,
        0.7324999570846558,
        0.7058999538421631,
        0.8449999690055847,
        0.8179999589920044,
        0.8590999841690063,
        0.8930999636650085,
        0.8996999859809875,
        0.921999990940094
    ],
    "epoch_losses": [
        1.4443359375,
        1.30078125,
        1.2177734375,
        1.2158203125,
        1.1396484375,
        1.1376953125,
        1.060546875,
        1.0263671875,
        1.00390625,
        0.9736328125
    ]
}