{
    "opt": {
        "train_epochs": 9.9,
        "batch_size": 1024,
        "lr": 11.5,
        "momentum": 0.85,
        "weight_decay": 0.0153,
        "bias_scaler": 64.0,
        "label_smoothing": 0.2,
        "whiten_bias_epochs": 3
    },
    "aug": {
        "flip": true,
        "translate": 2
    },
    "net": {
        "widths": {
            "block1": 64,
            "block2": 256,
            "block3": 256
        },
        "batchnorm_momentum": 0.6,
        "scaling_factor": 0.1111111111111111,
        "tta_level": 2
    },
    "random_seed": 99,
    "git_commit_hash": "85402c5c6fafc553256ddda6a38a5e86792e3fed",
    "elapsed_wclock_time": 3.8857705256938937,
    "final acc": 0.9314000010490417,
    "last batch loss": 0.9599609375,
    "epoch_val_accs": [
        0.665399968624115,
        0.6011999845504761,
        0.6934999823570251,
        0.7569999694824219,
        0.7680000066757202,
        0.8434000015258789,
        0.8747999668121338,
        0.8880999684333801,
        0.9097999930381775,
        0.9228999614715576
    ],
    "epoch_losses": [
        1.4521484375,
        1.30859375,
        1.265625,
        1.1884765625,
        1.197265625,
        1.12109375,
        1.0751953125,
        1.0517578125,
        0.9873046875,
        0.9599609375
    ]
}