{
    "opt": {
        "train_epochs": 9.9,
        "batch_size": 1024,
        "lr": 11.5,
        "momentum": 0.85,
        "weight_decay": 0.0153,
        "bias_scaler": 64.0,
        "label_smoothing": 0.2,
        "whiten_bias_epochs": 3
    },
    "aug": {
        "flip": true,
        "translate": 2
    },
    "net": {
        "widths": {
            "block1": 64,
            "block2": 256,
            "block3": 256
        },
        "batchnorm_momentum": 0.6,
        "scaling_factor": 0.1111111111111111,
        "tta_level": 2
    },
    "random_seed": 99,
    "git_commit_hash": "85402c5c6fafc553256ddda6a38a5e86792e3fed",
    "elapsed_wclock_time": 3.906452568054199,
    "final acc": 0.9299999475479126,
    "last batch loss": 0.96435546875,
    "epoch_val_accs": [
        0.6484999656677246,
        0.734499990940094,
        0.8089999556541443,
        0.8259999752044678,
        0.836899995803833,
        0.8445999622344971,
        0.8277999758720398,
        0.890999972820282,
        0.9016000032424927,
        0.9239999651908875
    ],
    "epoch_losses": [
        1.443359375,
        1.28125,
        1.2236328125,
        1.1748046875,
        1.1689453125,
        1.1064453125,
        1.0732421875,
        1.0517578125,
        0.98876953125,
        0.96435546875
    ]
}