{
    "opt": {
        "train_epochs": 9.9,
        "batch_size": 1024,
        "lr": 11.5,
        "momentum": 0.85,
        "weight_decay": 0.0153,
        "bias_scaler": 64.0,
        "label_smoothing": 0.2,
        "whiten_bias_epochs": 3
    },
    "aug": {
        "flip": true,
        "translate": 2
    },
    "net": {
        "widths": {
            "block1": 64,
            "block2": 256,
            "block3": 256
        },
        "batchnorm_momentum": 0.6,
        "scaling_factor": 0.1111111111111111,
        "tta_level": 2
    },
    "random_seed": 99,
    "git_commit_hash": "85402c5c6fafc553256ddda6a38a5e86792e3fed",
    "elapsed_wclock_time": 3.843535963773728,
    "final acc": 0.9304999709129333,
    "last batch loss": 0.97900390625,
    "epoch_val_accs": [
        0.6654999852180481,
        0.7418000102043152,
        0.7938999533653259,
        0.8305999636650085,
        0.8226000070571899,
        0.8285999894142151,
        0.8758999705314636,
        0.8793999552726746,
        0.9072999954223633,
        0.9235999584197998
    ],
    "epoch_losses": [
        1.4326171875,
        1.2880859375,
        1.236328125,
        1.2041015625,
        1.123046875,
        1.1630859375,
        1.072265625,
        1.0791015625,
        1.0029296875,
        0.97900390625
    ]
}