{
    "opt": {
        "train_epochs": 9.9,
        "batch_size": 1024,
        "lr": 11.5,
        "momentum": 0.85,
        "weight_decay": 0.0153,
        "bias_scaler": 64.0,
        "label_smoothing": 0.2,
        "whiten_bias_epochs": 3
    },
    "aug": {
        "flip": true,
        "translate": 2
    },
    "net": {
        "widths": {
            "block1": 64,
            "block2": 256,
            "block3": 256
        },
        "batchnorm_momentum": 0.6,
        "scaling_factor": 0.1111111111111111,
        "tta_level": 2
    },
    "random_seed": 99,
    "git_commit_hash": "85402c5c6fafc553256ddda6a38a5e86792e3fed",
    "elapsed_wclock_time": 3.8913876950740818,
    "final acc": 0.9339999556541443,
    "last batch loss": 0.9677734375,
    "epoch_val_accs": [
        0.6865999698638916,
        0.3287999927997589,
        0.7032999992370605,
        0.748199999332428,
        0.789900004863739,
        0.8575999736785889,
        0.8197000026702881,
        0.8865999579429626,
        0.9111999869346619,
        0.925599992275238
    ],
    "epoch_losses": [
        1.4619140625,
        1.353515625,
        1.2236328125,
        1.197265625,
        1.16015625,
        1.1064453125,
        1.060546875,
        1.0810546875,
        1.0029296875,
        0.9677734375
    ]
}