{
    "opt": {
        "train_epochs": 9.9,
        "batch_size": 1024,
        "lr": 11.5,
        "momentum": 0.85,
        "weight_decay": 0.0153,
        "bias_scaler": 64.0,
        "label_smoothing": 0.2,
        "whiten_bias_epochs": 3
    },
    "aug": {
        "flip": true,
        "translate": 2
    },
    "net": {
        "widths": {
            "block1": 64,
            "block2": 256,
            "block3": 256
        },
        "batchnorm_momentum": 0.6,
        "scaling_factor": 0.1111111111111111,
        "tta_level": 2
    },
    "random_seed": 99,
    "git_commit_hash": "85402c5c6fafc553256ddda6a38a5e86792e3fed",
    "elapsed_wclock_time": 3.903423675537109,
    "final acc": 0.9329999685287476,
    "last batch loss": 0.95703125,
    "epoch_val_accs": [
        0.6733999848365784,
        0.6732999682426453,
        0.8027999997138977,
        0.7560999989509583,
        0.8090999722480774,
        0.8052999973297119,
        0.8668999671936035,
        0.8899999856948853,
        0.9122999906539917,
        0.9235999584197998
    ],
    "epoch_losses": [
        1.44140625,
        1.2998046875,
        1.24609375,
        1.18359375,
        1.158203125,
        1.125,
        1.078125,
        1.0341796875,
        0.99609375,
        0.95703125
    ]
}