{
    "opt": {
        "train_epochs": 9.9,
        "batch_size": 1024,
        "lr": 11.5,
        "momentum": 0.85,
        "weight_decay": 0.0153,
        "bias_scaler": 64.0,
        "label_smoothing": 0.2,
        "whiten_bias_epochs": 3
    },
    "aug": {
        "flip": true,
        "translate": 2
    },
    "net": {
        "widths": {
            "block1": 64,
            "block2": 256,
            "block3": 256
        },
        "batchnorm_momentum": 0.6,
        "scaling_factor": 0.1111111111111111,
        "tta_level": 2
    },
    "random_seed": 99,
    "git_commit_hash": "85402c5c6fafc553256ddda6a38a5e86792e3fed",
    "elapsed_wclock_time": 3.8566668090820317,
    "final acc": 0.9333999752998352,
    "last batch loss": 0.96142578125,
    "epoch_val_accs": [
        0.6367999911308289,
        0.7681999802589417,
        0.7364999651908875,
        0.6699999570846558,
        0.8296999931335449,
        0.825499951839447,
        0.8607999682426453,
        0.8930000066757202,
        0.9138000011444092,
        0.9232999682426453
    ],
    "epoch_losses": [
        1.462890625,
        1.2958984375,
        1.2841796875,
        1.19921875,
        1.2080078125,
        1.115234375,
        1.107421875,
        1.0478515625,
        1.0146484375,
        0.96142578125
    ]
}