{
    "opt": {
        "train_epochs": 9.9,
        "batch_size": 1024,
        "lr": 11.5,
        "momentum": 0.85,
        "weight_decay": 0.0153,
        "bias_scaler": 64.0,
        "label_smoothing": 0.2,
        "whiten_bias_epochs": 3
    },
    "aug": {
        "flip": true,
        "translate": 2
    },
    "net": {
        "widths": {
            "block1": 64,
            "block2": 256,
            "block3": 256
        },
        "batchnorm_momentum": 0.6,
        "scaling_factor": 0.1111111111111111,
        "tta_level": 2
    },
    "random_seed": 99,
    "git_commit_hash": "85402c5c6fafc553256ddda6a38a5e86792e3fed",
    "elapsed_wclock_time": 3.9043047485351563,
    "final acc": 0.9330999851226807,
    "last batch loss": 0.9658203125,
    "epoch_val_accs": [
        0.6961999535560608,
        0.7875999808311462,
        0.7706999778747559,
        0.8075999617576599,
        0.7813000082969666,
        0.8438999652862549,
        0.868399977684021,
        0.8889999985694885,
        0.9132999777793884,
        0.9249999523162842
    ],
    "epoch_losses": [
        1.451171875,
        1.32421875,
        1.2412109375,
        1.19921875,
        1.166015625,
        1.130859375,
        1.05078125,
        1.0419921875,
        0.994140625,
        0.9658203125
    ]
}