{
    "opt": {
        "train_epochs": 9.9,
        "batch_size": 1024,
        "lr": 11.5,
        "momentum": 0.85,
        "weight_decay": 0.0153,
        "bias_scaler": 64.0,
        "label_smoothing": 0.2,
        "whiten_bias_epochs": 3
    },
    "aug": {
        "flip": true,
        "translate": 2
    },
    "net": {
        "widths": {
            "block1": 64,
            "block2": 256,
            "block3": 256
        },
        "batchnorm_momentum": 0.6,
        "scaling_factor": 0.1111111111111111,
        "tta_level": 2
    },
    "random_seed": 99,
    "git_commit_hash": "85402c5c6fafc553256ddda6a38a5e86792e3fed",
    "elapsed_wclock_time": 3.8523810744285583,
    "final acc": 0.9321999549865723,
    "last batch loss": 0.953125,
    "epoch_val_accs": [
        0.6736999750137329,
        0.7062000036239624,
        0.7940999865531921,
        0.804099977016449,
        0.8235999941825867,
        0.8262999653816223,
        0.8610999584197998,
        0.8640999794006348,
        0.911300003528595,
        0.9210000038146973
    ],
    "epoch_losses": [
        1.45703125,
        1.3095703125,
        1.2119140625,
        1.2099609375,
        1.1494140625,
        1.1123046875,
        1.068359375,
        1.05078125,
        0.990234375,
        0.953125
    ]
}