{
    "opt": {
        "train_epochs": 9.9,
        "batch_size": 1024,
        "lr": 11.5,
        "momentum": 0.85,
        "weight_decay": 0.0153,
        "bias_scaler": 64.0,
        "label_smoothing": 0.2,
        "whiten_bias_epochs": 3
    },
    "aug": {
        "flip": true,
        "translate": 2
    },
    "net": {
        "widths": {
            "block1": 64,
            "block2": 256,
            "block3": 256
        },
        "batchnorm_momentum": 0.6,
        "scaling_factor": 0.1111111111111111,
        "tta_level": 2
    },
    "random_seed": 99,
    "git_commit_hash": "85402c5c6fafc553256ddda6a38a5e86792e3fed",
    "elapsed_wclock_time": 3.8477614226341252,
    "final acc": 0.9319999814033508,
    "last batch loss": 0.96484375,
    "epoch_val_accs": [
        0.6216999888420105,
        0.7586999535560608,
        0.6931999921798706,
        0.6830999851226807,
        0.8009999990463257,
        0.8185999989509583,
        0.8710999488830566,
        0.8781999945640564,
        0.9172999858856201,
        0.9248999953269958
    ],
    "epoch_losses": [
        1.435546875,
        1.2939453125,
        1.255859375,
        1.189453125,
        1.1904296875,
        1.1181640625,
        1.06640625,
        1.0498046875,
        1.0009765625,
        0.96484375
    ]
}