{
    "opt": {
        "train_epochs": 9.9,
        "batch_size": 1024,
        "lr": 11.5,
        "momentum": 0.85,
        "weight_decay": 0.0153,
        "bias_scaler": 64.0,
        "label_smoothing": 0.2,
        "whiten_bias_epochs": 3
    },
    "aug": {
        "flip": true,
        "translate": 2
    },
    "net": {
        "widths": {
            "block1": 64,
            "block2": 256,
            "block3": 256
        },
        "batchnorm_momentum": 0.6,
        "scaling_factor": 0.1111111111111111,
        "tta_level": 2
    },
    "random_seed": 99,
    "git_commit_hash": "85402c5c6fafc553256ddda6a38a5e86792e3fed",
    "elapsed_wclock_time": 3.913428543090821,
    "final acc": 0.9318999648094177,
    "last batch loss": 0.962890625,
    "epoch_val_accs": [
        0.6323999762535095,
        0.7391999959945679,
        0.7250999808311462,
        0.7842999696731567,
        0.7773999571800232,
        0.8345999717712402,
        0.8610000014305115,
        0.8763999938964844,
        0.9066999554634094,
        0.9261999726295471
    ],
    "epoch_losses": [
        1.451171875,
        1.3046875,
        1.236328125,
        1.1953125,
        1.166015625,
        1.123046875,
        1.080078125,
        1.052734375,
        1.0126953125,
        0.962890625
    ]
}