{
    "opt": {
        "train_epochs": 9.9,
        "batch_size": 1024,
        "lr": 11.5,
        "momentum": 0.85,
        "weight_decay": 0.0153,
        "bias_scaler": 64.0,
        "label_smoothing": 0.2,
        "whiten_bias_epochs": 3
    },
    "aug": {
        "flip": true,
        "translate": 2
    },
    "net": {
        "widths": {
            "block1": 64,
            "block2": 256,
            "block3": 256
        },
        "batchnorm_momentum": 0.6,
        "scaling_factor": 0.1111111111111111,
        "tta_level": 2
    },
    "random_seed": 99,
    "git_commit_hash": "85402c5c6fafc553256ddda6a38a5e86792e3fed",
    "elapsed_wclock_time": 3.8127178375720976,
    "final acc": 0.9332000017166138,
    "last batch loss": 0.9658203125,
    "epoch_val_accs": [
        0.6478999853134155,
        0.7639999985694885,
        0.8176999688148499,
        0.7864999771118164,
        0.8187999725341797,
        0.8382999897003174,
        0.8611999750137329,
        0.8768999576568604,
        0.9089999794960022,
        0.9232999682426453
    ],
    "epoch_losses": [
        1.44921875,
        1.28125,
        1.203125,
        1.1728515625,
        1.15234375,
        1.154296875,
        1.0693359375,
        1.0625,
        0.9970703125,
        0.9658203125
    ]
}