{
    "opt": {
        "train_epochs": 9.9,
        "batch_size": 1024,
        "lr": 11.5,
        "momentum": 0.85,
        "weight_decay": 0.0153,
        "bias_scaler": 64.0,
        "label_smoothing": 0.2,
        "whiten_bias_epochs": 3
    },
    "aug": {
        "flip": true,
        "translate": 2
    },
    "net": {
        "widths": {
            "block1": 64,
            "block2": 256,
            "block3": 256
        },
        "batchnorm_momentum": 0.6,
        "scaling_factor": 0.1111111111111111,
        "tta_level": 2
    },
    "random_seed": 99,
    "git_commit_hash": "85402c5c6fafc553256ddda6a38a5e86792e3fed",
    "elapsed_wclock_time": 3.764939700603485,
    "final acc": 0.9327999949455261,
    "last batch loss": 0.9638671875,
    "epoch_val_accs": [
        0.6126999855041504,
        0.7375999689102173,
        0.7734000086784363,
        0.7901999950408936,
        0.8370999693870544,
        0.824400007724762,
        0.8744999766349792,
        0.8937999606132507,
        0.9075999855995178,
        0.9266999959945679
    ],
    "epoch_losses": [
        1.482421875,
        1.2822265625,
        1.2080078125,
        1.189453125,
        1.1787109375,
        1.109375,
        1.0556640625,
        1.0556640625,
        0.99365234375,
        0.9638671875
    ]
}