{
    "opt": {
        "train_epochs": 9.9,
        "batch_size": 1024,
        "lr": 11.5,
        "momentum": 0.85,
        "weight_decay": 0.0153,
        "bias_scaler": 64.0,
        "label_smoothing": 0.2,
        "whiten_bias_epochs": 3
    },
    "aug": {
        "flip": true,
        "translate": 2
    },
    "net": {
        "widths": {
            "block1": 64,
            "block2": 256,
            "block3": 256
        },
        "batchnorm_momentum": 0.6,
        "scaling_factor": 0.1111111111111111,
        "tta_level": 2
    },
    "random_seed": 99,
    "git_commit_hash": "85402c5c6fafc553256ddda6a38a5e86792e3fed",
    "elapsed_wclock_time": 17.589215942382815,
    "final acc": 0.9330999851226807,
    "last batch loss": 0.9658203125,
    "epoch_val_accs": [
        0.5967999696731567,
        0.7195999622344971,
        0.7227999567985535,
        0.750499963760376,
        0.8269000053405762,
        0.8430999517440796,
        0.8619999885559082,
        0.875,
        0.9140999913215637,
        0.9230999946594238
    ],
    "epoch_losses": [
        1.490234375,
        1.2919921875,
        1.2294921875,
        1.2021484375,
        1.154296875,
        1.1259765625,
        1.0849609375,
        1.0546875,
        0.990234375,
        0.9658203125
    ]
}