{
    "opt": {
        "train_epochs": 9.9,
        "batch_size": 1024,
        "lr": 11.5,
        "momentum": 0.85,
        "weight_decay": 0.0153,
        "bias_scaler": 64.0,
        "label_smoothing": 0.2,
        "whiten_bias_epochs": 3
    },
    "aug": {
        "flip": true,
        "translate": 2
    },
    "net": {
        "widths": {
            "block1": 64,
            "block2": 256,
            "block3": 256
        },
        "batchnorm_momentum": 0.6,
        "scaling_factor": 0.1111111111111111,
        "tta_level": 2
    },
    "random_seed": 99,
    "git_commit_hash": "85402c5c6fafc553256ddda6a38a5e86792e3fed",
    "elapsed_wclock_time": 3.8483368570804597,
    "final acc": 0.9343000054359436,
    "last batch loss": 0.96923828125,
    "epoch_val_accs": [
        0.6265999674797058,
        0.7335999608039856,
        0.7457999587059021,
        0.7669000029563904,
        0.8405999541282654,
        0.8417999744415283,
        0.8700999617576599,
        0.8913999795913696,
        0.9093999862670898,
        0.9262999892234802
    ],
    "epoch_losses": [
        1.4462890625,
        1.2880859375,
        1.2431640625,
        1.17578125,
        1.1806640625,
        1.1396484375,
        1.0595703125,
        1.0458984375,
        0.986328125,
        0.96923828125
    ]
}