{
    "opt": {
        "train_epochs": 9.9,
        "batch_size": 1024,
        "lr": 11.5,
        "momentum": 0.85,
        "weight_decay": 0.0153,
        "bias_scaler": 64.0,
        "label_smoothing": 0.2,
        "whiten_bias_epochs": 3
    },
    "aug": {
        "flip": true,
        "translate": 2
    },
    "net": {
        "widths": {
            "block1": 64,
            "block2": 256,
            "block3": 256
        },
        "batchnorm_momentum": 0.6,
        "scaling_factor": 0.1111111111111111,
        "tta_level": 2
    },
    "random_seed": 99,
    "git_commit_hash": "85402c5c6fafc553256ddda6a38a5e86792e3fed",
    "elapsed_wclock_time": 3.8041076419353486,
    "final acc": 0.9343000054359436,
    "last batch loss": 0.96484375,
    "epoch_val_accs": [
        0.6577999591827393,
        0.6599000096321106,
        0.7754999995231628,
        0.6585999727249146,
        0.7789999842643738,
        0.8517999649047852,
        0.8858999609947205,
        0.8801999688148499,
        0.9107999801635742,
        0.9249999523162842
    ],
    "epoch_losses": [
        1.474609375,
        1.3115234375,
        1.2294921875,
        1.1796875,
        1.166015625,
        1.083984375,
        1.0830078125,
        1.0478515625,
        0.99609375,
        0.96484375
    ]
}