{
    "opt": {
        "train_epochs": 9.9,
        "batch_size": 1024,
        "lr": 11.5,
        "momentum": 0.85,
        "weight_decay": 0.0153,
        "bias_scaler": 64.0,
        "label_smoothing": 0.2,
        "whiten_bias_epochs": 3
    },
    "aug": {
        "flip": true,
        "translate": 2
    },
    "net": {
        "widths": {
            "block1": 64,
            "block2": 256,
            "block3": 256
        },
        "batchnorm_momentum": 0.6,
        "scaling_factor": 0.1111111111111111,
        "tta_level": 2
    },
    "random_seed": 99,
    "git_commit_hash": "85402c5c6fafc553256ddda6a38a5e86792e3fed",
    "elapsed_wclock_time": 3.7643175096511836,
    "final acc": 0.9309999942779541,
    "last batch loss": 0.95947265625,
    "epoch_val_accs": [
        0.6474999785423279,
        0.7084000110626221,
        0.7574999928474426,
        0.7662000060081482,
        0.8435999751091003,
        0.8389999866485596,
        0.8485999703407288,
        0.8904999494552612,
        0.9024999737739563,
        0.9231999516487122
    ],
    "epoch_losses": [
        1.5263671875,
        1.2978515625,
        1.2275390625,
        1.1943359375,
        1.1533203125,
        1.1337890625,
        1.0732421875,
        1.0439453125,
        1.01953125,
        0.95947265625
    ]
}