{
    "opt": {
        "train_epochs": 9.9,
        "batch_size": 1024,
        "lr": 11.5,
        "momentum": 0.85,
        "weight_decay": 0.0153,
        "bias_scaler": 64.0,
        "label_smoothing": 0.2,
        "whiten_bias_epochs": 3
    },
    "aug": {
        "flip": true,
        "translate": 2
    },
    "net": {
        "widths": {
            "block1": 64,
            "block2": 256,
            "block3": 256
        },
        "batchnorm_momentum": 0.6,
        "scaling_factor": 0.1111111111111111,
        "tta_level": 2
    },
    "random_seed": 99,
    "git_commit_hash": "85402c5c6fafc553256ddda6a38a5e86792e3fed",
    "elapsed_wclock_time": 3.7652766041755674,
    "final acc": 0.9348999857902527,
    "last batch loss": 0.97216796875,
    "epoch_val_accs": [
        0.5737000107765198,
        0.7617999911308289,
        0.7001000046730042,
        0.7955999970436096,
        0.8233000040054321,
        0.8489999771118164,
        0.8702999949455261,
        0.8841999769210815,
        0.9150999784469604,
        0.9233999848365784
    ],
    "epoch_losses": [
        1.4765625,
        1.3095703125,
        1.1982421875,
        1.1552734375,
        1.1455078125,
        1.134765625,
        1.072265625,
        1.0517578125,
        0.984375,
        0.97216796875
    ]
}