{
    "opt": {
        "train_epochs": 9.9,
        "batch_size": 1024,
        "lr": 11.5,
        "momentum": 0.85,
        "weight_decay": 0.0153,
        "bias_scaler": 64.0,
        "label_smoothing": 0.2,
        "whiten_bias_epochs": 3
    },
    "aug": {
        "flip": true,
        "translate": 2
    },
    "net": {
        "widths": {
            "block1": 64,
            "block2": 256,
            "block3": 256
        },
        "batchnorm_momentum": 0.6,
        "scaling_factor": 0.1111111111111111,
        "tta_level": 2
    },
    "random_seed": 99,
    "git_commit_hash": "85402c5c6fafc553256ddda6a38a5e86792e3fed",
    "elapsed_wclock_time": 3.8890061986446383,
    "final acc": 0.9320999979972839,
    "last batch loss": 0.97509765625,
    "epoch_val_accs": [
        0.6049999594688416,
        0.7186999917030334,
        0.6254000067710876,
        0.8066999912261963,
        0.849299967288971,
        0.8414999842643738,
        0.8758999705314636,
        0.8868999481201172,
        0.9037999510765076,
        0.9241999983787537
    ],
    "epoch_losses": [
        1.5029296875,
        1.3271484375,
        1.2568359375,
        1.1748046875,
        1.154296875,
        1.1240234375,
        1.072265625,
        1.044921875,
        1.00390625,
        0.97509765625
    ]
}