{
    "opt": {
        "train_epochs": 9.9,
        "batch_size": 1024,
        "lr": 11.5,
        "momentum": 0.85,
        "weight_decay": 0.0153,
        "bias_scaler": 64.0,
        "label_smoothing": 0.2,
        "whiten_bias_epochs": 3
    },
    "aug": {
        "flip": true,
        "translate": 2
    },
    "net": {
        "widths": {
            "block1": 64,
            "block2": 256,
            "block3": 256
        },
        "batchnorm_momentum": 0.6,
        "scaling_factor": 0.1111111111111111,
        "tta_level": 2
    },
    "random_seed": 99,
    "git_commit_hash": "85402c5c6fafc553256ddda6a38a5e86792e3fed",
    "elapsed_wclock_time": 3.8875766115188592,
    "final acc": 0.9327999949455261,
    "last batch loss": 0.96484375,
    "epoch_val_accs": [
        0.5756999850273132,
        0.6388999819755554,
        0.738099992275238,
        0.7895999550819397,
        0.8405999541282654,
        0.7857999801635742,
        0.8805999755859375,
        0.8815999627113342,
        0.9063999652862549,
        0.9230999946594238
    ],
    "epoch_losses": [
        1.455078125,
        1.2939453125,
        1.23828125,
        1.22265625,
        1.15625,
        1.1240234375,
        1.0654296875,
        1.033203125,
        1.0009765625,
        0.96484375
    ]
}