{
    "opt": {
        "train_epochs": 9.9,
        "batch_size": 1024,
        "lr": 11.5,
        "momentum": 0.85,
        "weight_decay": 0.0153,
        "bias_scaler": 64.0,
        "label_smoothing": 0.2,
        "whiten_bias_epochs": 3
    },
    "aug": {
        "flip": true,
        "translate": 2
    },
    "net": {
        "widths": {
            "block1": 64,
            "block2": 256,
            "block3": 256
        },
        "batchnorm_momentum": 0.6,
        "scaling_factor": 0.1111111111111111,
        "tta_level": 2
    },
    "random_seed": 99,
    "git_commit_hash": "85402c5c6fafc553256ddda6a38a5e86792e3fed",
    "elapsed_wclock_time": 3.8556745147705085,
    "final acc": 0.9328999519348145,
    "last batch loss": 0.96826171875,
    "epoch_val_accs": [
        0.6157000064849854,
        0.7392999529838562,
        0.7633000016212463,
        0.8011999726295471,
        0.8317999839782715,
        0.8384000062942505,
        0.877299964427948,
        0.8919000029563904,
        0.9037999510765076,
        0.9280999898910522
    ],
    "epoch_losses": [
        1.470703125,
        1.2978515625,
        1.21484375,
        1.2080078125,
        1.1962890625,
        1.130859375,
        1.0869140625,
        1.0546875,
        0.98779296875,
        0.96826171875
    ]
}