{
    "opt": {
        "train_epochs": 9.9,
        "batch_size": 1024,
        "lr": 11.5,
        "momentum": 0.85,
        "weight_decay": 0.0153,
        "bias_scaler": 64.0,
        "label_smoothing": 0.2,
        "whiten_bias_epochs": 3
    },
    "aug": {
        "flip": true,
        "translate": 2
    },
    "net": {
        "widths": {
            "block1": 64,
            "block2": 256,
            "block3": 256
        },
        "batchnorm_momentum": 0.6,
        "scaling_factor": 0.1111111111111111,
        "tta_level": 2
    },
    "random_seed": 99,
    "git_commit_hash": "85402c5c6fafc553256ddda6a38a5e86792e3fed",
    "elapsed_wclock_time": 3.817507611751557,
    "final acc": 0.9328999519348145,
    "last batch loss": 0.95849609375,
    "epoch_val_accs": [
        0.6329999566078186,
        0.7275999784469604,
        0.7960999608039856,
        0.7563999891281128,
        0.8269999623298645,
        0.8522999882698059,
        0.8458999991416931,
        0.8904999494552612,
        0.9146999716758728,
        0.9250999689102173
    ],
    "epoch_losses": [
        1.482421875,
        1.2919921875,
        1.2802734375,
        1.1884765625,
        1.1416015625,
        1.12890625,
        1.0615234375,
        1.0576171875,
        1.009765625,
        0.95849609375
    ]
}