{
    "opt": {
        "train_epochs": 9.9,
        "batch_size": 1024,
        "lr": 11.5,
        "momentum": 0.85,
        "weight_decay": 0.0153,
        "bias_scaler": 64.0,
        "label_smoothing": 0.2,
        "whiten_bias_epochs": 3
    },
    "aug": {
        "flip": true,
        "translate": 2
    },
    "net": {
        "widths": {
            "block1": 64,
            "block2": 256,
            "block3": 256
        },
        "batchnorm_momentum": 0.6,
        "scaling_factor": 0.1111111111111111,
        "tta_level": 2
    },
    "random_seed": 99,
    "git_commit_hash": "85402c5c6fafc553256ddda6a38a5e86792e3fed",
    "elapsed_wclock_time": 3.847389760255815,
    "final acc": 0.9311999678611755,
    "last batch loss": 0.9677734375,
    "epoch_val_accs": [
        0.6589999794960022,
        0.6624000072479248,
        0.7532999515533447,
        0.7468999624252319,
        0.8424999713897705,
        0.8330999612808228,
        0.859499990940094,
        0.8977999687194824,
        0.9096999764442444,
        0.9226999878883362
    ],
    "epoch_losses": [
        1.48046875,
        1.2900390625,
        1.234375,
        1.2861328125,
        1.169921875,
        1.138671875,
        1.076171875,
        1.05078125,
        1.00390625,
        0.9677734375
    ]
}