{
    "opt": {
        "train_epochs": 9.9,
        "batch_size": 1024,
        "lr": 11.5,
        "momentum": 0.85,
        "weight_decay": 0.0153,
        "bias_scaler": 64.0,
        "label_smoothing": 0.2,
        "whiten_bias_epochs": 3
    },
    "aug": {
        "flip": true,
        "translate": 2
    },
    "net": {
        "widths": {
            "block1": 64,
            "block2": 256,
            "block3": 256
        },
        "batchnorm_momentum": 0.6,
        "scaling_factor": 0.1111111111111111,
        "tta_level": 2
    },
    "random_seed": 99,
    "git_commit_hash": "85402c5c6fafc553256ddda6a38a5e86792e3fed",
    "elapsed_wclock_time": 3.764609709978104,
    "final acc": 0.9339999556541443,
    "last batch loss": 0.97119140625,
    "epoch_val_accs": [
        0.6840999722480774,
        0.6585999727249146,
        0.7635999917984009,
        0.804099977016449,
        0.8323000073432922,
        0.8454999923706055,
        0.8657000064849854,
        0.8691999912261963,
        0.9086999893188477,
        0.923799991607666
    ],
    "epoch_losses": [
        1.4677734375,
        1.2998046875,
        1.189453125,
        1.1669921875,
        1.1455078125,
        1.130859375,
        1.0546875,
        1.0361328125,
        1.015625,
        0.97119140625
    ]
}