{
    "opt": {
        "train_epochs": 9.9,
        "batch_size": 1024,
        "lr": 11.5,
        "momentum": 0.85,
        "weight_decay": 0.0153,
        "bias_scaler": 64.0,
        "label_smoothing": 0.2,
        "whiten_bias_epochs": 3
    },
    "aug": {
        "flip": true,
        "translate": 2
    },
    "net": {
        "widths": {
            "block1": 64,
            "block2": 256,
            "block3": 256
        },
        "batchnorm_momentum": 0.6,
        "scaling_factor": 0.1111111111111111,
        "tta_level": 2
    },
    "random_seed": 99,
    "git_commit_hash": "85402c5c6fafc553256ddda6a38a5e86792e3fed",
    "elapsed_wclock_time": 3.87731337761879,
    "final acc": 0.9312999844551086,
    "last batch loss": 0.97509765625,
    "epoch_val_accs": [
        0.6733999848365784,
        0.602400004863739,
        0.7876999974250793,
        0.8212999701499939,
        0.8522999882698059,
        0.825499951839447,
        0.8791999816894531,
        0.8736000061035156,
        0.9079999923706055,
        0.9218999743461609
    ],
    "epoch_losses": [
        1.45703125,
        1.2890625,
        1.2158203125,
        1.16015625,
        1.14453125,
        1.1337890625,
        1.06640625,
        1.0390625,
        1.0234375,
        0.97509765625
    ]
}