{
    "opt": {
        "train_epochs": 9.9,
        "batch_size": 1024,
        "lr": 11.5,
        "momentum": 0.85,
        "weight_decay": 0.0153,
        "bias_scaler": 64.0,
        "label_smoothing": 0.2,
        "whiten_bias_epochs": 3
    },
    "aug": {
        "flip": true,
        "translate": 2
    },
    "net": {
        "widths": {
            "block1": 64,
            "block2": 256,
            "block3": 256
        },
        "batchnorm_momentum": 0.6,
        "scaling_factor": 0.1111111111111111,
        "tta_level": 2
    },
    "random_seed": 99,
    "git_commit_hash": "85402c5c6fafc553256ddda6a38a5e86792e3fed",
    "elapsed_wclock_time": 3.886538269281387,
    "final acc": 0.9350999593734741,
    "last batch loss": 0.96484375,
    "epoch_val_accs": [
        0.6283000111579895,
        0.6667999625205994,
        0.8048999905586243,
        0.8025999665260315,
        0.7856000065803528,
        0.8414999842643738,
        0.8654999732971191,
        0.8765999674797058,
        0.9023999571800232,
        0.9253999590873718
    ],
    "epoch_losses": [
        1.4501953125,
        1.32421875,
        1.2548828125,
        1.18359375,
        1.162109375,
        1.1396484375,
        1.068359375,
        1.0693359375,
        1.0078125,
        0.96484375
    ]
}