{
    "opt": {
        "train_epochs": 9.9,
        "batch_size": 1024,
        "lr": 11.5,
        "momentum": 0.85,
        "weight_decay": 0.0153,
        "bias_scaler": 64.0,
        "label_smoothing": 0.2,
        "whiten_bias_epochs": 3
    },
    "aug": {
        "flip": true,
        "translate": 2
    },
    "net": {
        "widths": {
            "block1": 64,
            "block2": 256,
            "block3": 256
        },
        "batchnorm_momentum": 0.6,
        "scaling_factor": 0.1111111111111111,
        "tta_level": 2
    },
    "random_seed": 99,
    "git_commit_hash": "85402c5c6fafc553256ddda6a38a5e86792e3fed",
    "elapsed_wclock_time": 3.8535442905426023,
    "final acc": 0.9315999746322632,
    "last batch loss": 0.9599609375,
    "epoch_val_accs": [
        0.6360999941825867,
        0.6836000084877014,
        0.7698999643325806,
        0.8152999877929688,
        0.8481999635696411,
        0.8521999716758728,
        0.8807999491691589,
        0.8519999980926514,
        0.9106000065803528,
        0.9236999750137329
    ],
    "epoch_losses": [
        1.494140625,
        1.333984375,
        1.2421875,
        1.1875,
        1.115234375,
        1.1455078125,
        1.0712890625,
        1.052734375,
        0.99658203125,
        0.9599609375
    ]
}