{
    "opt": {
        "train_epochs": 9.9,
        "batch_size": 1024,
        "lr": 11.5,
        "momentum": 0.85,
        "weight_decay": 0.0153,
        "bias_scaler": 64.0,
        "label_smoothing": 0.2,
        "whiten_bias_epochs": 3
    },
    "aug": {
        "flip": true,
        "translate": 2
    },
    "net": {
        "widths": {
            "block1": 64,
            "block2": 256,
            "block3": 256
        },
        "batchnorm_momentum": 0.6,
        "scaling_factor": 0.1111111111111111,
        "tta_level": 2
    },
    "random_seed": 99,
    "git_commit_hash": "85402c5c6fafc553256ddda6a38a5e86792e3fed",
    "elapsed_wclock_time": 3.8548260967731474,
    "final acc": 0.9319999814033508,
    "last batch loss": 0.96337890625,
    "epoch_val_accs": [
        0.6650999784469604,
        0.7583999633789062,
        0.7626000046730042,
        0.7902999520301819,
        0.7971000075340271,
        0.8215999603271484,
        0.8784999847412109,
        0.8809999823570251,
        0.913599967956543,
        0.9253999590873718
    ],
    "epoch_losses": [
        1.4619140625,
        1.296875,
        1.203125,
        1.169921875,
        1.130859375,
        1.14453125,
        1.064453125,
        1.052734375,
        0.998046875,
        0.96337890625
    ]
}