{
    "opt": {
        "train_epochs": 9.9,
        "batch_size": 1024,
        "lr": 11.5,
        "momentum": 0.85,
        "weight_decay": 0.0153,
        "bias_scaler": 64.0,
        "label_smoothing": 0.2,
        "whiten_bias_epochs": 3
    },
    "aug": {
        "flip": true,
        "translate": 2
    },
    "net": {
        "widths": {
            "block1": 64,
            "block2": 256,
            "block3": 256
        },
        "batchnorm_momentum": 0.6,
        "scaling_factor": 0.1111111111111111,
        "tta_level": 2
    },
    "random_seed": 99,
    "git_commit_hash": "85402c5c6fafc553256ddda6a38a5e86792e3fed",
    "elapsed_wclock_time": 3.9064814639091496,
    "final acc": 0.9303999543190002,
    "last batch loss": 0.96484375,
    "epoch_val_accs": [
        0.6354999542236328,
        0.7475000023841858,
        0.7040999531745911,
        0.7701999545097351,
        0.7335000038146973,
        0.838699996471405,
        0.8804000020027161,
        0.878600001335144,
        0.9126999974250793,
        0.9243999719619751
    ],
    "epoch_losses": [
        1.4365234375,
        1.2861328125,
        1.2578125,
        1.18359375,
        1.193359375,
        1.1064453125,
        1.0654296875,
        1.052734375,
        1.0048828125,
        0.96484375
    ]
}