{
    "opt": {
        "train_epochs": 9.9,
        "batch_size": 1024,
        "lr": 11.5,
        "momentum": 0.85,
        "weight_decay": 0.0153,
        "bias_scaler": 64.0,
        "label_smoothing": 0.2,
        "whiten_bias_epochs": 3
    },
    "aug": {
        "flip": true,
        "translate": 2
    },
    "net": {
        "widths": {
            "block1": 64,
            "block2": 256,
            "block3": 256
        },
        "batchnorm_momentum": 0.6,
        "scaling_factor": 0.1111111111111111,
        "tta_level": 2
    },
    "random_seed": 99,
    "git_commit_hash": "85402c5c6fafc553256ddda6a38a5e86792e3fed",
    "elapsed_wclock_time": 3.7659823422431953,
    "final acc": 0.9321999549865723,
    "last batch loss": 0.9833984375,
    "epoch_val_accs": [
        0.6204999685287476,
        0.6485999822616577,
        0.7479999661445618,
        0.777899980545044,
        0.824999988079071,
        0.8069999814033508,
        0.8727999925613403,
        0.8883999586105347,
        0.9110999703407288,
        0.9223999977111816
    ],
    "epoch_losses": [
        1.4482421875,
        1.3388671875,
        1.26171875,
        1.2041015625,
        1.1708984375,
        1.115234375,
        1.064453125,
        1.0478515625,
        0.9892578125,
        0.9833984375
    ]
}