{
    "opt": {
        "train_epochs": 9.9,
        "batch_size": 1024,
        "lr": 11.5,
        "momentum": 0.85,
        "weight_decay": 0.0153,
        "bias_scaler": 64.0,
        "label_smoothing": 0.2,
        "whiten_bias_epochs": 3
    },
    "aug": {
        "flip": true,
        "translate": 2
    },
    "net": {
        "widths": {
            "block1": 64,
            "block2": 256,
            "block3": 256
        },
        "batchnorm_momentum": 0.6,
        "scaling_factor": 0.1111111111111111,
        "tta_level": 2
    },
    "random_seed": 99,
    "git_commit_hash": "85402c5c6fafc553256ddda6a38a5e86792e3fed",
    "elapsed_wclock_time": 3.8116106781959536,
    "final acc": 0.9311999678611755,
    "last batch loss": 0.96826171875,
    "epoch_val_accs": [
        0.6646999716758728,
        0.6608999967575073,
        0.7958999872207642,
        0.7333999872207642,
        0.8068999648094177,
        0.8317999839782715,
        0.8811999559402466,
        0.8798999786376953,
        0.9081999659538269,
        0.9238999485969543
    ],
    "epoch_losses": [
        1.4560546875,
        1.298828125,
        1.234375,
        1.1884765625,
        1.1650390625,
        1.1259765625,
        1.076171875,
        1.0615234375,
        1.0068359375,
        0.96826171875
    ]
}