{
    "opt": {
        "train_epochs": 9.9,
        "batch_size": 1024,
        "lr": 11.5,
        "momentum": 0.85,
        "weight_decay": 0.0153,
        "bias_scaler": 64.0,
        "label_smoothing": 0.2,
        "whiten_bias_epochs": 3
    },
    "aug": {
        "flip": true,
        "translate": 2
    },
    "net": {
        "widths": {
            "block1": 64,
            "block2": 256,
            "block3": 256
        },
        "batchnorm_momentum": 0.6,
        "scaling_factor": 0.1111111111111111,
        "tta_level": 2
    },
    "random_seed": 99,
    "git_commit_hash": "85402c5c6fafc553256ddda6a38a5e86792e3fed",
    "elapsed_wclock_time": 3.8542149364948273,
    "final acc": 0.9318999648094177,
    "last batch loss": 0.96875,
    "epoch_val_accs": [
        0.6715999841690063,
        0.7491999864578247,
        0.7975999712944031,
        0.7119999527931213,
        0.8418999910354614,
        0.847000002861023,
        0.8648999929428101,
        0.8747999668121338,
        0.904699981212616,
        0.9230999946594238
    ],
    "epoch_losses": [
        1.4306640625,
        1.3173828125,
        1.240234375,
        1.1904296875,
        1.173828125,
        1.12890625,
        1.0498046875,
        1.052734375,
        0.9990234375,
        0.96875
    ]
}