{
    "opt": {
        "train_epochs": 9.9,
        "batch_size": 1024,
        "lr": 11.5,
        "momentum": 0.85,
        "weight_decay": 0.0153,
        "bias_scaler": 64.0,
        "label_smoothing": 0.2,
        "whiten_bias_epochs": 3
    },
    "aug": {
        "flip": true,
        "translate": 2
    },
    "net": {
        "widths": {
            "block1": 64,
            "block2": 256,
            "block3": 256
        },
        "batchnorm_momentum": 0.6,
        "scaling_factor": 0.1111111111111111,
        "tta_level": 2
    },
    "random_seed": 99,
    "git_commit_hash": "85402c5c6fafc553256ddda6a38a5e86792e3fed",
    "elapsed_wclock_time": 3.763980400562287,
    "final acc": 0.9335999488830566,
    "last batch loss": 0.96923828125,
    "epoch_val_accs": [
        0.6294999718666077,
        0.6218000054359436,
        0.7840999960899353,
        0.7985000014305115,
        0.8215999603271484,
        0.8417999744415283,
        0.8853999972343445,
        0.883899986743927,
        0.9128999710083008,
        0.9246999621391296
    ],
    "epoch_losses": [
        1.4443359375,
        1.318359375,
        1.2158203125,
        1.20703125,
        1.13671875,
        1.1240234375,
        1.0732421875,
        1.0478515625,
        1.0048828125,
        0.96923828125
    ]
}