{
    "opt": {
        "train_epochs": 9.9,
        "batch_size": 1024,
        "lr": 11.5,
        "momentum": 0.85,
        "weight_decay": 0.0153,
        "bias_scaler": 64.0,
        "label_smoothing": 0.2,
        "whiten_bias_epochs": 3
    },
    "aug": {
        "flip": true,
        "translate": 2
    },
    "net": {
        "widths": {
            "block1": 64,
            "block2": 256,
            "block3": 256
        },
        "batchnorm_momentum": 0.6,
        "scaling_factor": 0.1111111111111111,
        "tta_level": 2
    },
    "random_seed": 99,
    "git_commit_hash": "85402c5c6fafc553256ddda6a38a5e86792e3fed",
    "elapsed_wclock_time": 3.8524471969604495,
    "final acc": 0.9332000017166138,
    "last batch loss": 0.974609375,
    "epoch_val_accs": [
        0.6504999995231628,
        0.7046999931335449,
        0.767799973487854,
        0.7842999696731567,
        0.8326999545097351,
        0.8202999830245972,
        0.8677999973297119,
        0.8765999674797058,
        0.9097999930381775,
        0.9213999509811401
    ],
    "epoch_losses": [
        1.51171875,
        1.2490234375,
        1.212890625,
        1.2138671875,
        1.166015625,
        1.134765625,
        1.07421875,
        1.0703125,
        1.013671875,
        0.974609375
    ]
}