{
    "opt": {
        "train_epochs": 9.9,
        "batch_size": 1024,
        "lr": 11.5,
        "momentum": 0.85,
        "weight_decay": 0.0153,
        "bias_scaler": 64.0,
        "label_smoothing": 0.2,
        "whiten_bias_epochs": 3
    },
    "aug": {
        "flip": true,
        "translate": 2
    },
    "net": {
        "widths": {
            "block1": 64,
            "block2": 256,
            "block3": 256
        },
        "batchnorm_momentum": 0.6,
        "scaling_factor": 0.1111111111111111,
        "tta_level": 2
    },
    "random_seed": 99,
    "git_commit_hash": "85402c5c6fafc553256ddda6a38a5e86792e3fed",
    "elapsed_wclock_time": 3.850635119199753,
    "final acc": 0.9336999654769897,
    "last batch loss": 0.97412109375,
    "epoch_val_accs": [
        0.6071999669075012,
        0.6845999956130981,
        0.7525999546051025,
        0.7950999736785889,
        0.8343999981880188,
        0.8281999826431274,
        0.8738999962806702,
        0.8876999616622925,
        0.9180999994277954,
        0.9264000058174133
    ],
    "epoch_losses": [
        1.466796875,
        1.3232421875,
        1.2294921875,
        1.181640625,
        1.1513671875,
        1.119140625,
        1.0634765625,
        1.046875,
        0.986328125,
        0.97412109375
    ]
}