{
    "opt": {
        "train_epochs": 9.9,
        "batch_size": 1024,
        "lr": 11.5,
        "momentum": 0.85,
        "weight_decay": 0.0153,
        "bias_scaler": 64.0,
        "label_smoothing": 0.2,
        "whiten_bias_epochs": 3
    },
    "aug": {
        "flip": true,
        "translate": 2
    },
    "net": {
        "widths": {
            "block1": 64,
            "block2": 256,
            "block3": 256
        },
        "batchnorm_momentum": 0.6,
        "scaling_factor": 0.1111111111111111,
        "tta_level": 2
    },
    "random_seed": 99,
    "git_commit_hash": "85402c5c6fafc553256ddda6a38a5e86792e3fed",
    "elapsed_wclock_time": 3.904593814849853,
    "final acc": 0.9305999875068665,
    "last batch loss": 0.9677734375,
    "epoch_val_accs": [
        0.6622999906539917,
        0.7005999684333801,
        0.7185999751091003,
        0.7328000068664551,
        0.8337999582290649,
        0.8441999554634094,
        0.8640999794006348,
        0.8835999965667725,
        0.9074999690055847,
        0.9226999878883362
    ],
    "epoch_losses": [
        1.4931640625,
        1.310546875,
        1.248046875,
        1.205078125,
        1.1640625,
        1.12890625,
        1.0546875,
        1.0654296875,
        0.98779296875,
        0.9677734375
    ]
}