{
    "opt": {
        "train_epochs": 9.9,
        "batch_size": 1024,
        "lr": 11.5,
        "momentum": 0.85,
        "weight_decay": 0.0153,
        "bias_scaler": 64.0,
        "label_smoothing": 0.2,
        "whiten_bias_epochs": 3
    },
    "aug": {
        "flip": true,
        "translate": 2
    },
    "net": {
        "widths": {
            "block1": 64,
            "block2": 256,
            "block3": 256
        },
        "batchnorm_momentum": 0.6,
        "scaling_factor": 0.1111111111111111,
        "tta_level": 2
    },
    "random_seed": 99,
    "git_commit_hash": "85402c5c6fafc553256ddda6a38a5e86792e3fed",
    "elapsed_wclock_time": 3.887761988639832,
    "final acc": 0.9340999722480774,
    "last batch loss": 0.98095703125,
    "epoch_val_accs": [
        0.6739000082015991,
        0.7577999830245972,
        0.7146999835968018,
        0.7777000069618225,
        0.8165000081062317,
        0.8416000008583069,
        0.8709999918937683,
        0.8978999853134155,
        0.910099983215332,
        0.9251999855041504
    ],
    "epoch_losses": [
        1.443359375,
        1.28515625,
        1.212890625,
        1.189453125,
        1.134765625,
        1.1279296875,
        1.0693359375,
        1.052734375,
        0.98681640625,
        0.98095703125
    ]
}