{
    "opt": {
        "train_epochs": 9.9,
        "batch_size": 1024,
        "lr": 11.5,
        "momentum": 0.85,
        "weight_decay": 0.0153,
        "bias_scaler": 64.0,
        "label_smoothing": 0.2,
        "whiten_bias_epochs": 3
    },
    "aug": {
        "flip": true,
        "translate": 2
    },
    "net": {
        "widths": {
            "block1": 64,
            "block2": 256,
            "block3": 256
        },
        "batchnorm_momentum": 0.6,
        "scaling_factor": 0.1111111111111111,
        "tta_level": 2
    },
    "random_seed": 99,
    "git_commit_hash": "85402c5c6fafc553256ddda6a38a5e86792e3fed",
    "elapsed_wclock_time": 3.88641815829277,
    "final acc": 0.9350999593734741,
    "last batch loss": 0.9658203125,
    "epoch_val_accs": [
        0.6193999648094177,
        0.6751999855041504,
        0.7342999577522278,
        0.8132999539375305,
        0.8378999829292297,
        0.8497999906539917,
        0.890999972820282,
        0.8715999722480774,
        0.9070999622344971,
        0.9251999855041504
    ],
    "epoch_losses": [
        1.4794921875,
        1.3310546875,
        1.2646484375,
        1.173828125,
        1.181640625,
        1.1240234375,
        1.064453125,
        1.0556640625,
        1.0107421875,
        0.9658203125
    ]
}