{
    "opt": {
        "train_epochs": 9.9,
        "batch_size": 1024,
        "lr": 11.5,
        "momentum": 0.85,
        "weight_decay": 0.0153,
        "bias_scaler": 64.0,
        "label_smoothing": 0.2,
        "whiten_bias_epochs": 3
    },
    "aug": {
        "flip": true,
        "translate": 2
    },
    "net": {
        "widths": {
            "block1": 64,
            "block2": 256,
            "block3": 256
        },
        "batchnorm_momentum": 0.6,
        "scaling_factor": 0.1111111111111111,
        "tta_level": 2
    },
    "random_seed": 99,
    "git_commit_hash": "85402c5c6fafc553256ddda6a38a5e86792e3fed",
    "elapsed_wclock_time": 3.846473574399949,
    "final acc": 0.9343999624252319,
    "last batch loss": 0.95849609375,
    "epoch_val_accs": [
        0.6304999589920044,
        0.7184000015258789,
        0.6754999756813049,
        0.7374999523162842,
        0.8484999537467957,
        0.8416999578475952,
        0.8894999623298645,
        0.8720999956130981,
        0.9142999649047852,
        0.9251999855041504
    ],
    "epoch_losses": [
        1.462890625,
        1.328125,
        1.2216796875,
        1.19140625,
        1.1572265625,
        1.1123046875,
        1.0751953125,
        1.048828125,
        0.998046875,
        0.95849609375
    ]
}