{
    "opt": {
        "train_epochs": 9.9,
        "batch_size": 1024,
        "lr": 11.5,
        "momentum": 0.85,
        "weight_decay": 0.0153,
        "bias_scaler": 64.0,
        "label_smoothing": 0.2,
        "whiten_bias_epochs": 3
    },
    "aug": {
        "flip": true,
        "translate": 2
    },
    "net": {
        "widths": {
            "block1": 64,
            "block2": 256,
            "block3": 256
        },
        "batchnorm_momentum": 0.6,
        "scaling_factor": 0.1111111111111111,
        "tta_level": 2
    },
    "random_seed": 99,
    "git_commit_hash": "85402c5c6fafc553256ddda6a38a5e86792e3fed",
    "elapsed_wclock_time": 3.855642112493516,
    "final acc": 0.9343000054359436,
    "last batch loss": 0.958984375,
    "epoch_val_accs": [
        0.6162999868392944,
        0.6245999932289124,
        0.7644999623298645,
        0.7897999882698059,
        0.8438000082969666,
        0.8331999778747559,
        0.850600004196167,
        0.8872999548912048,
        0.9159999489784241,
        0.9251999855041504
    ],
    "epoch_losses": [
        1.455078125,
        1.345703125,
        1.255859375,
        1.1943359375,
        1.162109375,
        1.1572265625,
        1.072265625,
        1.05859375,
        0.998046875,
        0.958984375
    ]
}