{
    "opt": {
        "train_epochs": 9.9,
        "batch_size": 1024,
        "lr": 11.5,
        "momentum": 0.85,
        "weight_decay": 0.0153,
        "bias_scaler": 64.0,
        "label_smoothing": 0.2,
        "whiten_bias_epochs": 3
    },
    "aug": {
        "flip": true,
        "translate": 2
    },
    "net": {
        "widths": {
            "block1": 64,
            "block2": 256,
            "block3": 256
        },
        "batchnorm_momentum": 0.6,
        "scaling_factor": 0.1111111111111111,
        "tta_level": 2
    },
    "random_seed": 99,
    "git_commit_hash": "85402c5c6fafc553256ddda6a38a5e86792e3fed",
    "elapsed_wclock_time": 3.8514662587642667,
    "final acc": 0.935699999332428,
    "last batch loss": 0.9697265625,
    "epoch_val_accs": [
        0.6523000001907349,
        0.7444999814033508,
        0.7152999639511108,
        0.7827999591827393,
        0.8091999888420105,
        0.8431999683380127,
        0.8697999715805054,
        0.8930999636650085,
        0.9140999913215637,
        0.9256999492645264
    ],
    "epoch_losses": [
        1.4814453125,
        1.2978515625,
        1.23046875,
        1.1982421875,
        1.130859375,
        1.142578125,
        1.0791015625,
        1.0400390625,
        0.9970703125,
        0.9697265625
    ]
}