{
    "opt": {
        "train_epochs": 9.9,
        "batch_size": 1024,
        "lr": 11.5,
        "momentum": 0.85,
        "weight_decay": 0.0153,
        "bias_scaler": 64.0,
        "label_smoothing": 0.2,
        "whiten_bias_epochs": 3
    },
    "aug": {
        "flip": true,
        "translate": 2
    },
    "net": {
        "widths": {
            "block1": 64,
            "block2": 256,
            "block3": 256
        },
        "batchnorm_momentum": 0.6,
        "scaling_factor": 0.1111111111111111,
        "tta_level": 2
    },
    "random_seed": 99,
    "git_commit_hash": "85402c5c6fafc553256ddda6a38a5e86792e3fed",
    "elapsed_wclock_time": 3.895028117179871,
    "final acc": 0.9300999641418457,
    "last batch loss": 0.9677734375,
    "epoch_val_accs": [
        0.5568999648094177,
        0.7198999524116516,
        0.7421000003814697,
        0.7886999845504761,
        0.8323000073432922,
        0.8400999903678894,
        0.840499997138977,
        0.8797999620437622,
        0.9099999666213989,
        0.9229999780654907
    ],
    "epoch_losses": [
        1.4912109375,
        1.3154296875,
        1.2294921875,
        1.1884765625,
        1.18359375,
        1.162109375,
        1.0732421875,
        1.0654296875,
        1.0009765625,
        0.9677734375
    ]
}