{
    "opt": {
        "train_epochs": 9.9,
        "batch_size": 1024,
        "lr": 11.5,
        "momentum": 0.85,
        "weight_decay": 0.0153,
        "bias_scaler": 64.0,
        "label_smoothing": 0.2,
        "whiten_bias_epochs": 3
    },
    "aug": {
        "flip": true,
        "translate": 2
    },
    "net": {
        "widths": {
            "block1": 64,
            "block2": 256,
            "block3": 256
        },
        "batchnorm_momentum": 0.6,
        "scaling_factor": 0.1111111111111111,
        "tta_level": 2
    },
    "random_seed": 99,
    "git_commit_hash": "85402c5c6fafc553256ddda6a38a5e86792e3fed",
    "elapsed_wclock_time": 3.901840324878693,
    "final acc": 0.9329999685287476,
    "last batch loss": 0.95654296875,
    "epoch_val_accs": [
        0.6100999712944031,
        0.7157999873161316,
        0.7033999562263489,
        0.7972999811172485,
        0.7906000018119812,
        0.8398999571800232,
        0.8621999621391296,
        0.8913999795913696,
        0.911899983882904,
        0.9229999780654907
    ],
    "epoch_losses": [
        1.4541015625,
        1.32421875,
        1.2294921875,
        1.208984375,
        1.18359375,
        1.1318359375,
        1.0859375,
        1.0537109375,
        1.0087890625,
        0.95654296875
    ]
}