{
    "opt": {
        "train_epochs": 9.9,
        "batch_size": 1024,
        "lr": 11.5,
        "momentum": 0.85,
        "weight_decay": 0.0153,
        "bias_scaler": 64.0,
        "label_smoothing": 0.2,
        "whiten_bias_epochs": 3
    },
    "aug": {
        "flip": true,
        "translate": 2
    },
    "net": {
        "widths": {
            "block1": 64,
            "block2": 256,
            "block3": 256
        },
        "batchnorm_momentum": 0.6,
        "scaling_factor": 0.1111111111111111,
        "tta_level": 2
    },
    "random_seed": 99,
    "git_commit_hash": "85402c5c6fafc553256ddda6a38a5e86792e3fed",
    "elapsed_wclock_time": 3.895646962165832,
    "final acc": 0.9320999979972839,
    "last batch loss": 0.974609375,
    "epoch_val_accs": [
        0.6444999575614929,
        0.7534999847412109,
        0.7531999945640564,
        0.8118999600410461,
        0.8172000050544739,
        0.8369999527931213,
        0.8659999966621399,
        0.8748999834060669,
        0.9078999757766724,
        0.9233999848365784
    ],
    "epoch_losses": [
        1.4404296875,
        1.287109375,
        1.244140625,
        1.1845703125,
        1.212890625,
        1.12109375,
        1.052734375,
        1.0595703125,
        0.98291015625,
        0.974609375
    ]
}