{
    "opt": {
        "train_epochs": 9.9,
        "batch_size": 1024,
        "lr": 11.5,
        "momentum": 0.85,
        "weight_decay": 0.0153,
        "bias_scaler": 64.0,
        "label_smoothing": 0.2,
        "whiten_bias_epochs": 3
    },
    "aug": {
        "flip": true,
        "translate": 2
    },
    "net": {
        "widths": {
            "block1": 64,
            "block2": 256,
            "block3": 256
        },
        "batchnorm_momentum": 0.6,
        "scaling_factor": 0.1111111111111111,
        "tta_level": 2
    },
    "random_seed": 99,
    "git_commit_hash": "85402c5c6fafc553256ddda6a38a5e86792e3fed",
    "elapsed_wclock_time": 3.8526209185123443,
    "final acc": 0.9296000003814697,
    "last batch loss": 0.95068359375,
    "epoch_val_accs": [
        0.6685999631881714,
        0.6245999932289124,
        0.7249000072479248,
        0.7936999797821045,
        0.779699981212616,
        0.8339999914169312,
        0.8639000058174133,
        0.8669999837875366,
        0.9110999703407288,
        0.9235000014305115
    ],
    "epoch_losses": [
        1.4765625,
        1.310546875,
        1.2529296875,
        1.1767578125,
        1.17578125,
        1.125,
        1.07421875,
        1.0546875,
        1.005859375,
        0.95068359375
    ]
}