{
    "opt": {
        "train_epochs": 9.9,
        "batch_size": 1024,
        "lr": 11.5,
        "momentum": 0.85,
        "weight_decay": 0.0153,
        "bias_scaler": 64.0,
        "label_smoothing": 0.2,
        "whiten_bias_epochs": 3
    },
    "aug": {
        "flip": true,
        "translate": 2
    },
    "net": {
        "widths": {
            "block1": 64,
            "block2": 256,
            "block3": 256
        },
        "batchnorm_momentum": 0.6,
        "scaling_factor": 0.1111111111111111,
        "tta_level": 2
    },
    "random_seed": 99,
    "git_commit_hash": "85402c5c6fafc553256ddda6a38a5e86792e3fed",
    "elapsed_wclock_time": 3.898423693180084,
    "final acc": 0.933899998664856,
    "last batch loss": 0.97265625,
    "epoch_val_accs": [
        0.6566999554634094,
        0.7437999844551086,
        0.7166000008583069,
        0.7436999678611755,
        0.8317999839782715,
        0.8179000020027161,
        0.8623999953269958,
        0.8705999851226807,
        0.9062999486923218,
        0.9225999712944031
    ],
    "epoch_losses": [
        1.4521484375,
        1.322265625,
        1.248046875,
        1.2021484375,
        1.1669921875,
        1.1357421875,
        1.0498046875,
        1.0478515625,
        0.998046875,
        0.97265625
    ]
}