{
    "opt": {
        "train_epochs": 9.9,
        "batch_size": 1024,
        "lr": 11.5,
        "momentum": 0.85,
        "weight_decay": 0.0153,
        "bias_scaler": 64.0,
        "label_smoothing": 0.2,
        "whiten_bias_epochs": 3
    },
    "aug": {
        "flip": true,
        "translate": 2
    },
    "net": {
        "widths": {
            "block1": 64,
            "block2": 256,
            "block3": 256
        },
        "batchnorm_momentum": 0.6,
        "scaling_factor": 0.1111111111111111,
        "tta_level": 2
    },
    "random_seed": 99,
    "git_commit_hash": "85402c5c6fafc553256ddda6a38a5e86792e3fed",
    "elapsed_wclock_time": 3.852788112163543,
    "final acc": 0.9325999617576599,
    "last batch loss": 0.96142578125,
    "epoch_val_accs": [
        0.6514999866485596,
        0.7738999724388123,
        0.7759999632835388,
        0.7699999809265137,
        0.8452000021934509,
        0.7847999930381775,
        0.8640999794006348,
        0.8774999976158142,
        0.9109999537467957,
        0.9229999780654907
    ],
    "epoch_losses": [
        1.47265625,
        1.3359375,
        1.2431640625,
        1.197265625,
        1.1689453125,
        1.091796875,
        1.0693359375,
        1.0615234375,
        1.01171875,
        0.96142578125
    ]
}