{
    "opt": {
        "train_epochs": 9.9,
        "batch_size": 1024,
        "lr": 11.5,
        "momentum": 0.85,
        "weight_decay": 0.0153,
        "bias_scaler": 64.0,
        "label_smoothing": 0.2,
        "whiten_bias_epochs": 3
    },
    "aug": {
        "flip": true,
        "translate": 2
    },
    "net": {
        "widths": {
            "block1": 64,
            "block2": 256,
            "block3": 256
        },
        "batchnorm_momentum": 0.6,
        "scaling_factor": 0.1111111111111111,
        "tta_level": 2
    },
    "random_seed": 99,
    "git_commit_hash": "85402c5c6fafc553256ddda6a38a5e86792e3fed",
    "elapsed_wclock_time": 3.8475087707042697,
    "final acc": 0.9312999844551086,
    "last batch loss": 0.9736328125,
    "epoch_val_accs": [
        0.6561999917030334,
        0.7076999545097351,
        0.7429999709129333,
        0.8122999668121338,
        0.8086999654769897,
        0.8526999950408936,
        0.8703999519348145,
        0.8833000063896179,
        0.9057999849319458,
        0.9236999750137329
    ],
    "epoch_losses": [
        1.423828125,
        1.29296875,
        1.1962890625,
        1.19921875,
        1.1904296875,
        1.1689453125,
        1.052734375,
        1.0458984375,
        0.99853515625,
        0.9736328125
    ]
}