{
    "opt": {
        "train_epochs": 9.9,
        "batch_size": 1024,
        "lr": 11.5,
        "momentum": 0.85,
        "weight_decay": 0.0153,
        "bias_scaler": 64.0,
        "label_smoothing": 0.2,
        "whiten_bias_epochs": 3
    },
    "aug": {
        "flip": true,
        "translate": 2
    },
    "net": {
        "widths": {
            "block1": 64,
            "block2": 256,
            "block3": 256
        },
        "batchnorm_momentum": 0.6,
        "scaling_factor": 0.1111111111111111,
        "tta_level": 2
    },
    "random_seed": 99,
    "git_commit_hash": "85402c5c6fafc553256ddda6a38a5e86792e3fed",
    "elapsed_wclock_time": 3.8886371545791625,
    "final acc": 0.9325000047683716,
    "last batch loss": 0.9560546875,
    "epoch_val_accs": [
        0.6164999604225159,
        0.6570000052452087,
        0.7889999747276306,
        0.8131999969482422,
        0.8507999777793884,
        0.8593999743461609,
        0.8748999834060669,
        0.8845999836921692,
        0.914199948310852,
        0.9254999756813049
    ],
    "epoch_losses": [
        1.45703125,
        1.3369140625,
        1.2197265625,
        1.2060546875,
        1.1455078125,
        1.1171875,
        1.0625,
        1.076171875,
        1.005859375,
        0.9560546875
    ]
}