{
    "opt": {
        "train_epochs": 9.9,
        "batch_size": 1024,
        "lr": 11.5,
        "momentum": 0.85,
        "weight_decay": 0.0153,
        "bias_scaler": 64.0,
        "label_smoothing": 0.2,
        "whiten_bias_epochs": 3
    },
    "aug": {
        "flip": true,
        "translate": 2
    },
    "net": {
        "widths": {
            "block1": 64,
            "block2": 256,
            "block3": 256
        },
        "batchnorm_momentum": 0.6,
        "scaling_factor": 0.1111111111111111,
        "tta_level": 2
    },
    "random_seed": 99,
    "git_commit_hash": "85402c5c6fafc553256ddda6a38a5e86792e3fed",
    "elapsed_wclock_time": 3.8589937286376954,
    "final acc": 0.9341999888420105,
    "last batch loss": 0.958984375,
    "epoch_val_accs": [
        0.6646999716758728,
        0.5877000093460083,
        0.6997999548912048,
        0.8138999938964844,
        0.7674999833106995,
        0.8093999624252319,
        0.8491999506950378,
        0.8851999640464783,
        0.90829998254776,
        0.9264000058174133
    ],
    "epoch_losses": [
        1.4658203125,
        1.3134765625,
        1.2373046875,
        1.19140625,
        1.2109375,
        1.1484375,
        1.083984375,
        1.078125,
        1.0107421875,
        0.958984375
    ]
}