{
    "opt": {
        "train_epochs": 9.9,
        "batch_size": 1024,
        "lr": 11.5,
        "momentum": 0.85,
        "weight_decay": 0.0153,
        "bias_scaler": 64.0,
        "label_smoothing": 0.2,
        "whiten_bias_epochs": 3
    },
    "aug": {
        "flip": true,
        "translate": 2
    },
    "net": {
        "widths": {
            "block1": 64,
            "block2": 256,
            "block3": 256
        },
        "batchnorm_momentum": 0.6,
        "scaling_factor": 0.1111111111111111,
        "tta_level": 2
    },
    "random_seed": 99,
    "git_commit_hash": "85402c5c6fafc553256ddda6a38a5e86792e3fed",
    "elapsed_wclock_time": 3.7635672540664675,
    "final acc": 0.9351999759674072,
    "last batch loss": 0.96923828125,
    "epoch_val_accs": [
        0.6377999782562256,
        0.7734000086784363,
        0.7583000063896179,
        0.7633999586105347,
        0.8295999765396118,
        0.8569999933242798,
        0.8721999526023865,
        0.8872999548912048,
        0.916700005531311,
        0.9262999892234802
    ],
    "epoch_losses": [
        1.4599609375,
        1.2734375,
        1.2255859375,
        1.2236328125,
        1.173828125,
        1.1044921875,
        1.05859375,
        1.0341796875,
        0.98583984375,
        0.96923828125
    ]
}