{
    "opt": {
        "train_epochs": 9.9,
        "batch_size": 1024,
        "lr": 11.5,
        "momentum": 0.85,
        "weight_decay": 0.0153,
        "bias_scaler": 64.0,
        "label_smoothing": 0.2,
        "whiten_bias_epochs": 3
    },
    "aug": {
        "flip": true,
        "translate": 2
    },
    "net": {
        "widths": {
            "block1": 64,
            "block2": 256,
            "block3": 256
        },
        "batchnorm_momentum": 0.6,
        "scaling_factor": 0.1111111111111111,
        "tta_level": 2
    },
    "random_seed": 99,
    "git_commit_hash": "85402c5c6fafc553256ddda6a38a5e86792e3fed",
    "elapsed_wclock_time": 3.7666774349212644,
    "final acc": 0.9314000010490417,
    "last batch loss": 0.98486328125,
    "epoch_val_accs": [
        0.5304999947547913,
        0.7322999835014343,
        0.7166999578475952,
        0.8201999664306641,
        0.8169999718666077,
        0.8222999572753906,
        0.875,
        0.8876999616622925,
        0.9151999950408936,
        0.9268999695777893
    ],
    "epoch_losses": [
        1.478515625,
        1.30078125,
        1.228515625,
        1.1708984375,
        1.154296875,
        1.1416015625,
        1.0693359375,
        1.04296875,
        1.0009765625,
        0.98486328125
    ]
}