{
    "opt": {
        "train_epochs": 9.9,
        "batch_size": 1024,
        "lr": 11.5,
        "momentum": 0.85,
        "weight_decay": 0.0153,
        "bias_scaler": 64.0,
        "label_smoothing": 0.2,
        "whiten_bias_epochs": 3
    },
    "aug": {
        "flip": true,
        "translate": 2
    },
    "net": {
        "widths": {
            "block1": 64,
            "block2": 256,
            "block3": 256
        },
        "batchnorm_momentum": 0.6,
        "scaling_factor": 0.1111111111111111,
        "tta_level": 2
    },
    "random_seed": 99,
    "git_commit_hash": "85402c5c6fafc553256ddda6a38a5e86792e3fed",
    "elapsed_wclock_time": 3.904255060434341,
    "final acc": 0.9343000054359436,
    "last batch loss": 0.96630859375,
    "epoch_val_accs": [
        0.6872000098228455,
        0.7594000101089478,
        0.712399959564209,
        0.784500002861023,
        0.8418999910354614,
        0.8307999968528748,
        0.8761999607086182,
        0.8822000026702881,
        0.9080999493598938,
        0.9241999983787537
    ],
    "epoch_losses": [
        1.4775390625,
        1.29296875,
        1.2685546875,
        1.1865234375,
        1.15625,
        1.119140625,
        1.083984375,
        1.0537109375,
        0.99169921875,
        0.96630859375
    ]
}