{
    "opt": {
        "train_epochs": 9.9,
        "batch_size": 1024,
        "lr": 11.5,
        "momentum": 0.85,
        "weight_decay": 0.0153,
        "bias_scaler": 64.0,
        "label_smoothing": 0.2,
        "whiten_bias_epochs": 3
    },
    "aug": {
        "flip": true,
        "translate": 2
    },
    "net": {
        "widths": {
            "block1": 64,
            "block2": 256,
            "block3": 256
        },
        "batchnorm_momentum": 0.6,
        "scaling_factor": 0.1111111111111111,
        "tta_level": 2
    },
    "random_seed": 99,
    "git_commit_hash": "85402c5c6fafc553256ddda6a38a5e86792e3fed",
    "elapsed_wclock_time": 3.8844962913990013,
    "final acc": 0.9304999709129333,
    "last batch loss": 0.974609375,
    "epoch_val_accs": [
        0.6626999974250793,
        0.7522000074386597,
        0.731499969959259,
        0.8341999650001526,
        0.8364999890327454,
        0.8554999828338623,
        0.876800000667572,
        0.8917999863624573,
        0.9110999703407288,
        0.9228000044822693
    ],
    "epoch_losses": [
        1.4697265625,
        1.2939453125,
        1.2451171875,
        1.1630859375,
        1.1650390625,
        1.11328125,
        1.0517578125,
        1.0498046875,
        0.99072265625,
        0.974609375
    ]
}