{
    "opt": {
        "train_epochs": 9.9,
        "batch_size": 1024,
        "lr": 11.5,
        "momentum": 0.85,
        "weight_decay": 0.0153,
        "bias_scaler": 64.0,
        "label_smoothing": 0.2,
        "whiten_bias_epochs": 3
    },
    "aug": {
        "flip": true,
        "translate": 2
    },
    "net": {
        "widths": {
            "block1": 64,
            "block2": 256,
            "block3": 256
        },
        "batchnorm_momentum": 0.6,
        "scaling_factor": 0.1111111111111111,
        "tta_level": 2
    },
    "random_seed": 99,
    "git_commit_hash": "85402c5c6fafc553256ddda6a38a5e86792e3fed",
    "elapsed_wclock_time": 3.8279150059223177,
    "final acc": 0.9322999715805054,
    "last batch loss": 0.95458984375,
    "epoch_val_accs": [
        0.6654999852180481,
        0.646399974822998,
        0.780299961566925,
        0.7735999822616577,
        0.8434000015258789,
        0.8565999865531921,
        0.8622999787330627,
        0.8829999566078186,
        0.914900004863739,
        0.9253999590873718
    ],
    "epoch_losses": [
        1.4326171875,
        1.34375,
        1.1884765625,
        1.185546875,
        1.13671875,
        1.140625,
        1.0546875,
        1.048828125,
        1.00390625,
        0.95458984375
    ]
}