{
    "opt": {
        "train_epochs": 9.9,
        "batch_size": 1024,
        "lr": 11.5,
        "momentum": 0.85,
        "weight_decay": 0.0153,
        "bias_scaler": 64.0,
        "label_smoothing": 0.2,
        "whiten_bias_epochs": 3
    },
    "aug": {
        "flip": true,
        "translate": 2
    },
    "net": {
        "widths": {
            "block1": 64,
            "block2": 256,
            "block3": 256
        },
        "batchnorm_momentum": 0.6,
        "scaling_factor": 0.1111111111111111,
        "tta_level": 2
    },
    "random_seed": 99,
    "git_commit_hash": "85402c5c6fafc553256ddda6a38a5e86792e3fed",
    "elapsed_wclock_time": 3.893683393955231,
    "final acc": 0.934499979019165,
    "last batch loss": 0.96923828125,
    "epoch_val_accs": [
        0.6277999877929688,
        0.7132999897003174,
        0.8098999857902527,
        0.7881999611854553,
        0.8247999548912048,
        0.8351999521255493,
        0.865399956703186,
        0.876800000667572,
        0.90829998254776,
        0.9250999689102173
    ],
    "epoch_losses": [
        1.4658203125,
        1.298828125,
        1.2109375,
        1.2177734375,
        1.1376953125,
        1.1279296875,
        1.05078125,
        1.033203125,
        0.99072265625,
        0.96923828125
    ]
}