{
    "opt": {
        "train_epochs": 9.9,
        "batch_size": 1024,
        "lr": 11.5,
        "momentum": 0.85,
        "weight_decay": 0.0153,
        "bias_scaler": 64.0,
        "label_smoothing": 0.2,
        "whiten_bias_epochs": 3
    },
    "aug": {
        "flip": true,
        "translate": 2
    },
    "net": {
        "widths": {
            "block1": 64,
            "block2": 256,
            "block3": 256
        },
        "batchnorm_momentum": 0.6,
        "scaling_factor": 0.1111111111111111,
        "tta_level": 2
    },
    "random_seed": 99,
    "git_commit_hash": "85402c5c6fafc553256ddda6a38a5e86792e3fed",
    "elapsed_wclock_time": 3.818064472198486,
    "final acc": 0.9341999888420105,
    "last batch loss": 0.958984375,
    "epoch_val_accs": [
        0.6195999979972839,
        0.7208999991416931,
        0.7892999649047852,
        0.7040999531745911,
        0.8246999979019165,
        0.8138999938964844,
        0.8787999749183655,
        0.8877999782562256,
        0.9115999937057495,
        0.9266999959945679
    ],
    "epoch_losses": [
        1.4912109375,
        1.287109375,
        1.205078125,
        1.2021484375,
        1.197265625,
        1.0947265625,
        1.068359375,
        1.052734375,
        0.99951171875,
        0.958984375
    ]
}