{
    "opt": {
        "train_epochs": 9.9,
        "batch_size": 1024,
        "lr": 11.5,
        "momentum": 0.85,
        "weight_decay": 0.0153,
        "bias_scaler": 64.0,
        "label_smoothing": 0.2,
        "whiten_bias_epochs": 3
    },
    "aug": {
        "flip": true,
        "translate": 2
    },
    "net": {
        "widths": {
            "block1": 64,
            "block2": 256,
            "block3": 256
        },
        "batchnorm_momentum": 0.6,
        "scaling_factor": 0.1111111111111111,
        "tta_level": 2
    },
    "random_seed": 99,
    "git_commit_hash": "85402c5c6fafc553256ddda6a38a5e86792e3fed",
    "elapsed_wclock_time": 3.8047520880699155,
    "final acc": 0.9345999956130981,
    "last batch loss": 0.97314453125,
    "epoch_val_accs": [
        0.6703999638557434,
        0.703499972820282,
        0.7723999619483948,
        0.8041999936103821,
        0.7935000061988831,
        0.8259999752044678,
        0.8651999831199646,
        0.8859999775886536,
        0.9168999791145325,
        0.9261999726295471
    ],
    "epoch_losses": [
        1.4658203125,
        1.283203125,
        1.2412109375,
        1.1943359375,
        1.1494140625,
        1.1181640625,
        1.06640625,
        1.060546875,
        0.98388671875,
        0.97314453125
    ]
}