{
    "opt": {
        "train_epochs": 9.9,
        "batch_size": 1024,
        "lr": 11.5,
        "momentum": 0.85,
        "weight_decay": 0.0153,
        "bias_scaler": 64.0,
        "label_smoothing": 0.2,
        "whiten_bias_epochs": 3
    },
    "aug": {
        "flip": true,
        "translate": 2
    },
    "net": {
        "widths": {
            "block1": 64,
            "block2": 256,
            "block3": 256
        },
        "batchnorm_momentum": 0.6,
        "scaling_factor": 0.1111111111111111,
        "tta_level": 2
    },
    "random_seed": 99,
    "git_commit_hash": "85402c5c6fafc553256ddda6a38a5e86792e3fed",
    "elapsed_wclock_time": 3.8942580108642586,
    "final acc": 0.9337999820709229,
    "last batch loss": 0.9677734375,
    "epoch_val_accs": [
        0.6082000136375427,
        0.7231999635696411,
        0.7200999855995178,
        0.7896999716758728,
        0.8346999883651733,
        0.8215000033378601,
        0.8728999495506287,
        0.883899986743927,
        0.8988999724388123,
        0.9221999645233154
    ],
    "epoch_losses": [
        1.5029296875,
        1.2822265625,
        1.2197265625,
        1.17578125,
        1.1455078125,
        1.15234375,
        1.052734375,
        1.0810546875,
        1.0078125,
        0.9677734375
    ]
}