{
    "opt": {
        "train_epochs": 9.9,
        "batch_size": 1024,
        "lr": 11.5,
        "momentum": 0.85,
        "weight_decay": 0.0153,
        "bias_scaler": 64.0,
        "label_smoothing": 0.2,
        "whiten_bias_epochs": 3
    },
    "aug": {
        "flip": true,
        "translate": 2
    },
    "net": {
        "widths": {
            "block1": 64,
            "block2": 256,
            "block3": 256
        },
        "batchnorm_momentum": 0.6,
        "scaling_factor": 0.1111111111111111,
        "tta_level": 2
    },
    "random_seed": 99,
    "git_commit_hash": "85402c5c6fafc553256ddda6a38a5e86792e3fed",
    "elapsed_wclock_time": 3.924381393432617,
    "final acc": 0.9351999759674072,
    "last batch loss": 0.9638671875,
    "epoch_val_accs": [
        0.6807000041007996,
        0.6559999585151672,
        0.7019000053405762,
        0.8190000057220459,
        0.849399983882904,
        0.8542999625205994,
        0.8741999864578247,
        0.8914999961853027,
        0.9047999978065491,
        0.9226999878883362
    ],
    "epoch_losses": [
        1.4951171875,
        1.2939453125,
        1.2265625,
        1.1865234375,
        1.150390625,
        1.115234375,
        1.056640625,
        1.037109375,
        1.0166015625,
        0.9638671875
    ]
}