{
    "opt": {
        "train_epochs": 9.9,
        "batch_size": 1024,
        "lr": 11.5,
        "momentum": 0.85,
        "weight_decay": 0.0153,
        "bias_scaler": 64.0,
        "label_smoothing": 0.2,
        "whiten_bias_epochs": 3
    },
    "aug": {
        "flip": true,
        "translate": 2
    },
    "net": {
        "widths": {
            "block1": 64,
            "block2": 256,
            "block3": 256
        },
        "batchnorm_momentum": 0.6,
        "scaling_factor": 0.1111111111111111,
        "tta_level": 2
    },
    "random_seed": 99,
    "git_commit_hash": "85402c5c6fafc553256ddda6a38a5e86792e3fed",
    "elapsed_wclock_time": 3.931707596302032,
    "final acc": 0.9296999573707581,
    "last batch loss": 0.96142578125,
    "epoch_val_accs": [
        0.6610999703407288,
        0.6800999641418457,
        0.7576999664306641,
        0.8039000034332275,
        0.816100001335144,
        0.866599977016449,
        0.8633999824523926,
        0.8572999835014343,
        0.9106000065803528,
        0.9241999983787537
    ],
    "epoch_losses": [
        1.453125,
        1.302734375,
        1.248046875,
        1.1826171875,
        1.1650390625,
        1.1064453125,
        1.0546875,
        1.0673828125,
        0.98291015625,
        0.96142578125
    ]
}