{
    "opt": {
        "train_epochs": 9.9,
        "batch_size": 1024,
        "lr": 11.5,
        "momentum": 0.85,
        "weight_decay": 0.0153,
        "bias_scaler": 64.0,
        "label_smoothing": 0.2,
        "whiten_bias_epochs": 3
    },
    "aug": {
        "flip": true,
        "translate": 2
    },
    "net": {
        "widths": {
            "block1": 64,
            "block2": 256,
            "block3": 256
        },
        "batchnorm_momentum": 0.6,
        "scaling_factor": 0.1111111111111111,
        "tta_level": 2
    },
    "random_seed": 99,
    "git_commit_hash": "85402c5c6fafc553256ddda6a38a5e86792e3fed",
    "elapsed_wclock_time": 3.8488935296535494,
    "final acc": 0.9309999942779541,
    "last batch loss": 0.9609375,
    "epoch_val_accs": [
        0.6633999943733215,
        0.5870999693870544,
        0.6430999636650085,
        0.8093000054359436,
        0.7569999694824219,
        0.8036999702453613,
        0.8702999949455261,
        0.8884999752044678,
        0.9073999524116516,
        0.9241999983787537
    ],
    "epoch_losses": [
        1.4609375,
        1.2939453125,
        1.2666015625,
        1.18359375,
        1.1796875,
        1.11328125,
        1.06640625,
        1.0400390625,
        0.99560546875,
        0.9609375
    ]
}