{
    "opt": {
        "train_epochs": 9.9,
        "batch_size": 1024,
        "lr": 11.5,
        "momentum": 0.85,
        "weight_decay": 0.0153,
        "bias_scaler": 64.0,
        "label_smoothing": 0.2,
        "whiten_bias_epochs": 3
    },
    "aug": {
        "flip": true,
        "translate": 2
    },
    "net": {
        "widths": {
            "block1": 64,
            "block2": 256,
            "block3": 256
        },
        "batchnorm_momentum": 0.6,
        "scaling_factor": 0.1111111111111111,
        "tta_level": 2
    },
    "random_seed": 99,
    "git_commit_hash": "85402c5c6fafc553256ddda6a38a5e86792e3fed",
    "elapsed_wclock_time": 3.8422141637802123,
    "final acc": 0.9307000041007996,
    "last batch loss": 0.9638671875,
    "epoch_val_accs": [
        0.6223999857902527,
        0.7286999821662903,
        0.7041999697685242,
        0.6997999548912048,
        0.8143999576568604,
        0.8488999605178833,
        0.818399965763092,
        0.8835999965667725,
        0.9059999585151672,
        0.9217000007629395
    ],
    "epoch_losses": [
        1.4794921875,
        1.3056640625,
        1.2470703125,
        1.2275390625,
        1.1328125,
        1.1279296875,
        1.076171875,
        1.05859375,
        0.9990234375,
        0.9638671875
    ]
}