{
    "opt": {
        "train_epochs": 9.9,
        "batch_size": 1024,
        "lr": 11.5,
        "momentum": 0.85,
        "weight_decay": 0.0153,
        "bias_scaler": 64.0,
        "label_smoothing": 0.2,
        "whiten_bias_epochs": 3
    },
    "aug": {
        "flip": true,
        "translate": 2
    },
    "net": {
        "widths": {
            "block1": 64,
            "block2": 256,
            "block3": 256
        },
        "batchnorm_momentum": 0.6,
        "scaling_factor": 0.1111111111111111,
        "tta_level": 2
    },
    "random_seed": 99,
    "git_commit_hash": "85402c5c6fafc553256ddda6a38a5e86792e3fed",
    "elapsed_wclock_time": 3.8603891458511352,
    "final acc": 0.9364999532699585,
    "last batch loss": 0.9736328125,
    "epoch_val_accs": [
        0.6765999794006348,
        0.7788999676704407,
        0.7998999953269958,
        0.8057999610900879,
        0.8335999846458435,
        0.85589998960495,
        0.8777999877929688,
        0.8958999514579773,
        0.9178999662399292,
        0.9248999953269958
    ],
    "epoch_losses": [
        1.455078125,
        1.3056640625,
        1.251953125,
        1.166015625,
        1.1552734375,
        1.0986328125,
        1.0673828125,
        1.0634765625,
        0.97412109375,
        0.9736328125
    ]
}