{
    "opt": {
        "train_epochs": 9.9,
        "batch_size": 1024,
        "lr": 11.5,
        "momentum": 0.85,
        "weight_decay": 0.0153,
        "bias_scaler": 64.0,
        "label_smoothing": 0.2,
        "whiten_bias_epochs": 3
    },
    "aug": {
        "flip": true,
        "translate": 2
    },
    "net": {
        "widths": {
            "block1": 64,
            "block2": 256,
            "block3": 256
        },
        "batchnorm_momentum": 0.6,
        "scaling_factor": 0.1111111111111111,
        "tta_level": 2
    },
    "random_seed": 99,
    "git_commit_hash": "85402c5c6fafc553256ddda6a38a5e86792e3fed",
    "elapsed_wclock_time": 3.781656987428665,
    "final acc": 0.930899977684021,
    "last batch loss": 0.9833984375,
    "epoch_val_accs": [
        0.637499988079071,
        0.5171999931335449,
        0.6837999820709229,
        0.7350999712944031,
        0.7917999625205994,
        0.79339998960495,
        0.8682000041007996,
        0.8739999532699585,
        0.906499981880188,
        0.925599992275238
    ],
    "epoch_losses": [
        1.48046875,
        1.3134765625,
        1.2451171875,
        1.212890625,
        1.1513671875,
        1.12109375,
        1.08203125,
        1.0615234375,
        0.98779296875,
        0.9833984375
    ]
}