{
    "opt": {
        "train_epochs": 9.9,
        "batch_size": 1024,
        "lr": 11.5,
        "momentum": 0.85,
        "weight_decay": 0.0153,
        "bias_scaler": 64.0,
        "label_smoothing": 0.2,
        "whiten_bias_epochs": 3
    },
    "aug": {
        "flip": true,
        "translate": 2
    },
    "net": {
        "widths": {
            "block1": 64,
            "block2": 256,
            "block3": 256
        },
        "batchnorm_momentum": 0.6,
        "scaling_factor": 0.1111111111111111,
        "tta_level": 2
    },
    "random_seed": 99,
    "git_commit_hash": "85402c5c6fafc553256ddda6a38a5e86792e3fed",
    "elapsed_wclock_time": 3.8550338516235354,
    "final acc": 0.9322999715805054,
    "last batch loss": 0.96875,
    "epoch_val_accs": [
        0.5893999934196472,
        0.638700008392334,
        0.7511999607086182,
        0.8066999912261963,
        0.8319000005722046,
        0.8238999843597412,
        0.8738999962806702,
        0.88919997215271,
        0.9063999652862549,
        0.9269999861717224
    ],
    "epoch_losses": [
        1.447265625,
        1.2958984375,
        1.232421875,
        1.2216796875,
        1.1611328125,
        1.1279296875,
        1.0693359375,
        1.0263671875,
        0.99609375,
        0.96875
    ]
}