{
    "opt": {
        "train_epochs": 9.9,
        "batch_size": 1024,
        "lr": 11.5,
        "momentum": 0.85,
        "weight_decay": 0.0153,
        "bias_scaler": 64.0,
        "label_smoothing": 0.2,
        "whiten_bias_epochs": 3
    },
    "aug": {
        "flip": true,
        "translate": 2
    },
    "net": {
        "widths": {
            "block1": 64,
            "block2": 256,
            "block3": 256
        },
        "batchnorm_momentum": 0.6,
        "scaling_factor": 0.1111111111111111,
        "tta_level": 2
    },
    "random_seed": 99,
    "git_commit_hash": "85402c5c6fafc553256ddda6a38a5e86792e3fed",
    "elapsed_wclock_time": 3.812998091220855,
    "final acc": 0.9348999857902527,
    "last batch loss": 0.97509765625,
    "epoch_val_accs": [
        0.6825000047683716,
        0.6412000060081482,
        0.7620999813079834,
        0.8324999809265137,
        0.7924000024795532,
        0.8321999907493591,
        0.8614999651908875,
        0.8958999514579773,
        0.905299961566925,
        0.9253999590873718
    ],
    "epoch_losses": [
        1.4345703125,
        1.2744140625,
        1.208984375,
        1.19921875,
        1.1591796875,
        1.1181640625,
        1.078125,
        1.03125,
        0.99609375,
        0.97509765625
    ]
}