{
    "opt": {
        "train_epochs": 9.9,
        "batch_size": 1024,
        "lr": 11.5,
        "momentum": 0.85,
        "weight_decay": 0.0153,
        "bias_scaler": 64.0,
        "label_smoothing": 0.2,
        "whiten_bias_epochs": 3
    },
    "aug": {
        "flip": true,
        "translate": 2
    },
    "net": {
        "widths": {
            "block1": 64,
            "block2": 256,
            "block3": 256
        },
        "batchnorm_momentum": 0.6,
        "scaling_factor": 0.1111111111111111,
        "tta_level": 2
    },
    "random_seed": 99,
    "git_commit_hash": "85402c5c6fafc553256ddda6a38a5e86792e3fed",
    "elapsed_wclock_time": 3.7660156719684603,
    "final acc": 0.9310999512672424,
    "last batch loss": 0.96240234375,
    "epoch_val_accs": [
        0.6392999887466431,
        0.5893999934196472,
        0.7347999811172485,
        0.7741999626159668,
        0.8337000012397766,
        0.8536999821662903,
        0.866599977016449,
        0.8848999738693237,
        0.911899983882904,
        0.9239999651908875
    ],
    "epoch_losses": [
        1.4541015625,
        1.333984375,
        1.2119140625,
        1.197265625,
        1.1767578125,
        1.119140625,
        1.08203125,
        1.044921875,
        1.013671875,
        0.96240234375
    ]
}