{
    "opt": {
        "train_epochs": 9.9,
        "batch_size": 1024,
        "lr": 11.5,
        "momentum": 0.85,
        "weight_decay": 0.0153,
        "bias_scaler": 64.0,
        "label_smoothing": 0.2,
        "whiten_bias_epochs": 3
    },
    "aug": {
        "flip": true,
        "translate": 2
    },
    "net": {
        "widths": {
            "block1": 64,
            "block2": 256,
            "block3": 256
        },
        "batchnorm_momentum": 0.6,
        "scaling_factor": 0.1111111111111111,
        "tta_level": 2
    },
    "random_seed": 99,
    "git_commit_hash": "85402c5c6fafc553256ddda6a38a5e86792e3fed",
    "elapsed_wclock_time": 3.8953353500366212,
    "final acc": 0.9369999766349792,
    "last batch loss": 0.97607421875,
    "epoch_val_accs": [
        0.6809999942779541,
        0.7674999833106995,
        0.7484999895095825,
        0.8039000034332275,
        0.8120999932289124,
        0.8578999638557434,
        0.8794999718666077,
        0.8953999876976013,
        0.9150999784469604,
        0.9253999590873718
    ],
    "epoch_losses": [
        1.47265625,
        1.27734375,
        1.2236328125,
        1.1962890625,
        1.16015625,
        1.126953125,
        1.0810546875,
        1.0537109375,
        1.0029296875,
        0.97607421875
    ]
}