{
    "opt": {
        "train_epochs": 9.9,
        "batch_size": 1024,
        "lr": 11.5,
        "momentum": 0.85,
        "weight_decay": 0.0153,
        "bias_scaler": 64.0,
        "label_smoothing": 0.2,
        "whiten_bias_epochs": 3
    },
    "aug": {
        "flip": true,
        "translate": 2
    },
    "net": {
        "widths": {
            "block1": 64,
            "block2": 256,
            "block3": 256
        },
        "batchnorm_momentum": 0.6,
        "scaling_factor": 0.1111111111111111,
        "tta_level": 2
    },
    "random_seed": 99,
    "git_commit_hash": "85402c5c6fafc553256ddda6a38a5e86792e3fed",
    "elapsed_wclock_time": 3.884032511949539,
    "final acc": 0.9336999654769897,
    "last batch loss": 0.97216796875,
    "epoch_val_accs": [
        0.6834999918937683,
        0.7418999671936035,
        0.7953000068664551,
        0.792199969291687,
        0.7699999809265137,
        0.8395999670028687,
        0.8791999816894531,
        0.8779999613761902,
        0.9108999967575073,
        0.9247999787330627
    ],
    "epoch_losses": [
        1.439453125,
        1.27734375,
        1.2265625,
        1.1806640625,
        1.1923828125,
        1.1435546875,
        1.0615234375,
        1.05078125,
        0.9892578125,
        0.97216796875
    ]
}