{
    "opt": {
        "train_epochs": 9.9,
        "batch_size": 1024,
        "lr": 11.5,
        "momentum": 0.85,
        "weight_decay": 0.0153,
        "bias_scaler": 64.0,
        "label_smoothing": 0.2,
        "whiten_bias_epochs": 3
    },
    "aug": {
        "flip": true,
        "translate": 2
    },
    "net": {
        "widths": {
            "block1": 64,
            "block2": 256,
            "block3": 256
        },
        "batchnorm_momentum": 0.6,
        "scaling_factor": 0.1111111111111111,
        "tta_level": 2
    },
    "random_seed": 99,
    "git_commit_hash": "85402c5c6fafc553256ddda6a38a5e86792e3fed",
    "elapsed_wclock_time": 3.854206103801727,
    "final acc": 0.9323999881744385,
    "last batch loss": 0.970703125,
    "epoch_val_accs": [
        0.5633000135421753,
        0.5781999826431274,
        0.623699963092804,
        0.7985000014305115,
        0.791700005531311,
        0.859499990940094,
        0.8675000071525574,
        0.8797000050544739,
        0.91239994764328,
        0.9267999529838562
    ],
    "epoch_losses": [
        1.47265625,
        1.3115234375,
        1.2197265625,
        1.193359375,
        1.193359375,
        1.1259765625,
        1.08203125,
        1.0439453125,
        1.0029296875,
        0.970703125
    ]
}