{
    "opt": {
        "train_epochs": 9.9,
        "batch_size": 1024,
        "lr": 11.5,
        "momentum": 0.85,
        "weight_decay": 0.0153,
        "bias_scaler": 64.0,
        "label_smoothing": 0.2,
        "whiten_bias_epochs": 3
    },
    "aug": {
        "flip": true,
        "translate": 2
    },
    "net": {
        "widths": {
            "block1": 64,
            "block2": 256,
            "block3": 256
        },
        "batchnorm_momentum": 0.6,
        "scaling_factor": 0.1111111111111111,
        "tta_level": 2
    },
    "random_seed": 99,
    "git_commit_hash": "85402c5c6fafc553256ddda6a38a5e86792e3fed",
    "elapsed_wclock_time": 3.8517890350818638,
    "final acc": 0.9322999715805054,
    "last batch loss": 0.96044921875,
    "epoch_val_accs": [
        0.6071000099182129,
        0.6764000058174133,
        0.7800999879837036,
        0.6743999719619751,
        0.8208000063896179,
        0.8265999555587769,
        0.8709999918937683,
        0.8876000046730042,
        0.9104999899864197,
        0.9257999658584595
    ],
    "epoch_losses": [
        1.4677734375,
        1.2919921875,
        1.244140625,
        1.19140625,
        1.181640625,
        1.1171875,
        1.0634765625,
        1.04296875,
        0.994140625,
        0.96044921875
    ]
}