{
    "opt": {
        "train_epochs": 9.9,
        "batch_size": 1024,
        "lr": 11.5,
        "momentum": 0.85,
        "weight_decay": 0.0153,
        "bias_scaler": 64.0,
        "label_smoothing": 0.2,
        "whiten_bias_epochs": 3
    },
    "aug": {
        "flip": true,
        "translate": 2
    },
    "net": {
        "widths": {
            "block1": 64,
            "block2": 256,
            "block3": 256
        },
        "batchnorm_momentum": 0.6,
        "scaling_factor": 0.1111111111111111,
        "tta_level": 2
    },
    "random_seed": 99,
    "git_commit_hash": "85402c5c6fafc553256ddda6a38a5e86792e3fed",
    "elapsed_wclock_time": 3.9748450949192047,
    "final acc": 0.9335999488830566,
    "last batch loss": 0.96142578125,
    "epoch_val_accs": [
        0.6230999827384949,
        0.7401999831199646,
        0.7877999544143677,
        0.7935000061988831,
        0.8211999535560608,
        0.8549000024795532,
        0.8775999546051025,
        0.8925999999046326,
        0.9150999784469604,
        0.9254999756813049
    ],
    "epoch_losses": [
        1.4931640625,
        1.2705078125,
        1.212890625,
        1.1806640625,
        1.142578125,
        1.1123046875,
        1.0791015625,
        1.05859375,
        0.9892578125,
        0.96142578125
    ]
}