{
    "opt": {
        "train_epochs": 9.9,
        "batch_size": 1024,
        "lr": 11.5,
        "momentum": 0.85,
        "weight_decay": 0.0153,
        "bias_scaler": 64.0,
        "label_smoothing": 0.2,
        "whiten_bias_epochs": 3
    },
    "aug": {
        "flip": true,
        "translate": 2
    },
    "net": {
        "widths": {
            "block1": 64,
            "block2": 256,
            "block3": 256
        },
        "batchnorm_momentum": 0.6,
        "scaling_factor": 0.1111111111111111,
        "tta_level": 2
    },
    "random_seed": 99,
    "git_commit_hash": "85402c5c6fafc553256ddda6a38a5e86792e3fed",
    "elapsed_wclock_time": 3.836502562999726,
    "final acc": 0.9358999729156494,
    "last batch loss": 0.95849609375,
    "epoch_val_accs": [
        0.6100999712944031,
        0.6851999759674072,
        0.7688999772071838,
        0.7601999640464783,
        0.8513999581336975,
        0.8120999932289124,
        0.871399998664856,
        0.883899986743927,
        0.9070999622344971,
        0.9246999621391296
    ],
    "epoch_losses": [
        1.466796875,
        1.26953125,
        1.2529296875,
        1.1796875,
        1.150390625,
        1.099609375,
        1.0654296875,
        1.048828125,
        0.9814453125,
        0.95849609375
    ]
}