{
    "opt": {
        "train_epochs": 9.9,
        "batch_size": 1024,
        "lr": 11.5,
        "momentum": 0.85,
        "weight_decay": 0.0153,
        "bias_scaler": 64.0,
        "label_smoothing": 0.2,
        "whiten_bias_epochs": 3
    },
    "aug": {
        "flip": true,
        "translate": 2
    },
    "net": {
        "widths": {
            "block1": 64,
            "block2": 256,
            "block3": 256
        },
        "batchnorm_momentum": 0.6,
        "scaling_factor": 0.1111111111111111,
        "tta_level": 2
    },
    "random_seed": 99,
    "git_commit_hash": "85402c5c6fafc553256ddda6a38a5e86792e3fed",
    "elapsed_wclock_time": 3.804317970991135,
    "final acc": 0.9319999814033508,
    "last batch loss": 0.9697265625,
    "epoch_val_accs": [
        0.6061999797821045,
        0.7008999586105347,
        0.6527999639511108,
        0.8096999526023865,
        0.814300000667572,
        0.8330999612808228,
        0.8634999990463257,
        0.8841999769210815,
        0.9090999960899353,
        0.9232999682426453
    ],
    "epoch_losses": [
        1.5146484375,
        1.330078125,
        1.2421875,
        1.19140625,
        1.1455078125,
        1.103515625,
        1.0576171875,
        1.0576171875,
        1.00390625,
        0.9697265625
    ]
}