{
    "opt": {
        "train_epochs": 9.9,
        "batch_size": 1024,
        "lr": 11.5,
        "momentum": 0.85,
        "weight_decay": 0.0153,
        "bias_scaler": 64.0,
        "label_smoothing": 0.2,
        "whiten_bias_epochs": 3
    },
    "aug": {
        "flip": true,
        "translate": 2
    },
    "net": {
        "widths": {
            "block1": 64,
            "block2": 256,
            "block3": 256
        },
        "batchnorm_momentum": 0.6,
        "scaling_factor": 0.1111111111111111,
        "tta_level": 2
    },
    "random_seed": 99,
    "git_commit_hash": "85402c5c6fafc553256ddda6a38a5e86792e3fed",
    "elapsed_wclock_time": 3.8542653200626376,
    "final acc": 0.9315999746322632,
    "last batch loss": 0.9609375,
    "epoch_val_accs": [
        0.6769999861717224,
        0.6875,
        0.7831000089645386,
        0.8297999501228333,
        0.8098999857902527,
        0.8359999656677246,
        0.8588999509811401,
        0.8732999563217163,
        0.91239994764328,
        0.9228000044822693
    ],
    "epoch_losses": [
        1.458984375,
        1.32421875,
        1.234375,
        1.197265625,
        1.1669921875,
        1.1123046875,
        1.076171875,
        1.0693359375,
        1.0048828125,
        0.9609375
    ]
}