{
    "opt": {
        "train_epochs": 9.9,
        "batch_size": 1024,
        "lr": 11.5,
        "momentum": 0.85,
        "weight_decay": 0.0153,
        "bias_scaler": 64.0,
        "label_smoothing": 0.2,
        "whiten_bias_epochs": 3
    },
    "aug": {
        "flip": true,
        "translate": 2
    },
    "net": {
        "widths": {
            "block1": 64,
            "block2": 256,
            "block3": 256
        },
        "batchnorm_momentum": 0.6,
        "scaling_factor": 0.1111111111111111,
        "tta_level": 2
    },
    "random_seed": 99,
    "git_commit_hash": "85402c5c6fafc553256ddda6a38a5e86792e3fed",
    "elapsed_wclock_time": 3.868450492858887,
    "final acc": 0.9318999648094177,
    "last batch loss": 0.94921875,
    "epoch_val_accs": [
        0.5791999697685242,
        0.5835999846458435,
        0.7497999668121338,
        0.7667999863624573,
        0.7703999876976013,
        0.8605999946594238,
        0.8813999891281128,
        0.887999951839447,
        0.9067999720573425,
        0.9233999848365784
    ],
    "epoch_losses": [
        1.447265625,
        1.3115234375,
        1.1982421875,
        1.169921875,
        1.1376953125,
        1.099609375,
        1.0703125,
        1.0400390625,
        1.00390625,
        0.94921875
    ]
}