{
    "opt": {
        "train_epochs": 9.9,
        "batch_size": 1024,
        "lr": 11.5,
        "momentum": 0.85,
        "weight_decay": 0.0153,
        "bias_scaler": 64.0,
        "label_smoothing": 0.2,
        "whiten_bias_epochs": 3
    },
    "aug": {
        "flip": true,
        "translate": 2
    },
    "net": {
        "widths": {
            "block1": 64,
            "block2": 256,
            "block3": 256
        },
        "batchnorm_momentum": 0.6,
        "scaling_factor": 0.1111111111111111,
        "tta_level": 2
    },
    "random_seed": 99,
    "git_commit_hash": "85402c5c6fafc553256ddda6a38a5e86792e3fed",
    "elapsed_wclock_time": 3.7666214909553526,
    "final acc": 0.9314000010490417,
    "last batch loss": 0.97412109375,
    "epoch_val_accs": [
        0.6281999945640564,
        0.7286999821662903,
        0.8052999973297119,
        0.7803999781608582,
        0.8339999914169312,
        0.8274999856948853,
        0.8723999857902527,
        0.8923999667167664,
        0.9093999862670898,
        0.9246000051498413
    ],
    "epoch_losses": [
        1.4853515625,
        1.271484375,
        1.2275390625,
        1.197265625,
        1.1572265625,
        1.1318359375,
        1.060546875,
        1.0458984375,
        0.9970703125,
        0.97412109375
    ]
}