{
    "opt": {
        "train_epochs": 9.9,
        "batch_size": 1024,
        "lr": 11.5,
        "momentum": 0.85,
        "weight_decay": 0.0153,
        "bias_scaler": 64.0,
        "label_smoothing": 0.2,
        "whiten_bias_epochs": 3
    },
    "aug": {
        "flip": true,
        "translate": 2
    },
    "net": {
        "widths": {
            "block1": 64,
            "block2": 256,
            "block3": 256
        },
        "batchnorm_momentum": 0.6,
        "scaling_factor": 0.1111111111111111,
        "tta_level": 2
    },
    "random_seed": 99,
    "git_commit_hash": "85402c5c6fafc553256ddda6a38a5e86792e3fed",
    "elapsed_wclock_time": 3.855625967264175,
    "final acc": 0.9305999875068665,
    "last batch loss": 0.97021484375,
    "epoch_val_accs": [
        0.6419999599456787,
        0.7501999735832214,
        0.7019999623298645,
        0.7444999814033508,
        0.7910999655723572,
        0.8534999489784241,
        0.8621999621391296,
        0.87909996509552,
        0.9104999899864197,
        0.9229999780654907
    ],
    "epoch_losses": [
        1.4384765625,
        1.298828125,
        1.2421875,
        1.1923828125,
        1.1328125,
        1.1103515625,
        1.0771484375,
        1.03125,
        0.9853515625,
        0.97021484375
    ]
}