{
    "opt": {
        "train_epochs": 9.9,
        "batch_size": 1024,
        "lr": 11.5,
        "momentum": 0.85,
        "weight_decay": 0.0153,
        "bias_scaler": 64.0,
        "label_smoothing": 0.2,
        "whiten_bias_epochs": 3
    },
    "aug": {
        "flip": true,
        "translate": 2
    },
    "net": {
        "widths": {
            "block1": 64,
            "block2": 256,
            "block3": 256
        },
        "batchnorm_momentum": 0.6,
        "scaling_factor": 0.1111111111111111,
        "tta_level": 2
    },
    "random_seed": 99,
    "git_commit_hash": "85402c5c6fafc553256ddda6a38a5e86792e3fed",
    "elapsed_wclock_time": 3.8961845436096194,
    "final acc": 0.9312999844551086,
    "last batch loss": 0.9697265625,
    "epoch_val_accs": [
        0.6455000042915344,
        0.5658000111579895,
        0.7831000089645386,
        0.7839999794960022,
        0.8316999673843384,
        0.8327999711036682,
        0.8799999952316284,
        0.8815000057220459,
        0.9077999591827393,
        0.9253999590873718
    ],
    "epoch_losses": [
        1.478515625,
        1.3046875,
        1.21875,
        1.1865234375,
        1.169921875,
        1.107421875,
        1.099609375,
        1.044921875,
        0.99462890625,
        0.9697265625
    ]
}