{
    "opt": {
        "train_epochs": 9.9,
        "batch_size": 1024,
        "lr": 11.5,
        "momentum": 0.85,
        "weight_decay": 0.0153,
        "bias_scaler": 64.0,
        "label_smoothing": 0.2,
        "whiten_bias_epochs": 3
    },
    "aug": {
        "flip": true,
        "translate": 2
    },
    "net": {
        "widths": {
            "block1": 64,
            "block2": 256,
            "block3": 256
        },
        "batchnorm_momentum": 0.6,
        "scaling_factor": 0.1111111111111111,
        "tta_level": 2
    },
    "random_seed": 99,
    "git_commit_hash": "85402c5c6fafc553256ddda6a38a5e86792e3fed",
    "elapsed_wclock_time": 3.8549686784744264,
    "final acc": 0.9321999549865723,
    "last batch loss": 0.97119140625,
    "epoch_val_accs": [
        0.6530999541282654,
        0.7357999682426453,
        0.7748000025749207,
        0.8240000009536743,
        0.8370999693870544,
        0.8216999769210815,
        0.8544999957084656,
        0.8613999485969543,
        0.9162999987602234,
        0.921999990940094
    ],
    "epoch_losses": [
        1.443359375,
        1.30078125,
        1.2353515625,
        1.189453125,
        1.1728515625,
        1.12890625,
        1.0830078125,
        1.048828125,
        0.98828125,
        0.97119140625
    ]
}