{
    "opt": {
        "train_epochs": 9.9,
        "batch_size": 1024,
        "lr": 11.5,
        "momentum": 0.85,
        "weight_decay": 0.0153,
        "bias_scaler": 64.0,
        "label_smoothing": 0.2,
        "whiten_bias_epochs": 3
    },
    "aug": {
        "flip": true,
        "translate": 2
    },
    "net": {
        "widths": {
            "block1": 64,
            "block2": 256,
            "block3": 256
        },
        "batchnorm_momentum": 0.6,
        "scaling_factor": 0.1111111111111111,
        "tta_level": 2
    },
    "random_seed": 99,
    "git_commit_hash": "85402c5c6fafc553256ddda6a38a5e86792e3fed",
    "elapsed_wclock_time": 3.8091792292594917,
    "final acc": 0.9328999519348145,
    "last batch loss": 0.96337890625,
    "epoch_val_accs": [
        0.6499999761581421,
        0.6583999991416931,
        0.7748000025749207,
        0.7818999886512756,
        0.8168999552726746,
        0.8039000034332275,
        0.8349999785423279,
        0.8805999755859375,
        0.9128999710083008,
        0.9254999756813049
    ],
    "epoch_losses": [
        1.455078125,
        1.3046875,
        1.267578125,
        1.236328125,
        1.162109375,
        1.1328125,
        1.0615234375,
        1.0419921875,
        0.998046875,
        0.96337890625
    ]
}