{
    "opt": {
        "train_epochs": 9.9,
        "batch_size": 1024,
        "lr": 11.5,
        "momentum": 0.85,
        "weight_decay": 0.0153,
        "bias_scaler": 64.0,
        "label_smoothing": 0.2,
        "whiten_bias_epochs": 3
    },
    "aug": {
        "flip": true,
        "translate": 2
    },
    "net": {
        "widths": {
            "block1": 64,
            "block2": 256,
            "block3": 256
        },
        "batchnorm_momentum": 0.6,
        "scaling_factor": 0.1111111111111111,
        "tta_level": 2
    },
    "random_seed": 99,
    "git_commit_hash": "85402c5c6fafc553256ddda6a38a5e86792e3fed",
    "elapsed_wclock_time": 3.887634669542313,
    "final acc": 0.9311999678611755,
    "last batch loss": 0.9609375,
    "epoch_val_accs": [
        0.6359999775886536,
        0.6881999969482422,
        0.7590000033378601,
        0.7742999792098999,
        0.8141999840736389,
        0.8179000020027161,
        0.8637999892234802,
        0.8804999589920044,
        0.9125999808311462,
        0.9214999675750732
    ],
    "epoch_losses": [
        1.505859375,
        1.3310546875,
        1.244140625,
        1.201171875,
        1.1982421875,
        1.126953125,
        1.0751953125,
        1.0517578125,
        1.00390625,
        0.9609375
    ]
}