{
    "opt": {
        "train_epochs": 9.9,
        "batch_size": 1024,
        "lr": 11.5,
        "momentum": 0.85,
        "weight_decay": 0.0153,
        "bias_scaler": 64.0,
        "label_smoothing": 0.2,
        "whiten_bias_epochs": 3
    },
    "aug": {
        "flip": true,
        "translate": 2
    },
    "net": {
        "widths": {
            "block1": 64,
            "block2": 256,
            "block3": 256
        },
        "batchnorm_momentum": 0.6,
        "scaling_factor": 0.1111111111111111,
        "tta_level": 2
    },
    "random_seed": 99,
    "git_commit_hash": "85402c5c6fafc553256ddda6a38a5e86792e3fed",
    "elapsed_wclock_time": 3.852796206712723,
    "final acc": 0.9335999488830566,
    "last batch loss": 0.96630859375,
    "epoch_val_accs": [
        0.6574999690055847,
        0.5862999558448792,
        0.7770000100135803,
        0.7245999574661255,
        0.8507999777793884,
        0.842799961566925,
        0.866599977016449,
        0.8723999857902527,
        0.9163999557495117,
        0.9250999689102173
    ],
    "epoch_losses": [
        1.470703125,
        1.3046875,
        1.2177734375,
        1.1904296875,
        1.1533203125,
        1.1162109375,
        1.0595703125,
        1.05078125,
        1.009765625,
        0.96630859375
    ]
}