{
    "opt": {
        "train_epochs": 9.9,
        "batch_size": 1024,
        "lr": 11.5,
        "momentum": 0.85,
        "weight_decay": 0.0153,
        "bias_scaler": 64.0,
        "label_smoothing": 0.2,
        "whiten_bias_epochs": 3
    },
    "aug": {
        "flip": true,
        "translate": 2
    },
    "net": {
        "widths": {
            "block1": 64,
            "block2": 256,
            "block3": 256
        },
        "batchnorm_momentum": 0.6,
        "scaling_factor": 0.1111111111111111,
        "tta_level": 2
    },
    "random_seed": 99,
    "git_commit_hash": "85402c5c6fafc553256ddda6a38a5e86792e3fed",
    "elapsed_wclock_time": 3.9062751061916354,
    "final acc": 0.9294999837875366,
    "last batch loss": 0.95751953125,
    "epoch_val_accs": [
        0.6559999585151672,
        0.7569999694824219,
        0.7152000069618225,
        0.7976999878883362,
        0.8220999836921692,
        0.8066999912261963,
        0.8605999946594238,
        0.8889999985694885,
        0.9036999940872192,
        0.9226999878883362
    ],
    "epoch_losses": [
        1.458984375,
        1.2998046875,
        1.2294921875,
        1.1884765625,
        1.169921875,
        1.099609375,
        1.1015625,
        1.0478515625,
        1.0068359375,
        0.95751953125
    ]
}