{
    "opt": {
        "train_epochs": 9.9,
        "batch_size": 1024,
        "lr": 11.5,
        "momentum": 0.85,
        "weight_decay": 0.0153,
        "bias_scaler": 64.0,
        "label_smoothing": 0.2,
        "whiten_bias_epochs": 3
    },
    "aug": {
        "flip": true,
        "translate": 2
    },
    "net": {
        "widths": {
            "block1": 64,
            "block2": 256,
            "block3": 256
        },
        "batchnorm_momentum": 0.6,
        "scaling_factor": 0.1111111111111111,
        "tta_level": 2
    },
    "random_seed": 99,
    "git_commit_hash": "85402c5c6fafc553256ddda6a38a5e86792e3fed",
    "elapsed_wclock_time": 3.8507454094886784,
    "final acc": 0.9325999617576599,
    "last batch loss": 0.96630859375,
    "epoch_val_accs": [
        0.6505999565124512,
        0.6615999937057495,
        0.7159000039100647,
        0.7723999619483948,
        0.7789999842643738,
        0.8288999795913696,
        0.8619999885559082,
        0.8862999677658081,
        0.9121999740600586,
        0.923799991607666
    ],
    "epoch_losses": [
        1.50390625,
        1.3369140625,
        1.2431640625,
        1.19140625,
        1.1845703125,
        1.1181640625,
        1.0810546875,
        1.0205078125,
        1.02734375,
        0.96630859375
    ]
}