{
    "opt": {
        "train_epochs": 9.9,
        "batch_size": 1024,
        "lr": 11.5,
        "momentum": 0.85,
        "weight_decay": 0.0153,
        "bias_scaler": 64.0,
        "label_smoothing": 0.2,
        "whiten_bias_epochs": 3
    },
    "aug": {
        "flip": true,
        "translate": 2
    },
    "net": {
        "widths": {
            "block1": 64,
            "block2": 256,
            "block3": 256
        },
        "batchnorm_momentum": 0.6,
        "scaling_factor": 0.1111111111111111,
        "tta_level": 2
    },
    "random_seed": 99,
    "git_commit_hash": "85402c5c6fafc553256ddda6a38a5e86792e3fed",
    "elapsed_wclock_time": 3.7625092349052434,
    "final acc": 0.9329999685287476,
    "last batch loss": 0.95654296875,
    "epoch_val_accs": [
        0.6703000068664551,
        0.6929999589920044,
        0.7127000093460083,
        0.7997999787330627,
        0.8082000017166138,
        0.8560000061988831,
        0.878600001335144,
        0.8844999670982361,
        0.91239994764328,
        0.9249999523162842
    ],
    "epoch_losses": [
        1.455078125,
        1.318359375,
        1.2509765625,
        1.2060546875,
        1.181640625,
        1.125,
        1.0673828125,
        1.03515625,
        0.99853515625,
        0.95654296875
    ]
}