{
    "opt": {
        "train_epochs": 9.9,
        "batch_size": 1024,
        "lr": 11.5,
        "momentum": 0.85,
        "weight_decay": 0.0153,
        "bias_scaler": 64.0,
        "label_smoothing": 0.2,
        "whiten_bias_epochs": 3
    },
    "aug": {
        "flip": true,
        "translate": 2
    },
    "net": {
        "widths": {
            "block1": 64,
            "block2": 256,
            "block3": 256
        },
        "batchnorm_momentum": 0.6,
        "scaling_factor": 0.1111111111111111,
        "tta_level": 2
    },
    "random_seed": 99,
    "git_commit_hash": "85402c5c6fafc553256ddda6a38a5e86792e3fed",
    "elapsed_wclock_time": 3.899479599475861,
    "final acc": 0.9340999722480774,
    "last batch loss": 0.97119140625,
    "epoch_val_accs": [
        0.6340999603271484,
        0.6732000112533569,
        0.7450999617576599,
        0.8044999837875366,
        0.8366000056266785,
        0.8152999877929688,
        0.8693999648094177,
        0.8793999552726746,
        0.9034000039100647,
        0.9241999983787537
    ],
    "epoch_losses": [
        1.48828125,
        1.29296875,
        1.24609375,
        1.1953125,
        1.1572265625,
        1.13671875,
        1.0615234375,
        1.0458984375,
        0.98046875,
        0.97119140625
    ]
}