{
    "opt": {
        "train_epochs": 9.9,
        "batch_size": 1024,
        "lr": 11.5,
        "momentum": 0.85,
        "weight_decay": 0.0153,
        "bias_scaler": 64.0,
        "label_smoothing": 0.2,
        "whiten_bias_epochs": 3
    },
    "aug": {
        "flip": true,
        "translate": 2
    },
    "net": {
        "widths": {
            "block1": 64,
            "block2": 256,
            "block3": 256
        },
        "batchnorm_momentum": 0.6,
        "scaling_factor": 0.1111111111111111,
        "tta_level": 2
    },
    "random_seed": 99,
    "git_commit_hash": "85402c5c6fafc553256ddda6a38a5e86792e3fed",
    "elapsed_wclock_time": 3.7634034583568567,
    "final acc": 0.9318999648094177,
    "last batch loss": 0.96923828125,
    "epoch_val_accs": [
        0.6705999970436096,
        0.6509999632835388,
        0.7538999915122986,
        0.7055999636650085,
        0.8420999646186829,
        0.8274999856948853,
        0.8751999735832214,
        0.8772000074386597,
        0.9059999585151672,
        0.9239999651908875
    ],
    "epoch_losses": [
        1.427734375,
        1.265625,
        1.2666015625,
        1.21484375,
        1.2021484375,
        1.1396484375,
        1.072265625,
        1.0546875,
        0.978515625,
        0.96923828125
    ]
}