{
    "opt": {
        "train_epochs": 9.9,
        "batch_size": 1024,
        "lr": 11.5,
        "momentum": 0.85,
        "weight_decay": 0.0153,
        "bias_scaler": 64.0,
        "label_smoothing": 0.2,
        "whiten_bias_epochs": 3
    },
    "aug": {
        "flip": true,
        "translate": 2
    },
    "net": {
        "widths": {
            "block1": 64,
            "block2": 256,
            "block3": 256
        },
        "batchnorm_momentum": 0.6,
        "scaling_factor": 0.1111111111111111,
        "tta_level": 2
    },
    "random_seed": 99,
    "git_commit_hash": "85402c5c6fafc553256ddda6a38a5e86792e3fed",
    "elapsed_wclock_time": 3.762303869724274,
    "final acc": 0.9316999912261963,
    "last batch loss": 0.9658203125,
    "epoch_val_accs": [
        0.6329999566078186,
        0.7175999879837036,
        0.7461999654769897,
        0.8211999535560608,
        0.840399980545044,
        0.8424999713897705,
        0.8539999723434448,
        0.8894000053405762,
        0.9103999733924866,
        0.9229999780654907
    ],
    "epoch_losses": [
        1.470703125,
        1.3095703125,
        1.24609375,
        1.1669921875,
        1.173828125,
        1.126953125,
        1.0732421875,
        1.0576171875,
        1.0029296875,
        0.9658203125
    ]
}