{
    "opt": {
        "train_epochs": 9.9,
        "batch_size": 1024,
        "lr": 11.5,
        "momentum": 0.85,
        "weight_decay": 0.0153,
        "bias_scaler": 64.0,
        "label_smoothing": 0.2,
        "whiten_bias_epochs": 3
    },
    "aug": {
        "flip": true,
        "translate": 2
    },
    "net": {
        "widths": {
            "block1": 64,
            "block2": 256,
            "block3": 256
        },
        "batchnorm_momentum": 0.6,
        "scaling_factor": 0.1111111111111111,
        "tta_level": 2
    },
    "random_seed": 99,
    "git_commit_hash": "85402c5c6fafc553256ddda6a38a5e86792e3fed",
    "elapsed_wclock_time": 3.8995043802261353,
    "final acc": 0.9328999519348145,
    "last batch loss": 0.96728515625,
    "epoch_val_accs": [
        0.6894999742507935,
        0.725600004196167,
        0.6834999918937683,
        0.8059999942779541,
        0.8343999981880188,
        0.8463999629020691,
        0.8348000049591064,
        0.8883000016212463,
        0.910099983215332,
        0.9239999651908875
    ],
    "epoch_losses": [
        1.4375,
        1.310546875,
        1.24609375,
        1.201171875,
        1.166015625,
        1.0947265625,
        1.072265625,
        1.0478515625,
        1.0107421875,
        0.96728515625
    ]
}