{
    "opt": {
        "train_epochs": 9.9,
        "batch_size": 1024,
        "lr": 11.5,
        "momentum": 0.85,
        "weight_decay": 0.0153,
        "bias_scaler": 64.0,
        "label_smoothing": 0.2,
        "whiten_bias_epochs": 3
    },
    "aug": {
        "flip": true,
        "translate": 2
    },
    "net": {
        "widths": {
            "block1": 64,
            "block2": 256,
            "block3": 256
        },
        "batchnorm_momentum": 0.6,
        "scaling_factor": 0.1111111111111111,
        "tta_level": 2
    },
    "random_seed": 99,
    "git_commit_hash": "85402c5c6fafc553256ddda6a38a5e86792e3fed",
    "elapsed_wclock_time": 3.9069580001831055,
    "final acc": 0.9314999580383301,
    "last batch loss": 0.9560546875,
    "epoch_val_accs": [
        0.6380999684333801,
        0.7444999814033508,
        0.7300999760627747,
        0.7529999613761902,
        0.8382999897003174,
        0.8167999982833862,
        0.8317999839782715,
        0.8827999830245972,
        0.9034000039100647,
        0.9215999841690063
    ],
    "epoch_losses": [
        1.453125,
        1.2919921875,
        1.294921875,
        1.177734375,
        1.171875,
        1.12109375,
        1.107421875,
        1.0498046875,
        1.0087890625,
        0.9560546875
    ]
}