{
    "opt": {
        "train_epochs": 9.9,
        "batch_size": 1024,
        "lr": 11.5,
        "momentum": 0.85,
        "weight_decay": 0.0153,
        "bias_scaler": 64.0,
        "label_smoothing": 0.2,
        "whiten_bias_epochs": 3
    },
    "aug": {
        "flip": true,
        "translate": 2
    },
    "net": {
        "widths": {
            "block1": 64,
            "block2": 256,
            "block3": 256
        },
        "batchnorm_momentum": 0.6,
        "scaling_factor": 0.1111111111111111,
        "tta_level": 2
    },
    "random_seed": 99,
    "git_commit_hash": "85402c5c6fafc553256ddda6a38a5e86792e3fed",
    "elapsed_wclock_time": 3.765467328310013,
    "final acc": 0.9325999617576599,
    "last batch loss": 0.9677734375,
    "epoch_val_accs": [
        0.6718999743461609,
        0.6410999894142151,
        0.7123000025749207,
        0.8046999573707581,
        0.8102999925613403,
        0.8175999522209167,
        0.8578999638557434,
        0.8858999609947205,
        0.9036999940872192,
        0.9228000044822693
    ],
    "epoch_losses": [
        1.4423828125,
        1.3037109375,
        1.24609375,
        1.1865234375,
        1.1455078125,
        1.12890625,
        1.0859375,
        1.0380859375,
        1.0087890625,
        0.9677734375
    ]
}