{
    "opt": {
        "train_epochs": 9.9,
        "batch_size": 1024,
        "lr": 11.5,
        "momentum": 0.85,
        "weight_decay": 0.0153,
        "bias_scaler": 64.0,
        "label_smoothing": 0.2,
        "whiten_bias_epochs": 3
    },
    "aug": {
        "flip": true,
        "translate": 2
    },
    "net": {
        "widths": {
            "block1": 64,
            "block2": 256,
            "block3": 256
        },
        "batchnorm_momentum": 0.6,
        "scaling_factor": 0.1111111111111111,
        "tta_level": 2
    },
    "random_seed": 99,
    "git_commit_hash": "85402c5c6fafc553256ddda6a38a5e86792e3fed",
    "elapsed_wclock_time": 3.7667908473014835,
    "final acc": 0.932699978351593,
    "last batch loss": 0.96240234375,
    "epoch_val_accs": [
        0.614300012588501,
        0.7408999800682068,
        0.7473999857902527,
        0.7484999895095825,
        0.8465999960899353,
        0.8027999997138977,
        0.8490999937057495,
        0.8779000043869019,
        0.9075999855995178,
        0.924299955368042
    ],
    "epoch_losses": [
        1.4599609375,
        1.271484375,
        1.2333984375,
        1.1787109375,
        1.17578125,
        1.1201171875,
        1.0810546875,
        1.0361328125,
        0.9931640625,
        0.96240234375
    ]
}