{
    "opt": {
        "train_epochs": 9.9,
        "batch_size": 1024,
        "lr": 11.5,
        "momentum": 0.85,
        "weight_decay": 0.0153,
        "bias_scaler": 64.0,
        "label_smoothing": 0.2,
        "whiten_bias_epochs": 3
    },
    "aug": {
        "flip": true,
        "translate": 2
    },
    "net": {
        "widths": {
            "block1": 64,
            "block2": 256,
            "block3": 256
        },
        "batchnorm_momentum": 0.6,
        "scaling_factor": 0.1111111111111111,
        "tta_level": 2
    },
    "random_seed": 99,
    "git_commit_hash": "85402c5c6fafc553256ddda6a38a5e86792e3fed",
    "elapsed_wclock_time": 3.8994554798603054,
    "final acc": 0.9339999556541443,
    "last batch loss": 0.9677734375,
    "epoch_val_accs": [
        0.6836999654769897,
        0.7306999564170837,
        0.7913999557495117,
        0.821399986743927,
        0.8331999778747559,
        0.8423999547958374,
        0.8708999752998352,
        0.8822999596595764,
        0.9131999611854553,
        0.9243999719619751
    ],
    "epoch_losses": [
        1.4365234375,
        1.33203125,
        1.2353515625,
        1.193359375,
        1.134765625,
        1.16015625,
        1.080078125,
        1.072265625,
        1.001953125,
        0.9677734375
    ]
}