{
    "opt": {
        "train_epochs": 9.9,
        "batch_size": 1024,
        "lr": 11.5,
        "momentum": 0.85,
        "weight_decay": 0.0153,
        "bias_scaler": 64.0,
        "label_smoothing": 0.2,
        "whiten_bias_epochs": 3
    },
    "aug": {
        "flip": true,
        "translate": 2
    },
    "net": {
        "widths": {
            "block1": 64,
            "block2": 256,
            "block3": 256
        },
        "batchnorm_momentum": 0.6,
        "scaling_factor": 0.1111111111111111,
        "tta_level": 2
    },
    "random_seed": 99,
    "git_commit_hash": "85402c5c6fafc553256ddda6a38a5e86792e3fed",
    "elapsed_wclock_time": 3.8515968577861788,
    "final acc": 0.9328999519348145,
    "last batch loss": 0.9658203125,
    "epoch_val_accs": [
        0.6845999956130981,
        0.6937999725341797,
        0.6897000074386597,
        0.777999997138977,
        0.849399983882904,
        0.8464999794960022,
        0.8743000030517578,
        0.880899965763092,
        0.9127999544143677,
        0.9262999892234802
    ],
    "epoch_losses": [
        1.482421875,
        1.3046875,
        1.2412109375,
        1.22265625,
        1.1630859375,
        1.1103515625,
        1.083984375,
        1.025390625,
        1.005859375,
        0.9658203125
    ]
}