{
    "opt": {
        "train_epochs": 9.9,
        "batch_size": 1024,
        "lr": 11.5,
        "momentum": 0.85,
        "weight_decay": 0.0153,
        "bias_scaler": 64.0,
        "label_smoothing": 0.2,
        "whiten_bias_epochs": 3
    },
    "aug": {
        "flip": true,
        "translate": 2
    },
    "net": {
        "widths": {
            "block1": 64,
            "block2": 256,
            "block3": 256
        },
        "batchnorm_momentum": 0.6,
        "scaling_factor": 0.1111111111111111,
        "tta_level": 2
    },
    "random_seed": 99,
    "git_commit_hash": "85402c5c6fafc553256ddda6a38a5e86792e3fed",
    "elapsed_wclock_time": 3.8478466162681584,
    "final acc": 0.9333999752998352,
    "last batch loss": 0.955078125,
    "epoch_val_accs": [
        0.6509000062942505,
        0.6908000111579895,
        0.7920999526977539,
        0.8131999969482422,
        0.823699951171875,
        0.8118999600410461,
        0.8618999719619751,
        0.871999979019165,
        0.9106999635696411,
        0.9228000044822693
    ],
    "epoch_losses": [
        1.4921875,
        1.3203125,
        1.2470703125,
        1.2041015625,
        1.2109375,
        1.1337890625,
        1.072265625,
        1.0595703125,
        0.98291015625,
        0.955078125
    ]
}