{
    "opt": {
        "train_epochs": 9.9,
        "batch_size": 1024,
        "lr": 11.5,
        "momentum": 0.85,
        "weight_decay": 0.0153,
        "bias_scaler": 64.0,
        "label_smoothing": 0.2,
        "whiten_bias_epochs": 3
    },
    "aug": {
        "flip": true,
        "translate": 2
    },
    "net": {
        "widths": {
            "block1": 64,
            "block2": 256,
            "block3": 256
        },
        "batchnorm_momentum": 0.6,
        "scaling_factor": 0.1111111111111111,
        "tta_level": 2
    },
    "random_seed": 99,
    "git_commit_hash": "85402c5c6fafc553256ddda6a38a5e86792e3fed",
    "elapsed_wclock_time": 3.812020808935165,
    "final acc": 0.9325999617576599,
    "last batch loss": 0.9716796875,
    "epoch_val_accs": [
        0.6800999641418457,
        0.7281000018119812,
        0.7936999797821045,
        0.7505999803543091,
        0.8051999807357788,
        0.8531999588012695,
        0.8715999722480774,
        0.8761000037193298,
        0.914900004863739,
        0.925599992275238
    ],
    "epoch_losses": [
        1.4521484375,
        1.2998046875,
        1.2705078125,
        1.1943359375,
        1.201171875,
        1.13671875,
        1.091796875,
        1.04296875,
        0.99658203125,
        0.9716796875
    ]
}