{
    "opt": {
        "train_epochs": 9.9,
        "batch_size": 1024,
        "lr": 11.5,
        "momentum": 0.85,
        "weight_decay": 0.0153,
        "bias_scaler": 64.0,
        "label_smoothing": 0.2,
        "whiten_bias_epochs": 3
    },
    "aug": {
        "flip": true,
        "translate": 2
    },
    "net": {
        "widths": {
            "block1": 64,
            "block2": 256,
            "block3": 256
        },
        "batchnorm_momentum": 0.6,
        "scaling_factor": 0.1111111111111111,
        "tta_level": 2
    },
    "random_seed": 99,
    "git_commit_hash": "85402c5c6fafc553256ddda6a38a5e86792e3fed",
    "elapsed_wclock_time": 3.893585387706757,
    "final acc": 0.9320999979972839,
    "last batch loss": 0.95654296875,
    "epoch_val_accs": [
        0.6951999664306641,
        0.6908000111579895,
        0.7709999680519104,
        0.7719999551773071,
        0.8308999538421631,
        0.8395999670028687,
        0.873699963092804,
        0.8869999647140503,
        0.9142999649047852,
        0.9259999990463257
    ],
    "epoch_losses": [
        1.470703125,
        1.3076171875,
        1.2138671875,
        1.1962890625,
        1.1884765625,
        1.1142578125,
        1.0849609375,
        1.04296875,
        1.0087890625,
        0.95654296875
    ]
}