{
    "opt": {
        "train_epochs": 9.9,
        "batch_size": 1024,
        "lr": 11.5,
        "momentum": 0.85,
        "weight_decay": 0.0153,
        "bias_scaler": 64.0,
        "label_smoothing": 0.2,
        "whiten_bias_epochs": 3
    },
    "aug": {
        "flip": true,
        "translate": 2
    },
    "net": {
        "widths": {
            "block1": 64,
            "block2": 256,
            "block3": 256
        },
        "batchnorm_momentum": 0.6,
        "scaling_factor": 0.1111111111111111,
        "tta_level": 2
    },
    "random_seed": 99,
    "git_commit_hash": "85402c5c6fafc553256ddda6a38a5e86792e3fed",
    "elapsed_wclock_time": 3.852858312368393,
    "final acc": 0.9334999918937683,
    "last batch loss": 0.9609375,
    "epoch_val_accs": [
        0.6525999903678894,
        0.7402999997138977,
        0.7112999558448792,
        0.7683999538421631,
        0.8301999568939209,
        0.854200005531311,
        0.8596999645233154,
        0.886199951171875,
        0.9128999710083008,
        0.9265999794006348
    ],
    "epoch_losses": [
        1.5029296875,
        1.2822265625,
        1.2265625,
        1.201171875,
        1.1318359375,
        1.130859375,
        1.076171875,
        1.044921875,
        1.0126953125,
        0.9609375
    ]
}