{
    "opt": {
        "train_epochs": 9.9,
        "batch_size": 1024,
        "lr": 11.5,
        "momentum": 0.85,
        "weight_decay": 0.0153,
        "bias_scaler": 64.0,
        "label_smoothing": 0.2,
        "whiten_bias_epochs": 3
    },
    "aug": {
        "flip": true,
        "translate": 2
    },
    "net": {
        "widths": {
            "block1": 64,
            "block2": 256,
            "block3": 256
        },
        "batchnorm_momentum": 0.6,
        "scaling_factor": 0.1111111111111111,
        "tta_level": 2
    },
    "random_seed": 99,
    "git_commit_hash": "85402c5c6fafc553256ddda6a38a5e86792e3fed",
    "elapsed_wclock_time": 3.849287612199783,
    "final acc": 0.9341999888420105,
    "last batch loss": 0.97802734375,
    "epoch_val_accs": [
        0.6521999835968018,
        0.6632999777793884,
        0.7821999788284302,
        0.7806999683380127,
        0.8150999546051025,
        0.8452999591827393,
        0.8725000023841858,
        0.8571999669075012,
        0.906499981880188,
        0.923799991607666
    ],
    "epoch_losses": [
        1.484375,
        1.314453125,
        1.2353515625,
        1.1650390625,
        1.166015625,
        1.1181640625,
        1.0576171875,
        1.04296875,
        0.98779296875,
        0.97802734375
    ]
}