{
    "opt": {
        "train_epochs": 9.9,
        "batch_size": 1024,
        "lr": 11.5,
        "momentum": 0.85,
        "weight_decay": 0.0153,
        "bias_scaler": 64.0,
        "label_smoothing": 0.2,
        "whiten_bias_epochs": 3
    },
    "aug": {
        "flip": true,
        "translate": 2
    },
    "net": {
        "widths": {
            "block1": 64,
            "block2": 256,
            "block3": 256
        },
        "batchnorm_momentum": 0.6,
        "scaling_factor": 0.1111111111111111,
        "tta_level": 2
    },
    "random_seed": 99,
    "git_commit_hash": "85402c5c6fafc553256ddda6a38a5e86792e3fed",
    "elapsed_wclock_time": 3.8518116922378542,
    "final acc": 0.9336999654769897,
    "last batch loss": 0.96630859375,
    "epoch_val_accs": [
        0.6319000124931335,
        0.6823999881744385,
        0.7560999989509583,
        0.7270999550819397,
        0.8267999887466431,
        0.8301999568939209,
        0.8618999719619751,
        0.8837999701499939,
        0.9061999917030334,
        0.9222999811172485
    ],
    "epoch_losses": [
        1.5078125,
        1.341796875,
        1.2578125,
        1.16796875,
        1.1171875,
        1.123046875,
        1.0791015625,
        1.0517578125,
        0.98779296875,
        0.96630859375
    ]
}