{
    "opt": {
        "train_epochs": 9.9,
        "batch_size": 1024,
        "lr": 11.5,
        "momentum": 0.85,
        "weight_decay": 0.0153,
        "bias_scaler": 64.0,
        "label_smoothing": 0.2,
        "whiten_bias_epochs": 3
    },
    "aug": {
        "flip": true,
        "translate": 2
    },
    "net": {
        "widths": {
            "block1": 64,
            "block2": 256,
            "block3": 256
        },
        "batchnorm_momentum": 0.6,
        "scaling_factor": 0.1111111111111111,
        "tta_level": 2
    },
    "random_seed": 99,
    "git_commit_hash": "85402c5c6fafc553256ddda6a38a5e86792e3fed",
    "elapsed_wclock_time": 3.891088587760925,
    "final acc": 0.9339999556541443,
    "last batch loss": 0.95947265625,
    "epoch_val_accs": [
        0.6438999772071838,
        0.6886999607086182,
        0.7152999639511108,
        0.7835999727249146,
        0.7787999510765076,
        0.7996000051498413,
        0.8784999847412109,
        0.8747999668121338,
        0.9120999574661255,
        0.9251999855041504
    ],
    "epoch_losses": [
        1.4404296875,
        1.306640625,
        1.23046875,
        1.189453125,
        1.18359375,
        1.1044921875,
        1.0625,
        1.037109375,
        1.009765625,
        0.95947265625
    ]
}