{
    "opt": {
        "train_epochs": 9.9,
        "batch_size": 1024,
        "lr": 11.5,
        "momentum": 0.85,
        "weight_decay": 0.0153,
        "bias_scaler": 64.0,
        "label_smoothing": 0.2,
        "whiten_bias_epochs": 3
    },
    "aug": {
        "flip": true,
        "translate": 2
    },
    "net": {
        "widths": {
            "block1": 64,
            "block2": 256,
            "block3": 256
        },
        "batchnorm_momentum": 0.6,
        "scaling_factor": 0.1111111111111111,
        "tta_level": 2
    },
    "random_seed": 99,
    "git_commit_hash": "85402c5c6fafc553256ddda6a38a5e86792e3fed",
    "elapsed_wclock_time": 3.8769642593860625,
    "final acc": 0.9301999807357788,
    "last batch loss": 0.96484375,
    "epoch_val_accs": [
        0.6941999793052673,
        0.6258000135421753,
        0.7544999718666077,
        0.801099956035614,
        0.826200008392334,
        0.8215999603271484,
        0.868399977684021,
        0.8862999677658081,
        0.9109999537467957,
        0.9228999614715576
    ],
    "epoch_losses": [
        1.4345703125,
        1.26953125,
        1.20703125,
        1.228515625,
        1.189453125,
        1.130859375,
        1.0478515625,
        1.048828125,
        0.9892578125,
        0.96484375
    ]
}