{
    "opt": {
        "train_epochs": 9.9,
        "batch_size": 1024,
        "lr": 11.5,
        "momentum": 0.85,
        "weight_decay": 0.0153,
        "bias_scaler": 64.0,
        "label_smoothing": 0.2,
        "whiten_bias_epochs": 3
    },
    "aug": {
        "flip": true,
        "translate": 2
    },
    "net": {
        "widths": {
            "block1": 64,
            "block2": 256,
            "block3": 256
        },
        "batchnorm_momentum": 0.6,
        "scaling_factor": 0.1111111111111111,
        "tta_level": 2
    },
    "random_seed": 99,
    "git_commit_hash": "85402c5c6fafc553256ddda6a38a5e86792e3fed",
    "elapsed_wclock_time": 3.9004820706844328,
    "final acc": 0.9336999654769897,
    "last batch loss": 0.9580078125,
    "epoch_val_accs": [
        0.66839998960495,
        0.7518999576568604,
        0.6560999751091003,
        0.7784000039100647,
        0.7824999690055847,
        0.8482999801635742,
        0.8649999499320984,
        0.8596999645233154,
        0.911799967288971,
        0.9250999689102173
    ],
    "epoch_losses": [
        1.4541015625,
        1.287109375,
        1.2373046875,
        1.201171875,
        1.1484375,
        1.12890625,
        1.056640625,
        1.0830078125,
        0.98828125,
        0.9580078125
    ]
}