{
    "opt": {
        "train_epochs": 9.9,
        "batch_size": 1024,
        "lr": 11.5,
        "momentum": 0.85,
        "weight_decay": 0.0153,
        "bias_scaler": 64.0,
        "label_smoothing": 0.2,
        "whiten_bias_epochs": 3
    },
    "aug": {
        "flip": true,
        "translate": 2
    },
    "net": {
        "widths": {
            "block1": 64,
            "block2": 256,
            "block3": 256
        },
        "batchnorm_momentum": 0.6,
        "scaling_factor": 0.1111111111111111,
        "tta_level": 2
    },
    "random_seed": 99,
    "git_commit_hash": "85402c5c6fafc553256ddda6a38a5e86792e3fed",
    "elapsed_wclock_time": 3.8510979876518245,
    "final acc": 0.9303999543190002,
    "last batch loss": 0.96533203125,
    "epoch_val_accs": [
        0.6642999649047852,
        0.7186999917030334,
        0.7910000085830688,
        0.7182999849319458,
        0.8205999732017517,
        0.8328999876976013,
        0.8726999759674072,
        0.8840999603271484,
        0.9095999598503113,
        0.9247999787330627
    ],
    "epoch_losses": [
        1.4189453125,
        1.32421875,
        1.234375,
        1.15625,
        1.17578125,
        1.109375,
        1.0830078125,
        1.029296875,
        0.98876953125,
        0.96533203125
    ]
}