{
    "opt": {
        "train_epochs": 9.9,
        "batch_size": 1024,
        "lr": 11.5,
        "momentum": 0.85,
        "weight_decay": 0.0153,
        "bias_scaler": 64.0,
        "label_smoothing": 0.2,
        "whiten_bias_epochs": 3
    },
    "aug": {
        "flip": true,
        "translate": 2
    },
    "net": {
        "widths": {
            "block1": 64,
            "block2": 256,
            "block3": 256
        },
        "batchnorm_momentum": 0.6,
        "scaling_factor": 0.1111111111111111,
        "tta_level": 2
    },
    "random_seed": 99,
    "git_commit_hash": "85402c5c6fafc553256ddda6a38a5e86792e3fed",
    "elapsed_wclock_time": 3.7961370148658755,
    "final acc": 0.9334999918937683,
    "last batch loss": 0.96435546875,
    "epoch_val_accs": [
        0.6506999731063843,
        0.6868000030517578,
        0.7319999933242798,
        0.7712000012397766,
        0.7863999605178833,
        0.777999997138977,
        0.8458999991416931,
        0.8793999552726746,
        0.909500002861023,
        0.9257999658584595
    ],
    "epoch_losses": [
        1.45703125,
        1.3037109375,
        1.2421875,
        1.2001953125,
        1.1728515625,
        1.111328125,
        1.103515625,
        1.05078125,
        1.0009765625,
        0.96435546875
    ]
}