{
    "opt": {
        "train_epochs": 9.9,
        "batch_size": 1024,
        "lr": 11.5,
        "momentum": 0.85,
        "weight_decay": 0.0153,
        "bias_scaler": 64.0,
        "label_smoothing": 0.2,
        "whiten_bias_epochs": 3
    },
    "aug": {
        "flip": true,
        "translate": 2
    },
    "net": {
        "widths": {
            "block1": 64,
            "block2": 256,
            "block3": 256
        },
        "batchnorm_momentum": 0.6,
        "scaling_factor": 0.1111111111111111,
        "tta_level": 2
    },
    "random_seed": 99,
    "git_commit_hash": "85402c5c6fafc553256ddda6a38a5e86792e3fed",
    "elapsed_wclock_time": 3.7736855750083924,
    "final acc": 0.9311999678611755,
    "last batch loss": 0.958984375,
    "epoch_val_accs": [
        0.5712000131607056,
        0.710599958896637,
        0.7476999759674072,
        0.7694000005722046,
        0.8549999594688416,
        0.847599983215332,
        0.8806999921798706,
        0.8816999793052673,
        0.91239994764328,
        0.9226999878883362
    ],
    "epoch_losses": [
        1.48046875,
        1.265625,
        1.234375,
        1.20703125,
        1.1513671875,
        1.1123046875,
        1.0927734375,
        1.03515625,
        1.0,
        0.958984375
    ]
}