{
    "opt": {
        "train_epochs": 9.9,
        "batch_size": 1024,
        "lr": 11.5,
        "momentum": 0.85,
        "weight_decay": 0.0153,
        "bias_scaler": 64.0,
        "label_smoothing": 0.2,
        "whiten_bias_epochs": 3
    },
    "aug": {
        "flip": true,
        "translate": 2
    },
    "net": {
        "widths": {
            "block1": 64,
            "block2": 256,
            "block3": 256
        },
        "batchnorm_momentum": 0.6,
        "scaling_factor": 0.1111111111111111,
        "tta_level": 2
    },
    "random_seed": 99,
    "git_commit_hash": "85402c5c6fafc553256ddda6a38a5e86792e3fed",
    "elapsed_wclock_time": 3.8335985107421875,
    "final acc": 0.9334999918937683,
    "last batch loss": 0.966796875,
    "epoch_val_accs": [
        0.6482999920845032,
        0.638700008392334,
        0.707099974155426,
        0.7770000100135803,
        0.8240000009536743,
        0.8682000041007996,
        0.8736000061035156,
        0.896399974822998,
        0.9000999927520752,
        0.9243999719619751
    ],
    "epoch_losses": [
        1.4892578125,
        1.3134765625,
        1.2275390625,
        1.1611328125,
        1.1572265625,
        1.119140625,
        1.0947265625,
        1.056640625,
        1.0224609375,
        0.966796875
    ]
}