{
    "opt": {
        "train_epochs": 9.9,
        "batch_size": 1024,
        "lr": 11.5,
        "momentum": 0.85,
        "weight_decay": 0.0153,
        "bias_scaler": 64.0,
        "label_smoothing": 0.2,
        "whiten_bias_epochs": 3
    },
    "aug": {
        "flip": true,
        "translate": 2
    },
    "net": {
        "widths": {
            "block1": 64,
            "block2": 256,
            "block3": 256
        },
        "batchnorm_momentum": 0.6,
        "scaling_factor": 0.1111111111111111,
        "tta_level": 2
    },
    "random_seed": 99,
    "git_commit_hash": "85402c5c6fafc553256ddda6a38a5e86792e3fed",
    "elapsed_wclock_time": 3.8901917002201083,
    "final acc": 0.9321999549865723,
    "last batch loss": 0.9677734375,
    "epoch_val_accs": [
        0.6829999685287476,
        0.7483999729156494,
        0.7305999994277954,
        0.8051999807357788,
        0.789900004863739,
        0.7681999802589417,
        0.8726999759674072,
        0.8779000043869019,
        0.9120999574661255,
        0.9230999946594238
    ],
    "epoch_losses": [
        1.451171875,
        1.3017578125,
        1.2353515625,
        1.189453125,
        1.16796875,
        1.126953125,
        1.0537109375,
        1.037109375,
        0.978515625,
        0.9677734375
    ]
}