{
    "opt": {
        "train_epochs": 9.9,
        "batch_size": 1024,
        "lr": 11.5,
        "momentum": 0.85,
        "weight_decay": 0.0153,
        "bias_scaler": 64.0,
        "label_smoothing": 0.2,
        "whiten_bias_epochs": 3
    },
    "aug": {
        "flip": true,
        "translate": 2
    },
    "net": {
        "widths": {
            "block1": 64,
            "block2": 256,
            "block3": 256
        },
        "batchnorm_momentum": 0.6,
        "scaling_factor": 0.1111111111111111,
        "tta_level": 2
    },
    "random_seed": 99,
    "git_commit_hash": "85402c5c6fafc553256ddda6a38a5e86792e3fed",
    "elapsed_wclock_time": 3.903422973632813,
    "final acc": 0.9316999912261963,
    "last batch loss": 0.9853515625,
    "epoch_val_accs": [
        0.6349999904632568,
        0.7365999817848206,
        0.715499997138977,
        0.7689999938011169,
        0.8531000018119812,
        0.8623999953269958,
        0.8648999929428101,
        0.8759999871253967,
        0.9140999913215637,
        0.9244999885559082
    ],
    "epoch_losses": [
        1.4462890625,
        1.28515625,
        1.203125,
        1.23828125,
        1.1552734375,
        1.1298828125,
        1.0859375,
        1.0478515625,
        1.0048828125,
        0.9853515625
    ]
}