{
    "opt": {
        "train_epochs": 9.9,
        "batch_size": 1024,
        "lr": 11.5,
        "momentum": 0.85,
        "weight_decay": 0.0153,
        "bias_scaler": 64.0,
        "label_smoothing": 0.2,
        "whiten_bias_epochs": 3
    },
    "aug": {
        "flip": true,
        "translate": 2
    },
    "net": {
        "widths": {
            "block1": 64,
            "block2": 256,
            "block3": 256
        },
        "batchnorm_momentum": 0.6,
        "scaling_factor": 0.1111111111111111,
        "tta_level": 2
    },
    "random_seed": 99,
    "git_commit_hash": "85402c5c6fafc553256ddda6a38a5e86792e3fed",
    "elapsed_wclock_time": 3.854503452777863,
    "final acc": 0.9343000054359436,
    "last batch loss": 0.96337890625,
    "epoch_val_accs": [
        0.6847999691963196,
        0.6940999627113342,
        0.7720999717712402,
        0.8308999538421631,
        0.8420000076293945,
        0.8161999583244324,
        0.871399998664856,
        0.8607999682426453,
        0.914199948310852,
        0.9246000051498413
    ],
    "epoch_losses": [
        1.447265625,
        1.3115234375,
        1.2490234375,
        1.2021484375,
        1.1171875,
        1.1171875,
        1.0732421875,
        1.064453125,
        0.994140625,
        0.96337890625
    ]
}