{
    "opt": {
        "train_epochs": 9.9,
        "batch_size": 1024,
        "lr": 11.5,
        "momentum": 0.85,
        "weight_decay": 0.0153,
        "bias_scaler": 64.0,
        "label_smoothing": 0.2,
        "whiten_bias_epochs": 3
    },
    "aug": {
        "flip": true,
        "translate": 2
    },
    "net": {
        "widths": {
            "block1": 64,
            "block2": 256,
            "block3": 256
        },
        "batchnorm_momentum": 0.6,
        "scaling_factor": 0.1111111111111111,
        "tta_level": 2
    },
    "random_seed": 99,
    "git_commit_hash": "85402c5c6fafc553256ddda6a38a5e86792e3fed",
    "elapsed_wclock_time": 3.8849429564476017,
    "final acc": 0.9325000047683716,
    "last batch loss": 0.95166015625,
    "epoch_val_accs": [
        0.6597999930381775,
        0.7418000102043152,
        0.7080000042915344,
        0.796999990940094,
        0.8392999768257141,
        0.8325999975204468,
        0.8815000057220459,
        0.8930999636650085,
        0.9139999747276306,
        0.9243999719619751
    ],
    "epoch_losses": [
        1.515625,
        1.3271484375,
        1.2353515625,
        1.201171875,
        1.1845703125,
        1.1142578125,
        1.0810546875,
        1.041015625,
        1.0009765625,
        0.95166015625
    ]
}