{
    "opt": {
        "train_epochs": 9.9,
        "batch_size": 1024,
        "lr": 11.5,
        "momentum": 0.85,
        "weight_decay": 0.0153,
        "bias_scaler": 64.0,
        "label_smoothing": 0.2,
        "whiten_bias_epochs": 3
    },
    "aug": {
        "flip": true,
        "translate": 2
    },
    "net": {
        "widths": {
            "block1": 64,
            "block2": 256,
            "block3": 256
        },
        "batchnorm_momentum": 0.6,
        "scaling_factor": 0.1111111111111111,
        "tta_level": 2
    },
    "random_seed": 99,
    "git_commit_hash": "85402c5c6fafc553256ddda6a38a5e86792e3fed",
    "elapsed_wclock_time": 3.8535927047729492,
    "final acc": 0.9332000017166138,
    "last batch loss": 0.96337890625,
    "epoch_val_accs": [
        0.6056999564170837,
        0.7184999585151672,
        0.7623999714851379,
        0.6897000074386597,
        0.8270999789237976,
        0.8432999849319458,
        0.8748999834060669,
        0.8910999894142151,
        0.9048999547958374,
        0.923799991607666
    ],
    "epoch_losses": [
        1.4423828125,
        1.291015625,
        1.267578125,
        1.1943359375,
        1.193359375,
        1.1103515625,
        1.056640625,
        1.0478515625,
        1.0048828125,
        0.96337890625
    ]
}