{
    "opt": {
        "train_epochs": 9.9,
        "batch_size": 1024,
        "lr": 11.5,
        "momentum": 0.85,
        "weight_decay": 0.0153,
        "bias_scaler": 64.0,
        "label_smoothing": 0.2,
        "whiten_bias_epochs": 3
    },
    "aug": {
        "flip": true,
        "translate": 2
    },
    "net": {
        "widths": {
            "block1": 64,
            "block2": 256,
            "block3": 256
        },
        "batchnorm_momentum": 0.6,
        "scaling_factor": 0.1111111111111111,
        "tta_level": 2
    },
    "random_seed": 99,
    "git_commit_hash": "85402c5c6fafc553256ddda6a38a5e86792e3fed",
    "elapsed_wclock_time": 3.8912700974941257,
    "final acc": 0.930899977684021,
    "last batch loss": 0.96240234375,
    "epoch_val_accs": [
        0.6448999643325806,
        0.7031999826431274,
        0.739799976348877,
        0.7130999565124512,
        0.8222999572753906,
        0.8352999687194824,
        0.8784999847412109,
        0.8930999636650085,
        0.911899983882904,
        0.9239999651908875
    ],
    "epoch_losses": [
        1.4609375,
        1.2666015625,
        1.2470703125,
        1.1884765625,
        1.16796875,
        1.1474609375,
        1.0869140625,
        1.0380859375,
        0.99658203125,
        0.96240234375
    ]
}