{
    "opt": {
        "train_epochs": 9.9,
        "batch_size": 1024,
        "lr": 11.5,
        "momentum": 0.85,
        "weight_decay": 0.0153,
        "bias_scaler": 64.0,
        "label_smoothing": 0.2,
        "whiten_bias_epochs": 3
    },
    "aug": {
        "flip": true,
        "translate": 2
    },
    "net": {
        "widths": {
            "block1": 64,
            "block2": 256,
            "block3": 256
        },
        "batchnorm_momentum": 0.6,
        "scaling_factor": 0.1111111111111111,
        "tta_level": 2
    },
    "random_seed": 99,
    "git_commit_hash": "85402c5c6fafc553256ddda6a38a5e86792e3fed",
    "elapsed_wclock_time": 3.8926746139526367,
    "final acc": 0.9329999685287476,
    "last batch loss": 0.9716796875,
    "epoch_val_accs": [
        0.6291999816894531,
        0.726099967956543,
        0.7360000014305115,
        0.7981999516487122,
        0.8190000057220459,
        0.8394999504089355,
        0.8636999726295471,
        0.8885999917984009,
        0.9080999493598938,
        0.9231999516487122
    ],
    "epoch_losses": [
        1.4365234375,
        1.3310546875,
        1.224609375,
        1.1982421875,
        1.177734375,
        1.1220703125,
        1.0849609375,
        1.0576171875,
        0.994140625,
        0.9716796875
    ]
}