{
    "opt": {
        "train_epochs": 9.9,
        "batch_size": 1024,
        "lr": 11.5,
        "momentum": 0.85,
        "weight_decay": 0.0153,
        "bias_scaler": 64.0,
        "label_smoothing": 0.2,
        "whiten_bias_epochs": 3
    },
    "aug": {
        "flip": true,
        "translate": 2
    },
    "net": {
        "widths": {
            "block1": 64,
            "block2": 256,
            "block3": 256
        },
        "batchnorm_momentum": 0.6,
        "scaling_factor": 0.1111111111111111,
        "tta_level": 2
    },
    "random_seed": 99,
    "git_commit_hash": "85402c5c6fafc553256ddda6a38a5e86792e3fed",
    "elapsed_wclock_time": 3.8108951501846313,
    "final acc": 0.9327999949455261,
    "last batch loss": 0.97216796875,
    "epoch_val_accs": [
        0.6355999708175659,
        0.7710999846458435,
        0.7294999957084656,
        0.7811999917030334,
        0.8367999792098999,
        0.8396999835968018,
        0.875,
        0.8660999536514282,
        0.9089999794960022,
        0.9254999756813049
    ],
    "epoch_losses": [
        1.46484375,
        1.3134765625,
        1.2080078125,
        1.2001953125,
        1.1650390625,
        1.1171875,
        1.0625,
        1.046875,
        1.0107421875,
        0.97216796875
    ]
}