{
    "opt": {
        "train_epochs": 9.9,
        "batch_size": 1024,
        "lr": 11.5,
        "momentum": 0.85,
        "weight_decay": 0.0153,
        "bias_scaler": 64.0,
        "label_smoothing": 0.2,
        "whiten_bias_epochs": 3
    },
    "aug": {
        "flip": true,
        "translate": 2
    },
    "net": {
        "widths": {
            "block1": 64,
            "block2": 256,
            "block3": 256
        },
        "batchnorm_momentum": 0.6,
        "scaling_factor": 0.1111111111111111,
        "tta_level": 2
    },
    "random_seed": 99,
    "git_commit_hash": "85402c5c6fafc553256ddda6a38a5e86792e3fed",
    "elapsed_wclock_time": 3.764580164909363,
    "final acc": 0.9345999956130981,
    "last batch loss": 0.984375,
    "epoch_val_accs": [
        0.6661999821662903,
        0.6955999732017517,
        0.6926999688148499,
        0.7985999584197998,
        0.8411999940872192,
        0.81659996509552,
        0.8792999982833862,
        0.8949999809265137,
        0.9150999784469604,
        0.924299955368042
    ],
    "epoch_losses": [
        1.435546875,
        1.3056640625,
        1.21484375,
        1.208984375,
        1.16796875,
        1.1298828125,
        1.0625,
        1.0322265625,
        1.0048828125,
        0.984375
    ]
}