{
    "opt": {
        "train_epochs": 9.9,
        "batch_size": 1024,
        "lr": 11.5,
        "momentum": 0.85,
        "weight_decay": 0.0153,
        "bias_scaler": 64.0,
        "label_smoothing": 0.2,
        "whiten_bias_epochs": 3
    },
    "aug": {
        "flip": true,
        "translate": 2
    },
    "net": {
        "widths": {
            "block1": 64,
            "block2": 256,
            "block3": 256
        },
        "batchnorm_momentum": 0.6,
        "scaling_factor": 0.1111111111111111,
        "tta_level": 2
    },
    "random_seed": 99,
    "git_commit_hash": "85402c5c6fafc553256ddda6a38a5e86792e3fed",
    "elapsed_wclock_time": 3.849899242162705,
    "final acc": 0.9345999956130981,
    "last batch loss": 0.978515625,
    "epoch_val_accs": [
        0.7076999545097351,
        0.7670999765396118,
        0.7827999591827393,
        0.7506999969482422,
        0.7980999946594238,
        0.8312000036239624,
        0.8608999848365784,
        0.887999951839447,
        0.9044999480247498,
        0.9269999861717224
    ],
    "epoch_losses": [
        1.4306640625,
        1.28125,
        1.2216796875,
        1.203125,
        1.14453125,
        1.1064453125,
        1.0830078125,
        1.0283203125,
        0.99609375,
        0.978515625
    ]
}