{
    "opt": {
        "train_epochs": 9.9,
        "batch_size": 1024,
        "lr": 11.5,
        "momentum": 0.85,
        "weight_decay": 0.0153,
        "bias_scaler": 64.0,
        "label_smoothing": 0.2,
        "whiten_bias_epochs": 3
    },
    "aug": {
        "flip": true,
        "translate": 2
    },
    "net": {
        "widths": {
            "block1": 64,
            "block2": 256,
            "block3": 256
        },
        "batchnorm_momentum": 0.6,
        "scaling_factor": 0.1111111111111111,
        "tta_level": 2
    },
    "random_seed": 99,
    "git_commit_hash": "85402c5c6fafc553256ddda6a38a5e86792e3fed",
    "elapsed_wclock_time": 3.7665702311992644,
    "final acc": 0.9341999888420105,
    "last batch loss": 0.96240234375,
    "epoch_val_accs": [
        0.6696999669075012,
        0.6895999908447266,
        0.8118000030517578,
        0.7890999913215637,
        0.7980999946594238,
        0.8113999962806702,
        0.8762999773025513,
        0.8870999813079834,
        0.909500002861023,
        0.9262999892234802
    ],
    "epoch_losses": [
        1.4609375,
        1.314453125,
        1.22265625,
        1.1875,
        1.12890625,
        1.126953125,
        1.0703125,
        1.0576171875,
        0.998046875,
        0.96240234375
    ]
}