{
    "opt": {
        "train_epochs": 9.9,
        "batch_size": 1024,
        "lr": 11.5,
        "momentum": 0.85,
        "weight_decay": 0.0153,
        "bias_scaler": 64.0,
        "label_smoothing": 0.2,
        "whiten_bias_epochs": 3
    },
    "aug": {
        "flip": true,
        "translate": 2
    },
    "net": {
        "widths": {
            "block1": 64,
            "block2": 256,
            "block3": 256
        },
        "batchnorm_momentum": 0.6,
        "scaling_factor": 0.1111111111111111,
        "tta_level": 2
    },
    "random_seed": 99,
    "git_commit_hash": "85402c5c6fafc553256ddda6a38a5e86792e3fed",
    "elapsed_wclock_time": 3.7666597352027895,
    "final acc": 0.9347999691963196,
    "last batch loss": 0.97216796875,
    "epoch_val_accs": [
        0.6541999578475952,
        0.6733999848365784,
        0.7471999526023865,
        0.7628999948501587,
        0.8112999796867371,
        0.8333999514579773,
        0.8865999579429626,
        0.8643999695777893,
        0.911300003528595,
        0.9229999780654907
    ],
    "epoch_losses": [
        1.4638671875,
        1.2998046875,
        1.2431640625,
        1.181640625,
        1.1552734375,
        1.125,
        1.0576171875,
        1.0703125,
        1.0107421875,
        0.97216796875
    ]
}