{
    "opt": {
        "train_epochs": 9.9,
        "batch_size": 1024,
        "lr": 11.5,
        "momentum": 0.85,
        "weight_decay": 0.0153,
        "bias_scaler": 64.0,
        "label_smoothing": 0.2,
        "whiten_bias_epochs": 3
    },
    "aug": {
        "flip": true,
        "translate": 2
    },
    "net": {
        "widths": {
            "block1": 64,
            "block2": 256,
            "block3": 256
        },
        "batchnorm_momentum": 0.6,
        "scaling_factor": 0.1111111111111111,
        "tta_level": 2
    },
    "random_seed": 99,
    "git_commit_hash": "85402c5c6fafc553256ddda6a38a5e86792e3fed",
    "elapsed_wclock_time": 3.89646516418457,
    "final acc": 0.9322999715805054,
    "last batch loss": 0.966796875,
    "epoch_val_accs": [
        0.6814000010490417,
        0.746399998664856,
        0.7645999789237976,
        0.73089998960495,
        0.79339998960495,
        0.8029999732971191,
        0.8632999658584595,
        0.8944999575614929,
        0.9091999530792236,
        0.923799991607666
    ],
    "epoch_losses": [
        1.42578125,
        1.2822265625,
        1.22265625,
        1.1787109375,
        1.1611328125,
        1.16796875,
        1.1123046875,
        1.087890625,
        0.994140625,
        0.966796875
    ]
}