{
    "opt": {
        "train_epochs": 9.9,
        "batch_size": 1024,
        "lr": 11.5,
        "momentum": 0.85,
        "weight_decay": 0.0153,
        "bias_scaler": 64.0,
        "label_smoothing": 0.2,
        "whiten_bias_epochs": 3
    },
    "aug": {
        "flip": true,
        "translate": 2
    },
    "net": {
        "widths": {
            "block1": 64,
            "block2": 256,
            "block3": 256
        },
        "batchnorm_momentum": 0.6,
        "scaling_factor": 0.1111111111111111,
        "tta_level": 2
    },
    "random_seed": 99,
    "git_commit_hash": "85402c5c6fafc553256ddda6a38a5e86792e3fed",
    "elapsed_wclock_time": 3.8541892812252048,
    "final acc": 0.9314999580383301,
    "last batch loss": 0.97314453125,
    "epoch_val_accs": [
        0.6851999759674072,
        0.7777000069618225,
        0.7069000005722046,
        0.8044999837875366,
        0.8445999622344971,
        0.802299976348877,
        0.8424999713897705,
        0.8932999968528748,
        0.9048999547958374,
        0.9228000044822693
    ],
    "epoch_losses": [
        1.4609375,
        1.3037109375,
        1.234375,
        1.208984375,
        1.154296875,
        1.0908203125,
        1.072265625,
        1.04296875,
        1.0224609375,
        0.97314453125
    ]
}