{
    "opt": {
        "train_epochs": 9.9,
        "batch_size": 1024,
        "lr": 11.5,
        "momentum": 0.85,
        "weight_decay": 0.0153,
        "bias_scaler": 64.0,
        "label_smoothing": 0.2,
        "whiten_bias_epochs": 3
    },
    "aug": {
        "flip": true,
        "translate": 2
    },
    "net": {
        "widths": {
            "block1": 64,
            "block2": 256,
            "block3": 256
        },
        "batchnorm_momentum": 0.6,
        "scaling_factor": 0.1111111111111111,
        "tta_level": 2
    },
    "random_seed": 99,
    "git_commit_hash": "85402c5c6fafc553256ddda6a38a5e86792e3fed",
    "elapsed_wclock_time": 3.797767151355744,
    "final acc": 0.9327999949455261,
    "last batch loss": 0.96337890625,
    "epoch_val_accs": [
        0.6238999962806702,
        0.7215999960899353,
        0.7809999585151672,
        0.7103999853134155,
        0.7759000062942505,
        0.7985999584197998,
        0.8777999877929688,
        0.8932999968528748,
        0.9156999588012695,
        0.9249999523162842
    ],
    "epoch_losses": [
        1.484375,
        1.3037109375,
        1.2421875,
        1.1748046875,
        1.134765625,
        1.1455078125,
        1.0771484375,
        1.06640625,
        0.99853515625,
        0.96337890625
    ]
}