{
    "opt": {
        "train_epochs": 9.9,
        "batch_size": 1024,
        "lr": 11.5,
        "momentum": 0.85,
        "weight_decay": 0.0153,
        "bias_scaler": 64.0,
        "label_smoothing": 0.2,
        "whiten_bias_epochs": 3
    },
    "aug": {
        "flip": true,
        "translate": 2
    },
    "net": {
        "widths": {
            "block1": 64,
            "block2": 256,
            "block3": 256
        },
        "batchnorm_momentum": 0.6,
        "scaling_factor": 0.1111111111111111,
        "tta_level": 2
    },
    "random_seed": 99,
    "git_commit_hash": "85402c5c6fafc553256ddda6a38a5e86792e3fed",
    "elapsed_wclock_time": 3.8098353669643403,
    "final acc": 0.9348999857902527,
    "last batch loss": 0.96142578125,
    "epoch_val_accs": [
        0.6671000123023987,
        0.6802999973297119,
        0.7662999629974365,
        0.7809000015258789,
        0.8252999782562256,
        0.8251000046730042,
        0.8816999793052673,
        0.880299985408783,
        0.9120000004768372,
        0.9229999780654907
    ],
    "epoch_losses": [
        1.43359375,
        1.322265625,
        1.2373046875,
        1.205078125,
        1.1435546875,
        1.1015625,
        1.072265625,
        1.0546875,
        0.986328125,
        0.96142578125
    ]
}