{
    "opt": {
        "train_epochs": 9.9,
        "batch_size": 1024,
        "lr": 11.5,
        "momentum": 0.85,
        "weight_decay": 0.0153,
        "bias_scaler": 64.0,
        "label_smoothing": 0.2,
        "whiten_bias_epochs": 3
    },
    "aug": {
        "flip": true,
        "translate": 2
    },
    "net": {
        "widths": {
            "block1": 64,
            "block2": 256,
            "block3": 256
        },
        "batchnorm_momentum": 0.6,
        "scaling_factor": 0.1111111111111111,
        "tta_level": 2
    },
    "random_seed": 99,
    "git_commit_hash": "85402c5c6fafc553256ddda6a38a5e86792e3fed",
    "elapsed_wclock_time": 3.8126486587524426,
    "final acc": 0.9346999526023865,
    "last batch loss": 0.962890625,
    "epoch_val_accs": [
        0.6823999881744385,
        0.723800003528595,
        0.7026000022888184,
        0.7942000031471252,
        0.7908999919891357,
        0.8389999866485596,
        0.8575999736785889,
        0.882599949836731,
        0.9078999757766724,
        0.9232999682426453
    ],
    "epoch_losses": [
        1.4365234375,
        1.29296875,
        1.1962890625,
        1.1982421875,
        1.189453125,
        1.1552734375,
        1.0634765625,
        1.0458984375,
        0.9990234375,
        0.962890625
    ]
}