{
    "opt": {
        "train_epochs": 9.9,
        "batch_size": 1024,
        "lr": 11.5,
        "momentum": 0.85,
        "weight_decay": 0.0153,
        "bias_scaler": 64.0,
        "label_smoothing": 0.2,
        "whiten_bias_epochs": 3
    },
    "aug": {
        "flip": true,
        "translate": 2
    },
    "net": {
        "widths": {
            "block1": 64,
            "block2": 256,
            "block3": 256
        },
        "batchnorm_momentum": 0.6,
        "scaling_factor": 0.1111111111111111,
        "tta_level": 2
    },
    "random_seed": 99,
    "git_commit_hash": "85402c5c6fafc553256ddda6a38a5e86792e3fed",
    "elapsed_wclock_time": 3.8867335419654845,
    "final acc": 0.9296999573707581,
    "last batch loss": 0.9736328125,
    "epoch_val_accs": [
        0.5688999891281128,
        0.7803999781608582,
        0.670799970626831,
        0.7689999938011169,
        0.8382999897003174,
        0.8197999596595764,
        0.8700000047683716,
        0.8644999861717224,
        0.9059999585151672,
        0.9217999577522278
    ],
    "epoch_losses": [
        1.453125,
        1.294921875,
        1.2470703125,
        1.19140625,
        1.1728515625,
        1.1220703125,
        1.0654296875,
        1.0556640625,
        0.990234375,
        0.9736328125
    ]
}