{
    "opt": {
        "train_epochs": 9.9,
        "batch_size": 1024,
        "lr": 11.5,
        "momentum": 0.85,
        "weight_decay": 0.0153,
        "bias_scaler": 64.0,
        "label_smoothing": 0.2,
        "whiten_bias_epochs": 3
    },
    "aug": {
        "flip": true,
        "translate": 2
    },
    "net": {
        "widths": {
            "block1": 64,
            "block2": 256,
            "block3": 256
        },
        "batchnorm_momentum": 0.6,
        "scaling_factor": 0.1111111111111111,
        "tta_level": 2
    },
    "random_seed": 99,
    "git_commit_hash": "85402c5c6fafc553256ddda6a38a5e86792e3fed",
    "elapsed_wclock_time": 3.763553766965866,
    "final acc": 0.9334999918937683,
    "last batch loss": 0.9677734375,
    "epoch_val_accs": [
        0.6090999841690063,
        0.6771999597549438,
        0.8069999814033508,
        0.7286999821662903,
        0.8349999785423279,
        0.8361999988555908,
        0.8684999942779541,
        0.871399998664856,
        0.8965999484062195,
        0.9217000007629395
    ],
    "epoch_losses": [
        1.48046875,
        1.2763671875,
        1.2412109375,
        1.203125,
        1.17578125,
        1.134765625,
        1.06640625,
        1.044921875,
        0.98095703125,
        0.9677734375
    ]
}