{
    "opt": {
        "train_epochs": 9.9,
        "batch_size": 1024,
        "lr": 11.5,
        "momentum": 0.85,
        "weight_decay": 0.0153,
        "bias_scaler": 64.0,
        "label_smoothing": 0.2,
        "whiten_bias_epochs": 3
    },
    "aug": {
        "flip": true,
        "translate": 2
    },
    "net": {
        "widths": {
            "block1": 64,
            "block2": 256,
            "block3": 256
        },
        "batchnorm_momentum": 0.6,
        "scaling_factor": 0.1111111111111111,
        "tta_level": 2
    },
    "random_seed": 99,
    "git_commit_hash": "85402c5c6fafc553256ddda6a38a5e86792e3fed",
    "elapsed_wclock_time": 3.8506418499946595,
    "final acc": 0.9330999851226807,
    "last batch loss": 0.9609375,
    "epoch_val_accs": [
        0.6699000000953674,
        0.7015999555587769,
        0.7439999580383301,
        0.7221999764442444,
        0.8416999578475952,
        0.8359000086784363,
        0.889799952507019,
        0.8916999697685242,
        0.9110999703407288,
        0.9243999719619751
    ],
    "epoch_losses": [
        1.466796875,
        1.291015625,
        1.2353515625,
        1.1923828125,
        1.1767578125,
        1.1494140625,
        1.0751953125,
        1.0419921875,
        1.001953125,
        0.9609375
    ]
}