{
    "opt": {
        "train_epochs": 9.9,
        "batch_size": 1024,
        "lr": 11.5,
        "momentum": 0.85,
        "weight_decay": 0.0153,
        "bias_scaler": 64.0,
        "label_smoothing": 0.2,
        "whiten_bias_epochs": 3
    },
    "aug": {
        "flip": true,
        "translate": 2
    },
    "net": {
        "widths": {
            "block1": 64,
            "block2": 256,
            "block3": 256
        },
        "batchnorm_momentum": 0.6,
        "scaling_factor": 0.1111111111111111,
        "tta_level": 2
    },
    "random_seed": 99,
    "git_commit_hash": "85402c5c6fafc553256ddda6a38a5e86792e3fed",
    "elapsed_wclock_time": 3.819414911985397,
    "final acc": 0.9301999807357788,
    "last batch loss": 0.9755859375,
    "epoch_val_accs": [
        0.6732999682426453,
        0.7247999906539917,
        0.6541999578475952,
        0.7906000018119812,
        0.8260999917984009,
        0.8393999934196472,
        0.8851999640464783,
        0.8854999542236328,
        0.9125999808311462,
        0.9231999516487122
    ],
    "epoch_losses": [
        1.4609375,
        1.2890625,
        1.2666015625,
        1.1953125,
        1.1396484375,
        1.1201171875,
        1.064453125,
        1.052734375,
        1.0,
        0.9755859375
    ]
}