{
    "opt": {
        "train_epochs": 9.9,
        "batch_size": 1024,
        "lr": 11.5,
        "momentum": 0.85,
        "weight_decay": 0.0153,
        "bias_scaler": 64.0,
        "label_smoothing": 0.2,
        "whiten_bias_epochs": 3
    },
    "aug": {
        "flip": true,
        "translate": 2
    },
    "net": {
        "widths": {
            "block1": 64,
            "block2": 256,
            "block3": 256
        },
        "batchnorm_momentum": 0.6,
        "scaling_factor": 0.1111111111111111,
        "tta_level": 2
    },
    "random_seed": 99,
    "git_commit_hash": "85402c5c6fafc553256ddda6a38a5e86792e3fed",
    "elapsed_wclock_time": 3.8518102645874026,
    "final acc": 0.9320999979972839,
    "last batch loss": 0.966796875,
    "epoch_val_accs": [
        0.65829998254776,
        0.7479000091552734,
        0.7787999510765076,
        0.7782999873161316,
        0.8425999879837036,
        0.8219999670982361,
        0.8678999543190002,
        0.8779999613761902,
        0.911899983882904,
        0.92249995470047
    ],
    "epoch_losses": [
        1.4638671875,
        1.2998046875,
        1.240234375,
        1.189453125,
        1.1474609375,
        1.1337890625,
        1.072265625,
        1.0478515625,
        0.99658203125,
        0.966796875
    ]
}