{
    "opt": {
        "train_epochs": 9.9,
        "batch_size": 1024,
        "lr": 11.5,
        "momentum": 0.85,
        "weight_decay": 0.0153,
        "bias_scaler": 64.0,
        "label_smoothing": 0.2,
        "whiten_bias_epochs": 3
    },
    "aug": {
        "flip": true,
        "translate": 2
    },
    "net": {
        "widths": {
            "block1": 64,
            "block2": 256,
            "block3": 256
        },
        "batchnorm_momentum": 0.6,
        "scaling_factor": 0.1111111111111111,
        "tta_level": 2
    },
    "random_seed": 99,
    "git_commit_hash": "85402c5c6fafc553256ddda6a38a5e86792e3fed",
    "elapsed_wclock_time": 3.9015649440288542,
    "final acc": 0.9336999654769897,
    "last batch loss": 0.9658203125,
    "epoch_val_accs": [
        0.6333000063896179,
        0.6949999928474426,
        0.6794999837875366,
        0.7421999573707581,
        0.7730000019073486,
        0.8429999947547913,
        0.8795999884605408,
        0.8937999606132507,
        0.9090999960899353,
        0.9247999787330627
    ],
    "epoch_losses": [
        1.4765625,
        1.2578125,
        1.2705078125,
        1.2060546875,
        1.166015625,
        1.119140625,
        1.0498046875,
        1.0625,
        0.99951171875,
        0.9658203125
    ]
}