{
    "opt": {
        "train_epochs": 9.9,
        "batch_size": 1024,
        "lr": 11.5,
        "momentum": 0.85,
        "weight_decay": 0.0153,
        "bias_scaler": 64.0,
        "label_smoothing": 0.2,
        "whiten_bias_epochs": 3
    },
    "aug": {
        "flip": true,
        "translate": 2
    },
    "net": {
        "widths": {
            "block1": 64,
            "block2": 256,
            "block3": 256
        },
        "batchnorm_momentum": 0.6,
        "scaling_factor": 0.1111111111111111,
        "tta_level": 2
    },
    "random_seed": 99,
    "git_commit_hash": "85402c5c6fafc553256ddda6a38a5e86792e3fed",
    "elapsed_wclock_time": 3.8433498117923737,
    "final acc": 0.9314000010490417,
    "last batch loss": 0.96630859375,
    "epoch_val_accs": [
        0.6412999629974365,
        0.7063999772071838,
        0.7434999942779541,
        0.7645999789237976,
        0.8039000034332275,
        0.8226999640464783,
        0.8636999726295471,
        0.8840999603271484,
        0.9097999930381775,
        0.9239999651908875
    ],
    "epoch_losses": [
        1.47265625,
        1.2978515625,
        1.21875,
        1.2021484375,
        1.1533203125,
        1.130859375,
        1.0771484375,
        1.041015625,
        1.0048828125,
        0.96630859375
    ]
}