{
    "opt": {
        "train_epochs": 9.9,
        "batch_size": 1024,
        "lr": 11.5,
        "momentum": 0.85,
        "weight_decay": 0.0153,
        "bias_scaler": 64.0,
        "label_smoothing": 0.2,
        "whiten_bias_epochs": 3
    },
    "aug": {
        "flip": true,
        "translate": 2
    },
    "net": {
        "widths": {
            "block1": 64,
            "block2": 256,
            "block3": 256
        },
        "batchnorm_momentum": 0.6,
        "scaling_factor": 0.1111111111111111,
        "tta_level": 2
    },
    "random_seed": 99,
    "git_commit_hash": "85402c5c6fafc553256ddda6a38a5e86792e3fed",
    "elapsed_wclock_time": 3.8042528035640717,
    "final acc": 0.9291999936103821,
    "last batch loss": 0.96826171875,
    "epoch_val_accs": [
        0.665399968624115,
        0.6764999628067017,
        0.7573999762535095,
        0.7785999774932861,
        0.8527999520301819,
        0.819599986076355,
        0.8652999997138977,
        0.8903999924659729,
        0.9111999869346619,
        0.92249995470047
    ],
    "epoch_losses": [
        1.45703125,
        1.302734375,
        1.232421875,
        1.216796875,
        1.1611328125,
        1.1416015625,
        1.0673828125,
        1.0458984375,
        1.009765625,
        0.96826171875
    ]
}