{
    "opt": {
        "train_epochs": 9.9,
        "batch_size": 1024,
        "lr": 11.5,
        "momentum": 0.85,
        "weight_decay": 0.0153,
        "bias_scaler": 64.0,
        "label_smoothing": 0.2,
        "whiten_bias_epochs": 3
    },
    "aug": {
        "flip": true,
        "translate": 2
    },
    "net": {
        "widths": {
            "block1": 64,
            "block2": 256,
            "block3": 256
        },
        "batchnorm_momentum": 0.6,
        "scaling_factor": 0.1111111111111111,
        "tta_level": 2
    },
    "random_seed": 99,
    "git_commit_hash": "85402c5c6fafc553256ddda6a38a5e86792e3fed",
    "elapsed_wclock_time": 3.855749197721481,
    "final acc": 0.9351999759674072,
    "last batch loss": 0.96484375,
    "epoch_val_accs": [
        0.5800999999046326,
        0.7304999828338623,
        0.7531999945640564,
        0.7660999894142151,
        0.8406999707221985,
        0.8459999561309814,
        0.852899968624115,
        0.8736000061035156,
        0.9052000045776367,
        0.926099956035614
    ],
    "epoch_losses": [
        1.431640625,
        1.2919921875,
        1.2060546875,
        1.1884765625,
        1.1572265625,
        1.1259765625,
        1.068359375,
        1.0498046875,
        0.984375,
        0.96484375
    ]
}