{
    "opt": {
        "train_epochs": 9.9,
        "batch_size": 1024,
        "lr": 11.5,
        "momentum": 0.85,
        "weight_decay": 0.0153,
        "bias_scaler": 64.0,
        "label_smoothing": 0.2,
        "whiten_bias_epochs": 3
    },
    "aug": {
        "flip": true,
        "translate": 2
    },
    "net": {
        "widths": {
            "block1": 64,
            "block2": 256,
            "block3": 256
        },
        "batchnorm_momentum": 0.6,
        "scaling_factor": 0.1111111111111111,
        "tta_level": 2
    },
    "random_seed": 99,
    "git_commit_hash": "85402c5c6fafc553256ddda6a38a5e86792e3fed",
    "elapsed_wclock_time": 3.9004492950439458,
    "final acc": 0.932699978351593,
    "last batch loss": 0.95654296875,
    "epoch_val_accs": [
        0.6333000063896179,
        0.6900999546051025,
        0.7702999711036682,
        0.7856999635696411,
        0.8133999705314636,
        0.8515999913215637,
        0.882099986076355,
        0.8881999850273132,
        0.9097999930381775,
        0.9264000058174133
    ],
    "epoch_losses": [
        1.44921875,
        1.3369140625,
        1.2587890625,
        1.197265625,
        1.1982421875,
        1.1279296875,
        1.078125,
        1.0400390625,
        0.99462890625,
        0.95654296875
    ]
}