{
    "opt": {
        "train_epochs": 9.9,
        "batch_size": 1024,
        "lr": 11.5,
        "momentum": 0.85,
        "weight_decay": 0.0153,
        "bias_scaler": 64.0,
        "label_smoothing": 0.2,
        "whiten_bias_epochs": 3
    },
    "aug": {
        "flip": true,
        "translate": 2
    },
    "net": {
        "widths": {
            "block1": 64,
            "block2": 256,
            "block3": 256
        },
        "batchnorm_momentum": 0.6,
        "scaling_factor": 0.1111111111111111,
        "tta_level": 2
    },
    "random_seed": 99,
    "git_commit_hash": "85402c5c6fafc553256ddda6a38a5e86792e3fed",
    "elapsed_wclock_time": 3.850808685541153,
    "final acc": 0.9330999851226807,
    "last batch loss": 0.96630859375,
    "epoch_val_accs": [
        0.6868000030517578,
        0.7093999981880188,
        0.8112999796867371,
        0.7965999841690063,
        0.8418999910354614,
        0.8139999508857727,
        0.8467999696731567,
        0.8871999979019165,
        0.9062999486923218,
        0.9235000014305115
    ],
    "epoch_losses": [
        1.4443359375,
        1.296875,
        1.2255859375,
        1.1630859375,
        1.1767578125,
        1.126953125,
        1.0703125,
        1.0615234375,
        1.0078125,
        0.96630859375
    ]
}