{
    "opt": {
        "train_epochs": 9.9,
        "batch_size": 1024,
        "lr": 11.5,
        "momentum": 0.85,
        "weight_decay": 0.0153,
        "bias_scaler": 64.0,
        "label_smoothing": 0.2,
        "whiten_bias_epochs": 3
    },
    "aug": {
        "flip": true,
        "translate": 2
    },
    "net": {
        "widths": {
            "block1": 64,
            "block2": 256,
            "block3": 256
        },
        "batchnorm_momentum": 0.6,
        "scaling_factor": 0.1111111111111111,
        "tta_level": 2
    },
    "random_seed": 99,
    "git_commit_hash": "85402c5c6fafc553256ddda6a38a5e86792e3fed",
    "elapsed_wclock_time": 3.8497271888256077,
    "final acc": 0.9318999648094177,
    "last batch loss": 0.9736328125,
    "epoch_val_accs": [
        0.6692000031471252,
        0.7734999656677246,
        0.6669999957084656,
        0.7979999780654907,
        0.8095999956130981,
        0.8248999714851379,
        0.8890999555587769,
        0.8876000046730042,
        0.9102999567985535,
        0.9253000020980835
    ],
    "epoch_losses": [
        1.4716796875,
        1.302734375,
        1.265625,
        1.1943359375,
        1.171875,
        1.1513671875,
        1.0576171875,
        1.033203125,
        1.0009765625,
        0.9736328125
    ]
}