{
    "opt": {
        "train_epochs": 9.9,
        "batch_size": 1024,
        "lr": 11.5,
        "momentum": 0.85,
        "weight_decay": 0.0153,
        "bias_scaler": 64.0,
        "label_smoothing": 0.2,
        "whiten_bias_epochs": 3
    },
    "aug": {
        "flip": true,
        "translate": 2
    },
    "net": {
        "widths": {
            "block1": 64,
            "block2": 256,
            "block3": 256
        },
        "batchnorm_momentum": 0.6,
        "scaling_factor": 0.1111111111111111,
        "tta_level": 2
    },
    "random_seed": 99,
    "git_commit_hash": "85402c5c6fafc553256ddda6a38a5e86792e3fed",
    "elapsed_wclock_time": 3.7664475121498104,
    "final acc": 0.9340999722480774,
    "last batch loss": 0.95849609375,
    "epoch_val_accs": [
        0.6394999623298645,
        0.6730999946594238,
        0.8016999959945679,
        0.8066999912261963,
        0.8414999842643738,
        0.8484999537467957,
        0.8757999539375305,
        0.8915999531745911,
        0.9156000018119812,
        0.9264999628067017
    ],
    "epoch_losses": [
        1.4580078125,
        1.3681640625,
        1.2216796875,
        1.2001953125,
        1.1728515625,
        1.1240234375,
        1.0751953125,
        1.0556640625,
        0.99365234375,
        0.95849609375
    ]
}