{
    "opt": {
        "train_epochs": 9.9,
        "batch_size": 1024,
        "lr": 11.5,
        "momentum": 0.85,
        "weight_decay": 0.0153,
        "bias_scaler": 64.0,
        "label_smoothing": 0.2,
        "whiten_bias_epochs": 3
    },
    "aug": {
        "flip": true,
        "translate": 2
    },
    "net": {
        "widths": {
            "block1": 64,
            "block2": 256,
            "block3": 256
        },
        "batchnorm_momentum": 0.6,
        "scaling_factor": 0.1111111111111111,
        "tta_level": 2
    },
    "random_seed": 99,
    "git_commit_hash": "85402c5c6fafc553256ddda6a38a5e86792e3fed",
    "elapsed_wclock_time": 3.798000704050064,
    "final acc": 0.930899977684021,
    "last batch loss": 0.98193359375,
    "epoch_val_accs": [
        0.6062999963760376,
        0.7462999820709229,
        0.7208999991416931,
        0.7967999577522278,
        0.8227999806404114,
        0.8241999745368958,
        0.8714999556541443,
        0.8876000046730042,
        0.9090999960899353,
        0.920799970626831
    ],
    "epoch_losses": [
        1.5087890625,
        1.3046875,
        1.1962890625,
        1.1826171875,
        1.173828125,
        1.134765625,
        1.0830078125,
        1.0439453125,
        0.98681640625,
        0.98193359375
    ]
}