{
    "opt": {
        "train_epochs": 9.9,
        "batch_size": 1024,
        "lr": 11.5,
        "momentum": 0.85,
        "weight_decay": 0.0153,
        "bias_scaler": 64.0,
        "label_smoothing": 0.2,
        "whiten_bias_epochs": 3
    },
    "aug": {
        "flip": true,
        "translate": 2
    },
    "net": {
        "widths": {
            "block1": 64,
            "block2": 256,
            "block3": 256
        },
        "batchnorm_momentum": 0.6,
        "scaling_factor": 0.1111111111111111,
        "tta_level": 2
    },
    "random_seed": 99,
    "git_commit_hash": "85402c5c6fafc553256ddda6a38a5e86792e3fed",
    "elapsed_wclock_time": 3.765510037899017,
    "final acc": 0.9315999746322632,
    "last batch loss": 0.9658203125,
    "epoch_val_accs": [
        0.6639999747276306,
        0.773099958896637,
        0.7497999668121338,
        0.8172000050544739,
        0.823699951171875,
        0.8141999840736389,
        0.8752999901771545,
        0.8906999826431274,
        0.9090999960899353,
        0.9235999584197998
    ],
    "epoch_losses": [
        1.4580078125,
        1.255859375,
        1.25,
        1.189453125,
        1.171875,
        1.0986328125,
        1.078125,
        1.0546875,
        1.0029296875,
        0.9658203125
    ]
}