{
    "opt": {
        "train_epochs": 9.9,
        "batch_size": 1536,
        "lr": 17.25,
        "momentum": 0.85,
        "weight_decay": 0.0153,
        "bias_scaler": 64.0,
        "label_smoothing": 0.2,
        "whiten_bias_epochs": 3
    },
    "aug": {
        "flip": true,
        "translate": 2
    },
    "net": {
        "widths": {
            "block1": 64,
            "block2": 256,
            "block3": 256
        },
        "batchnorm_momentum": 0.6,
        "scaling_factor": 0.1111111111111111,
        "tta_level": 2
    },
    "random_seed": 99,
    "git_commit_hash": "85402c5c6fafc553256ddda6a38a5e86792e3fed",
    "elapsed_wclock_time": 3.7301411767005916,
    "final acc": 0.9281999468803406,
    "last batch loss": 0.9759114583333334,
    "epoch_val_accs": [
        0.5547999739646912,
        0.5461999773979187,
        0.6335999965667725,
        0.715499997138977,
        0.761199951171875,
        0.8389999866485596,
        0.8295999765396118,
        0.8948999643325806,
        0.9050999879837036,
        0.9200999736785889
    ],
    "epoch_losses": [
        1.5625,
        1.4114583333333333,
        1.2805989583333333,
        1.2063802083333333,
        1.1946614583333333,
        1.1276041666666667,
        1.1139322916666667,
        1.029296875,
        1.0182291666666667,
        0.9759114583333334
    ]
}