{
    "opt": {
        "train_epochs": 9.9,
        "batch_size": 1536,
        "lr": 17.25,
        "momentum": 0.85,
        "weight_decay": 0.0153,
        "bias_scaler": 64.0,
        "label_smoothing": 0.2,
        "whiten_bias_epochs": 3
    },
    "aug": {
        "flip": true,
        "translate": 2
    },
    "net": {
        "widths": {
            "block1": 64,
            "block2": 256,
            "block3": 256
        },
        "batchnorm_momentum": 0.6,
        "scaling_factor": 0.1111111111111111,
        "tta_level": 2
    },
    "random_seed": 99,
    "git_commit_hash": "85402c5c6fafc553256ddda6a38a5e86792e3fed",
    "elapsed_wclock_time": 3.726030611038208,
    "final acc": 0.9297999739646912,
    "last batch loss": 0.9654947916666666,
    "epoch_val_accs": [
        0.5270999670028687,
        0.5616999864578247,
        0.627299964427948,
        0.6439999938011169,
        0.7915999889373779,
        0.8349999785423279,
        0.8476999998092651,
        0.884399950504303,
        0.9038999676704407,
        0.9218999743461609
    ],
    "epoch_losses": [
        1.515625,
        1.3606770833333333,
        1.3359375,
        1.2799479166666667,
        1.1796875,
        1.166015625,
        1.1145833333333333,
        1.0514322916666667,
        1.0143229166666667,
        0.9654947916666666
    ]
}