{
    "opt": {
        "train_epochs": 9.9,
        "batch_size": 1536,
        "lr": 17.25,
        "momentum": 0.85,
        "weight_decay": 0.0153,
        "bias_scaler": 64.0,
        "label_smoothing": 0.2,
        "whiten_bias_epochs": 3
    },
    "aug": {
        "flip": true,
        "translate": 2
    },
    "net": {
        "widths": {
            "block1": 64,
            "block2": 256,
            "block3": 256
        },
        "batchnorm_momentum": 0.6,
        "scaling_factor": 0.1111111111111111,
        "tta_level": 2
    },
    "random_seed": 99,
    "git_commit_hash": "85402c5c6fafc553256ddda6a38a5e86792e3fed",
    "elapsed_wclock_time": 3.6049147703647613,
    "final acc": 0.9291999936103821,
    "last batch loss": 0.9811197916666666,
    "epoch_val_accs": [
        0.4941999912261963,
        0.612500011920929,
        0.6416999697685242,
        0.5971999764442444,
        0.8188999891281128,
        0.7324999570846558,
        0.8430999517440796,
        0.8840000033378601,
        0.9004999995231628,
        0.9195999503135681
    ],
    "epoch_losses": [
        1.5065104166666667,
        1.38671875,
        1.263671875,
        1.2252604166666667,
        1.1907552083333333,
        1.12890625,
        1.109375,
        1.0481770833333333,
        1.0091145833333333,
        0.9811197916666666
    ]
}