{
    "opt": {
        "train_epochs": 9.9,
        "batch_size": 1536,
        "lr": 17.25,
        "momentum": 0.85,
        "weight_decay": 0.0153,
        "bias_scaler": 64.0,
        "label_smoothing": 0.2,
        "whiten_bias_epochs": 3
    },
    "aug": {
        "flip": true,
        "translate": 2
    },
    "net": {
        "widths": {
            "block1": 64,
            "block2": 256,
            "block3": 256
        },
        "batchnorm_momentum": 0.6,
        "scaling_factor": 0.1111111111111111,
        "tta_level": 2
    },
    "random_seed": 99,
    "git_commit_hash": "85402c5c6fafc553256ddda6a38a5e86792e3fed",
    "elapsed_wclock_time": 3.69575138425827,
    "final acc": 0.9318999648094177,
    "last batch loss": 0.978515625,
    "epoch_val_accs": [
        0.5087999701499939,
        0.5090000033378601,
        0.5478000044822693,
        0.6134999990463257,
        0.652899980545044,
        0.7360999584197998,
        0.8229999542236328,
        0.8748999834060669,
        0.9056999683380127,
        0.9240999817848206
    ],
    "epoch_losses": [
        1.5065104166666667,
        1.4036458333333333,
        1.322265625,
        1.2819010416666667,
        1.1888020833333333,
        1.1614583333333333,
        1.1087239583333333,
        1.05078125,
        1.0110677083333333,
        0.978515625
    ]
}