{
    "opt": {
        "train_epochs": 9.9,
        "batch_size": 1536,
        "lr": 17.25,
        "momentum": 0.85,
        "weight_decay": 0.0153,
        "bias_scaler": 64.0,
        "label_smoothing": 0.2,
        "whiten_bias_epochs": 3
    },
    "aug": {
        "flip": true,
        "translate": 2
    },
    "net": {
        "widths": {
            "block1": 64,
            "block2": 256,
            "block3": 256
        },
        "batchnorm_momentum": 0.6,
        "scaling_factor": 0.1111111111111111,
        "tta_level": 2
    },
    "random_seed": 99,
    "git_commit_hash": "85402c5c6fafc553256ddda6a38a5e86792e3fed",
    "elapsed_wclock_time": 3.7260057797431947,
    "final acc": 0.9296000003814697,
    "last batch loss": 0.982421875,
    "epoch_val_accs": [
        0.6092999577522278,
        0.5507999658584595,
        0.6654999852180481,
        0.7030999660491943,
        0.7245000004768372,
        0.8387999534606934,
        0.7694999575614929,
        0.8690999746322632,
        0.9049999713897705,
        0.9220999479293823
    ],
    "epoch_losses": [
        1.4856770833333333,
        1.3326822916666667,
        1.2727864583333333,
        1.2298177083333333,
        1.2109375,
        1.1119791666666667,
        1.1223958333333333,
        1.0390625,
        1.0234375,
        0.982421875
    ]
}