{
    "opt": {
        "train_epochs": 9.9,
        "batch_size": 1536,
        "lr": 17.25,
        "momentum": 0.85,
        "weight_decay": 0.0153,
        "bias_scaler": 64.0,
        "label_smoothing": 0.2,
        "whiten_bias_epochs": 3
    },
    "aug": {
        "flip": true,
        "translate": 2
    },
    "net": {
        "widths": {
            "block1": 64,
            "block2": 256,
            "block3": 256
        },
        "batchnorm_momentum": 0.6,
        "scaling_factor": 0.1111111111111111,
        "tta_level": 2
    },
    "random_seed": 99,
    "git_commit_hash": "85402c5c6fafc553256ddda6a38a5e86792e3fed",
    "elapsed_wclock_time": 3.7202942681312563,
    "final acc": 0.9289999604225159,
    "last batch loss": 0.9798177083333334,
    "epoch_val_accs": [
        0.5789999961853027,
        0.7436000108718872,
        0.7780999541282654,
        0.607699990272522,
        0.7753999829292297,
        0.7648999691009521,
        0.8240999579429626,
        0.871999979019165,
        0.8989999890327454,
        0.9217999577522278
    ],
    "epoch_losses": [
        1.4986979166666667,
        1.3723958333333333,
        1.2942708333333333,
        1.3072916666666667,
        1.1946614583333333,
        1.1276041666666667,
        1.1139322916666667,
        1.0299479166666667,
        0.9973958333333334,
        0.9798177083333334
    ]
}