{
    "opt": {
        "train_epochs": 9.9,
        "batch_size": 1536,
        "lr": 17.25,
        "momentum": 0.85,
        "weight_decay": 0.0153,
        "bias_scaler": 64.0,
        "label_smoothing": 0.2,
        "whiten_bias_epochs": 3
    },
    "aug": {
        "flip": true,
        "translate": 2
    },
    "net": {
        "widths": {
            "block1": 64,
            "block2": 256,
            "block3": 256
        },
        "batchnorm_momentum": 0.6,
        "scaling_factor": 0.1111111111111111,
        "tta_level": 2
    },
    "random_seed": 99,
    "git_commit_hash": "85402c5c6fafc553256ddda6a38a5e86792e3fed",
    "elapsed_wclock_time": 3.715686696767807,
    "final acc": 0.9301999807357788,
    "last batch loss": 0.9817708333333334,
    "epoch_val_accs": [
        0.5669000148773193,
        0.5364999771118164,
        0.47079998254776,
        0.6744999885559082,
        0.7766000032424927,
        0.7985999584197998,
        0.8518999814987183,
        0.880899965763092,
        0.8860999941825867,
        0.920699954032898
    ],
    "epoch_losses": [
        1.53515625,
        1.3802083333333333,
        1.3079427083333333,
        1.2734375,
        1.1966145833333333,
        1.150390625,
        1.09375,
        1.03515625,
        1.0260416666666667,
        0.9817708333333334
    ]
}