{
    "opt": {
        "train_epochs": 9.9,
        "batch_size": 1536,
        "lr": 17.25,
        "momentum": 0.85,
        "weight_decay": 0.0153,
        "bias_scaler": 64.0,
        "label_smoothing": 0.2,
        "whiten_bias_epochs": 3
    },
    "aug": {
        "flip": true,
        "translate": 2
    },
    "net": {
        "widths": {
            "block1": 64,
            "block2": 256,
            "block3": 256
        },
        "batchnorm_momentum": 0.6,
        "scaling_factor": 0.1111111111111111,
        "tta_level": 2
    },
    "random_seed": 99,
    "git_commit_hash": "85402c5c6fafc553256ddda6a38a5e86792e3fed",
    "elapsed_wclock_time": 3.7239979689121245,
    "final acc": 0.9275999665260315,
    "last batch loss": 0.9798177083333334,
    "epoch_val_accs": [
        0.588699996471405,
        0.5241999626159668,
        0.5931999683380127,
        0.6255999803543091,
        0.6315999627113342,
        0.8395999670028687,
        0.8245999813079834,
        0.8817999958992004,
        0.9072999954223633,
        0.9192999601364136
    ],
    "epoch_losses": [
        1.5,
        1.4322916666666667,
        1.2649739583333333,
        1.2708333333333333,
        1.234375,
        1.1354166666666667,
        1.1061197916666667,
        1.041015625,
        1.0006510416666667,
        0.9798177083333334
    ]
}