{
    "opt": {
        "train_epochs": 9.9,
        "batch_size": 1536,
        "lr": 17.25,
        "momentum": 0.85,
        "weight_decay": 0.0153,
        "bias_scaler": 64.0,
        "label_smoothing": 0.2,
        "whiten_bias_epochs": 3
    },
    "aug": {
        "flip": true,
        "translate": 2
    },
    "net": {
        "widths": {
            "block1": 64,
            "block2": 256,
            "block3": 256
        },
        "batchnorm_momentum": 0.6,
        "scaling_factor": 0.1111111111111111,
        "tta_level": 2
    },
    "random_seed": 99,
    "git_commit_hash": "85402c5c6fafc553256ddda6a38a5e86792e3fed",
    "elapsed_wclock_time": 3.7281786651611335,
    "final acc": 0.9328999519348145,
    "last batch loss": 0.9654947916666666,
    "epoch_val_accs": [
        0.5769000053405762,
        0.4495999813079834,
        0.6583999991416931,
        0.6909999847412109,
        0.7236999869346619,
        0.8176999688148499,
        0.8521999716758728,
        0.8867999911308289,
        0.901699960231781,
        0.9228000044822693
    ],
    "epoch_losses": [
        1.5572916666666667,
        1.4674479166666667,
        1.2291666666666667,
        1.2109375,
        1.1985677083333333,
        1.1236979166666667,
        1.08984375,
        1.0319010416666667,
        1.021484375,
        0.9654947916666666
    ]
}