{
    "opt": {
        "train_epochs": 9.9,
        "batch_size": 1536,
        "lr": 17.25,
        "momentum": 0.85,
        "weight_decay": 0.0153,
        "bias_scaler": 64.0,
        "label_smoothing": 0.2,
        "whiten_bias_epochs": 3
    },
    "aug": {
        "flip": true,
        "translate": 2
    },
    "net": {
        "widths": {
            "block1": 64,
            "block2": 256,
            "block3": 256
        },
        "batchnorm_momentum": 0.6,
        "scaling_factor": 0.1111111111111111,
        "tta_level": 2
    },
    "random_seed": 99,
    "git_commit_hash": "85402c5c6fafc553256ddda6a38a5e86792e3fed",
    "elapsed_wclock_time": 3.720538227558136,
    "final acc": 0.9307999610900879,
    "last batch loss": 0.97265625,
    "epoch_val_accs": [
        0.5764999985694885,
        0.5913999676704407,
        0.6248999834060669,
        0.6814999580383301,
        0.7723999619483948,
        0.8144999742507935,
        0.8639999628067017,
        0.8910999894142151,
        0.9043999910354614,
        0.9196999669075012
    ],
    "epoch_losses": [
        1.5169270833333333,
        1.3697916666666667,
        1.2890625,
        1.2174479166666667,
        1.1809895833333333,
        1.1458333333333333,
        1.1119791666666667,
        1.037109375,
        1.0123697916666667,
        0.97265625
    ]
}