{
    "opt": {
        "train_epochs": 9.9,
        "batch_size": 1536,
        "lr": 17.25,
        "momentum": 0.85,
        "weight_decay": 0.0153,
        "bias_scaler": 64.0,
        "label_smoothing": 0.2,
        "whiten_bias_epochs": 3
    },
    "aug": {
        "flip": true,
        "translate": 2
    },
    "net": {
        "widths": {
            "block1": 64,
            "block2": 256,
            "block3": 256
        },
        "batchnorm_momentum": 0.6,
        "scaling_factor": 0.1111111111111111,
        "tta_level": 2
    },
    "random_seed": 99,
    "git_commit_hash": "85402c5c6fafc553256ddda6a38a5e86792e3fed",
    "elapsed_wclock_time": 3.733371788024902,
    "final acc": 0.9292999505996704,
    "last batch loss": 0.978515625,
    "epoch_val_accs": [
        0.6179999709129333,
        0.5507000088691711,
        0.6366999745368958,
        0.7037000060081482,
        0.7657999992370605,
        0.8309999704360962,
        0.835099995136261,
        0.8736000061035156,
        0.8930999636650085,
        0.9190999865531921
    ],
    "epoch_losses": [
        1.5234375,
        1.3255208333333333,
        1.3111979166666667,
        1.2272135416666667,
        1.1979166666666667,
        1.1302083333333333,
        1.1243489583333333,
        1.0514322916666667,
        1.021484375,
        0.978515625
    ]
}