{
    "opt": {
        "train_epochs": 9.9,
        "batch_size": 1536,
        "lr": 17.25,
        "momentum": 0.85,
        "weight_decay": 0.0153,
        "bias_scaler": 64.0,
        "label_smoothing": 0.2,
        "whiten_bias_epochs": 3
    },
    "aug": {
        "flip": true,
        "translate": 2
    },
    "net": {
        "widths": {
            "block1": 64,
            "block2": 256,
            "block3": 256
        },
        "batchnorm_momentum": 0.6,
        "scaling_factor": 0.1111111111111111,
        "tta_level": 2
    },
    "random_seed": 99,
    "git_commit_hash": "85402c5c6fafc553256ddda6a38a5e86792e3fed",
    "elapsed_wclock_time": 3.715819454669953,
    "final acc": 0.9327999949455261,
    "last batch loss": 0.9752604166666666,
    "epoch_val_accs": [
        0.5845999717712402,
        0.559499979019165,
        0.5776000022888184,
        0.7166000008583069,
        0.7489999532699585,
        0.7701999545097351,
        0.8208999633789062,
        0.8881999850273132,
        0.9014999866485596,
        0.9222999811172485
    ],
    "epoch_losses": [
        1.5338541666666667,
        1.38671875,
        1.296875,
        1.2265625,
        1.2063802083333333,
        1.1302083333333333,
        1.1204427083333333,
        1.05078125,
        1.009765625,
        0.9752604166666666
    ]
}