{
    "opt": {
        "train_epochs": 9.9,
        "batch_size": 1536,
        "lr": 17.25,
        "momentum": 0.85,
        "weight_decay": 0.0153,
        "bias_scaler": 64.0,
        "label_smoothing": 0.2,
        "whiten_bias_epochs": 3
    },
    "aug": {
        "flip": true,
        "translate": 2
    },
    "net": {
        "widths": {
            "block1": 64,
            "block2": 256,
            "block3": 256
        },
        "batchnorm_momentum": 0.6,
        "scaling_factor": 0.1111111111111111,
        "tta_level": 2
    },
    "random_seed": 99,
    "git_commit_hash": "85402c5c6fafc553256ddda6a38a5e86792e3fed",
    "elapsed_wclock_time": 3.722077332258224,
    "final acc": 0.9304999709129333,
    "last batch loss": 0.974609375,
    "epoch_val_accs": [
        0.5569999814033508,
        0.5604999661445618,
        0.7913999557495117,
        0.49390000104904175,
        0.7953999638557434,
        0.7038999795913696,
        0.8323000073432922,
        0.8845999836921692,
        0.9124999642372131,
        0.921999990940094
    ],
    "epoch_losses": [
        1.51953125,
        1.3333333333333333,
        1.2604166666666667,
        1.2330729166666667,
        1.1920572916666667,
        1.146484375,
        1.1048177083333333,
        1.0442708333333333,
        1.0032552083333333,
        0.974609375
    ]
}