{
    "opt": {
        "train_epochs": 9.9,
        "batch_size": 1536,
        "lr": 17.25,
        "momentum": 0.85,
        "weight_decay": 0.0153,
        "bias_scaler": 64.0,
        "label_smoothing": 0.2,
        "whiten_bias_epochs": 3
    },
    "aug": {
        "flip": true,
        "translate": 2
    },
    "net": {
        "widths": {
            "block1": 64,
            "block2": 256,
            "block3": 256
        },
        "batchnorm_momentum": 0.6,
        "scaling_factor": 0.1111111111111111,
        "tta_level": 2
    },
    "random_seed": 99,
    "git_commit_hash": "85402c5c6fafc553256ddda6a38a5e86792e3fed",
    "elapsed_wclock_time": 3.6995343995094294,
    "final acc": 0.9282999634742737,
    "last batch loss": 0.96875,
    "epoch_val_accs": [
        0.5375999808311462,
        0.4226999878883362,
        0.7002999782562256,
        0.7412999868392944,
        0.8366999626159668,
        0.7339000105857849,
        0.8385999798774719,
        0.8603000044822693,
        0.9023999571800232,
        0.920699954032898
    ],
    "epoch_losses": [
        1.46875,
        1.4466145833333333,
        1.3385416666666667,
        1.2239583333333333,
        1.1770833333333333,
        1.125,
        1.1106770833333333,
        1.041015625,
        1.0110677083333333,
        0.96875
    ]
}