{
    "opt": {
        "train_epochs": 9.9,
        "batch_size": 1536,
        "lr": 17.25,
        "momentum": 0.85,
        "weight_decay": 0.0153,
        "bias_scaler": 64.0,
        "label_smoothing": 0.2,
        "whiten_bias_epochs": 3
    },
    "aug": {
        "flip": true,
        "translate": 2
    },
    "net": {
        "widths": {
            "block1": 64,
            "block2": 256,
            "block3": 256
        },
        "batchnorm_momentum": 0.6,
        "scaling_factor": 0.1111111111111111,
        "tta_level": 2
    },
    "random_seed": 99,
    "git_commit_hash": "85402c5c6fafc553256ddda6a38a5e86792e3fed",
    "elapsed_wclock_time": 3.724167026042938,
    "final acc": 0.9293999671936035,
    "last batch loss": 0.9622395833333334,
    "epoch_val_accs": [
        0.6291999816894531,
        0.6377999782562256,
        0.7419999837875366,
        0.5771999955177307,
        0.817799985408783,
        0.8502999544143677,
        0.858199954032898,
        0.8919999599456787,
        0.9006999731063843,
        0.9233999848365784
    ],
    "epoch_losses": [
        1.5104166666666667,
        1.3567708333333333,
        1.259765625,
        1.2786458333333333,
        1.1725260416666667,
        1.14453125,
        1.1178385416666667,
        1.0403645833333333,
        1.005859375,
        0.9622395833333334
    ]
}