{
    "opt": {
        "train_epochs": 9.9,
        "batch_size": 1536,
        "lr": 17.25,
        "momentum": 0.85,
        "weight_decay": 0.0153,
        "bias_scaler": 64.0,
        "label_smoothing": 0.2,
        "whiten_bias_epochs": 3
    },
    "aug": {
        "flip": true,
        "translate": 2
    },
    "net": {
        "widths": {
            "block1": 64,
            "block2": 256,
            "block3": 256
        },
        "batchnorm_momentum": 0.6,
        "scaling_factor": 0.1111111111111111,
        "tta_level": 2
    },
    "random_seed": 99,
    "git_commit_hash": "85402c5c6fafc553256ddda6a38a5e86792e3fed",
    "elapsed_wclock_time": 3.697244622707367,
    "final acc": 0.9321999549865723,
    "last batch loss": 0.9733072916666666,
    "epoch_val_accs": [
        0.4966000020503998,
        0.5325999855995178,
        0.6976999640464783,
        0.6504999995231628,
        0.7542999982833862,
        0.7605999708175659,
        0.8549999594688416,
        0.8732999563217163,
        0.9081999659538269,
        0.9235000014305115
    ],
    "epoch_losses": [
        1.5651041666666667,
        1.3658854166666667,
        1.255859375,
        1.2473958333333333,
        1.1940104166666667,
        1.1451822916666667,
        1.1041666666666667,
        1.03125,
        1.015625,
        0.9733072916666666
    ]
}