{
    "opt": {
        "train_epochs": 9.9,
        "batch_size": 1536,
        "lr": 17.25,
        "momentum": 0.85,
        "weight_decay": 0.0153,
        "bias_scaler": 64.0,
        "label_smoothing": 0.2,
        "whiten_bias_epochs": 3
    },
    "aug": {
        "flip": true,
        "translate": 2
    },
    "net": {
        "widths": {
            "block1": 64,
            "block2": 256,
            "block3": 256
        },
        "batchnorm_momentum": 0.6,
        "scaling_factor": 0.1111111111111111,
        "tta_level": 2
    },
    "random_seed": 99,
    "git_commit_hash": "85402c5c6fafc553256ddda6a38a5e86792e3fed",
    "elapsed_wclock_time": 3.669403019428253,
    "final acc": 0.9275999665260315,
    "last batch loss": 0.9700520833333334,
    "epoch_val_accs": [
        0.5704999566078186,
        0.18569999933242798,
        0.5566999912261963,
        0.7010999917984009,
        0.7978999614715576,
        0.7342000007629395,
        0.8305999636650085,
        0.8610999584197998,
        0.9034000039100647,
        0.9208999872207642
    ],
    "epoch_losses": [
        1.5559895833333333,
        1.5143229166666667,
        1.2571614583333333,
        1.2063802083333333,
        1.1861979166666667,
        1.1985677083333333,
        1.0872395833333333,
        1.0455729166666667,
        1.0052083333333333,
        0.9700520833333334
    ]
}