{
    "opt": {
        "train_epochs": 9.9,
        "batch_size": 1536,
        "lr": 17.25,
        "momentum": 0.85,
        "weight_decay": 0.0153,
        "bias_scaler": 64.0,
        "label_smoothing": 0.2,
        "whiten_bias_epochs": 3
    },
    "aug": {
        "flip": true,
        "translate": 2
    },
    "net": {
        "widths": {
            "block1": 64,
            "block2": 256,
            "block3": 256
        },
        "batchnorm_momentum": 0.6,
        "scaling_factor": 0.1111111111111111,
        "tta_level": 2
    },
    "random_seed": 99,
    "git_commit_hash": "85402c5c6fafc553256ddda6a38a5e86792e3fed",
    "elapsed_wclock_time": 3.7239749166965486,
    "final acc": 0.9275999665260315,
    "last batch loss": 0.978515625,
    "epoch_val_accs": [
        0.5613999962806702,
        0.6155999898910522,
        0.6735000014305115,
        0.6821999549865723,
        0.7723999619483948,
        0.795799970626831,
        0.8435999751091003,
        0.8884999752044678,
        0.894599974155426,
        0.9192999601364136
    ],
    "epoch_losses": [
        1.5442708333333333,
        1.326171875,
        1.2858072916666667,
        1.2506510416666667,
        1.2057291666666667,
        1.1263020833333333,
        1.10546875,
        1.046875,
        1.015625,
        0.978515625
    ]
}