{
    "opt": {
        "train_epochs": 9.9,
        "batch_size": 1536,
        "lr": 17.25,
        "momentum": 0.85,
        "weight_decay": 0.0153,
        "bias_scaler": 64.0,
        "label_smoothing": 0.2,
        "whiten_bias_epochs": 3
    },
    "aug": {
        "flip": true,
        "translate": 2
    },
    "net": {
        "widths": {
            "block1": 64,
            "block2": 256,
            "block3": 256
        },
        "batchnorm_momentum": 0.6,
        "scaling_factor": 0.1111111111111111,
        "tta_level": 2
    },
    "random_seed": 99,
    "git_commit_hash": "85402c5c6fafc553256ddda6a38a5e86792e3fed",
    "elapsed_wclock_time": 3.73172647857666,
    "final acc": 0.9299999475479126,
    "last batch loss": 0.970703125,
    "epoch_val_accs": [
        0.5737999677658081,
        0.6110999584197998,
        0.6979999542236328,
        0.49619999527931213,
        0.8277999758720398,
        0.8174999952316284,
        0.8413999676704407,
        0.8952999711036682,
        0.9019999504089355,
        0.9217999577522278
    ],
    "epoch_losses": [
        1.484375,
        1.3958333333333333,
        1.2819010416666667,
        1.306640625,
        1.169921875,
        1.1276041666666667,
        1.1022135416666667,
        1.03515625,
        1.0091145833333333,
        0.970703125
    ]
}