{
    "opt": {
        "train_epochs": 9.9,
        "batch_size": 1536,
        "lr": 17.25,
        "momentum": 0.85,
        "weight_decay": 0.0153,
        "bias_scaler": 64.0,
        "label_smoothing": 0.2,
        "whiten_bias_epochs": 3
    },
    "aug": {
        "flip": true,
        "translate": 2
    },
    "net": {
        "widths": {
            "block1": 64,
            "block2": 256,
            "block3": 256
        },
        "batchnorm_momentum": 0.6,
        "scaling_factor": 0.1111111111111111,
        "tta_level": 2
    },
    "random_seed": 99,
    "git_commit_hash": "85402c5c6fafc553256ddda6a38a5e86792e3fed",
    "elapsed_wclock_time": 3.7239878041744237,
    "final acc": 0.9303999543190002,
    "last batch loss": 0.978515625,
    "epoch_val_accs": [
        0.5385000109672546,
        0.6401000022888184,
        0.6870999932289124,
        0.6215999722480774,
        0.7353000044822693,
        0.6694999933242798,
        0.861299991607666,
        0.8750999569892883,
        0.8989999890327454,
        0.9228000044822693
    ],
    "epoch_losses": [
        1.5104166666666667,
        1.3828125,
        1.2858072916666667,
        1.228515625,
        1.2083333333333333,
        1.14453125,
        1.1048177083333333,
        1.0501302083333333,
        1.017578125,
        0.978515625
    ]
}