{
    "opt": {
        "train_epochs": 9.9,
        "batch_size": 1536,
        "lr": 17.25,
        "momentum": 0.85,
        "weight_decay": 0.0153,
        "bias_scaler": 64.0,
        "label_smoothing": 0.2,
        "whiten_bias_epochs": 3
    },
    "aug": {
        "flip": true,
        "translate": 2
    },
    "net": {
        "widths": {
            "block1": 64,
            "block2": 256,
            "block3": 256
        },
        "batchnorm_momentum": 0.6,
        "scaling_factor": 0.1111111111111111,
        "tta_level": 2
    },
    "random_seed": 99,
    "git_commit_hash": "85402c5c6fafc553256ddda6a38a5e86792e3fed",
    "elapsed_wclock_time": 3.697960587024689,
    "final acc": 0.9294999837875366,
    "last batch loss": 0.9733072916666666,
    "epoch_val_accs": [
        0.6092000007629395,
        0.5117999911308289,
        0.7051999568939209,
        0.6539999842643738,
        0.7547000050544739,
        0.8070999979972839,
        0.8316999673843384,
        0.8877999782562256,
        0.9053999781608582,
        0.9185999631881714
    ],
    "epoch_losses": [
        1.5377604166666667,
        1.3645833333333333,
        1.3125,
        1.2545572916666667,
        1.1770833333333333,
        1.1393229166666667,
        1.1028645833333333,
        1.0201822916666667,
        1.0110677083333333,
        0.9733072916666666
    ]
}