{
    "opt": {
        "train_epochs": 9.9,
        "batch_size": 1536,
        "lr": 17.25,
        "momentum": 0.85,
        "weight_decay": 0.0153,
        "bias_scaler": 64.0,
        "label_smoothing": 0.2,
        "whiten_bias_epochs": 3
    },
    "aug": {
        "flip": true,
        "translate": 2
    },
    "net": {
        "widths": {
            "block1": 64,
            "block2": 256,
            "block3": 256
        },
        "batchnorm_momentum": 0.6,
        "scaling_factor": 0.1111111111111111,
        "tta_level": 2
    },
    "random_seed": 99,
    "git_commit_hash": "85402c5c6fafc553256ddda6a38a5e86792e3fed",
    "elapsed_wclock_time": 3.721857572793961,
    "final acc": 0.9297999739646912,
    "last batch loss": 0.9739583333333334,
    "epoch_val_accs": [
        0.5625,
        0.47839999198913574,
        0.6776999831199646,
        0.7152999639511108,
        0.7371999621391296,
        0.7852999567985535,
        0.7895999550819397,
        0.8835999965667725,
        0.9027999639511108,
        0.9231999516487122
    ],
    "epoch_losses": [
        1.54296875,
        1.3294270833333333,
        1.2962239583333333,
        1.2421875,
        1.1744791666666667,
        1.1451822916666667,
        1.1126302083333333,
        1.0377604166666667,
        1.0260416666666667,
        0.9739583333333334
    ]
}