{
    "opt": {
        "train_epochs": 9.9,
        "batch_size": 1536,
        "lr": 17.25,
        "momentum": 0.85,
        "weight_decay": 0.0153,
        "bias_scaler": 64.0,
        "label_smoothing": 0.2,
        "whiten_bias_epochs": 3
    },
    "aug": {
        "flip": true,
        "translate": 2
    },
    "net": {
        "widths": {
            "block1": 64,
            "block2": 256,
            "block3": 256
        },
        "batchnorm_momentum": 0.6,
        "scaling_factor": 0.1111111111111111,
        "tta_level": 2
    },
    "random_seed": 99,
    "git_commit_hash": "85402c5c6fafc553256ddda6a38a5e86792e3fed",
    "elapsed_wclock_time": 3.713703092098237,
    "final acc": 0.930899977684021,
    "last batch loss": 0.9713541666666666,
    "epoch_val_accs": [
        0.6155999898910522,
        0.44609999656677246,
        0.5260999798774719,
        0.6248999834060669,
        0.8019999861717224,
        0.7884999513626099,
        0.8206999897956848,
        0.88919997215271,
        0.9016000032424927,
        0.9215999841690063
    ],
    "epoch_losses": [
        1.5130208333333333,
        1.4752604166666667,
        1.30859375,
        1.2708333333333333,
        1.197265625,
        1.1419270833333333,
        1.1022135416666667,
        1.0384114583333333,
        1.0078125,
        0.9713541666666666
    ]
}