{
    "opt": {
        "train_epochs": 9.9,
        "batch_size": 1536,
        "lr": 17.25,
        "momentum": 0.85,
        "weight_decay": 0.0153,
        "bias_scaler": 64.0,
        "label_smoothing": 0.2,
        "whiten_bias_epochs": 3
    },
    "aug": {
        "flip": true,
        "translate": 2
    },
    "net": {
        "widths": {
            "block1": 64,
            "block2": 256,
            "block3": 256
        },
        "batchnorm_momentum": 0.6,
        "scaling_factor": 0.1111111111111111,
        "tta_level": 2
    },
    "random_seed": 99,
    "git_commit_hash": "85402c5c6fafc553256ddda6a38a5e86792e3fed",
    "elapsed_wclock_time": 3.6080398902893065,
    "final acc": 0.9321999549865723,
    "last batch loss": 0.9680989583333334,
    "epoch_val_accs": [
        0.513700008392334,
        0.5548999905586243,
        0.6829000115394592,
        0.7602999806404114,
        0.7759000062942505,
        0.8115999698638916,
        0.7705000042915344,
        0.8883000016212463,
        0.9017999768257141,
        0.9221999645233154
    ],
    "epoch_losses": [
        1.5325520833333333,
        1.3893229166666667,
        1.265625,
        1.2018229166666667,
        1.1809895833333333,
        1.1360677083333333,
        1.1100260416666667,
        1.0169270833333333,
        1.0162760416666667,
        0.9680989583333334
    ]
}