{
    "opt": {
        "train_epochs": 9.9,
        "batch_size": 1536,
        "lr": 17.25,
        "momentum": 0.85,
        "weight_decay": 0.0153,
        "bias_scaler": 64.0,
        "label_smoothing": 0.2,
        "whiten_bias_epochs": 3
    },
    "aug": {
        "flip": true,
        "translate": 2
    },
    "net": {
        "widths": {
            "block1": 64,
            "block2": 256,
            "block3": 256
        },
        "batchnorm_momentum": 0.6,
        "scaling_factor": 0.1111111111111111,
        "tta_level": 2
    },
    "random_seed": 99,
    "git_commit_hash": "85402c5c6fafc553256ddda6a38a5e86792e3fed",
    "elapsed_wclock_time": 3.7025608658790587,
    "final acc": 0.9302999973297119,
    "last batch loss": 0.9759114583333334,
    "epoch_val_accs": [
        0.6581000089645386,
        0.6265999674797058,
        0.4528999924659729,
        0.5464000105857849,
        0.7648999691009521,
        0.8464999794960022,
        0.851099967956543,
        0.8959999680519104,
        0.9098999500274658,
        0.9195999503135681
    ],
    "epoch_losses": [
        1.4752604166666667,
        1.36328125,
        1.31640625,
        1.3763020833333333,
        1.1881510416666667,
        1.1171875,
        1.109375,
        1.0247395833333333,
        1.0143229166666667,
        0.9759114583333334
    ]
}