{
    "opt": {
        "train_epochs": 9.9,
        "batch_size": 1536,
        "lr": 17.25,
        "momentum": 0.85,
        "weight_decay": 0.0153,
        "bias_scaler": 64.0,
        "label_smoothing": 0.2,
        "whiten_bias_epochs": 3
    },
    "aug": {
        "flip": true,
        "translate": 2
    },
    "net": {
        "widths": {
            "block1": 64,
            "block2": 256,
            "block3": 256
        },
        "batchnorm_momentum": 0.6,
        "scaling_factor": 0.1111111111111111,
        "tta_level": 2
    },
    "random_seed": 99,
    "git_commit_hash": "85402c5c6fafc553256ddda6a38a5e86792e3fed",
    "elapsed_wclock_time": 3.723351449489593,
    "final acc": 0.9283999800682068,
    "last batch loss": 0.978515625,
    "epoch_val_accs": [
        0.5467000007629395,
        0.648099958896637,
        0.6004999876022339,
        0.7676999568939209,
        0.816100001335144,
        0.8294000029563904,
        0.8021000027656555,
        0.8949999809265137,
        0.8967999815940857,
        0.9202999472618103
    ],
    "epoch_losses": [
        1.4921875,
        1.3606770833333333,
        1.275390625,
        1.208984375,
        1.1881510416666667,
        1.12890625,
        1.1236979166666667,
        1.0384114583333333,
        1.0071614583333333,
        0.978515625
    ]
}