{
    "opt": {
        "train_epochs": 9.9,
        "batch_size": 1536,
        "lr": 17.25,
        "momentum": 0.85,
        "weight_decay": 0.0153,
        "bias_scaler": 64.0,
        "label_smoothing": 0.2,
        "whiten_bias_epochs": 3
    },
    "aug": {
        "flip": true,
        "translate": 2
    },
    "net": {
        "widths": {
            "block1": 64,
            "block2": 256,
            "block3": 256
        },
        "batchnorm_momentum": 0.6,
        "scaling_factor": 0.1111111111111111,
        "tta_level": 2
    },
    "random_seed": 99,
    "git_commit_hash": "85402c5c6fafc553256ddda6a38a5e86792e3fed",
    "elapsed_wclock_time": 3.6955294733047483,
    "final acc": 0.9283999800682068,
    "last batch loss": 0.9713541666666666,
    "epoch_val_accs": [
        0.5611000061035156,
        0.4659999907016754,
        0.5922999978065491,
        0.7554000020027161,
        0.7355999946594238,
        0.8141999840736389,
        0.7608999609947205,
        0.8733999729156494,
        0.9035999774932861,
        0.9222999811172485
    ],
    "epoch_losses": [
        1.515625,
        1.4192708333333333,
        1.36328125,
        1.2102864583333333,
        1.1842447916666667,
        1.1393229166666667,
        1.1126302083333333,
        1.02734375,
        1.0045572916666667,
        0.9713541666666666
    ]
}