{
    "opt": {
        "train_epochs": 9.9,
        "batch_size": 1536,
        "lr": 17.25,
        "momentum": 0.85,
        "weight_decay": 0.0153,
        "bias_scaler": 64.0,
        "label_smoothing": 0.2,
        "whiten_bias_epochs": 3
    },
    "aug": {
        "flip": true,
        "translate": 2
    },
    "net": {
        "widths": {
            "block1": 64,
            "block2": 256,
            "block3": 256
        },
        "batchnorm_momentum": 0.6,
        "scaling_factor": 0.1111111111111111,
        "tta_level": 2
    },
    "random_seed": 99,
    "git_commit_hash": "85402c5c6fafc553256ddda6a38a5e86792e3fed",
    "elapsed_wclock_time": 3.6918500158786767,
    "final acc": 0.9277999997138977,
    "last batch loss": 0.9641927083333334,
    "epoch_val_accs": [
        0.5701000094413757,
        0.5658999681472778,
        0.724399983882904,
        0.6851999759674072,
        0.7346999645233154,
        0.7818999886512756,
        0.7894999980926514,
        0.8872999548912048,
        0.9005999565124512,
        0.920699954032898
    ],
    "epoch_losses": [
        1.5130208333333333,
        1.3971354166666667,
        1.2623697916666667,
        1.1966145833333333,
        1.2291666666666667,
        1.1360677083333333,
        1.1282552083333333,
        1.0494791666666667,
        1.0032552083333333,
        0.9641927083333334
    ]
}