{
    "opt": {
        "train_epochs": 9.9,
        "batch_size": 1536,
        "lr": 17.25,
        "momentum": 0.85,
        "weight_decay": 0.0153,
        "bias_scaler": 64.0,
        "label_smoothing": 0.2,
        "whiten_bias_epochs": 3
    },
    "aug": {
        "flip": true,
        "translate": 2
    },
    "net": {
        "widths": {
            "block1": 64,
            "block2": 256,
            "block3": 256
        },
        "batchnorm_momentum": 0.6,
        "scaling_factor": 0.1111111111111111,
        "tta_level": 2
    },
    "random_seed": 99,
    "git_commit_hash": "85402c5c6fafc553256ddda6a38a5e86792e3fed",
    "elapsed_wclock_time": 3.7242235214710235,
    "final acc": 0.9268999695777893,
    "last batch loss": 0.982421875,
    "epoch_val_accs": [
        0.5934000015258789,
        0.4229999780654907,
        0.503600001335144,
        0.7091999650001526,
        0.7497999668121338,
        0.8355000019073486,
        0.7742999792098999,
        0.8833999633789062,
        0.905299961566925,
        0.9228999614715576
    ],
    "epoch_losses": [
        1.5013020833333333,
        1.4010416666666667,
        1.2623697916666667,
        1.2682291666666667,
        1.1842447916666667,
        1.1412760416666667,
        1.134765625,
        1.0481770833333333,
        1.0169270833333333,
        0.982421875
    ]
}