{
    "opt": {
        "train_epochs": 9.9,
        "batch_size": 1536,
        "lr": 17.25,
        "momentum": 0.85,
        "weight_decay": 0.0153,
        "bias_scaler": 64.0,
        "label_smoothing": 0.2,
        "whiten_bias_epochs": 3
    },
    "aug": {
        "flip": true,
        "translate": 2
    },
    "net": {
        "widths": {
            "block1": 64,
            "block2": 256,
            "block3": 256
        },
        "batchnorm_momentum": 0.6,
        "scaling_factor": 0.1111111111111111,
        "tta_level": 2
    },
    "random_seed": 99,
    "git_commit_hash": "85402c5c6fafc553256ddda6a38a5e86792e3fed",
    "elapsed_wclock_time": 3.639056449651719,
    "final acc": 0.9304999709129333,
    "last batch loss": 0.9720052083333334,
    "epoch_val_accs": [
        0.4610999822616577,
        0.646399974822998,
        0.7270999550819397,
        0.7657999992370605,
        0.7369999885559082,
        0.7698000073432922,
        0.8416000008583069,
        0.8898999691009521,
        0.9027999639511108,
        0.923799991607666
    ],
    "epoch_losses": [
        1.5182291666666667,
        1.33203125,
        1.283203125,
        1.2395833333333333,
        1.2233072916666667,
        1.1334635416666667,
        1.0852864583333333,
        1.0384114583333333,
        1.021484375,
        0.9720052083333334
    ]
}