{
    "opt": {
        "train_epochs": 9.9,
        "batch_size": 1536,
        "lr": 17.25,
        "momentum": 0.85,
        "weight_decay": 0.0153,
        "bias_scaler": 64.0,
        "label_smoothing": 0.2,
        "whiten_bias_epochs": 3
    },
    "aug": {
        "flip": true,
        "translate": 2
    },
    "net": {
        "widths": {
            "block1": 64,
            "block2": 256,
            "block3": 256
        },
        "batchnorm_momentum": 0.6,
        "scaling_factor": 0.1111111111111111,
        "tta_level": 2
    },
    "random_seed": 99,
    "git_commit_hash": "85402c5c6fafc553256ddda6a38a5e86792e3fed",
    "elapsed_wclock_time": 3.7249185955524444,
    "final acc": 0.9294999837875366,
    "last batch loss": 0.9700520833333334,
    "epoch_val_accs": [
        0.6572999954223633,
        0.3522999882698059,
        0.6884999871253967,
        0.6545999646186829,
        0.8116999864578247,
        0.7775999903678894,
        0.8393999934196472,
        0.8863999843597412,
        0.9035999774932861,
        0.9190999865531921
    ],
    "epoch_losses": [
        1.53515625,
        1.3984375,
        1.2727864583333333,
        1.205078125,
        1.212890625,
        1.1302083333333333,
        1.095703125,
        1.0455729166666667,
        1.0110677083333333,
        0.9700520833333334
    ]
}