{
    "opt": {
        "train_epochs": 9.9,
        "batch_size": 1536,
        "lr": 17.25,
        "momentum": 0.85,
        "weight_decay": 0.0153,
        "bias_scaler": 64.0,
        "label_smoothing": 0.2,
        "whiten_bias_epochs": 3
    },
    "aug": {
        "flip": true,
        "translate": 2
    },
    "net": {
        "widths": {
            "block1": 64,
            "block2": 256,
            "block3": 256
        },
        "batchnorm_momentum": 0.6,
        "scaling_factor": 0.1111111111111111,
        "tta_level": 2
    },
    "random_seed": 99,
    "git_commit_hash": "85402c5c6fafc553256ddda6a38a5e86792e3fed",
    "elapsed_wclock_time": 3.6962570793628693,
    "final acc": 0.9297999739646912,
    "last batch loss": 0.970703125,
    "epoch_val_accs": [
        0.5582999587059021,
        0.5139999985694885,
        0.6116999983787537,
        0.7710999846458435,
        0.6360999941825867,
        0.8127999901771545,
        0.8246999979019165,
        0.8740999698638916,
        0.9004999995231628,
        0.9243999719619751
    ],
    "epoch_losses": [
        1.4869791666666667,
        1.4309895833333333,
        1.2682291666666667,
        1.2265625,
        1.2395833333333333,
        1.1080729166666667,
        1.09765625,
        1.0481770833333333,
        1.0110677083333333,
        0.970703125
    ]
}