{
    "opt": {
        "train_epochs": 9.9,
        "batch_size": 1536,
        "lr": 17.25,
        "momentum": 0.85,
        "weight_decay": 0.0153,
        "bias_scaler": 64.0,
        "label_smoothing": 0.2,
        "whiten_bias_epochs": 3
    },
    "aug": {
        "flip": true,
        "translate": 2
    },
    "net": {
        "widths": {
            "block1": 64,
            "block2": 256,
            "block3": 256
        },
        "batchnorm_momentum": 0.6,
        "scaling_factor": 0.1111111111111111,
        "tta_level": 2
    },
    "random_seed": 99,
    "git_commit_hash": "85402c5c6fafc553256ddda6a38a5e86792e3fed",
    "elapsed_wclock_time": 3.7094806072711943,
    "final acc": 0.9307999610900879,
    "last batch loss": 0.9798177083333334,
    "epoch_val_accs": [
        0.6200999617576599,
        0.6019999980926514,
        0.5837999582290649,
        0.6974999904632568,
        0.7978000044822693,
        0.7080999612808228,
        0.8222999572753906,
        0.8871999979019165,
        0.8949999809265137,
        0.9212999939918518
    ],
    "epoch_losses": [
        1.51171875,
        1.3893229166666667,
        1.2721354166666667,
        1.2415364583333333,
        1.1673177083333333,
        1.1569010416666667,
        1.0970052083333333,
        1.0384114583333333,
        1.01171875,
        0.9798177083333334
    ]
}