{
    "opt": {
        "train_epochs": 9.9,
        "batch_size": 1536,
        "lr": 17.25,
        "momentum": 0.85,
        "weight_decay": 0.0153,
        "bias_scaler": 64.0,
        "label_smoothing": 0.2,
        "whiten_bias_epochs": 3
    },
    "aug": {
        "flip": true,
        "translate": 2
    },
    "net": {
        "widths": {
            "block1": 64,
            "block2": 256,
            "block3": 256
        },
        "batchnorm_momentum": 0.6,
        "scaling_factor": 0.1111111111111111,
        "tta_level": 2
    },
    "random_seed": 99,
    "git_commit_hash": "85402c5c6fafc553256ddda6a38a5e86792e3fed",
    "elapsed_wclock_time": 3.6629811630249023,
    "final acc": 0.9284999966621399,
    "last batch loss": 0.9720052083333334,
    "epoch_val_accs": [
        0.4926999807357788,
        0.6141999959945679,
        0.6423999667167664,
        0.7197999954223633,
        0.7610999941825867,
        0.7730000019073486,
        0.8486999869346619,
        0.8952999711036682,
        0.8967999815940857,
        0.920699954032898
    ],
    "epoch_losses": [
        1.4908854166666667,
        1.3763020833333333,
        1.294921875,
        1.2291666666666667,
        1.1907552083333333,
        1.1282552083333333,
        1.0963541666666667,
        1.0403645833333333,
        1.0227864583333333,
        0.9720052083333334
    ]
}