{
    "opt": {
        "train_epochs": 9.9,
        "batch_size": 1536,
        "lr": 17.25,
        "momentum": 0.85,
        "weight_decay": 0.0153,
        "bias_scaler": 64.0,
        "label_smoothing": 0.2,
        "whiten_bias_epochs": 3
    },
    "aug": {
        "flip": true,
        "translate": 2
    },
    "net": {
        "widths": {
            "block1": 64,
            "block2": 256,
            "block3": 256
        },
        "batchnorm_momentum": 0.6,
        "scaling_factor": 0.1111111111111111,
        "tta_level": 2
    },
    "random_seed": 99,
    "git_commit_hash": "85402c5c6fafc553256ddda6a38a5e86792e3fed",
    "elapsed_wclock_time": 3.607282533884048,
    "final acc": 0.9299999475479126,
    "last batch loss": 0.970703125,
    "epoch_val_accs": [
        0.5960999727249146,
        0.6326000094413757,
        0.6775000095367432,
        0.7287999987602234,
        0.7227999567985535,
        0.7328999638557434,
        0.8303999900817871,
        0.8806999921798706,
        0.9079999923706055,
        0.9208999872207642
    ],
    "epoch_losses": [
        1.5052083333333333,
        1.3209635416666667,
        1.2799479166666667,
        1.203125,
        1.2096354166666667,
        1.1256510416666667,
        1.125,
        1.0266927083333333,
        1.01171875,
        0.970703125
    ]
}