{
    "opt": {
        "train_epochs": 9.9,
        "batch_size": 1536,
        "lr": 17.25,
        "momentum": 0.85,
        "weight_decay": 0.0153,
        "bias_scaler": 64.0,
        "label_smoothing": 0.2,
        "whiten_bias_epochs": 3
    },
    "aug": {
        "flip": true,
        "translate": 2
    },
    "net": {
        "widths": {
            "block1": 64,
            "block2": 256,
            "block3": 256
        },
        "batchnorm_momentum": 0.6,
        "scaling_factor": 0.1111111111111111,
        "tta_level": 2
    },
    "random_seed": 99,
    "git_commit_hash": "85402c5c6fafc553256ddda6a38a5e86792e3fed",
    "elapsed_wclock_time": 3.697514141082763,
    "final acc": 0.9296000003814697,
    "last batch loss": 0.9700520833333334,
    "epoch_val_accs": [
        0.6038999557495117,
        0.3709000051021576,
        0.7146999835968018,
        0.7277999520301819,
        0.8041999936103821,
        0.8015999794006348,
        0.8125,
        0.887499988079071,
        0.9013999700546265,
        0.9221999645233154
    ],
    "epoch_losses": [
        1.5338541666666667,
        1.375,
        1.2864583333333333,
        1.2291666666666667,
        1.1842447916666667,
        1.1028645833333333,
        1.109375,
        1.0436197916666667,
        1.0227864583333333,
        0.9700520833333334
    ]
}