{
    "opt": {
        "train_epochs": 9.9,
        "batch_size": 1536,
        "lr": 17.25,
        "momentum": 0.85,
        "weight_decay": 0.0153,
        "bias_scaler": 64.0,
        "label_smoothing": 0.2,
        "whiten_bias_epochs": 3
    },
    "aug": {
        "flip": true,
        "translate": 2
    },
    "net": {
        "widths": {
            "block1": 64,
            "block2": 256,
            "block3": 256
        },
        "batchnorm_momentum": 0.6,
        "scaling_factor": 0.1111111111111111,
        "tta_level": 2
    },
    "random_seed": 99,
    "git_commit_hash": "85402c5c6fafc553256ddda6a38a5e86792e3fed",
    "elapsed_wclock_time": 3.6920460028648376,
    "final acc": 0.9289000034332275,
    "last batch loss": 0.9765625,
    "epoch_val_accs": [
        0.599299967288971,
        0.6679999828338623,
        0.529699981212616,
        0.7078999876976013,
        0.776199996471405,
        0.8183000087738037,
        0.745199978351593,
        0.8913999795913696,
        0.9080999493598938,
        0.9197999835014343
    ],
    "epoch_losses": [
        1.4973958333333333,
        1.515625,
        1.326171875,
        1.2506510416666667,
        1.1959635416666667,
        1.1276041666666667,
        1.11328125,
        1.0546875,
        1.033203125,
        0.9765625
    ]
}