{
    "opt": {
        "train_epochs": 9.9,
        "batch_size": 1536,
        "lr": 17.25,
        "momentum": 0.85,
        "weight_decay": 0.0153,
        "bias_scaler": 64.0,
        "label_smoothing": 0.2,
        "whiten_bias_epochs": 3
    },
    "aug": {
        "flip": true,
        "translate": 2
    },
    "net": {
        "widths": {
            "block1": 64,
            "block2": 256,
            "block3": 256
        },
        "batchnorm_momentum": 0.6,
        "scaling_factor": 0.1111111111111111,
        "tta_level": 2
    },
    "random_seed": 99,
    "git_commit_hash": "85402c5c6fafc553256ddda6a38a5e86792e3fed",
    "elapsed_wclock_time": 3.6419635205268865,
    "final acc": 0.9280999898910522,
    "last batch loss": 0.9772135416666666,
    "epoch_val_accs": [
        0.5503999590873718,
        0.5442999601364136,
        0.7445999979972839,
        0.6894999742507935,
        0.7746999859809875,
        0.8129000067710876,
        0.8450999855995178,
        0.8769999742507935,
        0.8755999803543091,
        0.9223999977111816
    ],
    "epoch_losses": [
        1.5364583333333333,
        1.3971354166666667,
        1.2649739583333333,
        1.2467447916666667,
        1.208984375,
        1.1106770833333333,
        1.0891927083333333,
        1.0423177083333333,
        1.0247395833333333,
        0.9772135416666666
    ]
}