{
    "opt": {
        "train_epochs": 9.9,
        "batch_size": 1536,
        "lr": 17.25,
        "momentum": 0.85,
        "weight_decay": 0.0153,
        "bias_scaler": 64.0,
        "label_smoothing": 0.2,
        "whiten_bias_epochs": 3
    },
    "aug": {
        "flip": true,
        "translate": 2
    },
    "net": {
        "widths": {
            "block1": 64,
            "block2": 256,
            "block3": 256
        },
        "batchnorm_momentum": 0.6,
        "scaling_factor": 0.1111111111111111,
        "tta_level": 2
    },
    "random_seed": 99,
    "git_commit_hash": "85402c5c6fafc553256ddda6a38a5e86792e3fed",
    "elapsed_wclock_time": 3.726295303344727,
    "final acc": 0.9276999831199646,
    "last batch loss": 0.9791666666666666,
    "epoch_val_accs": [
        0.5485000014305115,
        0.552899956703186,
        0.6399999856948853,
        0.5769999623298645,
        0.7098000049591064,
        0.7303999662399292,
        0.8305999636650085,
        0.8848999738693237,
        0.9006999731063843,
        0.9186999797821045
    ],
    "epoch_losses": [
        1.50390625,
        1.3424479166666667,
        1.2727864583333333,
        1.2272135416666667,
        1.2337239583333333,
        1.1490885416666667,
        1.1178385416666667,
        1.0611979166666667,
        1.0188802083333333,
        0.9791666666666666
    ]
}