{
    "opt": {
        "train_epochs": 9.9,
        "batch_size": 1536,
        "lr": 17.25,
        "momentum": 0.85,
        "weight_decay": 0.0153,
        "bias_scaler": 64.0,
        "label_smoothing": 0.2,
        "whiten_bias_epochs": 3
    },
    "aug": {
        "flip": true,
        "translate": 2
    },
    "net": {
        "widths": {
            "block1": 64,
            "block2": 256,
            "block3": 256
        },
        "batchnorm_momentum": 0.6,
        "scaling_factor": 0.1111111111111111,
        "tta_level": 2
    },
    "random_seed": 99,
    "git_commit_hash": "85402c5c6fafc553256ddda6a38a5e86792e3fed",
    "elapsed_wclock_time": 3.6320410108566294,
    "final acc": 0.9302999973297119,
    "last batch loss": 0.9654947916666666,
    "epoch_val_accs": [
        0.5943999886512756,
        0.6658999919891357,
        0.748699963092804,
        0.6821999549865723,
        0.7820999622344971,
        0.70169997215271,
        0.7915999889373779,
        0.8923999667167664,
        0.9111999869346619,
        0.9215999841690063
    ],
    "epoch_losses": [
        1.5,
        1.3528645833333333,
        1.2513020833333333,
        1.2298177083333333,
        1.1946614583333333,
        1.134765625,
        1.1009114583333333,
        1.03515625,
        1.015625,
        0.9654947916666666
    ]
}