{
    "opt": {
        "train_epochs": 9.9,
        "batch_size": 1536,
        "lr": 17.25,
        "momentum": 0.85,
        "weight_decay": 0.0153,
        "bias_scaler": 64.0,
        "label_smoothing": 0.2,
        "whiten_bias_epochs": 3
    },
    "aug": {
        "flip": true,
        "translate": 2
    },
    "net": {
        "widths": {
            "block1": 64,
            "block2": 256,
            "block3": 256
        },
        "batchnorm_momentum": 0.6,
        "scaling_factor": 0.1111111111111111,
        "tta_level": 2
    },
    "random_seed": 99,
    "git_commit_hash": "85402c5c6fafc553256ddda6a38a5e86792e3fed",
    "elapsed_wclock_time": 3.6372872407436367,
    "final acc": 0.9296999573707581,
    "last batch loss": 0.96484375,
    "epoch_val_accs": [
        0.5884000062942505,
        0.6360999941825867,
        0.5805999636650085,
        0.7135999798774719,
        0.7835999727249146,
        0.8007000088691711,
        0.8251000046730042,
        0.8880999684333801,
        0.9041000008583069,
        0.9208999872207642
    ],
    "epoch_losses": [
        1.5,
        1.3697916666666667,
        1.3235677083333333,
        1.2109375,
        1.1640625,
        1.1484375,
        1.1087239583333333,
        1.0266927083333333,
        1.005859375,
        0.96484375
    ]
}