{
    "opt": {
        "train_epochs": 9.9,
        "batch_size": 1536,
        "lr": 17.25,
        "momentum": 0.85,
        "weight_decay": 0.0153,
        "bias_scaler": 64.0,
        "label_smoothing": 0.2,
        "whiten_bias_epochs": 3
    },
    "aug": {
        "flip": true,
        "translate": 2
    },
    "net": {
        "widths": {
            "block1": 64,
            "block2": 256,
            "block3": 256
        },
        "batchnorm_momentum": 0.6,
        "scaling_factor": 0.1111111111111111,
        "tta_level": 2
    },
    "random_seed": 99,
    "git_commit_hash": "85402c5c6fafc553256ddda6a38a5e86792e3fed",
    "elapsed_wclock_time": 3.7216907689571386,
    "final acc": 0.9307000041007996,
    "last batch loss": 0.9791666666666666,
    "epoch_val_accs": [
        0.6353999972343445,
        0.6918999552726746,
        0.6740999817848206,
        0.6736999750137329,
        0.7813000082969666,
        0.7937999963760376,
        0.8282999992370605,
        0.8443999886512756,
        0.9060999751091003,
        0.920799970626831
    ],
    "epoch_losses": [
        1.4973958333333333,
        1.375,
        1.2734375,
        1.232421875,
        1.2057291666666667,
        1.1256510416666667,
        1.0813802083333333,
        1.048828125,
        1.0149739583333333,
        0.9791666666666666
    ]
}