{
    "opt": {
        "train_epochs": 9.9,
        "batch_size": 1536,
        "lr": 17.25,
        "momentum": 0.85,
        "weight_decay": 0.0153,
        "bias_scaler": 64.0,
        "label_smoothing": 0.2,
        "whiten_bias_epochs": 3
    },
    "aug": {
        "flip": true,
        "translate": 2
    },
    "net": {
        "widths": {
            "block1": 64,
            "block2": 256,
            "block3": 256
        },
        "batchnorm_momentum": 0.6,
        "scaling_factor": 0.1111111111111111,
        "tta_level": 2
    },
    "random_seed": 99,
    "git_commit_hash": "85402c5c6fafc553256ddda6a38a5e86792e3fed",
    "elapsed_wclock_time": 3.693817644357681,
    "final acc": 0.9284999966621399,
    "last batch loss": 0.9772135416666666,
    "epoch_val_accs": [
        0.5317999720573425,
        0.6825999617576599,
        0.4827999770641327,
        0.7235999703407288,
        0.8384999632835388,
        0.8230999708175659,
        0.7892999649047852,
        0.858199954032898,
        0.9019999504089355,
        0.9217000007629395
    ],
    "epoch_losses": [
        1.5052083333333333,
        1.3736979166666667,
        1.3170572916666667,
        1.2389322916666667,
        1.1985677083333333,
        1.1555989583333333,
        1.119140625,
        1.0638020833333333,
        1.0182291666666667,
        0.9772135416666666
    ]
}