{
    "opt": {
        "train_epochs": 9.9,
        "batch_size": 1536,
        "lr": 17.25,
        "momentum": 0.85,
        "weight_decay": 0.0153,
        "bias_scaler": 64.0,
        "label_smoothing": 0.2,
        "whiten_bias_epochs": 3
    },
    "aug": {
        "flip": true,
        "translate": 2
    },
    "net": {
        "widths": {
            "block1": 64,
            "block2": 256,
            "block3": 256
        },
        "batchnorm_momentum": 0.6,
        "scaling_factor": 0.1111111111111111,
        "tta_level": 2
    },
    "random_seed": 99,
    "git_commit_hash": "85402c5c6fafc553256ddda6a38a5e86792e3fed",
    "elapsed_wclock_time": 3.7120278518199923,
    "final acc": 0.9311999678611755,
    "last batch loss": 0.9778645833333334,
    "epoch_val_accs": [
        0.6304999589920044,
        0.5019999742507935,
        0.7114999890327454,
        0.7777000069618225,
        0.7113999724388123,
        0.8068999648094177,
        0.8554999828338623,
        0.8930000066757202,
        0.902899980545044,
        0.9223999977111816
    ],
    "epoch_losses": [
        1.5208333333333333,
        1.39453125,
        1.2721354166666667,
        1.2174479166666667,
        1.1803385416666667,
        1.1256510416666667,
        1.0885416666666667,
        1.0358072916666667,
        1.0104166666666667,
        0.9778645833333334
    ]
}