{
    "opt": {
        "train_epochs": 9.9,
        "batch_size": 1536,
        "lr": 17.25,
        "momentum": 0.85,
        "weight_decay": 0.0153,
        "bias_scaler": 64.0,
        "label_smoothing": 0.2,
        "whiten_bias_epochs": 3
    },
    "aug": {
        "flip": true,
        "translate": 2
    },
    "net": {
        "widths": {
            "block1": 64,
            "block2": 256,
            "block3": 256
        },
        "batchnorm_momentum": 0.6,
        "scaling_factor": 0.1111111111111111,
        "tta_level": 2
    },
    "random_seed": 99,
    "git_commit_hash": "85402c5c6fafc553256ddda6a38a5e86792e3fed",
    "elapsed_wclock_time": 3.6732909684181214,
    "final acc": 0.9281999468803406,
    "last batch loss": 0.9733072916666666,
    "epoch_val_accs": [
        0.5521000027656555,
        0.5845999717712402,
        0.6096999645233154,
        0.5985000133514404,
        0.7322999835014343,
        0.8267999887466431,
        0.8149999976158142,
        0.8977999687194824,
        0.8982999920845032,
        0.9205999970436096
    ],
    "epoch_losses": [
        1.4869791666666667,
        1.34765625,
        1.3248697916666667,
        1.2584635416666667,
        1.1770833333333333,
        1.1178385416666667,
        1.1015625,
        1.0403645833333333,
        1.0052083333333333,
        0.9733072916666666
    ]
}