{
    "opt": {
        "train_epochs": 9.9,
        "batch_size": 1536,
        "lr": 17.25,
        "momentum": 0.85,
        "weight_decay": 0.0153,
        "bias_scaler": 64.0,
        "label_smoothing": 0.2,
        "whiten_bias_epochs": 3
    },
    "aug": {
        "flip": true,
        "translate": 2
    },
    "net": {
        "widths": {
            "block1": 64,
            "block2": 256,
            "block3": 256
        },
        "batchnorm_momentum": 0.6,
        "scaling_factor": 0.1111111111111111,
        "tta_level": 2
    },
    "random_seed": 99,
    "git_commit_hash": "85402c5c6fafc553256ddda6a38a5e86792e3fed",
    "elapsed_wclock_time": 3.6894511005878448,
    "final acc": 0.9292999505996704,
    "last batch loss": 0.9765625,
    "epoch_val_accs": [
        0.5798999667167664,
        0.5615999698638916,
        0.5684999823570251,
        0.6390999555587769,
        0.6822999715805054,
        0.8071999549865723,
        0.8095999956130981,
        0.8870999813079834,
        0.9124999642372131,
        0.9238999485969543
    ],
    "epoch_losses": [
        1.5234375,
        1.3450520833333333,
        1.3229166666666667,
        1.248046875,
        1.2447916666666667,
        1.1100260416666667,
        1.1067708333333333,
        1.0299479166666667,
        1.0149739583333333,
        0.9765625
    ]
}