{
    "opt": {
        "train_epochs": 9.9,
        "batch_size": 1536,
        "lr": 17.25,
        "momentum": 0.85,
        "weight_decay": 0.0153,
        "bias_scaler": 64.0,
        "label_smoothing": 0.2,
        "whiten_bias_epochs": 3
    },
    "aug": {
        "flip": true,
        "translate": 2
    },
    "net": {
        "widths": {
            "block1": 64,
            "block2": 256,
            "block3": 256
        },
        "batchnorm_momentum": 0.6,
        "scaling_factor": 0.1111111111111111,
        "tta_level": 2
    },
    "random_seed": 99,
    "git_commit_hash": "85402c5c6fafc553256ddda6a38a5e86792e3fed",
    "elapsed_wclock_time": 3.6064894192218784,
    "final acc": 0.9302999973297119,
    "last batch loss": 0.9772135416666666,
    "epoch_val_accs": [
        0.6274999976158142,
        0.2800000011920929,
        0.5054000020027161,
        0.6269999742507935,
        0.6834999918937683,
        0.7831000089645386,
        0.7737999558448792,
        0.8905999660491943,
        0.9070000052452087,
        0.921999990940094
    ],
    "epoch_losses": [
        1.5234375,
        1.4388020833333333,
        1.30078125,
        1.3079427083333333,
        1.20703125,
        1.1477864583333333,
        1.1315104166666667,
        1.0475260416666667,
        1.013671875,
        0.9772135416666666
    ]
}