{
    "opt": {
        "train_epochs": 9.9,
        "batch_size": 1536,
        "lr": 17.25,
        "momentum": 0.85,
        "weight_decay": 0.0153,
        "bias_scaler": 64.0,
        "label_smoothing": 0.2,
        "whiten_bias_epochs": 3
    },
    "aug": {
        "flip": true,
        "translate": 2
    },
    "net": {
        "widths": {
            "block1": 64,
            "block2": 256,
            "block3": 256
        },
        "batchnorm_momentum": 0.6,
        "scaling_factor": 0.1111111111111111,
        "tta_level": 2
    },
    "random_seed": 99,
    "git_commit_hash": "85402c5c6fafc553256ddda6a38a5e86792e3fed",
    "elapsed_wclock_time": 3.61113536810875,
    "final acc": 0.9316999912261963,
    "last batch loss": 0.9635416666666666,
    "epoch_val_accs": [
        0.5855000019073486,
        0.5515999794006348,
        0.6295999884605408,
        0.7680000066757202,
        0.5985000133514404,
        0.7858999967575073,
        0.8513000011444092,
        0.8877999782562256,
        0.9023000001907349,
        0.9212999939918518
    ],
    "epoch_losses": [
        1.5377604166666667,
        1.294921875,
        1.2356770833333333,
        1.2200520833333333,
        1.1985677083333333,
        1.1399739583333333,
        1.0930989583333333,
        1.0462239583333333,
        1.025390625,
        0.9635416666666666
    ]
}