{
    "opt": {
        "train_epochs": 9.9,
        "batch_size": 1536,
        "lr": 17.25,
        "momentum": 0.85,
        "weight_decay": 0.0153,
        "bias_scaler": 64.0,
        "label_smoothing": 0.2,
        "whiten_bias_epochs": 3
    },
    "aug": {
        "flip": true,
        "translate": 2
    },
    "net": {
        "widths": {
            "block1": 64,
            "block2": 256,
            "block3": 256
        },
        "batchnorm_momentum": 0.6,
        "scaling_factor": 0.1111111111111111,
        "tta_level": 2
    },
    "random_seed": 99,
    "git_commit_hash": "85402c5c6fafc553256ddda6a38a5e86792e3fed",
    "elapsed_wclock_time": 3.697704921960831,
    "final acc": 0.9294999837875366,
    "last batch loss": 0.9609375,
    "epoch_val_accs": [
        0.5236999988555908,
        0.6222999691963196,
        0.7261999845504761,
        0.6312999725341797,
        0.7670999765396118,
        0.7015999555587769,
        0.8220999836921692,
        0.8923999667167664,
        0.9012999534606934,
        0.9218999743461609
    ],
    "epoch_losses": [
        1.5533854166666667,
        1.3671875,
        1.3098958333333333,
        1.2532552083333333,
        1.189453125,
        1.134765625,
        1.1015625,
        1.0201822916666667,
        1.0045572916666667,
        0.9609375
    ]
}