{
    "opt": {
        "train_epochs": 9.9,
        "batch_size": 1536,
        "lr": 17.25,
        "momentum": 0.85,
        "weight_decay": 0.0153,
        "bias_scaler": 64.0,
        "label_smoothing": 0.2,
        "whiten_bias_epochs": 3
    },
    "aug": {
        "flip": true,
        "translate": 2
    },
    "net": {
        "widths": {
            "block1": 64,
            "block2": 256,
            "block3": 256
        },
        "batchnorm_momentum": 0.6,
        "scaling_factor": 0.1111111111111111,
        "tta_level": 2
    },
    "random_seed": 99,
    "git_commit_hash": "85402c5c6fafc553256ddda6a38a5e86792e3fed",
    "elapsed_wclock_time": 3.638553627967834,
    "final acc": 0.9294999837875366,
    "last batch loss": 0.9856770833333334,
    "epoch_val_accs": [
        0.6412999629974365,
        0.4794999957084656,
        0.7218999862670898,
        0.677899956703186,
        0.7014999985694885,
        0.8303999900817871,
        0.8233999609947205,
        0.8858999609947205,
        0.8984999656677246,
        0.9220999479293823
    ],
    "epoch_losses": [
        1.4739583333333333,
        1.4479166666666667,
        1.283203125,
        1.25,
        1.2037760416666667,
        1.1341145833333333,
        1.1002604166666667,
        1.05078125,
        1.0247395833333333,
        0.9856770833333334
    ]
}