{
    "opt": {
        "train_epochs": 9.9,
        "batch_size": 1536,
        "lr": 17.25,
        "momentum": 0.85,
        "weight_decay": 0.0153,
        "bias_scaler": 64.0,
        "label_smoothing": 0.2,
        "whiten_bias_epochs": 3
    },
    "aug": {
        "flip": true,
        "translate": 2
    },
    "net": {
        "widths": {
            "block1": 64,
            "block2": 256,
            "block3": 256
        },
        "batchnorm_momentum": 0.6,
        "scaling_factor": 0.1111111111111111,
        "tta_level": 2
    },
    "random_seed": 99,
    "git_commit_hash": "85402c5c6fafc553256ddda6a38a5e86792e3fed",
    "elapsed_wclock_time": 3.729642420053482,
    "final acc": 0.9289000034332275,
    "last batch loss": 0.97265625,
    "epoch_val_accs": [
        0.6179999709129333,
        0.4196999967098236,
        0.7287999987602234,
        0.7181999683380127,
        0.7716999650001526,
        0.8441999554634094,
        0.8068999648094177,
        0.8710999488830566,
        0.8938999772071838,
        0.9187999963760376
    ],
    "epoch_losses": [
        1.5143229166666667,
        1.375,
        1.3359375,
        1.2506510416666667,
        1.1985677083333333,
        1.140625,
        1.0826822916666667,
        1.0403645833333333,
        1.021484375,
        0.97265625
    ]
}