{
    "opt": {
        "train_epochs": 9.9,
        "batch_size": 1536,
        "lr": 17.25,
        "momentum": 0.85,
        "weight_decay": 0.0153,
        "bias_scaler": 64.0,
        "label_smoothing": 0.2,
        "whiten_bias_epochs": 3
    },
    "aug": {
        "flip": true,
        "translate": 2
    },
    "net": {
        "widths": {
            "block1": 64,
            "block2": 256,
            "block3": 256
        },
        "batchnorm_momentum": 0.6,
        "scaling_factor": 0.1111111111111111,
        "tta_level": 2
    },
    "random_seed": 99,
    "git_commit_hash": "85402c5c6fafc553256ddda6a38a5e86792e3fed",
    "elapsed_wclock_time": 3.6064190301895147,
    "final acc": 0.9259999990463257,
    "last batch loss": 0.9661458333333334,
    "epoch_val_accs": [
        0.6096999645233154,
        0.5024999976158142,
        0.6765999794006348,
        0.7717999815940857,
        0.7601000070571899,
        0.8089999556541443,
        0.8070999979972839,
        0.8840999603271484,
        0.905299961566925,
        0.9212999939918518
    ],
    "epoch_losses": [
        1.5859375,
        1.3268229166666667,
        1.2526041666666667,
        1.1927083333333333,
        1.1751302083333333,
        1.1334635416666667,
        1.0983072916666667,
        1.0338541666666667,
        1.0104166666666667,
        0.9661458333333334
    ]
}