{
    "opt": {
        "train_epochs": 9.9,
        "batch_size": 1536,
        "lr": 17.25,
        "momentum": 0.85,
        "weight_decay": 0.0153,
        "bias_scaler": 64.0,
        "label_smoothing": 0.2,
        "whiten_bias_epochs": 3
    },
    "aug": {
        "flip": true,
        "translate": 2
    },
    "net": {
        "widths": {
            "block1": 64,
            "block2": 256,
            "block3": 256
        },
        "batchnorm_momentum": 0.6,
        "scaling_factor": 0.1111111111111111,
        "tta_level": 2
    },
    "random_seed": 99,
    "git_commit_hash": "85402c5c6fafc553256ddda6a38a5e86792e3fed",
    "elapsed_wclock_time": 3.6898957250118256,
    "final acc": 0.9304999709129333,
    "last batch loss": 0.9544270833333334,
    "epoch_val_accs": [
        0.635699987411499,
        0.6845999956130981,
        0.6100999712944031,
        0.5884000062942505,
        0.8066999912261963,
        0.8382999897003174,
        0.8396999835968018,
        0.8830999732017517,
        0.9099999666213989,
        0.9251999855041504
    ],
    "epoch_losses": [
        1.4518229166666667,
        1.33984375,
        1.3346354166666667,
        1.25,
        1.197265625,
        1.126953125,
        1.095703125,
        1.0234375,
        1.0104166666666667,
        0.9544270833333334
    ]
}