{
    "opt": {
        "train_epochs": 9.9,
        "batch_size": 1536,
        "lr": 17.25,
        "momentum": 0.85,
        "weight_decay": 0.0153,
        "bias_scaler": 64.0,
        "label_smoothing": 0.2,
        "whiten_bias_epochs": 3
    },
    "aug": {
        "flip": true,
        "translate": 2
    },
    "net": {
        "widths": {
            "block1": 64,
            "block2": 256,
            "block3": 256
        },
        "batchnorm_momentum": 0.6,
        "scaling_factor": 0.1111111111111111,
        "tta_level": 2
    },
    "random_seed": 99,
    "git_commit_hash": "85402c5c6fafc553256ddda6a38a5e86792e3fed",
    "elapsed_wclock_time": 3.724710050582886,
    "final acc": 0.9283999800682068,
    "last batch loss": 0.978515625,
    "epoch_val_accs": [
        0.6354999542236328,
        0.5024999976158142,
        0.7001000046730042,
        0.7267999649047852,
        0.8276000022888184,
        0.7907999753952026,
        0.8226999640464783,
        0.8810999989509583,
        0.9025999903678894,
        0.9202999472618103
    ],
    "epoch_losses": [
        1.4739583333333333,
        1.3958333333333333,
        1.2858072916666667,
        1.2194010416666667,
        1.169921875,
        1.150390625,
        1.08203125,
        1.0436197916666667,
        1.0071614583333333,
        0.978515625
    ]
}