{
    "opt": {
        "train_epochs": 9.9,
        "batch_size": 1536,
        "lr": 17.25,
        "momentum": 0.85,
        "weight_decay": 0.0153,
        "bias_scaler": 64.0,
        "label_smoothing": 0.2,
        "whiten_bias_epochs": 3
    },
    "aug": {
        "flip": true,
        "translate": 2
    },
    "net": {
        "widths": {
            "block1": 64,
            "block2": 256,
            "block3": 256
        },
        "batchnorm_momentum": 0.6,
        "scaling_factor": 0.1111111111111111,
        "tta_level": 2
    },
    "random_seed": 99,
    "git_commit_hash": "85402c5c6fafc553256ddda6a38a5e86792e3fed",
    "elapsed_wclock_time": 18.20300872802735,
    "final acc": 0.9291999936103821,
    "last batch loss": 0.96875,
    "epoch_val_accs": [
        0.6381999850273132,
        0.6978999972343445,
        0.4456999897956848,
        0.45909997820854187,
        0.7895999550819397,
        0.7110999822616577,
        0.8208999633789062,
        0.8984999656677246,
        0.8967999815940857,
        0.920799970626831
    ],
    "epoch_losses": [
        1.4830729166666667,
        1.3229166666666667,
        1.2786458333333333,
        1.2604166666666667,
        1.1510416666666667,
        1.1217447916666667,
        1.1061197916666667,
        1.041015625,
        1.009765625,
        0.96875
    ]
}