{
    "opt": {
        "train_epochs": 9.9,
        "batch_size": 1536,
        "lr": 17.25,
        "momentum": 0.85,
        "weight_decay": 0.0153,
        "bias_scaler": 64.0,
        "label_smoothing": 0.2,
        "whiten_bias_epochs": 3
    },
    "aug": {
        "flip": true,
        "translate": 2
    },
    "net": {
        "widths": {
            "block1": 64,
            "block2": 256,
            "block3": 256
        },
        "batchnorm_momentum": 0.6,
        "scaling_factor": 0.1111111111111111,
        "tta_level": 2
    },
    "random_seed": 99,
    "git_commit_hash": "85402c5c6fafc553256ddda6a38a5e86792e3fed",
    "elapsed_wclock_time": 3.7242677495479586,
    "final acc": 0.9262999892234802,
    "last batch loss": 0.9778645833333334,
    "epoch_val_accs": [
        0.5924000144004822,
        0.5715999603271484,
        0.7211999893188477,
        0.7282999753952026,
        0.7287999987602234,
        0.8235999941825867,
        0.8429999947547913,
        0.8781999945640564,
        0.9057999849319458,
        0.9190999865531921
    ],
    "epoch_losses": [
        1.484375,
        1.5169270833333333,
        1.2740885416666667,
        1.2890625,
        1.1920572916666667,
        1.1419270833333333,
        1.1106770833333333,
        1.044921875,
        1.0084635416666667,
        0.9778645833333334
    ]
}