{
    "opt": {
        "train_epochs": 9.9,
        "batch_size": 1536,
        "lr": 17.25,
        "momentum": 0.85,
        "weight_decay": 0.0153,
        "bias_scaler": 64.0,
        "label_smoothing": 0.2,
        "whiten_bias_epochs": 3
    },
    "aug": {
        "flip": true,
        "translate": 2
    },
    "net": {
        "widths": {
            "block1": 64,
            "block2": 256,
            "block3": 256
        },
        "batchnorm_momentum": 0.6,
        "scaling_factor": 0.1111111111111111,
        "tta_level": 2
    },
    "random_seed": 99,
    "git_commit_hash": "85402c5c6fafc553256ddda6a38a5e86792e3fed",
    "elapsed_wclock_time": 3.7203849582672124,
    "final acc": 0.9292999505996704,
    "last batch loss": 0.9752604166666666,
    "epoch_val_accs": [
        0.5175999999046326,
        0.44749999046325684,
        0.6602999567985535,
        0.5782999992370605,
        0.8080999851226807,
        0.7145999670028687,
        0.8283999562263489,
        0.8890999555587769,
        0.8988999724388123,
        0.9218999743461609
    ],
    "epoch_losses": [
        1.52734375,
        1.40625,
        1.2506510416666667,
        1.2233072916666667,
        1.1927083333333333,
        1.140625,
        1.111328125,
        1.0234375,
        0.998046875,
        0.9752604166666666
    ]
}