{
    "opt": {
        "train_epochs": 9.9,
        "batch_size": 1536,
        "lr": 17.25,
        "momentum": 0.85,
        "weight_decay": 0.0153,
        "bias_scaler": 64.0,
        "label_smoothing": 0.2,
        "whiten_bias_epochs": 3
    },
    "aug": {
        "flip": true,
        "translate": 2
    },
    "net": {
        "widths": {
            "block1": 64,
            "block2": 256,
            "block3": 256
        },
        "batchnorm_momentum": 0.6,
        "scaling_factor": 0.1111111111111111,
        "tta_level": 2
    },
    "random_seed": 99,
    "git_commit_hash": "85402c5c6fafc553256ddda6a38a5e86792e3fed",
    "elapsed_wclock_time": 3.694458635568618,
    "final acc": 0.930899977684021,
    "last batch loss": 0.9739583333333334,
    "epoch_val_accs": [
        0.5393999814987183,
        0.6916999816894531,
        0.6572999954223633,
        0.6467999815940857,
        0.7824999690055847,
        0.7983999848365784,
        0.8482999801635742,
        0.8898999691009521,
        0.9065999984741211,
        0.9222999811172485
    ],
    "epoch_losses": [
        1.5572916666666667,
        1.3697916666666667,
        1.2545572916666667,
        1.2584635416666667,
        1.1920572916666667,
        1.1360677083333333,
        1.078125,
        1.048828125,
        1.009765625,
        0.9739583333333334
    ]
}