{
    "opt": {
        "train_epochs": 9.9,
        "batch_size": 1536,
        "lr": 17.25,
        "momentum": 0.85,
        "weight_decay": 0.0153,
        "bias_scaler": 64.0,
        "label_smoothing": 0.2,
        "whiten_bias_epochs": 3
    },
    "aug": {
        "flip": true,
        "translate": 2
    },
    "net": {
        "widths": {
            "block1": 64,
            "block2": 256,
            "block3": 256
        },
        "batchnorm_momentum": 0.6,
        "scaling_factor": 0.1111111111111111,
        "tta_level": 2
    },
    "random_seed": 99,
    "git_commit_hash": "85402c5c6fafc553256ddda6a38a5e86792e3fed",
    "elapsed_wclock_time": 3.69101100063324,
    "final acc": 0.9301999807357788,
    "last batch loss": 0.9720052083333334,
    "epoch_val_accs": [
        0.5762999653816223,
        0.22010000050067902,
        0.579800009727478,
        0.7410999536514282,
        0.75409996509552,
        0.8223999738693237,
        0.773099958896637,
        0.8822999596595764,
        0.8912000060081482,
        0.9243999719619751
    ],
    "epoch_losses": [
        1.5403645833333333,
        1.4622395833333333,
        1.3098958333333333,
        1.220703125,
        1.2330729166666667,
        1.1217447916666667,
        1.1145833333333333,
        1.0416666666666667,
        1.0319010416666667,
        0.9720052083333334
    ]
}