{
    "opt": {
        "train_epochs": 9.9,
        "batch_size": 1536,
        "lr": 17.25,
        "momentum": 0.85,
        "weight_decay": 0.0153,
        "bias_scaler": 64.0,
        "label_smoothing": 0.2,
        "whiten_bias_epochs": 3
    },
    "aug": {
        "flip": true,
        "translate": 2
    },
    "net": {
        "widths": {
            "block1": 64,
            "block2": 256,
            "block3": 256
        },
        "batchnorm_momentum": 0.6,
        "scaling_factor": 0.1111111111111111,
        "tta_level": 2
    },
    "random_seed": 99,
    "git_commit_hash": "85402c5c6fafc553256ddda6a38a5e86792e3fed",
    "elapsed_wclock_time": 3.722664298295975,
    "final acc": 0.9293999671936035,
    "last batch loss": 0.9680989583333334,
    "epoch_val_accs": [
        0.6385999917984009,
        0.48429998755455017,
        0.7295999526977539,
        0.6947999596595764,
        0.6881999969482422,
        0.7902999520301819,
        0.8616999983787537,
        0.8819999694824219,
        0.9090999960899353,
        0.9222999811172485
    ],
    "epoch_losses": [
        1.48828125,
        1.46875,
        1.26953125,
        1.2434895833333333,
        1.2233072916666667,
        1.1282552083333333,
        1.109375,
        1.04296875,
        1.013671875,
        0.9680989583333334
    ]
}