{
    "opt": {
        "train_epochs": 9.9,
        "batch_size": 1536,
        "lr": 17.25,
        "momentum": 0.85,
        "weight_decay": 0.0153,
        "bias_scaler": 64.0,
        "label_smoothing": 0.2,
        "whiten_bias_epochs": 3
    },
    "aug": {
        "flip": true,
        "translate": 2
    },
    "net": {
        "widths": {
            "block1": 64,
            "block2": 256,
            "block3": 256
        },
        "batchnorm_momentum": 0.6,
        "scaling_factor": 0.1111111111111111,
        "tta_level": 2
    },
    "random_seed": 99,
    "git_commit_hash": "85402c5c6fafc553256ddda6a38a5e86792e3fed",
    "elapsed_wclock_time": 3.725352421045303,
    "final acc": 0.9293999671936035,
    "last batch loss": 0.96875,
    "epoch_val_accs": [
        0.43359997868537903,
        0.6025999784469604,
        0.6103999614715576,
        0.7188999652862549,
        0.7648999691009521,
        0.8082999587059021,
        0.7459999918937683,
        0.8524999618530273,
        0.9062999486923218,
        0.9226999878883362
    ],
    "epoch_losses": [
        1.6119791666666667,
        1.390625,
        1.3463541666666667,
        1.1998697916666667,
        1.2135416666666667,
        1.1321614583333333,
        1.1119791666666667,
        1.0286458333333333,
        1.01171875,
        0.96875
    ]
}