{
    "opt": {
        "train_epochs": 9.9,
        "batch_size": 1536,
        "lr": 17.25,
        "momentum": 0.85,
        "weight_decay": 0.0153,
        "bias_scaler": 64.0,
        "label_smoothing": 0.2,
        "whiten_bias_epochs": 3
    },
    "aug": {
        "flip": true,
        "translate": 2
    },
    "net": {
        "widths": {
            "block1": 64,
            "block2": 256,
            "block3": 256
        },
        "batchnorm_momentum": 0.6,
        "scaling_factor": 0.1111111111111111,
        "tta_level": 2
    },
    "random_seed": 99,
    "git_commit_hash": "85402c5c6fafc553256ddda6a38a5e86792e3fed",
    "elapsed_wclock_time": 3.690242746829986,
    "final acc": 0.9271999597549438,
    "last batch loss": 0.9765625,
    "epoch_val_accs": [
        0.6311999559402466,
        0.7127999663352966,
        0.6352999806404114,
        0.7353999614715576,
        0.7021999955177307,
        0.745199978351593,
        0.7726999521255493,
        0.8906999826431274,
        0.9056999683380127,
        0.9202999472618103
    ],
    "epoch_losses": [
        1.4713541666666667,
        1.3619791666666667,
        1.3046875,
        1.30078125,
        1.18359375,
        1.1380208333333333,
        1.103515625,
        1.0494791666666667,
        1.0169270833333333,
        0.9765625
    ]
}