{
    "opt": {
        "train_epochs": 9.9,
        "batch_size": 1536,
        "lr": 17.25,
        "momentum": 0.85,
        "weight_decay": 0.0153,
        "bias_scaler": 64.0,
        "label_smoothing": 0.2,
        "whiten_bias_epochs": 3
    },
    "aug": {
        "flip": true,
        "translate": 2
    },
    "net": {
        "widths": {
            "block1": 64,
            "block2": 256,
            "block3": 256
        },
        "batchnorm_momentum": 0.6,
        "scaling_factor": 0.1111111111111111,
        "tta_level": 2
    },
    "random_seed": 99,
    "git_commit_hash": "85402c5c6fafc553256ddda6a38a5e86792e3fed",
    "elapsed_wclock_time": 3.726126762390137,
    "final acc": 0.9297999739646912,
    "last batch loss": 0.9895833333333334,
    "epoch_val_accs": [
        0.6305999755859375,
        0.5625999569892883,
        0.7658999562263489,
        0.661300003528595,
        0.7805999517440796,
        0.8238999843597412,
        0.7997999787330627,
        0.8705999851226807,
        0.8906999826431274,
        0.9192999601364136
    ],
    "epoch_losses": [
        1.5533854166666667,
        1.3424479166666667,
        1.2506510416666667,
        1.2220052083333333,
        1.1920572916666667,
        1.1321614583333333,
        1.1184895833333333,
        1.044921875,
        1.009765625,
        0.9895833333333334
    ]
}