{
    "opt": {
        "train_epochs": 9.9,
        "batch_size": 1536,
        "lr": 17.25,
        "momentum": 0.85,
        "weight_decay": 0.0153,
        "bias_scaler": 64.0,
        "label_smoothing": 0.2,
        "whiten_bias_epochs": 3
    },
    "aug": {
        "flip": true,
        "translate": 2
    },
    "net": {
        "widths": {
            "block1": 64,
            "block2": 256,
            "block3": 256
        },
        "batchnorm_momentum": 0.6,
        "scaling_factor": 0.1111111111111111,
        "tta_level": 2
    },
    "random_seed": 99,
    "git_commit_hash": "85402c5c6fafc553256ddda6a38a5e86792e3fed",
    "elapsed_wclock_time": 3.6396202549934387,
    "final acc": 0.9305999875068665,
    "last batch loss": 0.96875,
    "epoch_val_accs": [
        0.6502999663352966,
        0.3353999853134155,
        0.7094999551773071,
        0.7023999691009521,
        0.7955999970436096,
        0.7943999767303467,
        0.8520999550819397,
        0.8757999539375305,
        0.9045999646186829,
        0.9229999780654907
    ],
    "epoch_losses": [
        1.5013020833333333,
        1.4635416666666667,
        1.2994791666666667,
        1.2096354166666667,
        1.1946614583333333,
        1.1360677083333333,
        1.115234375,
        1.0475260416666667,
        1.0071614583333333,
        0.96875
    ]
}