{
    "opt": {
        "train_epochs": 9.9,
        "batch_size": 1536,
        "lr": 17.25,
        "momentum": 0.85,
        "weight_decay": 0.0153,
        "bias_scaler": 64.0,
        "label_smoothing": 0.2,
        "whiten_bias_epochs": 3
    },
    "aug": {
        "flip": true,
        "translate": 2
    },
    "net": {
        "widths": {
            "block1": 64,
            "block2": 256,
            "block3": 256
        },
        "batchnorm_momentum": 0.6,
        "scaling_factor": 0.1111111111111111,
        "tta_level": 2
    },
    "random_seed": 99,
    "git_commit_hash": "85402c5c6fafc553256ddda6a38a5e86792e3fed",
    "elapsed_wclock_time": 3.610390612125397,
    "final acc": 0.9291999936103821,
    "last batch loss": 0.9986979166666666,
    "epoch_val_accs": [
        0.6485999822616577,
        0.6019999980926514,
        0.7640999555587769,
        0.6132999658584595,
        0.8245999813079834,
        0.7881999611854553,
        0.8535999655723572,
        0.8877999782562256,
        0.9041000008583069,
        0.9231999516487122
    ],
    "epoch_losses": [
        1.5338541666666667,
        1.3606770833333333,
        1.24609375,
        1.2083333333333333,
        1.197265625,
        1.1334635416666667,
        1.0885416666666667,
        1.0436197916666667,
        1.0071614583333333,
        0.9986979166666666
    ]
}