{
    "opt": {
        "train_epochs": 9.9,
        "batch_size": 1536,
        "lr": 17.25,
        "momentum": 0.85,
        "weight_decay": 0.0153,
        "bias_scaler": 64.0,
        "label_smoothing": 0.2,
        "whiten_bias_epochs": 3
    },
    "aug": {
        "flip": true,
        "translate": 2
    },
    "net": {
        "widths": {
            "block1": 64,
            "block2": 256,
            "block3": 256
        },
        "batchnorm_momentum": 0.6,
        "scaling_factor": 0.1111111111111111,
        "tta_level": 2
    },
    "random_seed": 99,
    "git_commit_hash": "85402c5c6fafc553256ddda6a38a5e86792e3fed",
    "elapsed_wclock_time": 3.679843941688538,
    "final acc": 0.9327999949455261,
    "last batch loss": 0.98046875,
    "epoch_val_accs": [
        0.5320999622344971,
        0.4052000045776367,
        0.6873999834060669,
        0.6161999702453613,
        0.7688999772071838,
        0.7732999920845032,
        0.847000002861023,
        0.8578000068664551,
        0.899399995803833,
        0.9238999485969543
    ],
    "epoch_losses": [
        1.4908854166666667,
        1.4973958333333333,
        1.2884114583333333,
        1.2623697916666667,
        1.1705729166666667,
        1.1419270833333333,
        1.103515625,
        1.044921875,
        1.0110677083333333,
        0.98046875
    ]
}