{
    "opt": {
        "train_epochs": 9.9,
        "batch_size": 1536,
        "lr": 17.25,
        "momentum": 0.85,
        "weight_decay": 0.0153,
        "bias_scaler": 64.0,
        "label_smoothing": 0.2,
        "whiten_bias_epochs": 3
    },
    "aug": {
        "flip": true,
        "translate": 2
    },
    "net": {
        "widths": {
            "block1": 64,
            "block2": 256,
            "block3": 256
        },
        "batchnorm_momentum": 0.6,
        "scaling_factor": 0.1111111111111111,
        "tta_level": 2
    },
    "random_seed": 99,
    "git_commit_hash": "85402c5c6fafc553256ddda6a38a5e86792e3fed",
    "elapsed_wclock_time": 3.689311720609665,
    "final acc": 0.9310999512672424,
    "last batch loss": 0.9772135416666666,
    "epoch_val_accs": [
        0.5792999863624573,
        0.5220999717712402,
        0.5910999774932861,
        0.6905999779701233,
        0.7005999684333801,
        0.8267999887466431,
        0.865399956703186,
        0.8495999574661255,
        0.9091999530792236,
        0.9217000007629395
    ],
    "epoch_losses": [
        1.5377604166666667,
        1.3815104166666667,
        1.267578125,
        1.2180989583333333,
        1.1979166666666667,
        1.140625,
        1.10546875,
        1.0501302083333333,
        1.0143229166666667,
        0.9772135416666666
    ]
}