{
    "opt": {
        "train_epochs": 9.9,
        "batch_size": 1536,
        "lr": 17.25,
        "momentum": 0.85,
        "weight_decay": 0.0153,
        "bias_scaler": 64.0,
        "label_smoothing": 0.2,
        "whiten_bias_epochs": 3
    },
    "aug": {
        "flip": true,
        "translate": 2
    },
    "net": {
        "widths": {
            "block1": 64,
            "block2": 256,
            "block3": 256
        },
        "batchnorm_momentum": 0.6,
        "scaling_factor": 0.1111111111111111,
        "tta_level": 2
    },
    "random_seed": 99,
    "git_commit_hash": "85402c5c6fafc553256ddda6a38a5e86792e3fed",
    "elapsed_wclock_time": 3.6961970269680027,
    "final acc": 0.9287999868392944,
    "last batch loss": 0.98046875,
    "epoch_val_accs": [
        0.609499990940094,
        0.4624999761581421,
        0.5687999725341797,
        0.5866999626159668,
        0.7635999917984009,
        0.8391000032424927,
        0.8145999908447266,
        0.8819999694824219,
        0.9019999504089355,
        0.920699954032898
    ],
    "epoch_losses": [
        1.5481770833333333,
        1.3287760416666667,
        1.3040364583333333,
        1.2102864583333333,
        1.197265625,
        1.1282552083333333,
        1.0989583333333333,
        1.0533854166666667,
        1.0065104166666667,
        0.98046875
    ]
}