{
    "opt": {
        "train_epochs": 9.9,
        "batch_size": 1536,
        "lr": 17.25,
        "momentum": 0.85,
        "weight_decay": 0.0153,
        "bias_scaler": 64.0,
        "label_smoothing": 0.2,
        "whiten_bias_epochs": 3
    },
    "aug": {
        "flip": true,
        "translate": 2
    },
    "net": {
        "widths": {
            "block1": 64,
            "block2": 256,
            "block3": 256
        },
        "batchnorm_momentum": 0.6,
        "scaling_factor": 0.1111111111111111,
        "tta_level": 2
    },
    "random_seed": 99,
    "git_commit_hash": "85402c5c6fafc553256ddda6a38a5e86792e3fed",
    "elapsed_wclock_time": 3.7228932676315303,
    "final acc": 0.9307000041007996,
    "last batch loss": 0.9680989583333334,
    "epoch_val_accs": [
        0.5801999568939209,
        0.5012999773025513,
        0.6941999793052673,
        0.5001999735832214,
        0.7877999544143677,
        0.8235999941825867,
        0.8465999960899353,
        0.8589999675750732,
        0.8976999521255493,
        0.9226999878883362
    ],
    "epoch_losses": [
        1.58984375,
        1.3658854166666667,
        1.2545572916666667,
        1.3079427083333333,
        1.1888020833333333,
        1.1380208333333333,
        1.109375,
        1.04296875,
        1.005859375,
        0.9680989583333334
    ]
}