{
    "opt": {
        "train_epochs": 9.9,
        "batch_size": 1536,
        "lr": 17.25,
        "momentum": 0.85,
        "weight_decay": 0.0153,
        "bias_scaler": 64.0,
        "label_smoothing": 0.2,
        "whiten_bias_epochs": 3
    },
    "aug": {
        "flip": true,
        "translate": 2
    },
    "net": {
        "widths": {
            "block1": 64,
            "block2": 256,
            "block3": 256
        },
        "batchnorm_momentum": 0.6,
        "scaling_factor": 0.1111111111111111,
        "tta_level": 2
    },
    "random_seed": 99,
    "git_commit_hash": "85402c5c6fafc553256ddda6a38a5e86792e3fed",
    "elapsed_wclock_time": 3.6908167898654938,
    "final acc": 0.9296000003814697,
    "last batch loss": 0.9759114583333334,
    "epoch_val_accs": [
        0.44919997453689575,
        0.5123999714851379,
        0.4642999768257141,
        0.6744999885559082,
        0.7835999727249146,
        0.8330000042915344,
        0.8331999778747559,
        0.865399956703186,
        0.88919997215271,
        0.9220999479293823
    ],
    "epoch_losses": [
        1.5299479166666667,
        1.4010416666666667,
        1.2923177083333333,
        1.2141927083333333,
        1.216796875,
        1.1184895833333333,
        1.1009114583333333,
        1.0299479166666667,
        1.017578125,
        0.9759114583333334
    ]
}