{
    "opt": {
        "train_epochs": 9.9,
        "batch_size": 1536,
        "lr": 17.25,
        "momentum": 0.85,
        "weight_decay": 0.0153,
        "bias_scaler": 64.0,
        "label_smoothing": 0.2,
        "whiten_bias_epochs": 3
    },
    "aug": {
        "flip": true,
        "translate": 2
    },
    "net": {
        "widths": {
            "block1": 64,
            "block2": 256,
            "block3": 256
        },
        "batchnorm_momentum": 0.6,
        "scaling_factor": 0.1111111111111111,
        "tta_level": 2
    },
    "random_seed": 99,
    "git_commit_hash": "85402c5c6fafc553256ddda6a38a5e86792e3fed",
    "elapsed_wclock_time": 3.6396017243862158,
    "final acc": 0.9276999831199646,
    "last batch loss": 0.9817708333333334,
    "epoch_val_accs": [
        0.4578000009059906,
        0.5249999761581421,
        0.5726000070571899,
        0.616599977016449,
        0.724299967288971,
        0.8222999572753906,
        0.8377999663352966,
        0.8877999782562256,
        0.9044999480247498,
        0.9195999503135681
    ],
    "epoch_losses": [
        1.56640625,
        1.3346354166666667,
        1.3014322916666667,
        1.3170572916666667,
        1.2102864583333333,
        1.1393229166666667,
        1.1022135416666667,
        1.0436197916666667,
        1.017578125,
        0.9817708333333334
    ]
}