{
    "opt": {
        "train_epochs": 9.9,
        "batch_size": 1536,
        "lr": 17.25,
        "momentum": 0.85,
        "weight_decay": 0.0153,
        "bias_scaler": 64.0,
        "label_smoothing": 0.2,
        "whiten_bias_epochs": 3
    },
    "aug": {
        "flip": true,
        "translate": 2
    },
    "net": {
        "widths": {
            "block1": 64,
            "block2": 256,
            "block3": 256
        },
        "batchnorm_momentum": 0.6,
        "scaling_factor": 0.1111111111111111,
        "tta_level": 2
    },
    "random_seed": 99,
    "git_commit_hash": "85402c5c6fafc553256ddda6a38a5e86792e3fed",
    "elapsed_wclock_time": 3.6947791368961336,
    "final acc": 0.9286999702453613,
    "last batch loss": 0.9798177083333334,
    "epoch_val_accs": [
        0.5828999876976013,
        0.6816999912261963,
        0.6434999704360962,
        0.7480999827384949,
        0.786899983882904,
        0.8416999578475952,
        0.8367999792098999,
        0.8718999624252319,
        0.90829998254776,
        0.9211999773979187
    ],
    "epoch_losses": [
        1.48046875,
        1.3841145833333333,
        1.294921875,
        1.224609375,
        1.16796875,
        1.1360677083333333,
        1.107421875,
        1.0358072916666667,
        1.0110677083333333,
        0.9798177083333334
    ]
}