{
    "opt": {
        "train_epochs": 9.9,
        "batch_size": 1536,
        "lr": 17.25,
        "momentum": 0.85,
        "weight_decay": 0.0153,
        "bias_scaler": 64.0,
        "label_smoothing": 0.2,
        "whiten_bias_epochs": 3
    },
    "aug": {
        "flip": true,
        "translate": 2
    },
    "net": {
        "widths": {
            "block1": 64,
            "block2": 256,
            "block3": 256
        },
        "batchnorm_momentum": 0.6,
        "scaling_factor": 0.1111111111111111,
        "tta_level": 2
    },
    "random_seed": 99,
    "git_commit_hash": "85402c5c6fafc553256ddda6a38a5e86792e3fed",
    "elapsed_wclock_time": 3.687088932275772,
    "final acc": 0.9293999671936035,
    "last batch loss": 0.9811197916666666,
    "epoch_val_accs": [
        0.6638999581336975,
        0.5421000123023987,
        0.6905999779701233,
        0.6642000079154968,
        0.7357999682426453,
        0.7895999550819397,
        0.833299994468689,
        0.9013999700546265,
        0.902899980545044,
        0.920199990272522
    ],
    "epoch_losses": [
        1.4427083333333333,
        1.4309895833333333,
        1.3151041666666667,
        1.2766927083333333,
        1.1868489583333333,
        1.1302083333333333,
        1.1139322916666667,
        1.04296875,
        0.9973958333333334,
        0.9811197916666666
    ]
}