{
    "opt": {
        "train_epochs": 9.9,
        "batch_size": 1536,
        "lr": 17.25,
        "momentum": 0.85,
        "weight_decay": 0.0153,
        "bias_scaler": 64.0,
        "label_smoothing": 0.2,
        "whiten_bias_epochs": 3
    },
    "aug": {
        "flip": true,
        "translate": 2
    },
    "net": {
        "widths": {
            "block1": 64,
            "block2": 256,
            "block3": 256
        },
        "batchnorm_momentum": 0.6,
        "scaling_factor": 0.1111111111111111,
        "tta_level": 2
    },
    "random_seed": 99,
    "git_commit_hash": "85402c5c6fafc553256ddda6a38a5e86792e3fed",
    "elapsed_wclock_time": 3.7234985222816475,
    "final acc": 0.9316999912261963,
    "last batch loss": 0.96484375,
    "epoch_val_accs": [
        0.5587999820709229,
        0.24089999496936798,
        0.7163999676704407,
        0.7633999586105347,
        0.7067999839782715,
        0.8378999829292297,
        0.8032000064849854,
        0.8842999935150146,
        0.9062999486923218,
        0.9230999946594238
    ],
    "epoch_losses": [
        1.4817708333333333,
        1.35546875,
        1.302734375,
        1.2278645833333333,
        1.1783854166666667,
        1.10546875,
        1.1041666666666667,
        1.05078125,
        1.0130208333333333,
        0.96484375
    ]
}