{
    "opt": {
        "train_epochs": 9.9,
        "batch_size": 1536,
        "lr": 17.25,
        "momentum": 0.85,
        "weight_decay": 0.0153,
        "bias_scaler": 64.0,
        "label_smoothing": 0.2,
        "whiten_bias_epochs": 3
    },
    "aug": {
        "flip": true,
        "translate": 2
    },
    "net": {
        "widths": {
            "block1": 64,
            "block2": 256,
            "block3": 256
        },
        "batchnorm_momentum": 0.6,
        "scaling_factor": 0.1111111111111111,
        "tta_level": 2
    },
    "random_seed": 99,
    "git_commit_hash": "85402c5c6fafc553256ddda6a38a5e86792e3fed",
    "elapsed_wclock_time": 3.700351513147354,
    "final acc": 0.9280999898910522,
    "last batch loss": 0.9772135416666666,
    "epoch_val_accs": [
        0.6072999835014343,
        0.5559999942779541,
        0.7493999600410461,
        0.7392999529838562,
        0.7599999904632568,
        0.7340999841690063,
        0.8102999925613403,
        0.8905999660491943,
        0.8995999693870544,
        0.9220999479293823
    ],
    "epoch_losses": [
        1.51171875,
        1.3671875,
        1.27734375,
        1.2903645833333333,
        1.181640625,
        1.1412760416666667,
        1.1106770833333333,
        1.0397135416666667,
        1.01171875,
        0.9772135416666666
    ]
}