{
    "opt": {
        "train_epochs": 9.9,
        "batch_size": 1536,
        "lr": 17.25,
        "momentum": 0.85,
        "weight_decay": 0.0153,
        "bias_scaler": 64.0,
        "label_smoothing": 0.2,
        "whiten_bias_epochs": 3
    },
    "aug": {
        "flip": true,
        "translate": 2
    },
    "net": {
        "widths": {
            "block1": 64,
            "block2": 256,
            "block3": 256
        },
        "batchnorm_momentum": 0.6,
        "scaling_factor": 0.1111111111111111,
        "tta_level": 2
    },
    "random_seed": 99,
    "git_commit_hash": "85402c5c6fafc553256ddda6a38a5e86792e3fed",
    "elapsed_wclock_time": 3.723646390676498,
    "final acc": 0.9300999641418457,
    "last batch loss": 0.9778645833333334,
    "epoch_val_accs": [
        0.6159999966621399,
        0.5848000049591064,
        0.6651999950408936,
        0.7277999520301819,
        0.7831000089645386,
        0.8003999590873718,
        0.8226000070571899,
        0.8603999614715576,
        0.899399995803833,
        0.9236999750137329
    ],
    "epoch_losses": [
        1.5390625,
        1.3385416666666667,
        1.29296875,
        1.2278645833333333,
        1.1712239583333333,
        1.1380208333333333,
        1.09765625,
        1.046875,
        1.0169270833333333,
        0.9778645833333334
    ]
}