{
    "opt": {
        "train_epochs": 9.9,
        "batch_size": 1536,
        "lr": 17.25,
        "momentum": 0.85,
        "weight_decay": 0.0153,
        "bias_scaler": 64.0,
        "label_smoothing": 0.2,
        "whiten_bias_epochs": 3
    },
    "aug": {
        "flip": true,
        "translate": 2
    },
    "net": {
        "widths": {
            "block1": 64,
            "block2": 256,
            "block3": 256
        },
        "batchnorm_momentum": 0.6,
        "scaling_factor": 0.1111111111111111,
        "tta_level": 2
    },
    "random_seed": 99,
    "git_commit_hash": "85402c5c6fafc553256ddda6a38a5e86792e3fed",
    "elapsed_wclock_time": 3.693262679338455,
    "final acc": 0.9283999800682068,
    "last batch loss": 0.9720052083333334,
    "epoch_val_accs": [
        0.5468999743461609,
        0.3155999779701233,
        0.6887999773025513,
        0.7304999828338623,
        0.7186999917030334,
        0.7484999895095825,
        0.8539999723434448,
        0.8907999992370605,
        0.9043999910354614,
        0.9212999939918518
    ],
    "epoch_losses": [
        1.5208333333333333,
        1.4283854166666667,
        1.294921875,
        1.2604166666666667,
        1.2317708333333333,
        1.1393229166666667,
        1.1028645833333333,
        1.048828125,
        1.005859375,
        0.9720052083333334
    ]
}