{
    "opt": {
        "train_epochs": 9.9,
        "batch_size": 1536,
        "lr": 17.25,
        "momentum": 0.85,
        "weight_decay": 0.0153,
        "bias_scaler": 64.0,
        "label_smoothing": 0.2,
        "whiten_bias_epochs": 3
    },
    "aug": {
        "flip": true,
        "translate": 2
    },
    "net": {
        "widths": {
            "block1": 64,
            "block2": 256,
            "block3": 256
        },
        "batchnorm_momentum": 0.6,
        "scaling_factor": 0.1111111111111111,
        "tta_level": 2
    },
    "random_seed": 99,
    "git_commit_hash": "85402c5c6fafc553256ddda6a38a5e86792e3fed",
    "elapsed_wclock_time": 3.7253325700759885,
    "final acc": 0.9286999702453613,
    "last batch loss": 0.97265625,
    "epoch_val_accs": [
        0.5564999580383301,
        0.3382999897003174,
        0.651699960231781,
        0.5284000039100647,
        0.7687999606132507,
        0.7940999865531921,
        0.817799985408783,
        0.8693999648094177,
        0.9017999768257141,
        0.9199999570846558
    ],
    "epoch_losses": [
        1.4947916666666667,
        1.3723958333333333,
        1.2649739583333333,
        1.244140625,
        1.21875,
        1.1419270833333333,
        1.1041666666666667,
        1.0377604166666667,
        1.0149739583333333,
        0.97265625
    ]
}