{
    "opt": {
        "train_epochs": 9.9,
        "batch_size": 1536,
        "lr": 17.25,
        "momentum": 0.85,
        "weight_decay": 0.0153,
        "bias_scaler": 64.0,
        "label_smoothing": 0.2,
        "whiten_bias_epochs": 3
    },
    "aug": {
        "flip": true,
        "translate": 2
    },
    "net": {
        "widths": {
            "block1": 64,
            "block2": 256,
            "block3": 256
        },
        "batchnorm_momentum": 0.6,
        "scaling_factor": 0.1111111111111111,
        "tta_level": 2
    },
    "random_seed": 99,
    "git_commit_hash": "85402c5c6fafc553256ddda6a38a5e86792e3fed",
    "elapsed_wclock_time": 3.730319671630859,
    "final acc": 0.9287999868392944,
    "last batch loss": 0.9889322916666666,
    "epoch_val_accs": [
        0.6535999774932861,
        0.5112999677658081,
        0.7102999687194824,
        0.7001000046730042,
        0.7818999886512756,
        0.6890999674797058,
        0.8143999576568604,
        0.8973000049591064,
        0.9050999879837036,
        0.9210000038146973
    ],
    "epoch_losses": [
        1.4934895833333333,
        1.3971354166666667,
        1.25390625,
        1.298828125,
        1.205078125,
        1.14453125,
        1.1041666666666667,
        1.0416666666666667,
        1.0201822916666667,
        0.9889322916666666
    ]
}