{
    "opt": {
        "train_epochs": 9.9,
        "batch_size": 1536,
        "lr": 17.25,
        "momentum": 0.85,
        "weight_decay": 0.0153,
        "bias_scaler": 64.0,
        "label_smoothing": 0.2,
        "whiten_bias_epochs": 3
    },
    "aug": {
        "flip": true,
        "translate": 2
    },
    "net": {
        "widths": {
            "block1": 64,
            "block2": 256,
            "block3": 256
        },
        "batchnorm_momentum": 0.6,
        "scaling_factor": 0.1111111111111111,
        "tta_level": 2
    },
    "random_seed": 99,
    "git_commit_hash": "85402c5c6fafc553256ddda6a38a5e86792e3fed",
    "elapsed_wclock_time": 3.6928090393543243,
    "final acc": 0.9312999844551086,
    "last batch loss": 0.9654947916666666,
    "epoch_val_accs": [
        0.6234999895095825,
        0.6238999962806702,
        0.6708999872207642,
        0.6962999701499939,
        0.72079998254776,
        0.8517999649047852,
        0.8654999732971191,
        0.8807999491691589,
        0.9027999639511108,
        0.920799970626831
    ],
    "epoch_losses": [
        1.4700520833333333,
        1.3385416666666667,
        1.2721354166666667,
        1.228515625,
        1.1901041666666667,
        1.142578125,
        1.1126302083333333,
        1.0305989583333333,
        1.001953125,
        0.9654947916666666
    ]
}