{
    "opt": {
        "train_epochs": 9.9,
        "batch_size": 1536,
        "lr": 17.25,
        "momentum": 0.85,
        "weight_decay": 0.0153,
        "bias_scaler": 64.0,
        "label_smoothing": 0.2,
        "whiten_bias_epochs": 3
    },
    "aug": {
        "flip": true,
        "translate": 2
    },
    "net": {
        "widths": {
            "block1": 64,
            "block2": 256,
            "block3": 256
        },
        "batchnorm_momentum": 0.6,
        "scaling_factor": 0.1111111111111111,
        "tta_level": 2
    },
    "random_seed": 99,
    "git_commit_hash": "85402c5c6fafc553256ddda6a38a5e86792e3fed",
    "elapsed_wclock_time": 3.7297336502075193,
    "final acc": 0.9311999678611755,
    "last batch loss": 0.970703125,
    "epoch_val_accs": [
        0.5724999904632568,
        0.40609997510910034,
        0.6721000075340271,
        0.6299999952316284,
        0.7231999635696411,
        0.8335999846458435,
        0.8140999674797058,
        0.8804000020027161,
        0.9067999720573425,
        0.9217999577522278
    ],
    "epoch_losses": [
        1.4947916666666667,
        1.4791666666666667,
        1.275390625,
        1.2044270833333333,
        1.2259114583333333,
        1.1256510416666667,
        1.1197916666666667,
        1.0364583333333333,
        1.0110677083333333,
        0.970703125
    ]
}