{
    "opt": {
        "train_epochs": 9.9,
        "batch_size": 1536,
        "lr": 17.25,
        "momentum": 0.85,
        "weight_decay": 0.0153,
        "bias_scaler": 64.0,
        "label_smoothing": 0.2,
        "whiten_bias_epochs": 3
    },
    "aug": {
        "flip": true,
        "translate": 2
    },
    "net": {
        "widths": {
            "block1": 64,
            "block2": 256,
            "block3": 256
        },
        "batchnorm_momentum": 0.6,
        "scaling_factor": 0.1111111111111111,
        "tta_level": 2
    },
    "random_seed": 99,
    "git_commit_hash": "85402c5c6fafc553256ddda6a38a5e86792e3fed",
    "elapsed_wclock_time": 3.697747873783112,
    "final acc": 0.9335999488830566,
    "last batch loss": 0.9700520833333334,
    "epoch_val_accs": [
        0.590499997138977,
        0.6197999715805054,
        0.7077999711036682,
        0.5116999745368958,
        0.7935000061988831,
        0.788599967956543,
        0.8274999856948853,
        0.8958999514579773,
        0.9052000045776367,
        0.92249995470047
    ],
    "epoch_losses": [
        1.5208333333333333,
        1.33984375,
        1.30859375,
        1.2727864583333333,
        1.1744791666666667,
        1.1184895833333333,
        1.0885416666666667,
        1.0462239583333333,
        1.0130208333333333,
        0.9700520833333334
    ]
}