{
    "opt": {
        "train_epochs": 9.9,
        "batch_size": 1536,
        "lr": 17.25,
        "momentum": 0.85,
        "weight_decay": 0.0153,
        "bias_scaler": 64.0,
        "label_smoothing": 0.2,
        "whiten_bias_epochs": 3
    },
    "aug": {
        "flip": true,
        "translate": 2
    },
    "net": {
        "widths": {
            "block1": 64,
            "block2": 256,
            "block3": 256
        },
        "batchnorm_momentum": 0.6,
        "scaling_factor": 0.1111111111111111,
        "tta_level": 2
    },
    "random_seed": 99,
    "git_commit_hash": "85402c5c6fafc553256ddda6a38a5e86792e3fed",
    "elapsed_wclock_time": 3.6102445666790013,
    "final acc": 0.9292999505996704,
    "last batch loss": 0.96484375,
    "epoch_val_accs": [
        0.6001999974250793,
        0.6143999695777893,
        0.6038999557495117,
        0.7019999623298645,
        0.7573999762535095,
        0.8126999735832214,
        0.777899980545044,
        0.882599949836731,
        0.902999997138977,
        0.9192000031471252
    ],
    "epoch_losses": [
        1.61328125,
        1.3450520833333333,
        1.2903645833333333,
        1.2786458333333333,
        1.21484375,
        1.1334635416666667,
        1.1015625,
        1.0481770833333333,
        1.009765625,
        0.96484375
    ]
}