{
    "opt": {
        "train_epochs": 9.9,
        "batch_size": 1536,
        "lr": 17.25,
        "momentum": 0.85,
        "weight_decay": 0.0153,
        "bias_scaler": 64.0,
        "label_smoothing": 0.2,
        "whiten_bias_epochs": 3
    },
    "aug": {
        "flip": true,
        "translate": 2
    },
    "net": {
        "widths": {
            "block1": 64,
            "block2": 256,
            "block3": 256
        },
        "batchnorm_momentum": 0.6,
        "scaling_factor": 0.1111111111111111,
        "tta_level": 2
    },
    "random_seed": 99,
    "git_commit_hash": "85402c5c6fafc553256ddda6a38a5e86792e3fed",
    "elapsed_wclock_time": 3.7073292067050936,
    "final acc": 0.9302999973297119,
    "last batch loss": 0.98046875,
    "epoch_val_accs": [
        0.5521000027656555,
        0.41679999232292175,
        0.6633999943733215,
        0.7445999979972839,
        0.7897999882698059,
        0.7999999523162842,
        0.8495000004768372,
        0.8928999900817871,
        0.9041999578475952,
        0.9196999669075012
    ],
    "epoch_losses": [
        1.48046875,
        1.43359375,
        1.3079427083333333,
        1.2421875,
        1.1979166666666667,
        1.1380208333333333,
        1.1022135416666667,
        1.037109375,
        0.99609375,
        0.98046875
    ]
}