{
    "opt": {
        "train_epochs": 9.9,
        "batch_size": 1536,
        "lr": 17.25,
        "momentum": 0.85,
        "weight_decay": 0.0153,
        "bias_scaler": 64.0,
        "label_smoothing": 0.2,
        "whiten_bias_epochs": 3
    },
    "aug": {
        "flip": true,
        "translate": 2
    },
    "net": {
        "widths": {
            "block1": 64,
            "block2": 256,
            "block3": 256
        },
        "batchnorm_momentum": 0.6,
        "scaling_factor": 0.1111111111111111,
        "tta_level": 2
    },
    "random_seed": 99,
    "git_commit_hash": "85402c5c6fafc553256ddda6a38a5e86792e3fed",
    "elapsed_wclock_time": 3.69723925113678,
    "final acc": 0.9323999881744385,
    "last batch loss": 0.9791666666666666,
    "epoch_val_accs": [
        0.618399977684021,
        0.5363999605178833,
        0.6226999759674072,
        0.6784999966621399,
        0.7795000076293945,
        0.8193999528884888,
        0.824999988079071,
        0.8657999634742737,
        0.901199996471405,
        0.9211999773979187
    ],
    "epoch_losses": [
        1.5,
        1.3372395833333333,
        1.2682291666666667,
        1.2259114583333333,
        1.203125,
        1.1640625,
        1.1048177083333333,
        1.0540364583333333,
        1.0234375,
        0.9791666666666666
    ]
}