{
    "opt": {
        "train_epochs": 9.9,
        "batch_size": 1536,
        "lr": 17.25,
        "momentum": 0.85,
        "weight_decay": 0.0153,
        "bias_scaler": 64.0,
        "label_smoothing": 0.2,
        "whiten_bias_epochs": 3
    },
    "aug": {
        "flip": true,
        "translate": 2
    },
    "net": {
        "widths": {
            "block1": 64,
            "block2": 256,
            "block3": 256
        },
        "batchnorm_momentum": 0.6,
        "scaling_factor": 0.1111111111111111,
        "tta_level": 2
    },
    "random_seed": 99,
    "git_commit_hash": "85402c5c6fafc553256ddda6a38a5e86792e3fed",
    "elapsed_wclock_time": 3.694118457078934,
    "final acc": 0.9302999973297119,
    "last batch loss": 0.9713541666666666,
    "epoch_val_accs": [
        0.5613999962806702,
        0.5672000050544739,
        0.6398999691009521,
        0.602400004863739,
        0.7681999802589417,
        0.8191999793052673,
        0.8287999629974365,
        0.8671000003814697,
        0.9081999659538269,
        0.9218999743461609
    ],
    "epoch_losses": [
        1.5013020833333333,
        1.3723958333333333,
        1.2864583333333333,
        1.2942708333333333,
        1.181640625,
        1.1171875,
        1.1028645833333333,
        1.046875,
        1.0065104166666667,
        0.9713541666666666
    ]
}