{
    "opt": {
        "train_epochs": 9.9,
        "batch_size": 1536,
        "lr": 17.25,
        "momentum": 0.85,
        "weight_decay": 0.0153,
        "bias_scaler": 64.0,
        "label_smoothing": 0.2,
        "whiten_bias_epochs": 3
    },
    "aug": {
        "flip": true,
        "translate": 2
    },
    "net": {
        "widths": {
            "block1": 64,
            "block2": 256,
            "block3": 256
        },
        "batchnorm_momentum": 0.6,
        "scaling_factor": 0.1111111111111111,
        "tta_level": 2
    },
    "random_seed": 99,
    "git_commit_hash": "85402c5c6fafc553256ddda6a38a5e86792e3fed",
    "elapsed_wclock_time": 3.727368469953537,
    "final acc": 0.9317999482154846,
    "last batch loss": 0.9700520833333334,
    "epoch_val_accs": [
        0.5383999943733215,
        0.5408999919891357,
        0.5744999647140503,
        0.7404999732971191,
        0.7598999738693237,
        0.7906000018119812,
        0.7698000073432922,
        0.8944000005722046,
        0.8988999724388123,
        0.9200999736785889
    ],
    "epoch_losses": [
        1.49609375,
        1.3815104166666667,
        1.31640625,
        1.2239583333333333,
        1.2213541666666667,
        1.1458333333333333,
        1.125,
        1.0279947916666667,
        1.029296875,
        0.9700520833333334
    ]
}