{
    "opt": {
        "train_epochs": 9.9,
        "batch_size": 1536,
        "lr": 17.25,
        "momentum": 0.85,
        "weight_decay": 0.0153,
        "bias_scaler": 64.0,
        "label_smoothing": 0.2,
        "whiten_bias_epochs": 3
    },
    "aug": {
        "flip": true,
        "translate": 2
    },
    "net": {
        "widths": {
            "block1": 64,
            "block2": 256,
            "block3": 256
        },
        "batchnorm_momentum": 0.6,
        "scaling_factor": 0.1111111111111111,
        "tta_level": 2
    },
    "random_seed": 99,
    "git_commit_hash": "85402c5c6fafc553256ddda6a38a5e86792e3fed",
    "elapsed_wclock_time": 3.6046055512428286,
    "final acc": 0.9316999912261963,
    "last batch loss": 0.9759114583333334,
    "epoch_val_accs": [
        0.5755999684333801,
        0.1762000024318695,
        0.5889999866485596,
        0.70660001039505,
        0.8048999905586243,
        0.805899977684021,
        0.8610999584197998,
        0.8828999996185303,
        0.9018999934196472,
        0.921999990940094
    ],
    "epoch_losses": [
        1.5299479166666667,
        1.3854166666666667,
        1.298828125,
        1.2252604166666667,
        1.203125,
        1.1354166666666667,
        1.1341145833333333,
        1.02734375,
        1.0006510416666667,
        0.9759114583333334
    ]
}