{
    "opt": {
        "train_epochs": 9.9,
        "batch_size": 1536,
        "lr": 17.25,
        "momentum": 0.85,
        "weight_decay": 0.0153,
        "bias_scaler": 64.0,
        "label_smoothing": 0.2,
        "whiten_bias_epochs": 3
    },
    "aug": {
        "flip": true,
        "translate": 2
    },
    "net": {
        "widths": {
            "block1": 64,
            "block2": 256,
            "block3": 256
        },
        "batchnorm_momentum": 0.6,
        "scaling_factor": 0.1111111111111111,
        "tta_level": 2
    },
    "random_seed": 99,
    "git_commit_hash": "85402c5c6fafc553256ddda6a38a5e86792e3fed",
    "elapsed_wclock_time": 3.726017332792282,
    "final acc": 0.9275999665260315,
    "last batch loss": 0.9876302083333334,
    "epoch_val_accs": [
        0.5853999853134155,
        0.6212999820709229,
        0.4048999845981598,
        0.6579999923706055,
        0.7735999822616577,
        0.7615999579429626,
        0.7876999974250793,
        0.8866999745368958,
        0.9066999554634094,
        0.9214999675750732
    ],
    "epoch_losses": [
        1.5520833333333333,
        1.35546875,
        1.40234375,
        1.2330729166666667,
        1.185546875,
        1.1484375,
        1.0885416666666667,
        1.041015625,
        1.0065104166666667,
        0.9876302083333334
    ]
}