{
    "opt": {
        "train_epochs": 9.9,
        "batch_size": 1536,
        "lr": 17.25,
        "momentum": 0.85,
        "weight_decay": 0.0153,
        "bias_scaler": 64.0,
        "label_smoothing": 0.2,
        "whiten_bias_epochs": 3
    },
    "aug": {
        "flip": true,
        "translate": 2
    },
    "net": {
        "widths": {
            "block1": 64,
            "block2": 256,
            "block3": 256
        },
        "batchnorm_momentum": 0.6,
        "scaling_factor": 0.1111111111111111,
        "tta_level": 2
    },
    "random_seed": 99,
    "git_commit_hash": "85402c5c6fafc553256ddda6a38a5e86792e3fed",
    "elapsed_wclock_time": 3.6941057002544406,
    "final acc": 0.9297999739646912,
    "last batch loss": 0.9720052083333334,
    "epoch_val_accs": [
        0.661899983882904,
        0.3308999836444855,
        0.6205999851226807,
        0.6195999979972839,
        0.7342999577522278,
        0.8027999997138977,
        0.7958999872207642,
        0.8664000034332275,
        0.9083999991416931,
        0.9226999878883362
    ],
    "epoch_losses": [
        1.5078125,
        1.4622395833333333,
        1.28515625,
        1.220703125,
        1.203125,
        1.1223958333333333,
        1.1028645833333333,
        1.0514322916666667,
        1.0208333333333333,
        0.9720052083333334
    ]
}