{
    "opt": {
        "train_epochs": 9.9,
        "batch_size": 1536,
        "lr": 17.25,
        "momentum": 0.85,
        "weight_decay": 0.0153,
        "bias_scaler": 64.0,
        "label_smoothing": 0.2,
        "whiten_bias_epochs": 3
    },
    "aug": {
        "flip": true,
        "translate": 2
    },
    "net": {
        "widths": {
            "block1": 64,
            "block2": 256,
            "block3": 256
        },
        "batchnorm_momentum": 0.6,
        "scaling_factor": 0.1111111111111111,
        "tta_level": 2
    },
    "random_seed": 99,
    "git_commit_hash": "85402c5c6fafc553256ddda6a38a5e86792e3fed",
    "elapsed_wclock_time": 3.7089956073760995,
    "final acc": 0.9286999702453613,
    "last batch loss": 0.9798177083333334,
    "epoch_val_accs": [
        0.5220000147819519,
        0.6373999714851379,
        0.6500999927520752,
        0.7718999981880188,
        0.6829000115394592,
        0.7599999904632568,
        0.7914999723434448,
        0.8791999816894531,
        0.9038999676704407,
        0.9214999675750732
    ],
    "epoch_losses": [
        1.4921875,
        1.326171875,
        1.3033854166666667,
        1.2584635416666667,
        1.1705729166666667,
        1.125,
        1.1178385416666667,
        1.052734375,
        1.0065104166666667,
        0.9798177083333334
    ]
}