{
    "opt": {
        "train_epochs": 9.9,
        "batch_size": 1536,
        "lr": 17.25,
        "momentum": 0.85,
        "weight_decay": 0.0153,
        "bias_scaler": 64.0,
        "label_smoothing": 0.2,
        "whiten_bias_epochs": 3
    },
    "aug": {
        "flip": true,
        "translate": 2
    },
    "net": {
        "widths": {
            "block1": 64,
            "block2": 256,
            "block3": 256
        },
        "batchnorm_momentum": 0.6,
        "scaling_factor": 0.1111111111111111,
        "tta_level": 2
    },
    "random_seed": 99,
    "git_commit_hash": "85402c5c6fafc553256ddda6a38a5e86792e3fed",
    "elapsed_wclock_time": 3.6893968963623047,
    "final acc": 0.9309999942779541,
    "last batch loss": 0.9765625,
    "epoch_val_accs": [
        0.5131999850273132,
        0.6613999605178833,
        0.6796999573707581,
        0.7480999827384949,
        0.7945999503135681,
        0.8185999989509583,
        0.8454999923706055,
        0.8873999714851379,
        0.9025999903678894,
        0.9186999797821045
    ],
    "epoch_losses": [
        1.5794270833333333,
        1.4231770833333333,
        1.2682291666666667,
        1.2330729166666667,
        1.1907552083333333,
        1.1412760416666667,
        1.1165364583333333,
        1.03125,
        1.0286458333333333,
        0.9765625
    ]
}