{
    "opt": {
        "train_epochs": 9.9,
        "batch_size": 1536,
        "lr": 17.25,
        "momentum": 0.85,
        "weight_decay": 0.0153,
        "bias_scaler": 64.0,
        "label_smoothing": 0.2,
        "whiten_bias_epochs": 3
    },
    "aug": {
        "flip": true,
        "translate": 2
    },
    "net": {
        "widths": {
            "block1": 64,
            "block2": 256,
            "block3": 256
        },
        "batchnorm_momentum": 0.6,
        "scaling_factor": 0.1111111111111111,
        "tta_level": 2
    },
    "random_seed": 99,
    "git_commit_hash": "85402c5c6fafc553256ddda6a38a5e86792e3fed",
    "elapsed_wclock_time": 3.7230257761478422,
    "final acc": 0.9319999814033508,
    "last batch loss": 0.9752604166666666,
    "epoch_val_accs": [
        0.5354999899864197,
        0.5773000121116638,
        0.6861000061035156,
        0.49129998683929443,
        0.8086000084877014,
        0.7605999708175659,
        0.8515999913215637,
        0.8885999917984009,
        0.8973999619483948,
        0.9220999479293823
    ],
    "epoch_losses": [
        1.4713541666666667,
        1.33984375,
        1.2877604166666667,
        1.2552083333333333,
        1.2174479166666667,
        1.134765625,
        1.1041666666666667,
        1.041015625,
        1.017578125,
        0.9752604166666666
    ]
}