{
    "opt": {
        "train_epochs": 9.9,
        "batch_size": 1536,
        "lr": 17.25,
        "momentum": 0.85,
        "weight_decay": 0.0153,
        "bias_scaler": 64.0,
        "label_smoothing": 0.2,
        "whiten_bias_epochs": 3
    },
    "aug": {
        "flip": true,
        "translate": 2
    },
    "net": {
        "widths": {
            "block1": 64,
            "block2": 256,
            "block3": 256
        },
        "batchnorm_momentum": 0.6,
        "scaling_factor": 0.1111111111111111,
        "tta_level": 2
    },
    "random_seed": 99,
    "git_commit_hash": "85402c5c6fafc553256ddda6a38a5e86792e3fed",
    "elapsed_wclock_time": 3.634141013622284,
    "final acc": 0.9273999929428101,
    "last batch loss": 0.98046875,
    "epoch_val_accs": [
        0.5971999764442444,
        0.5877999663352966,
        0.6590999960899353,
        0.6948999762535095,
        0.7738999724388123,
        0.5791000127792358,
        0.8526999950408936,
        0.8330999612808228,
        0.9016000032424927,
        0.9172999858856201
    ],
    "epoch_losses": [
        1.5364583333333333,
        1.3541666666666667,
        1.3372395833333333,
        1.2161458333333333,
        1.2154947916666667,
        1.1484375,
        1.1126302083333333,
        1.046875,
        1.0013020833333333,
        0.98046875
    ]
}