{
    "opt": {
        "train_epochs": 9.9,
        "batch_size": 1536,
        "lr": 17.25,
        "momentum": 0.85,
        "weight_decay": 0.0153,
        "bias_scaler": 64.0,
        "label_smoothing": 0.2,
        "whiten_bias_epochs": 3
    },
    "aug": {
        "flip": true,
        "translate": 2
    },
    "net": {
        "widths": {
            "block1": 64,
            "block2": 256,
            "block3": 256
        },
        "batchnorm_momentum": 0.6,
        "scaling_factor": 0.1111111111111111,
        "tta_level": 2
    },
    "random_seed": 99,
    "git_commit_hash": "85402c5c6fafc553256ddda6a38a5e86792e3fed",
    "elapsed_wclock_time": 3.729474861145019,
    "final acc": 0.9303999543190002,
    "last batch loss": 0.9680989583333334,
    "epoch_val_accs": [
        0.5880999565124512,
        0.4276999831199646,
        0.7276999950408936,
        0.7953999638557434,
        0.8353999853134155,
        0.7851999998092651,
        0.8513999581336975,
        0.8898999691009521,
        0.9001999497413635,
        0.9241999983787537
    ],
    "epoch_losses": [
        1.4921875,
        1.4010416666666667,
        1.302734375,
        1.2233072916666667,
        1.1569010416666667,
        1.1477864583333333,
        1.1048177083333333,
        1.0364583333333333,
        1.015625,
        0.9680989583333334
    ]
}