{
    "opt": {
        "train_epochs": 9.9,
        "batch_size": 1536,
        "lr": 17.25,
        "momentum": 0.85,
        "weight_decay": 0.0153,
        "bias_scaler": 64.0,
        "label_smoothing": 0.2,
        "whiten_bias_epochs": 3
    },
    "aug": {
        "flip": true,
        "translate": 2
    },
    "net": {
        "widths": {
            "block1": 64,
            "block2": 256,
            "block3": 256
        },
        "batchnorm_momentum": 0.6,
        "scaling_factor": 0.1111111111111111,
        "tta_level": 2
    },
    "random_seed": 99,
    "git_commit_hash": "85402c5c6fafc553256ddda6a38a5e86792e3fed",
    "elapsed_wclock_time": 3.7242454771995543,
    "final acc": 0.9303999543190002,
    "last batch loss": 0.9700520833333334,
    "epoch_val_accs": [
        0.4132999777793884,
        0.3765999972820282,
        0.7134999632835388,
        0.30300000309944153,
        0.7884999513626099,
        0.795199990272522,
        0.7181999683380127,
        0.8939999938011169,
        0.9120000004768372,
        0.9213999509811401
    ],
    "epoch_losses": [
        1.5911458333333333,
        1.4739583333333333,
        1.2604166666666667,
        1.228515625,
        1.193359375,
        1.1276041666666667,
        1.1197916666666667,
        1.04296875,
        1.017578125,
        0.9700520833333334
    ]
}