{
    "opt": {
        "train_epochs": 9.9,
        "batch_size": 1536,
        "lr": 17.25,
        "momentum": 0.85,
        "weight_decay": 0.0153,
        "bias_scaler": 64.0,
        "label_smoothing": 0.2,
        "whiten_bias_epochs": 3
    },
    "aug": {
        "flip": true,
        "translate": 2
    },
    "net": {
        "widths": {
            "block1": 64,
            "block2": 256,
            "block3": 256
        },
        "batchnorm_momentum": 0.6,
        "scaling_factor": 0.1111111111111111,
        "tta_level": 2
    },
    "random_seed": 99,
    "git_commit_hash": "85402c5c6fafc553256ddda6a38a5e86792e3fed",
    "elapsed_wclock_time": 3.7171764531135563,
    "final acc": 0.930899977684021,
    "last batch loss": 0.9798177083333334,
    "epoch_val_accs": [
        0.45799997448921204,
        0.6297000050544739,
        0.7288999557495117,
        0.5931000113487244,
        0.7745999693870544,
        0.8154000043869019,
        0.8567000031471252,
        0.8675999641418457,
        0.9018999934196472,
        0.9218999743461609
    ],
    "epoch_losses": [
        1.4869791666666667,
        1.3580729166666667,
        1.3020833333333333,
        1.2604166666666667,
        1.1751302083333333,
        1.1302083333333333,
        1.1119791666666667,
        1.0416666666666667,
        1.0110677083333333,
        0.9798177083333334
    ]
}