{
    "opt": {
        "train_epochs": 9.9,
        "batch_size": 1536,
        "lr": 17.25,
        "momentum": 0.85,
        "weight_decay": 0.0153,
        "bias_scaler": 64.0,
        "label_smoothing": 0.2,
        "whiten_bias_epochs": 3
    },
    "aug": {
        "flip": true,
        "translate": 2
    },
    "net": {
        "widths": {
            "block1": 64,
            "block2": 256,
            "block3": 256
        },
        "batchnorm_momentum": 0.6,
        "scaling_factor": 0.1111111111111111,
        "tta_level": 2
    },
    "random_seed": 99,
    "git_commit_hash": "85402c5c6fafc553256ddda6a38a5e86792e3fed",
    "elapsed_wclock_time": 3.6964135906696316,
    "final acc": 0.9318999648094177,
    "last batch loss": 0.9713541666666666,
    "epoch_val_accs": [
        0.5735999941825867,
        0.3203999996185303,
        0.6541999578475952,
        0.7712999582290649,
        0.7351999878883362,
        0.7549999952316284,
        0.7594999670982361,
        0.8806999921798706,
        0.905299961566925,
        0.9210999608039856
    ],
    "epoch_losses": [
        1.4622395833333333,
        1.4830729166666667,
        1.28125,
        1.2858072916666667,
        1.2096354166666667,
        1.1412760416666667,
        1.1022135416666667,
        1.0481770833333333,
        1.0078125,
        0.9713541666666666
    ]
}