{
    "opt": {
        "train_epochs": 9.9,
        "batch_size": 1536,
        "lr": 17.25,
        "momentum": 0.85,
        "weight_decay": 0.0153,
        "bias_scaler": 64.0,
        "label_smoothing": 0.2,
        "whiten_bias_epochs": 3
    },
    "aug": {
        "flip": true,
        "translate": 2
    },
    "net": {
        "widths": {
            "block1": 64,
            "block2": 256,
            "block3": 256
        },
        "batchnorm_momentum": 0.6,
        "scaling_factor": 0.1111111111111111,
        "tta_level": 2
    },
    "random_seed": 99,
    "git_commit_hash": "85402c5c6fafc553256ddda6a38a5e86792e3fed",
    "elapsed_wclock_time": 3.7196399879455573,
    "final acc": 0.9291999936103821,
    "last batch loss": 0.9674479166666666,
    "epoch_val_accs": [
        0.6040999889373779,
        0.7258999943733215,
        0.6190999746322632,
        0.7375999689102173,
        0.7138999700546265,
        0.7419999837875366,
        0.8123999834060669,
        0.8782999515533447,
        0.8930999636650085,
        0.9222999811172485
    ],
    "epoch_losses": [
        1.4596354166666667,
        1.3828125,
        1.26171875,
        1.2154947916666667,
        1.1783854166666667,
        1.1334635416666667,
        1.123046875,
        1.0358072916666667,
        1.0182291666666667,
        0.9674479166666666
    ]
}