{
    "opt": {
        "train_epochs": 9.9,
        "batch_size": 1536,
        "lr": 17.25,
        "momentum": 0.85,
        "weight_decay": 0.0153,
        "bias_scaler": 64.0,
        "label_smoothing": 0.2,
        "whiten_bias_epochs": 3
    },
    "aug": {
        "flip": true,
        "translate": 2
    },
    "net": {
        "widths": {
            "block1": 64,
            "block2": 256,
            "block3": 256
        },
        "batchnorm_momentum": 0.6,
        "scaling_factor": 0.1111111111111111,
        "tta_level": 2
    },
    "random_seed": 99,
    "git_commit_hash": "85402c5c6fafc553256ddda6a38a5e86792e3fed",
    "elapsed_wclock_time": 3.6387255916595462,
    "final acc": 0.9311999678611755,
    "last batch loss": 0.9856770833333334,
    "epoch_val_accs": [
        0.5938999652862549,
        0.527999997138977,
        0.769599974155426,
        0.630899965763092,
        0.7849000096321106,
        0.7339000105857849,
        0.7825999855995178,
        0.8870999813079834,
        0.9067999720573425,
        0.9235000014305115
    ],
    "epoch_losses": [
        1.484375,
        1.390625,
        1.2571614583333333,
        1.275390625,
        1.205078125,
        1.1490885416666667,
        1.1061197916666667,
        1.03515625,
        1.01171875,
        0.9856770833333334
    ]
}