{
    "opt": {
        "train_epochs": 9.9,
        "batch_size": 1536,
        "lr": 17.25,
        "momentum": 0.85,
        "weight_decay": 0.0153,
        "bias_scaler": 64.0,
        "label_smoothing": 0.2,
        "whiten_bias_epochs": 3
    },
    "aug": {
        "flip": true,
        "translate": 2
    },
    "net": {
        "widths": {
            "block1": 64,
            "block2": 256,
            "block3": 256
        },
        "batchnorm_momentum": 0.6,
        "scaling_factor": 0.1111111111111111,
        "tta_level": 2
    },
    "random_seed": 99,
    "git_commit_hash": "85402c5c6fafc553256ddda6a38a5e86792e3fed",
    "elapsed_wclock_time": 3.634453775405884,
    "final acc": 0.9348999857902527,
    "last batch loss": 0.96875,
    "epoch_val_accs": [
        0.5771999955177307,
        0.5497999787330627,
        0.6583999991416931,
        0.6972999572753906,
        0.7543999552726746,
        0.7315999865531921,
        0.8395999670028687,
        0.8849999904632568,
        0.9020999670028687,
        0.9248999953269958
    ],
    "epoch_losses": [
        1.5143229166666667,
        1.4375,
        1.2669270833333333,
        1.2415364583333333,
        1.154296875,
        1.158203125,
        1.0970052083333333,
        1.0260416666666667,
        1.0026041666666667,
        0.96875
    ]
}