{
    "opt": {
        "train_epochs": 9.9,
        "batch_size": 1536,
        "lr": 17.25,
        "momentum": 0.85,
        "weight_decay": 0.0153,
        "bias_scaler": 64.0,
        "label_smoothing": 0.2,
        "whiten_bias_epochs": 3
    },
    "aug": {
        "flip": true,
        "translate": 2
    },
    "net": {
        "widths": {
            "block1": 64,
            "block2": 256,
            "block3": 256
        },
        "batchnorm_momentum": 0.6,
        "scaling_factor": 0.1111111111111111,
        "tta_level": 2
    },
    "random_seed": 99,
    "git_commit_hash": "85402c5c6fafc553256ddda6a38a5e86792e3fed",
    "elapsed_wclock_time": 3.73376416015625,
    "final acc": 0.9289000034332275,
    "last batch loss": 0.986328125,
    "epoch_val_accs": [
        0.5252000093460083,
        0.538599967956543,
        0.6942999958992004,
        0.6169999837875366,
        0.8025999665260315,
        0.7943999767303467,
        0.8324999809265137,
        0.8710999488830566,
        0.90829998254776,
        0.9213999509811401
    ],
    "epoch_losses": [
        1.53125,
        1.4557291666666667,
        1.2838541666666667,
        1.2252604166666667,
        1.1764322916666667,
        1.1399739583333333,
        1.1028645833333333,
        1.0494791666666667,
        1.009765625,
        0.986328125
    ]
}