{
    "opt": {
        "train_epochs": 9.9,
        "batch_size": 1536,
        "lr": 17.25,
        "momentum": 0.85,
        "weight_decay": 0.0153,
        "bias_scaler": 64.0,
        "label_smoothing": 0.2,
        "whiten_bias_epochs": 3
    },
    "aug": {
        "flip": true,
        "translate": 2
    },
    "net": {
        "widths": {
            "block1": 64,
            "block2": 256,
            "block3": 256
        },
        "batchnorm_momentum": 0.6,
        "scaling_factor": 0.1111111111111111,
        "tta_level": 2
    },
    "random_seed": 99,
    "git_commit_hash": "85402c5c6fafc553256ddda6a38a5e86792e3fed",
    "elapsed_wclock_time": 3.6930753986835483,
    "final acc": 0.9314999580383301,
    "last batch loss": 0.9700520833333334,
    "epoch_val_accs": [
        0.5619999766349792,
        0.5611000061035156,
        0.5799999833106995,
        0.7687999606132507,
        0.7486000061035156,
        0.7760999798774719,
        0.8180999755859375,
        0.8655999898910522,
        0.9037999510765076,
        0.92249995470047
    ],
    "epoch_losses": [
        1.4986979166666667,
        1.4518229166666667,
        1.3151041666666667,
        1.2109375,
        1.1809895833333333,
        1.138671875,
        1.1009114583333333,
        1.05078125,
        1.013671875,
        0.9700520833333334
    ]
}