{
    "opt": {
        "train_epochs": 9.9,
        "batch_size": 1536,
        "lr": 17.25,
        "momentum": 0.85,
        "weight_decay": 0.0153,
        "bias_scaler": 64.0,
        "label_smoothing": 0.2,
        "whiten_bias_epochs": 3
    },
    "aug": {
        "flip": true,
        "translate": 2
    },
    "net": {
        "widths": {
            "block1": 64,
            "block2": 256,
            "block3": 256
        },
        "batchnorm_momentum": 0.6,
        "scaling_factor": 0.1111111111111111,
        "tta_level": 2
    },
    "random_seed": 99,
    "git_commit_hash": "85402c5c6fafc553256ddda6a38a5e86792e3fed",
    "elapsed_wclock_time": 3.7219361033439635,
    "final acc": 0.9279999732971191,
    "last batch loss": 0.970703125,
    "epoch_val_accs": [
        0.6033999919891357,
        0.6286999583244324,
        0.5194000005722046,
        0.5414000153541565,
        0.8018999695777893,
        0.8416999578475952,
        0.805899977684021,
        0.8950999975204468,
        0.9042999744415283,
        0.920799970626831
    ],
    "epoch_losses": [
        1.5559895833333333,
        1.3919270833333333,
        1.3658854166666667,
        1.2493489583333333,
        1.1751302083333333,
        1.1217447916666667,
        1.1263020833333333,
        1.0384114583333333,
        1.0169270833333333,
        0.970703125
    ]
}