{
    "opt": {
        "train_epochs": 9.9,
        "batch_size": 1536,
        "lr": 17.25,
        "momentum": 0.85,
        "weight_decay": 0.0153,
        "bias_scaler": 64.0,
        "label_smoothing": 0.2,
        "whiten_bias_epochs": 3
    },
    "aug": {
        "flip": true,
        "translate": 2
    },
    "net": {
        "widths": {
            "block1": 64,
            "block2": 256,
            "block3": 256
        },
        "batchnorm_momentum": 0.6,
        "scaling_factor": 0.1111111111111111,
        "tta_level": 2
    },
    "random_seed": 99,
    "git_commit_hash": "85402c5c6fafc553256ddda6a38a5e86792e3fed",
    "elapsed_wclock_time": 3.6994372832775113,
    "final acc": 0.9289000034332275,
    "last batch loss": 0.98046875,
    "epoch_val_accs": [
        0.5151000022888184,
        0.6601999998092651,
        0.6741999983787537,
        0.6510999798774719,
        0.7446999549865723,
        0.8180999755859375,
        0.823699951171875,
        0.8895999789237976,
        0.9056999683380127,
        0.9199999570846558
    ],
    "epoch_losses": [
        1.5794270833333333,
        1.30859375,
        1.3216145833333333,
        1.2552083333333333,
        1.234375,
        1.1432291666666667,
        1.1302083333333333,
        1.0279947916666667,
        1.0026041666666667,
        0.98046875
    ]
}