{
    "opt": {
        "train_epochs": 9.9,
        "batch_size": 1536,
        "lr": 17.25,
        "momentum": 0.85,
        "weight_decay": 0.0153,
        "bias_scaler": 64.0,
        "label_smoothing": 0.2,
        "whiten_bias_epochs": 3
    },
    "aug": {
        "flip": true,
        "translate": 2
    },
    "net": {
        "widths": {
            "block1": 64,
            "block2": 256,
            "block3": 256
        },
        "batchnorm_momentum": 0.6,
        "scaling_factor": 0.1111111111111111,
        "tta_level": 2
    },
    "random_seed": 99,
    "git_commit_hash": "85402c5c6fafc553256ddda6a38a5e86792e3fed",
    "elapsed_wclock_time": 3.6955664775371555,
    "final acc": 0.9265999794006348,
    "last batch loss": 0.9778645833333334,
    "epoch_val_accs": [
        0.5860999822616577,
        0.6383000016212463,
        0.6105999946594238,
        0.6862999796867371,
        0.8414999842643738,
        0.7662000060081482,
        0.8349999785423279,
        0.8797000050544739,
        0.8855999708175659,
        0.91839998960495
    ],
    "epoch_losses": [
        1.5533854166666667,
        1.34375,
        1.30859375,
        1.2760416666666667,
        1.189453125,
        1.1171875,
        1.0924479166666667,
        1.041015625,
        1.0208333333333333,
        0.9778645833333334
    ]
}