{
    "opt": {
        "train_epochs": 9.9,
        "batch_size": 1536,
        "lr": 17.25,
        "momentum": 0.85,
        "weight_decay": 0.0153,
        "bias_scaler": 64.0,
        "label_smoothing": 0.2,
        "whiten_bias_epochs": 3
    },
    "aug": {
        "flip": true,
        "translate": 2
    },
    "net": {
        "widths": {
            "block1": 64,
            "block2": 256,
            "block3": 256
        },
        "batchnorm_momentum": 0.6,
        "scaling_factor": 0.1111111111111111,
        "tta_level": 2
    },
    "random_seed": 99,
    "git_commit_hash": "85402c5c6fafc553256ddda6a38a5e86792e3fed",
    "elapsed_wclock_time": 3.608083911895752,
    "final acc": 0.9305999875068665,
    "last batch loss": 0.96875,
    "epoch_val_accs": [
        0.47749999165534973,
        0.4081999957561493,
        0.4754999876022339,
        0.7134000062942505,
        0.7213999629020691,
        0.8004999756813049,
        0.8362999558448792,
        0.8899999856948853,
        0.9065999984741211,
        0.9217000007629395
    ],
    "epoch_losses": [
        1.52734375,
        1.3567708333333333,
        1.314453125,
        1.2291666666666667,
        1.1842447916666667,
        1.1432291666666667,
        1.0930989583333333,
        1.0305989583333333,
        1.0026041666666667,
        0.96875
    ]
}