{
    "opt": {
        "train_epochs": 9.9,
        "batch_size": 1536,
        "lr": 17.25,
        "momentum": 0.85,
        "weight_decay": 0.0153,
        "bias_scaler": 64.0,
        "label_smoothing": 0.2,
        "whiten_bias_epochs": 3
    },
    "aug": {
        "flip": true,
        "translate": 2
    },
    "net": {
        "widths": {
            "block1": 64,
            "block2": 256,
            "block3": 256
        },
        "batchnorm_momentum": 0.6,
        "scaling_factor": 0.1111111111111111,
        "tta_level": 2
    },
    "random_seed": 99,
    "git_commit_hash": "85402c5c6fafc553256ddda6a38a5e86792e3fed",
    "elapsed_wclock_time": 3.609106721639633,
    "final acc": 0.9314999580383301,
    "last batch loss": 0.966796875,
    "epoch_val_accs": [
        0.5072000026702881,
        0.6620999574661255,
        0.6884999871253967,
        0.7035999894142151,
        0.7476999759674072,
        0.6875999569892883,
        0.7554999589920044,
        0.8937000036239624,
        0.9084999561309814,
        0.9240999817848206
    ],
    "epoch_losses": [
        1.5013020833333333,
        1.35546875,
        1.2565104166666667,
        1.228515625,
        1.2252604166666667,
        1.1588541666666667,
        1.1009114583333333,
        1.0305989583333333,
        0.9986979166666666,
        0.966796875
    ]
}