{
    "opt": {
        "train_epochs": 9.9,
        "batch_size": 1536,
        "lr": 17.25,
        "momentum": 0.85,
        "weight_decay": 0.0153,
        "bias_scaler": 64.0,
        "label_smoothing": 0.2,
        "whiten_bias_epochs": 3
    },
    "aug": {
        "flip": true,
        "translate": 2
    },
    "net": {
        "widths": {
            "block1": 64,
            "block2": 256,
            "block3": 256
        },
        "batchnorm_momentum": 0.6,
        "scaling_factor": 0.1111111111111111,
        "tta_level": 2
    },
    "random_seed": 99,
    "git_commit_hash": "85402c5c6fafc553256ddda6a38a5e86792e3fed",
    "elapsed_wclock_time": 3.7231777267456048,
    "final acc": 0.9289000034332275,
    "last batch loss": 0.9895833333333334,
    "epoch_val_accs": [
        0.4626999795436859,
        0.33149999380111694,
        0.7542999982833862,
        0.7590999603271484,
        0.7120999693870544,
        0.8369999527931213,
        0.833299994468689,
        0.8876000046730042,
        0.8987999558448792,
        0.9238999485969543
    ],
    "epoch_losses": [
        1.5481770833333333,
        1.4596354166666667,
        1.2766927083333333,
        1.2604166666666667,
        1.1803385416666667,
        1.1087239583333333,
        1.0852864583333333,
        1.0364583333333333,
        1.025390625,
        0.9895833333333334
    ]
}