{
    "opt": {
        "train_epochs": 9.9,
        "batch_size": 1536,
        "lr": 17.25,
        "momentum": 0.85,
        "weight_decay": 0.0153,
        "bias_scaler": 64.0,
        "label_smoothing": 0.2,
        "whiten_bias_epochs": 3
    },
    "aug": {
        "flip": true,
        "translate": 2
    },
    "net": {
        "widths": {
            "block1": 64,
            "block2": 256,
            "block3": 256
        },
        "batchnorm_momentum": 0.6,
        "scaling_factor": 0.1111111111111111,
        "tta_level": 2
    },
    "random_seed": 99,
    "git_commit_hash": "85402c5c6fafc553256ddda6a38a5e86792e3fed",
    "elapsed_wclock_time": 3.6926886417865754,
    "final acc": 0.9300999641418457,
    "last batch loss": 0.9791666666666666,
    "epoch_val_accs": [
        0.5335000157356262,
        0.43619999289512634,
        0.6262999773025513,
        0.44429999589920044,
        0.7971000075340271,
        0.8234999775886536,
        0.8143999576568604,
        0.882599949836731,
        0.8994999527931213,
        0.9218999743461609
    ],
    "epoch_losses": [
        1.5091145833333333,
        1.3828125,
        1.294921875,
        1.2662760416666667,
        1.193359375,
        1.1263020833333333,
        1.09765625,
        1.0475260416666667,
        1.0208333333333333,
        0.9791666666666666
    ]
}