{
    "opt": {
        "train_epochs": 9.9,
        "batch_size": 1536,
        "lr": 17.25,
        "momentum": 0.85,
        "weight_decay": 0.0153,
        "bias_scaler": 64.0,
        "label_smoothing": 0.2,
        "whiten_bias_epochs": 3
    },
    "aug": {
        "flip": true,
        "translate": 2
    },
    "net": {
        "widths": {
            "block1": 64,
            "block2": 256,
            "block3": 256
        },
        "batchnorm_momentum": 0.6,
        "scaling_factor": 0.1111111111111111,
        "tta_level": 2
    },
    "random_seed": 99,
    "git_commit_hash": "85402c5c6fafc553256ddda6a38a5e86792e3fed",
    "elapsed_wclock_time": 3.727954719543457,
    "final acc": 0.9316999912261963,
    "last batch loss": 0.96484375,
    "epoch_val_accs": [
        0.5792999863624573,
        0.6025999784469604,
        0.6193999648094177,
        0.6459999680519104,
        0.7050999999046326,
        0.7726999521255493,
        0.8375999927520752,
        0.8933999538421631,
        0.9107999801635742,
        0.9226999878883362
    ],
    "epoch_losses": [
        1.4765625,
        1.3984375,
        1.2923177083333333,
        1.2194010416666667,
        1.2063802083333333,
        1.1341145833333333,
        1.111328125,
        1.0325520833333333,
        1.0032552083333333,
        0.96484375
    ]
}