{
    "opt": {
        "train_epochs": 9.9,
        "batch_size": 1536,
        "lr": 17.25,
        "momentum": 0.85,
        "weight_decay": 0.0153,
        "bias_scaler": 64.0,
        "label_smoothing": 0.2,
        "whiten_bias_epochs": 3
    },
    "aug": {
        "flip": true,
        "translate": 2
    },
    "net": {
        "widths": {
            "block1": 64,
            "block2": 256,
            "block3": 256
        },
        "batchnorm_momentum": 0.6,
        "scaling_factor": 0.1111111111111111,
        "tta_level": 2
    },
    "random_seed": 99,
    "git_commit_hash": "85402c5c6fafc553256ddda6a38a5e86792e3fed",
    "elapsed_wclock_time": 3.730241920471192,
    "final acc": 0.9299999475479126,
    "last batch loss": 0.974609375,
    "epoch_val_accs": [
        0.413100004196167,
        0.5317999720573425,
        0.6554999947547913,
        0.6096000075340271,
        0.798799991607666,
        0.8330000042915344,
        0.8611999750137329,
        0.8847999572753906,
        0.8937999606132507,
        0.9210000038146973
    ],
    "epoch_losses": [
        1.4986979166666667,
        1.3450520833333333,
        1.3515625,
        1.279296875,
        1.1770833333333333,
        1.10546875,
        1.0963541666666667,
        1.0358072916666667,
        1.0045572916666667,
        0.974609375
    ]
}