{
    "opt": {
        "train_epochs": 9.9,
        "batch_size": 1536,
        "lr": 17.25,
        "momentum": 0.85,
        "weight_decay": 0.0153,
        "bias_scaler": 64.0,
        "label_smoothing": 0.2,
        "whiten_bias_epochs": 3
    },
    "aug": {
        "flip": true,
        "translate": 2
    },
    "net": {
        "widths": {
            "block1": 64,
            "block2": 256,
            "block3": 256
        },
        "batchnorm_momentum": 0.6,
        "scaling_factor": 0.1111111111111111,
        "tta_level": 2
    },
    "random_seed": 99,
    "git_commit_hash": "85402c5c6fafc553256ddda6a38a5e86792e3fed",
    "elapsed_wclock_time": 3.612397117853164,
    "final acc": 0.9298999905586243,
    "last batch loss": 0.9752604166666666,
    "epoch_val_accs": [
        0.5983999967575073,
        0.5810999870300293,
        0.7694999575614929,
        0.5074999928474426,
        0.7208999991416931,
        0.8021999597549438,
        0.8456999659538269,
        0.8920999765396118,
        0.9055999517440796,
        0.9226999878883362
    ],
    "epoch_losses": [
        1.5,
        1.3658854166666667,
        1.2688802083333333,
        1.2916666666666667,
        1.185546875,
        1.1217447916666667,
        1.0989583333333333,
        1.048828125,
        0.9993489583333334,
        0.9752604166666666
    ]
}