{
    "opt": {
        "train_epochs": 9.9,
        "batch_size": 1536,
        "lr": 17.25,
        "momentum": 0.85,
        "weight_decay": 0.0153,
        "bias_scaler": 64.0,
        "label_smoothing": 0.2,
        "whiten_bias_epochs": 3
    },
    "aug": {
        "flip": true,
        "translate": 2
    },
    "net": {
        "widths": {
            "block1": 64,
            "block2": 256,
            "block3": 256
        },
        "batchnorm_momentum": 0.6,
        "scaling_factor": 0.1111111111111111,
        "tta_level": 2
    },
    "random_seed": 99,
    "git_commit_hash": "85402c5c6fafc553256ddda6a38a5e86792e3fed",
    "elapsed_wclock_time": 3.694693534612656,
    "final acc": 0.9322999715805054,
    "last batch loss": 0.9680989583333334,
    "epoch_val_accs": [
        0.6245999932289124,
        0.4098999798297882,
        0.5394999980926514,
        0.6735000014305115,
        0.8155999779701233,
        0.8356999754905701,
        0.78329998254776,
        0.8744999766349792,
        0.899899959564209,
        0.9246000051498413
    ],
    "epoch_losses": [
        1.4752604166666667,
        1.4453125,
        1.3046875,
        1.2174479166666667,
        1.1848958333333333,
        1.12109375,
        1.1197916666666667,
        1.0475260416666667,
        1.0201822916666667,
        0.9680989583333334
    ]
}