{
    "opt": {
        "train_epochs": 9.9,
        "batch_size": 1536,
        "lr": 17.25,
        "momentum": 0.85,
        "weight_decay": 0.0153,
        "bias_scaler": 64.0,
        "label_smoothing": 0.2,
        "whiten_bias_epochs": 3
    },
    "aug": {
        "flip": true,
        "translate": 2
    },
    "net": {
        "widths": {
            "block1": 64,
            "block2": 256,
            "block3": 256
        },
        "batchnorm_momentum": 0.6,
        "scaling_factor": 0.1111111111111111,
        "tta_level": 2
    },
    "random_seed": 99,
    "git_commit_hash": "85402c5c6fafc553256ddda6a38a5e86792e3fed",
    "elapsed_wclock_time": 3.693472117185593,
    "final acc": 0.9294999837875366,
    "last batch loss": 0.9680989583333334,
    "epoch_val_accs": [
        0.6258999705314636,
        0.6013000011444092,
        0.6078000068664551,
        0.7337999939918518,
        0.7511999607086182,
        0.7913999557495117,
        0.8360999822616577,
        0.8750999569892883,
        0.8953999876976013,
        0.9212999939918518
    ],
    "epoch_losses": [
        1.5130208333333333,
        1.33984375,
        1.2923177083333333,
        1.2272135416666667,
        1.2122395833333333,
        1.1497395833333333,
        1.1028645833333333,
        1.0397135416666667,
        1.0091145833333333,
        0.9680989583333334
    ]
}