{
    "opt": {
        "train_epochs": 9.9,
        "batch_size": 1536,
        "lr": 17.25,
        "momentum": 0.85,
        "weight_decay": 0.0153,
        "bias_scaler": 64.0,
        "label_smoothing": 0.2,
        "whiten_bias_epochs": 3
    },
    "aug": {
        "flip": true,
        "translate": 2
    },
    "net": {
        "widths": {
            "block1": 64,
            "block2": 256,
            "block3": 256
        },
        "batchnorm_momentum": 0.6,
        "scaling_factor": 0.1111111111111111,
        "tta_level": 2
    },
    "random_seed": 99,
    "git_commit_hash": "85402c5c6fafc553256ddda6a38a5e86792e3fed",
    "elapsed_wclock_time": 3.6895651650428776,
    "final acc": 0.9299999475479126,
    "last batch loss": 0.982421875,
    "epoch_val_accs": [
        0.48649999499320984,
        0.663100004196167,
        0.4359000027179718,
        0.6299999952316284,
        0.7735999822616577,
        0.8080999851226807,
        0.7692999839782715,
        0.8902999758720398,
        0.9045999646186829,
        0.9204999804496765
    ],
    "epoch_losses": [
        1.51171875,
        1.3619791666666667,
        1.2845052083333333,
        1.2513020833333333,
        1.2018229166666667,
        1.130859375,
        1.0930989583333333,
        1.0416666666666667,
        1.0110677083333333,
        0.982421875
    ]
}