{
    "opt": {
        "train_epochs": 9.9,
        "batch_size": 1536,
        "lr": 17.25,
        "momentum": 0.85,
        "weight_decay": 0.0153,
        "bias_scaler": 64.0,
        "label_smoothing": 0.2,
        "whiten_bias_epochs": 3
    },
    "aug": {
        "flip": true,
        "translate": 2
    },
    "net": {
        "widths": {
            "block1": 64,
            "block2": 256,
            "block3": 256
        },
        "batchnorm_momentum": 0.6,
        "scaling_factor": 0.1111111111111111,
        "tta_level": 2
    },
    "random_seed": 99,
    "git_commit_hash": "85402c5c6fafc553256ddda6a38a5e86792e3fed",
    "elapsed_wclock_time": 3.6379380140304565,
    "final acc": 0.9312999844551086,
    "last batch loss": 0.978515625,
    "epoch_val_accs": [
        0.5230000019073486,
        0.5819999575614929,
        0.5834000110626221,
        0.555899977684021,
        0.7615000009536743,
        0.8055999875068665,
        0.8285999894142151,
        0.8904999494552612,
        0.9021999835968018,
        0.9217000007629395
    ],
    "epoch_losses": [
        1.515625,
        1.34765625,
        1.3326822916666667,
        1.2649739583333333,
        1.1979166666666667,
        1.134765625,
        1.1100260416666667,
        1.0455729166666667,
        1.0162760416666667,
        0.978515625
    ]
}