{
    "opt": {
        "train_epochs": 9.9,
        "batch_size": 1536,
        "lr": 17.25,
        "momentum": 0.85,
        "weight_decay": 0.0153,
        "bias_scaler": 64.0,
        "label_smoothing": 0.2,
        "whiten_bias_epochs": 3
    },
    "aug": {
        "flip": true,
        "translate": 2
    },
    "net": {
        "widths": {
            "block1": 64,
            "block2": 256,
            "block3": 256
        },
        "batchnorm_momentum": 0.6,
        "scaling_factor": 0.1111111111111111,
        "tta_level": 2
    },
    "random_seed": 99,
    "git_commit_hash": "85402c5c6fafc553256ddda6a38a5e86792e3fed",
    "elapsed_wclock_time": 3.635321730852127,
    "final acc": 0.9289999604225159,
    "last batch loss": 0.9609375,
    "epoch_val_accs": [
        0.5253999829292297,
        0.5860999822616577,
        0.5737999677658081,
        0.6365000009536743,
        0.7426999807357788,
        0.7649999856948853,
        0.8603000044822693,
        0.8776999711990356,
        0.9054999947547913,
        0.9215999841690063
    ],
    "epoch_losses": [
        1.5104166666666667,
        1.37109375,
        1.2884114583333333,
        1.2513020833333333,
        1.1966145833333333,
        1.1341145833333333,
        1.0826822916666667,
        1.033203125,
        1.0201822916666667,
        0.9609375
    ]
}