{
    "opt": {
        "train_epochs": 9.9,
        "batch_size": 1536,
        "lr": 17.25,
        "momentum": 0.85,
        "weight_decay": 0.0153,
        "bias_scaler": 64.0,
        "label_smoothing": 0.2,
        "whiten_bias_epochs": 3
    },
    "aug": {
        "flip": true,
        "translate": 2
    },
    "net": {
        "widths": {
            "block1": 64,
            "block2": 256,
            "block3": 256
        },
        "batchnorm_momentum": 0.6,
        "scaling_factor": 0.1111111111111111,
        "tta_level": 2
    },
    "random_seed": 99,
    "git_commit_hash": "85402c5c6fafc553256ddda6a38a5e86792e3fed",
    "elapsed_wclock_time": 3.690611622571945,
    "final acc": 0.9303999543190002,
    "last batch loss": 0.9791666666666666,
    "epoch_val_accs": [
        0.5981999635696411,
        0.5870000123977661,
        0.6823999881744385,
        0.6735000014305115,
        0.7863999605178833,
        0.8314999938011169,
        0.849399983882904,
        0.8952999711036682,
        0.901699960231781,
        0.9231999516487122
    ],
    "epoch_losses": [
        1.5546875,
        1.3723958333333333,
        1.3079427083333333,
        1.2623697916666667,
        1.197265625,
        1.1328125,
        1.1197916666666667,
        1.0338541666666667,
        1.0188802083333333,
        0.9791666666666666
    ]
}