{
    "opt": {
        "train_epochs": 9.9,
        "batch_size": 1536,
        "lr": 17.25,
        "momentum": 0.85,
        "weight_decay": 0.0153,
        "bias_scaler": 64.0,
        "label_smoothing": 0.2,
        "whiten_bias_epochs": 3
    },
    "aug": {
        "flip": true,
        "translate": 2
    },
    "net": {
        "widths": {
            "block1": 64,
            "block2": 256,
            "block3": 256
        },
        "batchnorm_momentum": 0.6,
        "scaling_factor": 0.1111111111111111,
        "tta_level": 2
    },
    "random_seed": 99,
    "git_commit_hash": "85402c5c6fafc553256ddda6a38a5e86792e3fed",
    "elapsed_wclock_time": 3.697721242904663,
    "final acc": 0.9307999610900879,
    "last batch loss": 0.9850260416666666,
    "epoch_val_accs": [
        0.5712999701499939,
        0.46149998903274536,
        0.5084999799728394,
        0.7141000032424927,
        0.7252999544143677,
        0.8211999535560608,
        0.8157999515533447,
        0.8708999752998352,
        0.9073999524116516,
        0.9232999682426453
    ],
    "epoch_losses": [
        1.5677083333333333,
        1.4192708333333333,
        1.291015625,
        1.2154947916666667,
        1.2161458333333333,
        1.1477864583333333,
        1.083984375,
        1.0358072916666667,
        1.01953125,
        0.9850260416666666
    ]
}