{
    "opt": {
        "train_epochs": 9.9,
        "batch_size": 1536,
        "lr": 17.25,
        "momentum": 0.85,
        "weight_decay": 0.0153,
        "bias_scaler": 64.0,
        "label_smoothing": 0.2,
        "whiten_bias_epochs": 3
    },
    "aug": {
        "flip": true,
        "translate": 2
    },
    "net": {
        "widths": {
            "block1": 64,
            "block2": 256,
            "block3": 256
        },
        "batchnorm_momentum": 0.6,
        "scaling_factor": 0.1111111111111111,
        "tta_level": 2
    },
    "random_seed": 99,
    "git_commit_hash": "85402c5c6fafc553256ddda6a38a5e86792e3fed",
    "elapsed_wclock_time": 3.6814266951084136,
    "final acc": 0.929099977016449,
    "last batch loss": 0.9752604166666666,
    "epoch_val_accs": [
        0.6043999791145325,
        0.564300000667572,
        0.7196999788284302,
        0.6620000004768372,
        0.7906000018119812,
        0.8079999685287476,
        0.8452999591827393,
        0.8896999955177307,
        0.8960999846458435,
        0.9217999577522278
    ],
    "epoch_losses": [
        1.6028645833333333,
        1.3346354166666667,
        1.2643229166666667,
        1.2884114583333333,
        1.20703125,
        1.1451822916666667,
        1.1087239583333333,
        1.0494791666666667,
        1.0130208333333333,
        0.9752604166666666
    ]
}