{
    "opt": {
        "train_epochs": 9.9,
        "batch_size": 1536,
        "lr": 17.25,
        "momentum": 0.85,
        "weight_decay": 0.0153,
        "bias_scaler": 64.0,
        "label_smoothing": 0.2,
        "whiten_bias_epochs": 3
    },
    "aug": {
        "flip": true,
        "translate": 2
    },
    "net": {
        "widths": {
            "block1": 64,
            "block2": 256,
            "block3": 256
        },
        "batchnorm_momentum": 0.6,
        "scaling_factor": 0.1111111111111111,
        "tta_level": 2
    },
    "random_seed": 99,
    "git_commit_hash": "85402c5c6fafc553256ddda6a38a5e86792e3fed",
    "elapsed_wclock_time": 3.693222106695176,
    "final acc": 0.9303999543190002,
    "last batch loss": 0.9713541666666666,
    "epoch_val_accs": [
        0.5837999582290649,
        0.32339999079704285,
        0.3351999819278717,
        0.7418000102043152,
        0.8098999857902527,
        0.7876999974250793,
        0.8448999524116516,
        0.8867999911308289,
        0.8886999487876892,
        0.9213999509811401
    ],
    "epoch_losses": [
        1.46484375,
        1.3776041666666667,
        1.287109375,
        1.2154947916666667,
        1.2083333333333333,
        1.1477864583333333,
        1.099609375,
        1.0390625,
        1.0169270833333333,
        0.9713541666666666
    ]
}