{
    "opt": {
        "train_epochs": 9.9,
        "batch_size": 1536,
        "lr": 17.25,
        "momentum": 0.85,
        "weight_decay": 0.0153,
        "bias_scaler": 64.0,
        "label_smoothing": 0.2,
        "whiten_bias_epochs": 3
    },
    "aug": {
        "flip": true,
        "translate": 2
    },
    "net": {
        "widths": {
            "block1": 64,
            "block2": 256,
            "block3": 256
        },
        "batchnorm_momentum": 0.6,
        "scaling_factor": 0.1111111111111111,
        "tta_level": 2
    },
    "random_seed": 99,
    "git_commit_hash": "85402c5c6fafc553256ddda6a38a5e86792e3fed",
    "elapsed_wclock_time": 3.6981004877090458,
    "final acc": 0.9287999868392944,
    "last batch loss": 0.9661458333333334,
    "epoch_val_accs": [
        0.5878999829292297,
        0.5414999723434448,
        0.6439999938011169,
        0.6800999641418457,
        0.5436999797821045,
        0.7111999988555908,
        0.8499000072479248,
        0.8822999596595764,
        0.9044999480247498,
        0.9223999977111816
    ],
    "epoch_losses": [
        1.5221354166666667,
        1.35546875,
        1.2838541666666667,
        1.2220052083333333,
        1.1796875,
        1.1399739583333333,
        1.1048177083333333,
        1.0540364583333333,
        1.0266927083333333,
        0.9661458333333334
    ]
}