{
    "opt": {
        "train_epochs": 9.9,
        "batch_size": 1536,
        "lr": 17.25,
        "momentum": 0.85,
        "weight_decay": 0.0153,
        "bias_scaler": 64.0,
        "label_smoothing": 0.2,
        "whiten_bias_epochs": 3
    },
    "aug": {
        "flip": true,
        "translate": 2
    },
    "net": {
        "widths": {
            "block1": 64,
            "block2": 256,
            "block3": 256
        },
        "batchnorm_momentum": 0.6,
        "scaling_factor": 0.1111111111111111,
        "tta_level": 2
    },
    "random_seed": 99,
    "git_commit_hash": "85402c5c6fafc553256ddda6a38a5e86792e3fed",
    "elapsed_wclock_time": 3.7193249783515925,
    "final acc": 0.9296000003814697,
    "last batch loss": 0.9700520833333334,
    "epoch_val_accs": [
        0.6086999773979187,
        0.6671000123023987,
        0.6305999755859375,
        0.6703999638557434,
        0.7727999687194824,
        0.8466999530792236,
        0.851099967956543,
        0.8532999753952026,
        0.899399995803833,
        0.9210999608039856
    ],
    "epoch_losses": [
        1.4739583333333333,
        1.3450520833333333,
        1.2291666666666667,
        1.2513020833333333,
        1.224609375,
        1.1477864583333333,
        1.119140625,
        1.04296875,
        1.0110677083333333,
        0.9700520833333334
    ]
}