{
    "opt": {
        "train_epochs": 9.9,
        "batch_size": 1536,
        "lr": 17.25,
        "momentum": 0.85,
        "weight_decay": 0.0153,
        "bias_scaler": 64.0,
        "label_smoothing": 0.2,
        "whiten_bias_epochs": 3
    },
    "aug": {
        "flip": true,
        "translate": 2
    },
    "net": {
        "widths": {
            "block1": 64,
            "block2": 256,
            "block3": 256
        },
        "batchnorm_momentum": 0.6,
        "scaling_factor": 0.1111111111111111,
        "tta_level": 2
    },
    "random_seed": 99,
    "git_commit_hash": "85402c5c6fafc553256ddda6a38a5e86792e3fed",
    "elapsed_wclock_time": 3.693348638057709,
    "final acc": 0.9332999587059021,
    "last batch loss": 0.9791666666666666,
    "epoch_val_accs": [
        0.6200999617576599,
        0.46769997477531433,
        0.6196999549865723,
        0.6033999919891357,
        0.7965999841690063,
        0.7633999586105347,
        0.8007999658584595,
        0.8698999881744385,
        0.8987999558448792,
        0.9210000038146973
    ],
    "epoch_losses": [
        1.5234375,
        1.359375,
        1.3111979166666667,
        1.2701822916666667,
        1.1536458333333333,
        1.1634114583333333,
        1.1171875,
        1.0299479166666667,
        1.0013020833333333,
        0.9791666666666666
    ]
}