{
    "opt": {
        "train_epochs": 9.9,
        "batch_size": 1536,
        "lr": 17.25,
        "momentum": 0.85,
        "weight_decay": 0.0153,
        "bias_scaler": 64.0,
        "label_smoothing": 0.2,
        "whiten_bias_epochs": 3
    },
    "aug": {
        "flip": true,
        "translate": 2
    },
    "net": {
        "widths": {
            "block1": 64,
            "block2": 256,
            "block3": 256
        },
        "batchnorm_momentum": 0.6,
        "scaling_factor": 0.1111111111111111,
        "tta_level": 2
    },
    "random_seed": 99,
    "git_commit_hash": "85402c5c6fafc553256ddda6a38a5e86792e3fed",
    "elapsed_wclock_time": 3.6076260874271395,
    "final acc": 0.9289000034332275,
    "last batch loss": 0.9772135416666666,
    "epoch_val_accs": [
        0.5496000051498413,
        0.5636000037193298,
        0.42879998683929443,
        0.4657999873161316,
        0.7211999893188477,
        0.7890999913215637,
        0.7961999773979187,
        0.8840999603271484,
        0.9050999879837036,
        0.920699954032898
    ],
    "epoch_losses": [
        1.4830729166666667,
        1.4010416666666667,
        1.3776041666666667,
        1.2161458333333333,
        1.1809895833333333,
        1.1223958333333333,
        1.1067708333333333,
        1.05859375,
        1.0123697916666667,
        0.9772135416666666
    ]
}