{
    "opt": {
        "train_epochs": 9.9,
        "batch_size": 1536,
        "lr": 17.25,
        "momentum": 0.85,
        "weight_decay": 0.0153,
        "bias_scaler": 64.0,
        "label_smoothing": 0.2,
        "whiten_bias_epochs": 3
    },
    "aug": {
        "flip": true,
        "translate": 2
    },
    "net": {
        "widths": {
            "block1": 64,
            "block2": 256,
            "block3": 256
        },
        "batchnorm_momentum": 0.6,
        "scaling_factor": 0.1111111111111111,
        "tta_level": 2
    },
    "random_seed": 99,
    "git_commit_hash": "85402c5c6fafc553256ddda6a38a5e86792e3fed",
    "elapsed_wclock_time": 3.6064860701560972,
    "final acc": 0.9287999868392944,
    "last batch loss": 0.9596354166666666,
    "epoch_val_accs": [
        0.6329999566078186,
        0.621399998664856,
        0.6542999744415283,
        0.5834000110626221,
        0.8071999549865723,
        0.7767999768257141,
        0.8269000053405762,
        0.8899999856948853,
        0.9048999547958374,
        0.920699954032898
    ],
    "epoch_losses": [
        1.4947916666666667,
        1.3580729166666667,
        1.29296875,
        1.267578125,
        1.154296875,
        1.1302083333333333,
        1.09375,
        1.0358072916666667,
        1.0084635416666667,
        0.9596354166666666
    ]
}