{
    "opt": {
        "train_epochs": 9.9,
        "batch_size": 1536,
        "lr": 17.25,
        "momentum": 0.85,
        "weight_decay": 0.0153,
        "bias_scaler": 64.0,
        "label_smoothing": 0.2,
        "whiten_bias_epochs": 3
    },
    "aug": {
        "flip": true,
        "translate": 2
    },
    "net": {
        "widths": {
            "block1": 64,
            "block2": 256,
            "block3": 256
        },
        "batchnorm_momentum": 0.6,
        "scaling_factor": 0.1111111111111111,
        "tta_level": 2
    },
    "random_seed": 99,
    "git_commit_hash": "85402c5c6fafc553256ddda6a38a5e86792e3fed",
    "elapsed_wclock_time": 3.697699244499206,
    "final acc": 0.9307999610900879,
    "last batch loss": 0.9694010416666666,
    "epoch_val_accs": [
        0.5936999917030334,
        0.43219998478889465,
        0.7409999966621399,
        0.5740999579429626,
        0.6777999997138977,
        0.793999969959259,
        0.7936999797821045,
        0.8851999640464783,
        0.9055999517440796,
        0.9211999773979187
    ],
    "epoch_losses": [
        1.4505208333333333,
        1.4127604166666667,
        1.2623697916666667,
        1.2610677083333333,
        1.2102864583333333,
        1.1217447916666667,
        1.123046875,
        1.033203125,
        1.0078125,
        0.9694010416666666
    ]
}