{
    "opt": {
        "train_epochs": 9.9,
        "batch_size": 1536,
        "lr": 17.25,
        "momentum": 0.85,
        "weight_decay": 0.0153,
        "bias_scaler": 64.0,
        "label_smoothing": 0.2,
        "whiten_bias_epochs": 3
    },
    "aug": {
        "flip": true,
        "translate": 2
    },
    "net": {
        "widths": {
            "block1": 64,
            "block2": 256,
            "block3": 256
        },
        "batchnorm_momentum": 0.6,
        "scaling_factor": 0.1111111111111111,
        "tta_level": 2
    },
    "random_seed": 99,
    "git_commit_hash": "85402c5c6fafc553256ddda6a38a5e86792e3fed",
    "elapsed_wclock_time": 3.7001670637130735,
    "final acc": 0.9287999868392944,
    "last batch loss": 0.9694010416666666,
    "epoch_val_accs": [
        0.6144999861717224,
        0.4156000018119812,
        0.5641999840736389,
        0.6891999840736389,
        0.743399977684021,
        0.805899977684021,
        0.8211999535560608,
        0.8894000053405762,
        0.9056999683380127,
        0.9210000038146973
    ],
    "epoch_losses": [
        1.4778645833333333,
        1.3919270833333333,
        1.2708333333333333,
        1.2272135416666667,
        1.1634114583333333,
        1.154296875,
        1.0826822916666667,
        1.0377604166666667,
        1.0071614583333333,
        0.9694010416666666
    ]
}