{
    "opt": {
        "train_epochs": 9.9,
        "batch_size": 1536,
        "lr": 17.25,
        "momentum": 0.85,
        "weight_decay": 0.0153,
        "bias_scaler": 64.0,
        "label_smoothing": 0.2,
        "whiten_bias_epochs": 3
    },
    "aug": {
        "flip": true,
        "translate": 2
    },
    "net": {
        "widths": {
            "block1": 64,
            "block2": 256,
            "block3": 256
        },
        "batchnorm_momentum": 0.6,
        "scaling_factor": 0.1111111111111111,
        "tta_level": 2
    },
    "random_seed": 99,
    "git_commit_hash": "85402c5c6fafc553256ddda6a38a5e86792e3fed",
    "elapsed_wclock_time": 3.692268948078156,
    "final acc": 0.929099977016449,
    "last batch loss": 0.97265625,
    "epoch_val_accs": [
        0.5726000070571899,
        0.6900999546051025,
        0.6259999871253967,
        0.7387999892234802,
        0.6735000014305115,
        0.7797999978065491,
        0.8154000043869019,
        0.8935999870300293,
        0.9027999639511108,
        0.9222999811172485
    ],
    "epoch_losses": [
        1.5403645833333333,
        1.3528645833333333,
        1.2682291666666667,
        1.2272135416666667,
        1.2115885416666667,
        1.1438802083333333,
        1.1022135416666667,
        1.046875,
        1.0319010416666667,
        0.97265625
    ]
}