{
    "opt": {
        "train_epochs": 9.9,
        "batch_size": 1536,
        "lr": 17.25,
        "momentum": 0.85,
        "weight_decay": 0.0153,
        "bias_scaler": 64.0,
        "label_smoothing": 0.2,
        "whiten_bias_epochs": 3
    },
    "aug": {
        "flip": true,
        "translate": 2
    },
    "net": {
        "widths": {
            "block1": 64,
            "block2": 256,
            "block3": 256
        },
        "batchnorm_momentum": 0.6,
        "scaling_factor": 0.1111111111111111,
        "tta_level": 2
    },
    "random_seed": 99,
    "git_commit_hash": "85402c5c6fafc553256ddda6a38a5e86792e3fed",
    "elapsed_wclock_time": 3.799046189785004,
    "final acc": 0.9289999604225159,
    "last batch loss": 0.9798177083333334,
    "epoch_val_accs": [
        0.6255999803543091,
        0.5645999908447266,
        0.553600013256073,
        0.5047999620437622,
        0.7279999852180481,
        0.8262999653816223,
        0.8550999760627747,
        0.8716999888420105,
        0.9055999517440796,
        0.9215999841690063
    ],
    "epoch_losses": [
        1.4973958333333333,
        1.4518229166666667,
        1.2734375,
        1.2936197916666667,
        1.18359375,
        1.1588541666666667,
        1.0885416666666667,
        1.0364583333333333,
        1.0162760416666667,
        0.9798177083333334
    ]
}