{
    "opt": {
        "train_epochs": 9.9,
        "batch_size": 1536,
        "lr": 17.25,
        "momentum": 0.85,
        "weight_decay": 0.0153,
        "bias_scaler": 64.0,
        "label_smoothing": 0.2,
        "whiten_bias_epochs": 3
    },
    "aug": {
        "flip": true,
        "translate": 2
    },
    "net": {
        "widths": {
            "block1": 64,
            "block2": 256,
            "block3": 256
        },
        "batchnorm_momentum": 0.6,
        "scaling_factor": 0.1111111111111111,
        "tta_level": 2
    },
    "random_seed": 99,
    "git_commit_hash": "85402c5c6fafc553256ddda6a38a5e86792e3fed",
    "elapsed_wclock_time": 3.637613922595978,
    "final acc": 0.9303999543190002,
    "last batch loss": 0.9694010416666666,
    "epoch_val_accs": [
        0.5751000046730042,
        0.2750000059604645,
        0.6620999574661255,
        0.6110000014305115,
        0.5724999904632568,
        0.7919999957084656,
        0.8623999953269958,
        0.8783999681472778,
        0.8959999680519104,
        0.9225999712944031
    ],
    "epoch_losses": [
        1.5130208333333333,
        1.3971354166666667,
        1.2623697916666667,
        1.2389322916666667,
        1.1920572916666667,
        1.1451822916666667,
        1.0872395833333333,
        1.046875,
        1.0032552083333333,
        0.9694010416666666
    ]
}