{
    "opt": {
        "train_epochs": 9.9,
        "batch_size": 1536,
        "lr": 17.25,
        "momentum": 0.85,
        "weight_decay": 0.0153,
        "bias_scaler": 64.0,
        "label_smoothing": 0.2,
        "whiten_bias_epochs": 3
    },
    "aug": {
        "flip": true,
        "translate": 2
    },
    "net": {
        "widths": {
            "block1": 64,
            "block2": 256,
            "block3": 256
        },
        "batchnorm_momentum": 0.6,
        "scaling_factor": 0.1111111111111111,
        "tta_level": 2
    },
    "random_seed": 99,
    "git_commit_hash": "85402c5c6fafc553256ddda6a38a5e86792e3fed",
    "elapsed_wclock_time": 3.6907557866573333,
    "final acc": 0.9298999905586243,
    "last batch loss": 0.958984375,
    "epoch_val_accs": [
        0.5643999576568604,
        0.6290000081062317,
        0.626800000667572,
        0.6305999755859375,
        0.7390999794006348,
        0.8220999836921692,
        0.7877999544143677,
        0.8880999684333801,
        0.9070000052452087,
        0.9205999970436096
    ],
    "epoch_losses": [
        1.51171875,
        1.3697916666666667,
        1.2688802083333333,
        1.2337239583333333,
        1.1946614583333333,
        1.1302083333333333,
        1.1061197916666667,
        1.037109375,
        1.0201822916666667,
        0.958984375
    ]
}