{
    "opt": {
        "train_epochs": 9.9,
        "batch_size": 1536,
        "lr": 17.25,
        "momentum": 0.85,
        "weight_decay": 0.0153,
        "bias_scaler": 64.0,
        "label_smoothing": 0.2,
        "whiten_bias_epochs": 3
    },
    "aug": {
        "flip": true,
        "translate": 2
    },
    "net": {
        "widths": {
            "block1": 64,
            "block2": 256,
            "block3": 256
        },
        "batchnorm_momentum": 0.6,
        "scaling_factor": 0.1111111111111111,
        "tta_level": 2
    },
    "random_seed": 99,
    "git_commit_hash": "85402c5c6fafc553256ddda6a38a5e86792e3fed",
    "elapsed_wclock_time": 3.688404644489288,
    "final acc": 0.9328999519348145,
    "last batch loss": 0.982421875,
    "epoch_val_accs": [
        0.642300009727478,
        0.32909998297691345,
        0.5888000130653381,
        0.6704999804496765,
        0.7321999669075012,
        0.8064000010490417,
        0.8644999861717224,
        0.887499988079071,
        0.9038999676704407,
        0.924299955368042
    ],
    "epoch_losses": [
        1.49609375,
        1.3958333333333333,
        1.390625,
        1.251953125,
        1.17578125,
        1.13671875,
        1.0885416666666667,
        1.0455729166666667,
        1.0071614583333333,
        0.982421875
    ]
}