{
    "opt": {
        "train_epochs": 9.9,
        "batch_size": 1536,
        "lr": 17.25,
        "momentum": 0.85,
        "weight_decay": 0.0153,
        "bias_scaler": 64.0,
        "label_smoothing": 0.2,
        "whiten_bias_epochs": 3
    },
    "aug": {
        "flip": true,
        "translate": 2
    },
    "net": {
        "widths": {
            "block1": 64,
            "block2": 256,
            "block3": 256
        },
        "batchnorm_momentum": 0.6,
        "scaling_factor": 0.1111111111111111,
        "tta_level": 2
    },
    "random_seed": 99,
    "git_commit_hash": "85402c5c6fafc553256ddda6a38a5e86792e3fed",
    "elapsed_wclock_time": 3.6868334679603576,
    "final acc": 0.9280999898910522,
    "last batch loss": 0.984375,
    "epoch_val_accs": [
        0.6388999819755554,
        0.5902999639511108,
        0.5917999744415283,
        0.7213000059127808,
        0.8026999831199646,
        0.8463999629020691,
        0.8299999833106995,
        0.8517000079154968,
        0.8998000025749207,
        0.918999969959259
    ],
    "epoch_losses": [
        1.50390625,
        1.3684895833333333,
        1.2591145833333333,
        1.2220052083333333,
        1.1751302083333333,
        1.1295572916666667,
        1.1119791666666667,
        1.0494791666666667,
        1.01171875,
        0.984375
    ]
}