{
    "opt": {
        "train_epochs": 9.9,
        "batch_size": 1536,
        "lr": 17.25,
        "momentum": 0.85,
        "weight_decay": 0.0153,
        "bias_scaler": 64.0,
        "label_smoothing": 0.2,
        "whiten_bias_epochs": 3
    },
    "aug": {
        "flip": true,
        "translate": 2
    },
    "net": {
        "widths": {
            "block1": 64,
            "block2": 256,
            "block3": 256
        },
        "batchnorm_momentum": 0.6,
        "scaling_factor": 0.1111111111111111,
        "tta_level": 2
    },
    "random_seed": 99,
    "git_commit_hash": "85402c5c6fafc553256ddda6a38a5e86792e3fed",
    "elapsed_wclock_time": 3.6953355193138124,
    "final acc": 0.9285999536514282,
    "last batch loss": 0.962890625,
    "epoch_val_accs": [
        0.5870000123977661,
        0.4616999924182892,
        0.6717000007629395,
        0.6085999608039856,
        0.8029999732971191,
        0.7818999886512756,
        0.8011999726295471,
        0.8775999546051025,
        0.9036999940872192,
        0.920199990272522
    ],
    "epoch_losses": [
        1.5104166666666667,
        1.3684895833333333,
        1.2610677083333333,
        1.2265625,
        1.2037760416666667,
        1.146484375,
        1.1022135416666667,
        1.0377604166666667,
        0.9954427083333334,
        0.962890625
    ]
}