{
    "opt": {
        "train_epochs": 9.9,
        "batch_size": 1536,
        "lr": 17.25,
        "momentum": 0.85,
        "weight_decay": 0.0153,
        "bias_scaler": 64.0,
        "label_smoothing": 0.2,
        "whiten_bias_epochs": 3
    },
    "aug": {
        "flip": true,
        "translate": 2
    },
    "net": {
        "widths": {
            "block1": 64,
            "block2": 256,
            "block3": 256
        },
        "batchnorm_momentum": 0.6,
        "scaling_factor": 0.1111111111111111,
        "tta_level": 2
    },
    "random_seed": 99,
    "git_commit_hash": "85402c5c6fafc553256ddda6a38a5e86792e3fed",
    "elapsed_wclock_time": 3.694512768745423,
    "final acc": 0.9320999979972839,
    "last batch loss": 0.9713541666666666,
    "epoch_val_accs": [
        0.6187999844551086,
        0.4138000011444092,
        0.670799970626831,
        0.7398999929428101,
        0.8139999508857727,
        0.8132999539375305,
        0.8466999530792236,
        0.8840999603271484,
        0.9006999731063843,
        0.9212999939918518
    ],
    "epoch_losses": [
        1.4934895833333333,
        1.4192708333333333,
        1.2571614583333333,
        1.2180989583333333,
        1.1979166666666667,
        1.1334635416666667,
        1.103515625,
        1.0423177083333333,
        1.0221354166666667,
        0.9713541666666666
    ]
}