{
    "opt": {
        "train_epochs": 9.9,
        "batch_size": 1536,
        "lr": 17.25,
        "momentum": 0.85,
        "weight_decay": 0.0153,
        "bias_scaler": 64.0,
        "label_smoothing": 0.2,
        "whiten_bias_epochs": 3
    },
    "aug": {
        "flip": true,
        "translate": 2
    },
    "net": {
        "widths": {
            "block1": 64,
            "block2": 256,
            "block3": 256
        },
        "batchnorm_momentum": 0.6,
        "scaling_factor": 0.1111111111111111,
        "tta_level": 2
    },
    "random_seed": 99,
    "git_commit_hash": "85402c5c6fafc553256ddda6a38a5e86792e3fed",
    "elapsed_wclock_time": 3.6041666538715362,
    "final acc": 0.9317999482154846,
    "last batch loss": 0.982421875,
    "epoch_val_accs": [
        0.642300009727478,
        0.566100001335144,
        0.5794000029563904,
        0.6381999850273132,
        0.7626000046730042,
        0.7732999920845032,
        0.8440999984741211,
        0.8782999515533447,
        0.9073999524116516,
        0.9220999479293823
    ],
    "epoch_losses": [
        1.4635416666666667,
        1.3489583333333333,
        1.2994791666666667,
        1.2493489583333333,
        1.1881510416666667,
        1.1165364583333333,
        1.1028645833333333,
        1.03125,
        1.025390625,
        0.982421875
    ]
}