{
    "opt": {
        "train_epochs": 9.9,
        "batch_size": 1536,
        "lr": 17.25,
        "momentum": 0.85,
        "weight_decay": 0.0153,
        "bias_scaler": 64.0,
        "label_smoothing": 0.2,
        "whiten_bias_epochs": 3
    },
    "aug": {
        "flip": true,
        "translate": 2
    },
    "net": {
        "widths": {
            "block1": 64,
            "block2": 256,
            "block3": 256
        },
        "batchnorm_momentum": 0.6,
        "scaling_factor": 0.1111111111111111,
        "tta_level": 2
    },
    "random_seed": 99,
    "git_commit_hash": "85402c5c6fafc553256ddda6a38a5e86792e3fed",
    "elapsed_wclock_time": 3.7144290812015535,
    "final acc": 0.9316999912261963,
    "last batch loss": 0.966796875,
    "epoch_val_accs": [
        0.5500999689102173,
        0.41669997572898865,
        0.7665999531745911,
        0.5259999632835388,
        0.5717999935150146,
        0.7184999585151672,
        0.8411999940872192,
        0.8847000002861023,
        0.902899980545044,
        0.9236999750137329
    ],
    "epoch_losses": [
        1.4973958333333333,
        1.4075520833333333,
        1.23046875,
        1.236328125,
        1.1901041666666667,
        1.1510416666666667,
        1.0930989583333333,
        1.0377604166666667,
        0.9986979166666666,
        0.966796875
    ]
}