{
    "opt": {
        "train_epochs": 9.9,
        "batch_size": 1536,
        "lr": 17.25,
        "momentum": 0.85,
        "weight_decay": 0.0153,
        "bias_scaler": 64.0,
        "label_smoothing": 0.2,
        "whiten_bias_epochs": 3
    },
    "aug": {
        "flip": true,
        "translate": 2
    },
    "net": {
        "widths": {
            "block1": 64,
            "block2": 256,
            "block3": 256
        },
        "batchnorm_momentum": 0.6,
        "scaling_factor": 0.1111111111111111,
        "tta_level": 2
    },
    "random_seed": 99,
    "git_commit_hash": "85402c5c6fafc553256ddda6a38a5e86792e3fed",
    "elapsed_wclock_time": 3.730064674377441,
    "final acc": 0.9285999536514282,
    "last batch loss": 0.9680989583333334,
    "epoch_val_accs": [
        0.5746999979019165,
        0.6211999654769897,
        0.7271999716758728,
        0.7206000089645386,
        0.7405999898910522,
        0.8082999587059021,
        0.8309999704360962,
        0.8810999989509583,
        0.9053999781608582,
        0.9182999730110168
    ],
    "epoch_losses": [
        1.5377604166666667,
        1.40234375,
        1.2565104166666667,
        1.23046875,
        1.18359375,
        1.1165364583333333,
        1.1015625,
        1.0481770833333333,
        1.0169270833333333,
        0.9680989583333334
    ]
}