{
    "opt": {
        "train_epochs": 9.9,
        "batch_size": 1536,
        "lr": 17.25,
        "momentum": 0.85,
        "weight_decay": 0.0153,
        "bias_scaler": 64.0,
        "label_smoothing": 0.2,
        "whiten_bias_epochs": 3
    },
    "aug": {
        "flip": true,
        "translate": 2
    },
    "net": {
        "widths": {
            "block1": 64,
            "block2": 256,
            "block3": 256
        },
        "batchnorm_momentum": 0.6,
        "scaling_factor": 0.1111111111111111,
        "tta_level": 2
    },
    "random_seed": 99,
    "git_commit_hash": "85402c5c6fafc553256ddda6a38a5e86792e3fed",
    "elapsed_wclock_time": 3.7202423236370086,
    "final acc": 0.9298999905586243,
    "last batch loss": 0.9720052083333334,
    "epoch_val_accs": [
        0.6315000057220459,
        0.5299999713897705,
        0.6334999799728394,
        0.6783999800682068,
        0.711899995803833,
        0.8119999766349792,
        0.8258999586105347,
        0.890999972820282,
        0.9032999873161316,
        0.9212999939918518
    ],
    "epoch_losses": [
        1.5260416666666667,
        1.4127604166666667,
        1.2766927083333333,
        1.2018229166666667,
        1.205078125,
        1.1354166666666667,
        1.1041666666666667,
        1.044921875,
        1.0110677083333333,
        0.9720052083333334
    ]
}