{
    "opt": {
        "train_epochs": 9.9,
        "batch_size": 1536,
        "lr": 17.25,
        "momentum": 0.85,
        "weight_decay": 0.0153,
        "bias_scaler": 64.0,
        "label_smoothing": 0.2,
        "whiten_bias_epochs": 3
    },
    "aug": {
        "flip": true,
        "translate": 2
    },
    "net": {
        "widths": {
            "block1": 64,
            "block2": 256,
            "block3": 256
        },
        "batchnorm_momentum": 0.6,
        "scaling_factor": 0.1111111111111111,
        "tta_level": 2
    },
    "random_seed": 99,
    "git_commit_hash": "85402c5c6fafc553256ddda6a38a5e86792e3fed",
    "elapsed_wclock_time": 3.8000583496093747,
    "final acc": 0.9320999979972839,
    "last batch loss": 0.98828125,
    "epoch_val_accs": [
        0.6080999970436096,
        0.5927000045776367,
        0.7324000000953674,
        0.7437999844551086,
        0.767300009727478,
        0.8359999656677246,
        0.8414999842643738,
        0.8815000057220459,
        0.8887999653816223,
        0.9246999621391296
    ],
    "epoch_losses": [
        1.4895833333333333,
        1.4075520833333333,
        1.279296875,
        1.2467447916666667,
        1.1712239583333333,
        1.1100260416666667,
        1.1028645833333333,
        1.02734375,
        1.0201822916666667,
        0.98828125
    ]
}