{
    "opt": {
        "train_epochs": 9.9,
        "batch_size": 1536,
        "lr": 17.25,
        "momentum": 0.85,
        "weight_decay": 0.0153,
        "bias_scaler": 64.0,
        "label_smoothing": 0.2,
        "whiten_bias_epochs": 3
    },
    "aug": {
        "flip": true,
        "translate": 2
    },
    "net": {
        "widths": {
            "block1": 64,
            "block2": 256,
            "block3": 256
        },
        "batchnorm_momentum": 0.6,
        "scaling_factor": 0.1111111111111111,
        "tta_level": 2
    },
    "random_seed": 99,
    "git_commit_hash": "85402c5c6fafc553256ddda6a38a5e86792e3fed",
    "elapsed_wclock_time": 3.6474860658645625,
    "final acc": 0.9281999468803406,
    "last batch loss": 0.9733072916666666,
    "epoch_val_accs": [
        0.5967000126838684,
        0.4213999807834625,
        0.7087999582290649,
        0.7734000086784363,
        0.7792999744415283,
        0.7895999550819397,
        0.8671000003814697,
        0.8811999559402466,
        0.899899959564209,
        0.9210000038146973
    ],
    "epoch_losses": [
        1.4934895833333333,
        1.4544270833333333,
        1.2565104166666667,
        1.2239583333333333,
        1.17578125,
        1.140625,
        1.091796875,
        1.0462239583333333,
        1.029296875,
        0.9733072916666666
    ]
}