{
    "opt": {
        "train_epochs": 9.9,
        "batch_size": 1536,
        "lr": 17.25,
        "momentum": 0.85,
        "weight_decay": 0.0153,
        "bias_scaler": 64.0,
        "label_smoothing": 0.2,
        "whiten_bias_epochs": 3
    },
    "aug": {
        "flip": true,
        "translate": 2
    },
    "net": {
        "widths": {
            "block1": 64,
            "block2": 256,
            "block3": 256
        },
        "batchnorm_momentum": 0.6,
        "scaling_factor": 0.1111111111111111,
        "tta_level": 2
    },
    "random_seed": 99,
    "git_commit_hash": "85402c5c6fafc553256ddda6a38a5e86792e3fed",
    "elapsed_wclock_time": 3.7304642486572264,
    "final acc": 0.9292999505996704,
    "last batch loss": 0.9661458333333334,
    "epoch_val_accs": [
        0.4925999939441681,
        0.6784999966621399,
        0.6459999680519104,
        0.7067999839782715,
        0.8054999709129333,
        0.7929999828338623,
        0.8447999954223633,
        0.8417999744415283,
        0.9042999744415283,
        0.9192000031471252
    ],
    "epoch_losses": [
        1.55859375,
        1.3515625,
        1.2936197916666667,
        1.2337239583333333,
        1.205078125,
        1.15625,
        1.0983072916666667,
        1.041015625,
        1.021484375,
        0.9661458333333334
    ]
}