{
    "opt": {
        "train_epochs": 9.9,
        "batch_size": 1536,
        "lr": 17.25,
        "momentum": 0.85,
        "weight_decay": 0.0153,
        "bias_scaler": 64.0,
        "label_smoothing": 0.2,
        "whiten_bias_epochs": 3
    },
    "aug": {
        "flip": true,
        "translate": 2
    },
    "net": {
        "widths": {
            "block1": 64,
            "block2": 256,
            "block3": 256
        },
        "batchnorm_momentum": 0.6,
        "scaling_factor": 0.1111111111111111,
        "tta_level": 2
    },
    "random_seed": 99,
    "git_commit_hash": "85402c5c6fafc553256ddda6a38a5e86792e3fed",
    "elapsed_wclock_time": 3.7248517153263085,
    "final acc": 0.9304999709129333,
    "last batch loss": 0.9720052083333334,
    "epoch_val_accs": [
        0.6568999886512756,
        0.34549999237060547,
        0.655299961566925,
        0.6333000063896179,
        0.8061999678611755,
        0.7888999581336975,
        0.8303999900817871,
        0.8727999925613403,
        0.901199996471405,
        0.9205999970436096
    ],
    "epoch_losses": [
        1.515625,
        1.4036458333333333,
        1.2786458333333333,
        1.2486979166666667,
        1.2005208333333333,
        1.134765625,
        1.0911458333333333,
        1.046875,
        1.025390625,
        0.9720052083333334
    ]
}