{
    "opt": {
        "train_epochs": 9.9,
        "batch_size": 1536,
        "lr": 17.25,
        "momentum": 0.85,
        "weight_decay": 0.0153,
        "bias_scaler": 64.0,
        "label_smoothing": 0.2,
        "whiten_bias_epochs": 3
    },
    "aug": {
        "flip": true,
        "translate": 2
    },
    "net": {
        "widths": {
            "block1": 64,
            "block2": 256,
            "block3": 256
        },
        "batchnorm_momentum": 0.6,
        "scaling_factor": 0.1111111111111111,
        "tta_level": 2
    },
    "random_seed": 99,
    "git_commit_hash": "85402c5c6fafc553256ddda6a38a5e86792e3fed",
    "elapsed_wclock_time": 3.807318549871445,
    "final acc": 0.9298999905586243,
    "last batch loss": 0.98828125,
    "epoch_val_accs": [
        0.567799985408783,
        0.4490000009536743,
        0.7371999621391296,
        0.7723000049591064,
        0.7755999565124512,
        0.8000999689102173,
        0.7949000000953674,
        0.8833000063896179,
        0.896399974822998,
        0.9240999817848206
    ],
    "epoch_losses": [
        1.4921875,
        1.3450520833333333,
        1.2747395833333333,
        1.2604166666666667,
        1.2154947916666667,
        1.15625,
        1.119140625,
        1.0423177083333333,
        1.0110677083333333,
        0.98828125
    ]
}