{
    "opt": {
        "train_epochs": 9.9,
        "batch_size": 1536,
        "lr": 17.25,
        "momentum": 0.85,
        "weight_decay": 0.0153,
        "bias_scaler": 64.0,
        "label_smoothing": 0.2,
        "whiten_bias_epochs": 3
    },
    "aug": {
        "flip": true,
        "translate": 2
    },
    "net": {
        "widths": {
            "block1": 64,
            "block2": 256,
            "block3": 256
        },
        "batchnorm_momentum": 0.6,
        "scaling_factor": 0.1111111111111111,
        "tta_level": 2
    },
    "random_seed": 99,
    "git_commit_hash": "85402c5c6fafc553256ddda6a38a5e86792e3fed",
    "elapsed_wclock_time": 3.730594863891601,
    "final acc": 0.9289999604225159,
    "last batch loss": 0.97265625,
    "epoch_val_accs": [
        0.5360999703407288,
        0.6509999632835388,
        0.6215999722480774,
        0.6554999947547913,
        0.7360000014305115,
        0.8057000041007996,
        0.8333999514579773,
        0.8752999901771545,
        0.9096999764442444,
        0.9199999570846558
    ],
    "epoch_losses": [
        1.50390625,
        1.3515625,
        1.2701822916666667,
        1.2630208333333333,
        1.1901041666666667,
        1.1354166666666667,
        1.1061197916666667,
        1.0299479166666667,
        1.017578125,
        0.97265625
    ]
}