{
    "opt": {
        "train_epochs": 9.9,
        "batch_size": 1536,
        "lr": 17.25,
        "momentum": 0.85,
        "weight_decay": 0.0153,
        "bias_scaler": 64.0,
        "label_smoothing": 0.2,
        "whiten_bias_epochs": 3
    },
    "aug": {
        "flip": true,
        "translate": 2
    },
    "net": {
        "widths": {
            "block1": 64,
            "block2": 256,
            "block3": 256
        },
        "batchnorm_momentum": 0.6,
        "scaling_factor": 0.1111111111111111,
        "tta_level": 2
    },
    "random_seed": 99,
    "git_commit_hash": "85402c5c6fafc553256ddda6a38a5e86792e3fed",
    "elapsed_wclock_time": 3.6896389367580413,
    "final acc": 0.9281999468803406,
    "last batch loss": 0.970703125,
    "epoch_val_accs": [
        0.5503999590873718,
        0.524399995803833,
        0.7184000015258789,
        0.7170999646186829,
        0.8331999778747559,
        0.7217999696731567,
        0.8241999745368958,
        0.8865000009536743,
        0.9075999855995178,
        0.9202999472618103
    ],
    "epoch_losses": [
        1.5234375,
        1.4596354166666667,
        1.2454427083333333,
        1.244140625,
        1.1705729166666667,
        1.1354166666666667,
        1.1002604166666667,
        1.0325520833333333,
        1.0052083333333333,
        0.970703125
    ]
}