{
    "opt": {
        "train_epochs": 9.9,
        "batch_size": 1536,
        "lr": 17.25,
        "momentum": 0.85,
        "weight_decay": 0.0153,
        "bias_scaler": 64.0,
        "label_smoothing": 0.2,
        "whiten_bias_epochs": 3
    },
    "aug": {
        "flip": true,
        "translate": 2
    },
    "net": {
        "widths": {
            "block1": 64,
            "block2": 256,
            "block3": 256
        },
        "batchnorm_momentum": 0.6,
        "scaling_factor": 0.1111111111111111,
        "tta_level": 2
    },
    "random_seed": 99,
    "git_commit_hash": "85402c5c6fafc553256ddda6a38a5e86792e3fed",
    "elapsed_wclock_time": 3.69691214799881,
    "final acc": 0.9299999475479126,
    "last batch loss": 0.9772135416666666,
    "epoch_val_accs": [
        0.6275999546051025,
        0.660099983215332,
        0.7157999873161316,
        0.5358999967575073,
        0.7211999893188477,
        0.7458999752998352,
        0.7990999817848206,
        0.8923999667167664,
        0.8939999938011169,
        0.9241999983787537
    ],
    "epoch_losses": [
        1.4622395833333333,
        1.37109375,
        1.287109375,
        1.2513020833333333,
        1.23046875,
        1.1341145833333333,
        1.0891927083333333,
        1.0397135416666667,
        1.0104166666666667,
        0.9772135416666666
    ]
}