{
    "opt": {
        "train_epochs": 9.9,
        "batch_size": 1536,
        "lr": 17.25,
        "momentum": 0.85,
        "weight_decay": 0.0153,
        "bias_scaler": 64.0,
        "label_smoothing": 0.2,
        "whiten_bias_epochs": 3
    },
    "aug": {
        "flip": true,
        "translate": 2
    },
    "net": {
        "widths": {
            "block1": 64,
            "block2": 256,
            "block3": 256
        },
        "batchnorm_momentum": 0.6,
        "scaling_factor": 0.1111111111111111,
        "tta_level": 2
    },
    "random_seed": 99,
    "git_commit_hash": "85402c5c6fafc553256ddda6a38a5e86792e3fed",
    "elapsed_wclock_time": 3.727842025518417,
    "final acc": 0.9307000041007996,
    "last batch loss": 0.9700520833333334,
    "epoch_val_accs": [
        0.6535999774932861,
        0.6003000140190125,
        0.7595999836921692,
        0.6875999569892883,
        0.7701999545097351,
        0.8276999592781067,
        0.8222000002861023,
        0.8810999989509583,
        0.9053999781608582,
        0.923799991607666
    ],
    "epoch_losses": [
        1.578125,
        1.4166666666666667,
        1.2578125,
        1.2506510416666667,
        1.1861979166666667,
        1.1393229166666667,
        1.1178385416666667,
        1.044921875,
        0.9947916666666666,
        0.9700520833333334
    ]
}