{
    "opt": {
        "train_epochs": 9.9,
        "batch_size": 1536,
        "lr": 17.25,
        "momentum": 0.85,
        "weight_decay": 0.0153,
        "bias_scaler": 64.0,
        "label_smoothing": 0.2,
        "whiten_bias_epochs": 3
    },
    "aug": {
        "flip": true,
        "translate": 2
    },
    "net": {
        "widths": {
            "block1": 64,
            "block2": 256,
            "block3": 256
        },
        "batchnorm_momentum": 0.6,
        "scaling_factor": 0.1111111111111111,
        "tta_level": 2
    },
    "random_seed": 99,
    "git_commit_hash": "85402c5c6fafc553256ddda6a38a5e86792e3fed",
    "elapsed_wclock_time": 3.7258624134063725,
    "final acc": 0.9297999739646912,
    "last batch loss": 0.9811197916666666,
    "epoch_val_accs": [
        0.6317999958992004,
        0.5175999999046326,
        0.6607999801635742,
        0.6888999938964844,
        0.8208999633789062,
        0.8003999590873718,
        0.8533999919891357,
        0.883899986743927,
        0.902999997138977,
        0.9194999933242798
    ],
    "epoch_losses": [
        1.5794270833333333,
        1.3489583333333333,
        1.2923177083333333,
        1.2662760416666667,
        1.177734375,
        1.1360677083333333,
        1.0891927083333333,
        1.0416666666666667,
        1.0045572916666667,
        0.9811197916666666
    ]
}