{
    "opt": {
        "train_epochs": 9.9,
        "batch_size": 1536,
        "lr": 17.25,
        "momentum": 0.85,
        "weight_decay": 0.0153,
        "bias_scaler": 64.0,
        "label_smoothing": 0.2,
        "whiten_bias_epochs": 3
    },
    "aug": {
        "flip": true,
        "translate": 2
    },
    "net": {
        "widths": {
            "block1": 64,
            "block2": 256,
            "block3": 256
        },
        "batchnorm_momentum": 0.6,
        "scaling_factor": 0.1111111111111111,
        "tta_level": 2
    },
    "random_seed": 99,
    "git_commit_hash": "85402c5c6fafc553256ddda6a38a5e86792e3fed",
    "elapsed_wclock_time": 3.8079208755493164,
    "final acc": 0.929099977016449,
    "last batch loss": 0.9778645833333334,
    "epoch_val_accs": [
        0.5823999643325806,
        0.4641999900341034,
        0.6674999594688416,
        0.5896999835968018,
        0.7821999788284302,
        0.7910999655723572,
        0.8102999925613403,
        0.8888999819755554,
        0.9043999910354614,
        0.9220999479293823
    ],
    "epoch_losses": [
        1.53125,
        1.4778645833333333,
        1.3111979166666667,
        1.2799479166666667,
        1.1848958333333333,
        1.15234375,
        1.115234375,
        1.0475260416666667,
        1.0084635416666667,
        0.9778645833333334
    ]
}