{
    "opt": {
        "train_epochs": 9.9,
        "batch_size": 1536,
        "lr": 17.25,
        "momentum": 0.85,
        "weight_decay": 0.0153,
        "bias_scaler": 64.0,
        "label_smoothing": 0.2,
        "whiten_bias_epochs": 3
    },
    "aug": {
        "flip": true,
        "translate": 2
    },
    "net": {
        "widths": {
            "block1": 64,
            "block2": 256,
            "block3": 256
        },
        "batchnorm_momentum": 0.6,
        "scaling_factor": 0.1111111111111111,
        "tta_level": 2
    },
    "random_seed": 99,
    "git_commit_hash": "85402c5c6fafc553256ddda6a38a5e86792e3fed",
    "elapsed_wclock_time": 3.727302789688111,
    "final acc": 0.9289000034332275,
    "last batch loss": 0.974609375,
    "epoch_val_accs": [
        0.557200014591217,
        0.32499998807907104,
        0.7220999598503113,
        0.7407999634742737,
        0.6399999856948853,
        0.8100999593734741,
        0.8549000024795532,
        0.8728999495506287,
        0.8958999514579773,
        0.9205999970436096
    ],
    "epoch_losses": [
        1.4934895833333333,
        1.3619791666666667,
        1.2473958333333333,
        1.19921875,
        1.2180989583333333,
        1.1451822916666667,
        1.1015625,
        1.052734375,
        1.0006510416666667,
        0.974609375
    ]
}