{
    "opt": {
        "train_epochs": 9.9,
        "batch_size": 1536,
        "lr": 17.25,
        "momentum": 0.85,
        "weight_decay": 0.0153,
        "bias_scaler": 64.0,
        "label_smoothing": 0.2,
        "whiten_bias_epochs": 3
    },
    "aug": {
        "flip": true,
        "translate": 2
    },
    "net": {
        "widths": {
            "block1": 64,
            "block2": 256,
            "block3": 256
        },
        "batchnorm_momentum": 0.6,
        "scaling_factor": 0.1111111111111111,
        "tta_level": 2
    },
    "random_seed": 99,
    "git_commit_hash": "85402c5c6fafc553256ddda6a38a5e86792e3fed",
    "elapsed_wclock_time": 3.722679236888886,
    "final acc": 0.9302999973297119,
    "last batch loss": 0.9720052083333334,
    "epoch_val_accs": [
        0.5710999965667725,
        0.4075999855995178,
        0.6297999620437622,
        0.6943999528884888,
        0.8181999921798706,
        0.7483999729156494,
        0.7264999747276306,
        0.8816999793052673,
        0.9077999591827393,
        0.9208999872207642
    ],
    "epoch_losses": [
        1.4973958333333333,
        1.484375,
        1.2884114583333333,
        1.2083333333333333,
        1.1901041666666667,
        1.138671875,
        1.1321614583333333,
        1.0208333333333333,
        1.0045572916666667,
        0.9720052083333334
    ]
}