{
    "opt": {
        "train_epochs": 9.9,
        "batch_size": 1536,
        "lr": 17.25,
        "momentum": 0.85,
        "weight_decay": 0.0153,
        "bias_scaler": 64.0,
        "label_smoothing": 0.2,
        "whiten_bias_epochs": 3
    },
    "aug": {
        "flip": true,
        "translate": 2
    },
    "net": {
        "widths": {
            "block1": 64,
            "block2": 256,
            "block3": 256
        },
        "batchnorm_momentum": 0.6,
        "scaling_factor": 0.1111111111111111,
        "tta_level": 2
    },
    "random_seed": 99,
    "git_commit_hash": "85402c5c6fafc553256ddda6a38a5e86792e3fed",
    "elapsed_wclock_time": 3.732354637145996,
    "final acc": 0.9321999549865723,
    "last batch loss": 0.9791666666666666,
    "epoch_val_accs": [
        0.36159998178482056,
        0.5680999755859375,
        0.5741999745368958,
        0.6909999847412109,
        0.674299955368042,
        0.8158999681472778,
        0.8455999493598938,
        0.8816999793052673,
        0.9009999632835388,
        0.9231999516487122
    ],
    "epoch_losses": [
        1.5260416666666667,
        1.4375,
        1.2630208333333333,
        1.2623697916666667,
        1.255859375,
        1.1217447916666667,
        1.0950520833333333,
        1.046875,
        1.00390625,
        0.9791666666666666
    ]
}