{
    "opt": {
        "train_epochs": 9.9,
        "batch_size": 1536,
        "lr": 17.25,
        "momentum": 0.85,
        "weight_decay": 0.0153,
        "bias_scaler": 64.0,
        "label_smoothing": 0.2,
        "whiten_bias_epochs": 3
    },
    "aug": {
        "flip": true,
        "translate": 2
    },
    "net": {
        "widths": {
            "block1": 64,
            "block2": 256,
            "block3": 256
        },
        "batchnorm_momentum": 0.6,
        "scaling_factor": 0.1111111111111111,
        "tta_level": 2
    },
    "random_seed": 99,
    "git_commit_hash": "85402c5c6fafc553256ddda6a38a5e86792e3fed",
    "elapsed_wclock_time": 3.689244079828262,
    "final acc": 0.9294999837875366,
    "last batch loss": 0.966796875,
    "epoch_val_accs": [
        0.6189999580383301,
        0.6735000014305115,
        0.6331999897956848,
        0.5148999691009521,
        0.7443999648094177,
        0.7881999611854553,
        0.8066999912261963,
        0.8765999674797058,
        0.9002999663352966,
        0.9204999804496765
    ],
    "epoch_losses": [
        1.4947916666666667,
        1.3645833333333333,
        1.2864583333333333,
        1.2584635416666667,
        1.1901041666666667,
        1.1302083333333333,
        1.099609375,
        1.0514322916666667,
        1.009765625,
        0.966796875
    ]
}