{
    "opt": {
        "train_epochs": 9.9,
        "batch_size": 1536,
        "lr": 17.25,
        "momentum": 0.85,
        "weight_decay": 0.0153,
        "bias_scaler": 64.0,
        "label_smoothing": 0.2,
        "whiten_bias_epochs": 3
    },
    "aug": {
        "flip": true,
        "translate": 2
    },
    "net": {
        "widths": {
            "block1": 64,
            "block2": 256,
            "block3": 256
        },
        "batchnorm_momentum": 0.6,
        "scaling_factor": 0.1111111111111111,
        "tta_level": 2
    },
    "random_seed": 99,
    "git_commit_hash": "85402c5c6fafc553256ddda6a38a5e86792e3fed",
    "elapsed_wclock_time": 3.6086410932540893,
    "final acc": 0.9284999966621399,
    "last batch loss": 0.9739583333333334,
    "epoch_val_accs": [
        0.5674999952316284,
        0.640500009059906,
        0.6383000016212463,
        0.6617000102996826,
        0.6671000123023987,
        0.8012999892234802,
        0.8154999613761902,
        0.8766999840736389,
        0.8989999890327454,
        0.92249995470047
    ],
    "epoch_losses": [
        1.4895833333333333,
        1.34765625,
        1.3359375,
        1.2154947916666667,
        1.2044270833333333,
        1.1360677083333333,
        1.0989583333333333,
        1.0423177083333333,
        1.0091145833333333,
        0.9739583333333334
    ]
}