{
    "opt": {
        "train_epochs": 9.9,
        "batch_size": 1536,
        "lr": 17.25,
        "momentum": 0.85,
        "weight_decay": 0.0153,
        "bias_scaler": 64.0,
        "label_smoothing": 0.2,
        "whiten_bias_epochs": 3
    },
    "aug": {
        "flip": true,
        "translate": 2
    },
    "net": {
        "widths": {
            "block1": 64,
            "block2": 256,
            "block3": 256
        },
        "batchnorm_momentum": 0.6,
        "scaling_factor": 0.1111111111111111,
        "tta_level": 2
    },
    "random_seed": 99,
    "git_commit_hash": "85402c5c6fafc553256ddda6a38a5e86792e3fed",
    "elapsed_wclock_time": 3.720500384807586,
    "final acc": 0.9282999634742737,
    "last batch loss": 0.9778645833333334,
    "epoch_val_accs": [
        0.5853999853134155,
        0.628600001335144,
        0.6387999653816223,
        0.6460999846458435,
        0.7121999859809875,
        0.833299994468689,
        0.8004999756813049,
        0.886199951171875,
        0.8903999924659729,
        0.9176999926567078
    ],
    "epoch_losses": [
        1.4309895833333333,
        1.37890625,
        1.29296875,
        1.2298177083333333,
        1.171875,
        1.1380208333333333,
        1.0891927083333333,
        1.0345052083333333,
        1.017578125,
        0.9778645833333334
    ]
}