{
    "opt": {
        "train_epochs": 9.9,
        "batch_size": 1536,
        "lr": 17.25,
        "momentum": 0.85,
        "weight_decay": 0.0153,
        "bias_scaler": 64.0,
        "label_smoothing": 0.2,
        "whiten_bias_epochs": 3
    },
    "aug": {
        "flip": true,
        "translate": 2
    },
    "net": {
        "widths": {
            "block1": 64,
            "block2": 256,
            "block3": 256
        },
        "batchnorm_momentum": 0.6,
        "scaling_factor": 0.1111111111111111,
        "tta_level": 2
    },
    "random_seed": 99,
    "git_commit_hash": "85402c5c6fafc553256ddda6a38a5e86792e3fed",
    "elapsed_wclock_time": 3.7227264964580535,
    "final acc": 0.9281999468803406,
    "last batch loss": 0.9733072916666666,
    "epoch_val_accs": [
        0.6311999559402466,
        0.5194999575614929,
        0.6904000043869019,
        0.7645999789237976,
        0.7931999564170837,
        0.7785999774932861,
        0.8316999673843384,
        0.8901000022888184,
        0.8912000060081482,
        0.9195999503135681
    ],
    "epoch_losses": [
        1.5286458333333333,
        1.3919270833333333,
        1.2884114583333333,
        1.2141927083333333,
        1.1998697916666667,
        1.1236979166666667,
        1.111328125,
        1.0358072916666667,
        1.0110677083333333,
        0.9733072916666666
    ]
}