{
    "opt": {
        "train_epochs": 9.9,
        "batch_size": 1536,
        "lr": 17.25,
        "momentum": 0.85,
        "weight_decay": 0.0153,
        "bias_scaler": 64.0,
        "label_smoothing": 0.2,
        "whiten_bias_epochs": 3
    },
    "aug": {
        "flip": true,
        "translate": 2
    },
    "net": {
        "widths": {
            "block1": 64,
            "block2": 256,
            "block3": 256
        },
        "batchnorm_momentum": 0.6,
        "scaling_factor": 0.1111111111111111,
        "tta_level": 2
    },
    "random_seed": 99,
    "git_commit_hash": "85402c5c6fafc553256ddda6a38a5e86792e3fed",
    "elapsed_wclock_time": 3.72564874625206,
    "final acc": 0.9307000041007996,
    "last batch loss": 0.9765625,
    "epoch_val_accs": [
        0.5654999613761902,
        0.49219998717308044,
        0.7468999624252319,
        0.776699960231781,
        0.764799952507019,
        0.774899959564209,
        0.826200008392334,
        0.8702999949455261,
        0.8986999988555908,
        0.9212999939918518
    ],
    "epoch_losses": [
        1.5247395833333333,
        1.35546875,
        1.31640625,
        1.2278645833333333,
        1.2024739583333333,
        1.134765625,
        1.0930989583333333,
        1.0247395833333333,
        1.0091145833333333,
        0.9765625
    ]
}