{
    "opt": {
        "train_epochs": 9.9,
        "batch_size": 1536,
        "lr": 17.25,
        "momentum": 0.85,
        "weight_decay": 0.0153,
        "bias_scaler": 64.0,
        "label_smoothing": 0.2,
        "whiten_bias_epochs": 3
    },
    "aug": {
        "flip": true,
        "translate": 2
    },
    "net": {
        "widths": {
            "block1": 64,
            "block2": 256,
            "block3": 256
        },
        "batchnorm_momentum": 0.6,
        "scaling_factor": 0.1111111111111111,
        "tta_level": 2
    },
    "random_seed": 99,
    "git_commit_hash": "85402c5c6fafc553256ddda6a38a5e86792e3fed",
    "elapsed_wclock_time": 3.6392082648277286,
    "final acc": 0.9319999814033508,
    "last batch loss": 0.9694010416666666,
    "epoch_val_accs": [
        0.6462000012397766,
        0.6194999814033508,
        0.6636999845504761,
        0.6505999565124512,
        0.7033999562263489,
        0.8011999726295471,
        0.8362999558448792,
        0.8720999956130981,
        0.8853999972343445,
        0.9223999977111816
    ],
    "epoch_losses": [
        1.4934895833333333,
        1.3424479166666667,
        1.2897135416666667,
        1.2623697916666667,
        1.1868489583333333,
        1.1438802083333333,
        1.1015625,
        1.0384114583333333,
        1.001953125,
        0.9694010416666666
    ]
}