{
    "opt": {
        "train_epochs": 9.9,
        "batch_size": 1536,
        "lr": 17.25,
        "momentum": 0.85,
        "weight_decay": 0.0153,
        "bias_scaler": 64.0,
        "label_smoothing": 0.2,
        "whiten_bias_epochs": 3
    },
    "aug": {
        "flip": true,
        "translate": 2
    },
    "net": {
        "widths": {
            "block1": 64,
            "block2": 256,
            "block3": 256
        },
        "batchnorm_momentum": 0.6,
        "scaling_factor": 0.1111111111111111,
        "tta_level": 2
    },
    "random_seed": 99,
    "git_commit_hash": "85402c5c6fafc553256ddda6a38a5e86792e3fed",
    "elapsed_wclock_time": 3.589521728992462,
    "final acc": 0.9282999634742737,
    "last batch loss": 0.9830729166666666,
    "epoch_val_accs": [
        0.6186999678611755,
        0.5936999917030334,
        0.704800009727478,
        0.6258999705314636,
        0.6967999935150146,
        0.8342999815940857,
        0.79339998960495,
        0.8745999932289124,
        0.8610999584197998,
        0.9192000031471252
    ],
    "epoch_losses": [
        1.4713541666666667,
        1.39453125,
        1.3092447916666667,
        1.2161458333333333,
        1.248046875,
        1.1588541666666667,
        1.0930989583333333,
        1.0546875,
        1.0201822916666667,
        0.9830729166666666
    ]
}