{
    "opt": {
        "train_epochs": 9.9,
        "batch_size": 1536,
        "lr": 17.25,
        "momentum": 0.85,
        "weight_decay": 0.0153,
        "bias_scaler": 64.0,
        "label_smoothing": 0.2,
        "whiten_bias_epochs": 3
    },
    "aug": {
        "flip": true,
        "translate": 2
    },
    "net": {
        "widths": {
            "block1": 64,
            "block2": 256,
            "block3": 256
        },
        "batchnorm_momentum": 0.6,
        "scaling_factor": 0.1111111111111111,
        "tta_level": 2
    },
    "random_seed": 99,
    "git_commit_hash": "85402c5c6fafc553256ddda6a38a5e86792e3fed",
    "elapsed_wclock_time": 3.612216213226318,
    "final acc": 0.9317999482154846,
    "last batch loss": 0.9765625,
    "epoch_val_accs": [
        0.5900999903678894,
        0.6028000116348267,
        0.6787999868392944,
        0.6510999798774719,
        0.7626000046730042,
        0.8454999923706055,
        0.8075000047683716,
        0.8700999617576599,
        0.9027000069618225,
        0.9230999946594238
    ],
    "epoch_losses": [
        1.5026041666666667,
        1.3463541666666667,
        1.3111979166666667,
        1.2467447916666667,
        1.1666666666666667,
        1.1067708333333333,
        1.0833333333333333,
        1.0423177083333333,
        1.0247395833333333,
        0.9765625
    ]
}