{
    "opt": {
        "train_epochs": 9.9,
        "batch_size": 1536,
        "lr": 17.25,
        "momentum": 0.85,
        "weight_decay": 0.0153,
        "bias_scaler": 64.0,
        "label_smoothing": 0.2,
        "whiten_bias_epochs": 3
    },
    "aug": {
        "flip": true,
        "translate": 2
    },
    "net": {
        "widths": {
            "block1": 64,
            "block2": 256,
            "block3": 256
        },
        "batchnorm_momentum": 0.6,
        "scaling_factor": 0.1111111111111111,
        "tta_level": 2
    },
    "random_seed": 99,
    "git_commit_hash": "85402c5c6fafc553256ddda6a38a5e86792e3fed",
    "elapsed_wclock_time": 3.6885260682106016,
    "final acc": 0.9289000034332275,
    "last batch loss": 0.9778645833333334,
    "epoch_val_accs": [
        0.614300012588501,
        0.5597999691963196,
        0.5730999708175659,
        0.6976999640464783,
        0.763700008392334,
        0.8367999792098999,
        0.8650999665260315,
        0.8847999572753906,
        0.9086999893188477,
        0.9192999601364136
    ],
    "epoch_losses": [
        1.4973958333333333,
        1.3450520833333333,
        1.35546875,
        1.2473958333333333,
        1.177734375,
        1.1321614583333333,
        1.0904947916666667,
        1.03125,
        1.00390625,
        0.9778645833333334
    ]
}