{
    "opt": {
        "train_epochs": 9.9,
        "batch_size": 1536,
        "lr": 17.25,
        "momentum": 0.85,
        "weight_decay": 0.0153,
        "bias_scaler": 64.0,
        "label_smoothing": 0.2,
        "whiten_bias_epochs": 3
    },
    "aug": {
        "flip": true,
        "translate": 2
    },
    "net": {
        "widths": {
            "block1": 64,
            "block2": 256,
            "block3": 256
        },
        "batchnorm_momentum": 0.6,
        "scaling_factor": 0.1111111111111111,
        "tta_level": 2
    },
    "random_seed": 99,
    "git_commit_hash": "85402c5c6fafc553256ddda6a38a5e86792e3fed",
    "elapsed_wclock_time": 3.695408725261688,
    "final acc": 0.929099977016449,
    "last batch loss": 0.958984375,
    "epoch_val_accs": [
        0.6265999674797058,
        0.6004999876022339,
        0.5153999924659729,
        0.772599995136261,
        0.8136000037193298,
        0.8339999914169312,
        0.8482999801635742,
        0.8919999599456787,
        0.9050999879837036,
        0.9199000000953674
    ],
    "epoch_losses": [
        1.51171875,
        1.3528645833333333,
        1.2864583333333333,
        1.2786458333333333,
        1.1927083333333333,
        1.1282552083333333,
        1.1067708333333333,
        1.03125,
        1.029296875,
        0.958984375
    ]
}