{
    "opt": {
        "train_epochs": 9.9,
        "batch_size": 1536,
        "lr": 17.25,
        "momentum": 0.85,
        "weight_decay": 0.0153,
        "bias_scaler": 64.0,
        "label_smoothing": 0.2,
        "whiten_bias_epochs": 3
    },
    "aug": {
        "flip": true,
        "translate": 2
    },
    "net": {
        "widths": {
            "block1": 64,
            "block2": 256,
            "block3": 256
        },
        "batchnorm_momentum": 0.6,
        "scaling_factor": 0.1111111111111111,
        "tta_level": 2
    },
    "random_seed": 99,
    "git_commit_hash": "85402c5c6fafc553256ddda6a38a5e86792e3fed",
    "elapsed_wclock_time": 3.691908263206482,
    "final acc": 0.9304999709129333,
    "last batch loss": 0.9765625,
    "epoch_val_accs": [
        0.5776000022888184,
        0.40070000290870667,
        0.6322999596595764,
        0.6294999718666077,
        0.6997999548912048,
        0.7821999788284302,
        0.8463999629020691,
        0.8679999709129333,
        0.9053999781608582,
        0.9235000014305115
    ],
    "epoch_losses": [
        1.5104166666666667,
        1.4908854166666667,
        1.2669270833333333,
        1.236328125,
        1.2122395833333333,
        1.1608072916666667,
        1.1171875,
        1.046875,
        1.0227864583333333,
        0.9765625
    ]
}