{
    "opt": {
        "train_epochs": 9.9,
        "batch_size": 1536,
        "lr": 17.25,
        "momentum": 0.85,
        "weight_decay": 0.0153,
        "bias_scaler": 64.0,
        "label_smoothing": 0.2,
        "whiten_bias_epochs": 3
    },
    "aug": {
        "flip": true,
        "translate": 2
    },
    "net": {
        "widths": {
            "block1": 64,
            "block2": 256,
            "block3": 256
        },
        "batchnorm_momentum": 0.6,
        "scaling_factor": 0.1111111111111111,
        "tta_level": 2
    },
    "random_seed": 99,
    "git_commit_hash": "85402c5c6fafc553256ddda6a38a5e86792e3fed",
    "elapsed_wclock_time": 3.6368062672615054,
    "final acc": 0.9300999641418457,
    "last batch loss": 0.9680989583333334,
    "epoch_val_accs": [
        0.6421999931335449,
        0.5805999636650085,
        0.4640999734401703,
        0.5110999941825867,
        0.7031999826431274,
        0.8216999769210815,
        0.7856999635696411,
        0.8934999704360962,
        0.9027999639511108,
        0.9213999509811401
    ],
    "epoch_losses": [
        1.4661458333333333,
        1.3658854166666667,
        1.294921875,
        1.2890625,
        1.2447916666666667,
        1.1184895833333333,
        1.0983072916666667,
        1.0390625,
        1.009765625,
        0.9680989583333334
    ]
}