{
    "opt": {
        "train_epochs": 9.9,
        "batch_size": 1536,
        "lr": 17.25,
        "momentum": 0.85,
        "weight_decay": 0.0153,
        "bias_scaler": 64.0,
        "label_smoothing": 0.2,
        "whiten_bias_epochs": 3
    },
    "aug": {
        "flip": true,
        "translate": 2
    },
    "net": {
        "widths": {
            "block1": 64,
            "block2": 256,
            "block3": 256
        },
        "batchnorm_momentum": 0.6,
        "scaling_factor": 0.1111111111111111,
        "tta_level": 2
    },
    "random_seed": 99,
    "git_commit_hash": "85402c5c6fafc553256ddda6a38a5e86792e3fed",
    "elapsed_wclock_time": 3.60636821436882,
    "final acc": 0.9291999936103821,
    "last batch loss": 0.9778645833333334,
    "epoch_val_accs": [
        0.6273999810218811,
        0.46140000224113464,
        0.6750999689102173,
        0.6668999791145325,
        0.7581999897956848,
        0.8425999879837036,
        0.8501999974250793,
        0.8922999501228333,
        0.9036999940872192,
        0.9228999614715576
    ],
    "epoch_losses": [
        1.453125,
        1.328125,
        1.2604166666666667,
        1.255859375,
        1.2135416666666667,
        1.140625,
        1.091796875,
        1.0364583333333333,
        1.0,
        0.9778645833333334
    ]
}