{
    "opt": {
        "train_epochs": 9.9,
        "batch_size": 1536,
        "lr": 17.25,
        "momentum": 0.85,
        "weight_decay": 0.0153,
        "bias_scaler": 64.0,
        "label_smoothing": 0.2,
        "whiten_bias_epochs": 3
    },
    "aug": {
        "flip": true,
        "translate": 2
    },
    "net": {
        "widths": {
            "block1": 64,
            "block2": 256,
            "block3": 256
        },
        "batchnorm_momentum": 0.6,
        "scaling_factor": 0.1111111111111111,
        "tta_level": 2
    },
    "random_seed": 99,
    "git_commit_hash": "85402c5c6fafc553256ddda6a38a5e86792e3fed",
    "elapsed_wclock_time": 3.635403248786926,
    "final acc": 0.9314000010490417,
    "last batch loss": 0.9674479166666666,
    "epoch_val_accs": [
        0.6450999975204468,
        0.4940999746322632,
        0.6904999613761902,
        0.5892999768257141,
        0.637499988079071,
        0.7892000079154968,
        0.7866999506950378,
        0.889799952507019,
        0.90829998254776,
        0.9253999590873718
    ],
    "epoch_losses": [
        1.55859375,
        1.3463541666666667,
        1.3177083333333333,
        1.2122395833333333,
        1.2024739583333333,
        1.1432291666666667,
        1.103515625,
        1.0455729166666667,
        0.9993489583333334,
        0.9674479166666666
    ]
}