{
    "opt": {
        "train_epochs": 9.9,
        "batch_size": 1536,
        "lr": 17.25,
        "momentum": 0.85,
        "weight_decay": 0.0153,
        "bias_scaler": 64.0,
        "label_smoothing": 0.2,
        "whiten_bias_epochs": 3
    },
    "aug": {
        "flip": true,
        "translate": 2
    },
    "net": {
        "widths": {
            "block1": 64,
            "block2": 256,
            "block3": 256
        },
        "batchnorm_momentum": 0.6,
        "scaling_factor": 0.1111111111111111,
        "tta_level": 2
    },
    "random_seed": 99,
    "git_commit_hash": "85402c5c6fafc553256ddda6a38a5e86792e3fed",
    "elapsed_wclock_time": 3.6085557196140288,
    "final acc": 0.9297999739646912,
    "last batch loss": 0.96484375,
    "epoch_val_accs": [
        0.6419000029563904,
        0.5752999782562256,
        0.7096999883651733,
        0.72079998254776,
        0.7752999663352966,
        0.791700005531311,
        0.8406999707221985,
        0.8696999549865723,
        0.9057999849319458,
        0.921999990940094
    ],
    "epoch_losses": [
        1.4700520833333333,
        1.3606770833333333,
        1.2291666666666667,
        1.2454427083333333,
        1.2102864583333333,
        1.1393229166666667,
        1.1080729166666667,
        1.025390625,
        0.9993489583333334,
        0.96484375
    ]
}