{
    "opt": {
        "train_epochs": 9.9,
        "batch_size": 1536,
        "lr": 17.25,
        "momentum": 0.85,
        "weight_decay": 0.0153,
        "bias_scaler": 64.0,
        "label_smoothing": 0.2,
        "whiten_bias_epochs": 3
    },
    "aug": {
        "flip": true,
        "translate": 2
    },
    "net": {
        "widths": {
            "block1": 64,
            "block2": 256,
            "block3": 256
        },
        "batchnorm_momentum": 0.6,
        "scaling_factor": 0.1111111111111111,
        "tta_level": 2
    },
    "random_seed": 99,
    "git_commit_hash": "85402c5c6fafc553256ddda6a38a5e86792e3fed",
    "elapsed_wclock_time": 3.7252931289672855,
    "final acc": 0.9268999695777893,
    "last batch loss": 0.9752604166666666,
    "epoch_val_accs": [
        0.5525000095367432,
        0.6915000081062317,
        0.5949999690055847,
        0.7012999653816223,
        0.6193999648094177,
        0.8019999861717224,
        0.8478999733924866,
        0.8759999871253967,
        0.9000999927520752,
        0.9220999479293823
    ],
    "epoch_losses": [
        1.4895833333333333,
        1.4088541666666667,
        1.2571614583333333,
        1.2265625,
        1.2591145833333333,
        1.1334635416666667,
        1.0859375,
        1.0514322916666667,
        1.00390625,
        0.9752604166666666
    ]
}