{
    "opt": {
        "train_epochs": 9.9,
        "batch_size": 1536,
        "lr": 17.25,
        "momentum": 0.85,
        "weight_decay": 0.0153,
        "bias_scaler": 64.0,
        "label_smoothing": 0.2,
        "whiten_bias_epochs": 3
    },
    "aug": {
        "flip": true,
        "translate": 2
    },
    "net": {
        "widths": {
            "block1": 64,
            "block2": 256,
            "block3": 256
        },
        "batchnorm_momentum": 0.6,
        "scaling_factor": 0.1111111111111111,
        "tta_level": 2
    },
    "random_seed": 99,
    "git_commit_hash": "85402c5c6fafc553256ddda6a38a5e86792e3fed",
    "elapsed_wclock_time": 3.603116887092591,
    "final acc": 0.9296999573707581,
    "last batch loss": 0.974609375,
    "epoch_val_accs": [
        0.4756999909877777,
        0.5109999775886536,
        0.4887999892234802,
        0.7590000033378601,
        0.7942000031471252,
        0.7967000007629395,
        0.8299999833106995,
        0.8950999975204468,
        0.8930000066757202,
        0.920199990272522
    ],
    "epoch_losses": [
        1.5729166666666667,
        1.40625,
        1.2740885416666667,
        1.1959635416666667,
        1.2109375,
        1.1640625,
        1.1197916666666667,
        1.0442708333333333,
        1.0104166666666667,
        0.974609375
    ]
}