{
    "opt": {
        "train_epochs": 9.9,
        "batch_size": 1536,
        "lr": 17.25,
        "momentum": 0.85,
        "weight_decay": 0.0153,
        "bias_scaler": 64.0,
        "label_smoothing": 0.2,
        "whiten_bias_epochs": 3
    },
    "aug": {
        "flip": true,
        "translate": 2
    },
    "net": {
        "widths": {
            "block1": 64,
            "block2": 256,
            "block3": 256
        },
        "batchnorm_momentum": 0.6,
        "scaling_factor": 0.1111111111111111,
        "tta_level": 2
    },
    "random_seed": 99,
    "git_commit_hash": "85402c5c6fafc553256ddda6a38a5e86792e3fed",
    "elapsed_wclock_time": 3.6420109794139863,
    "final acc": 0.9286999702453613,
    "last batch loss": 0.978515625,
    "epoch_val_accs": [
        0.6265000104904175,
        0.6510999798774719,
        0.6295999884605408,
        0.7119999527931213,
        0.8121999502182007,
        0.7857999801635742,
        0.8695999979972839,
        0.8871999979019165,
        0.9054999947547913,
        0.9220999479293823
    ],
    "epoch_losses": [
        1.5169270833333333,
        1.3606770833333333,
        1.2779947916666667,
        1.2135416666666667,
        1.1634114583333333,
        1.1790364583333333,
        1.099609375,
        1.0494791666666667,
        1.0110677083333333,
        0.978515625
    ]
}