{
    "opt": {
        "train_epochs": 9.9,
        "batch_size": 1536,
        "lr": 17.25,
        "momentum": 0.85,
        "weight_decay": 0.0153,
        "bias_scaler": 64.0,
        "label_smoothing": 0.2,
        "whiten_bias_epochs": 3
    },
    "aug": {
        "flip": true,
        "translate": 2
    },
    "net": {
        "widths": {
            "block1": 64,
            "block2": 256,
            "block3": 256
        },
        "batchnorm_momentum": 0.6,
        "scaling_factor": 0.1111111111111111,
        "tta_level": 2
    },
    "random_seed": 99,
    "git_commit_hash": "85402c5c6fafc553256ddda6a38a5e86792e3fed",
    "elapsed_wclock_time": 3.6402302167415623,
    "final acc": 0.9309999942779541,
    "last batch loss": 0.9680989583333334,
    "epoch_val_accs": [
        0.6129999756813049,
        0.6089999675750732,
        0.692799985408783,
        0.5187000036239624,
        0.7689999938011169,
        0.6926999688148499,
        0.8631999492645264,
        0.8702999949455261,
        0.8968999981880188,
        0.921999990940094
    ],
    "epoch_losses": [
        1.5,
        1.390625,
        1.2825520833333333,
        1.2428385416666667,
        1.1848958333333333,
        1.1536458333333333,
        1.1256510416666667,
        1.0403645833333333,
        1.0123697916666667,
        0.9680989583333334
    ]
}