{
    "opt": {
        "train_epochs": 9.9,
        "batch_size": 1536,
        "lr": 17.25,
        "momentum": 0.85,
        "weight_decay": 0.0153,
        "bias_scaler": 64.0,
        "label_smoothing": 0.2,
        "whiten_bias_epochs": 3
    },
    "aug": {
        "flip": true,
        "translate": 2
    },
    "net": {
        "widths": {
            "block1": 64,
            "block2": 256,
            "block3": 256
        },
        "batchnorm_momentum": 0.6,
        "scaling_factor": 0.1111111111111111,
        "tta_level": 2
    },
    "random_seed": 99,
    "git_commit_hash": "85402c5c6fafc553256ddda6a38a5e86792e3fed",
    "elapsed_wclock_time": 3.719981024980545,
    "final acc": 0.9316999912261963,
    "last batch loss": 0.96875,
    "epoch_val_accs": [
        0.4949999749660492,
        0.6365999579429626,
        0.6202999949455261,
        0.7602999806404114,
        0.7773999571800232,
        0.8043999671936035,
        0.8416999578475952,
        0.8671000003814697,
        0.9103999733924866,
        0.9238999485969543
    ],
    "epoch_losses": [
        1.5481770833333333,
        1.30859375,
        1.2845052083333333,
        1.216796875,
        1.203125,
        1.1145833333333333,
        1.1380208333333333,
        1.0455729166666667,
        1.0078125,
        0.96875
    ]
}