{
    "opt": {
        "train_epochs": 9.9,
        "batch_size": 1536,
        "lr": 17.25,
        "momentum": 0.85,
        "weight_decay": 0.0153,
        "bias_scaler": 64.0,
        "label_smoothing": 0.2,
        "whiten_bias_epochs": 3
    },
    "aug": {
        "flip": true,
        "translate": 2
    },
    "net": {
        "widths": {
            "block1": 64,
            "block2": 256,
            "block3": 256
        },
        "batchnorm_momentum": 0.6,
        "scaling_factor": 0.1111111111111111,
        "tta_level": 2
    },
    "random_seed": 99,
    "git_commit_hash": "85402c5c6fafc553256ddda6a38a5e86792e3fed",
    "elapsed_wclock_time": 3.72752205657959,
    "final acc": 0.9296000003814697,
    "last batch loss": 0.9694010416666666,
    "epoch_val_accs": [
        0.5636999607086182,
        0.5397999882698059,
        0.7555999755859375,
        0.6782000064849854,
        0.7667999863624573,
        0.7978999614715576,
        0.8252999782562256,
        0.8840999603271484,
        0.9039999842643738,
        0.92249995470047
    ],
    "epoch_losses": [
        1.5,
        1.3502604166666667,
        1.2923177083333333,
        1.2682291666666667,
        1.2233072916666667,
        1.111328125,
        1.0859375,
        1.0423177083333333,
        1.0026041666666667,
        0.9694010416666666
    ]
}