{
    "opt": {
        "train_epochs": 9.9,
        "batch_size": 1536,
        "lr": 17.25,
        "momentum": 0.85,
        "weight_decay": 0.0153,
        "bias_scaler": 64.0,
        "label_smoothing": 0.2,
        "whiten_bias_epochs": 3
    },
    "aug": {
        "flip": true,
        "translate": 2
    },
    "net": {
        "widths": {
            "block1": 64,
            "block2": 256,
            "block3": 256
        },
        "batchnorm_momentum": 0.6,
        "scaling_factor": 0.1111111111111111,
        "tta_level": 2
    },
    "random_seed": 99,
    "git_commit_hash": "85402c5c6fafc553256ddda6a38a5e86792e3fed",
    "elapsed_wclock_time": 3.717082717895508,
    "final acc": 0.933899998664856,
    "last batch loss": 0.9759114583333334,
    "epoch_val_accs": [
        0.48089998960494995,
        0.6714000105857849,
        0.7648999691009521,
        0.6523999571800232,
        0.8073999881744385,
        0.6581999659538269,
        0.8215000033378601,
        0.895799994468689,
        0.8948999643325806,
        0.9244999885559082
    ],
    "epoch_losses": [
        1.5703125,
        1.3411458333333333,
        1.2565104166666667,
        1.2630208333333333,
        1.17578125,
        1.1569010416666667,
        1.09375,
        1.0208333333333333,
        1.0221354166666667,
        0.9759114583333334
    ]
}