{
    "opt": {
        "train_epochs": 9.9,
        "batch_size": 1536,
        "lr": 17.25,
        "momentum": 0.85,
        "weight_decay": 0.0153,
        "bias_scaler": 64.0,
        "label_smoothing": 0.2,
        "whiten_bias_epochs": 3
    },
    "aug": {
        "flip": true,
        "translate": 2
    },
    "net": {
        "widths": {
            "block1": 64,
            "block2": 256,
            "block3": 256
        },
        "batchnorm_momentum": 0.6,
        "scaling_factor": 0.1111111111111111,
        "tta_level": 2
    },
    "random_seed": 99,
    "git_commit_hash": "85402c5c6fafc553256ddda6a38a5e86792e3fed",
    "elapsed_wclock_time": 3.689080877304077,
    "final acc": 0.9296000003814697,
    "last batch loss": 0.9680989583333334,
    "epoch_val_accs": [
        0.6311999559402466,
        0.49239999055862427,
        0.5227999687194824,
        0.6935999989509583,
        0.8044999837875366,
        0.824400007724762,
        0.838699996471405,
        0.887499988079071,
        0.9042999744415283,
        0.9231999516487122
    ],
    "epoch_losses": [
        1.4895833333333333,
        1.421875,
        1.3502604166666667,
        1.232421875,
        1.193359375,
        1.1393229166666667,
        1.0911458333333333,
        1.0533854166666667,
        1.0123697916666667,
        0.9680989583333334
    ]
}