{
    "opt": {
        "train_epochs": 9.9,
        "batch_size": 1536,
        "lr": 17.25,
        "momentum": 0.85,
        "weight_decay": 0.0153,
        "bias_scaler": 64.0,
        "label_smoothing": 0.2,
        "whiten_bias_epochs": 3
    },
    "aug": {
        "flip": true,
        "translate": 2
    },
    "net": {
        "widths": {
            "block1": 64,
            "block2": 256,
            "block3": 256
        },
        "batchnorm_momentum": 0.6,
        "scaling_factor": 0.1111111111111111,
        "tta_level": 2
    },
    "random_seed": 99,
    "git_commit_hash": "85402c5c6fafc553256ddda6a38a5e86792e3fed",
    "elapsed_wclock_time": 3.6941165034770966,
    "final acc": 0.9296000003814697,
    "last batch loss": 0.9622395833333334,
    "epoch_val_accs": [
        0.5568000078201294,
        0.6065999865531921,
        0.7676999568939209,
        0.5449000000953674,
        0.8208000063896179,
        0.8387999534606934,
        0.7890999913215637,
        0.8794999718666077,
        0.9044999480247498,
        0.9203999638557434
    ],
    "epoch_losses": [
        1.5325520833333333,
        1.3541666666666667,
        1.2506510416666667,
        1.2532552083333333,
        1.1725260416666667,
        1.1432291666666667,
        1.115234375,
        1.046875,
        1.0266927083333333,
        0.9622395833333334
    ]
}