{
    "opt": {
        "train_epochs": 9.9,
        "batch_size": 1536,
        "lr": 17.25,
        "momentum": 0.85,
        "weight_decay": 0.0153,
        "bias_scaler": 64.0,
        "label_smoothing": 0.2,
        "whiten_bias_epochs": 3
    },
    "aug": {
        "flip": true,
        "translate": 2
    },
    "net": {
        "widths": {
            "block1": 64,
            "block2": 256,
            "block3": 256
        },
        "batchnorm_momentum": 0.6,
        "scaling_factor": 0.1111111111111111,
        "tta_level": 2
    },
    "random_seed": 99,
    "git_commit_hash": "85402c5c6fafc553256ddda6a38a5e86792e3fed",
    "elapsed_wclock_time": 3.7006378302574157,
    "final acc": 0.9332000017166138,
    "last batch loss": 0.9700520833333334,
    "epoch_val_accs": [
        0.5024999976158142,
        0.6733999848365784,
        0.6671000123023987,
        0.6638999581336975,
        0.8016999959945679,
        0.7800999879837036,
        0.8118999600410461,
        0.8779000043869019,
        0.9039999842643738,
        0.9239999651908875
    ],
    "epoch_losses": [
        1.6171875,
        1.3815104166666667,
        1.296875,
        1.2252604166666667,
        1.2434895833333333,
        1.138671875,
        1.1165364583333333,
        1.0221354166666667,
        1.0078125,
        0.9700520833333334
    ]
}