{
    "opt": {
        "train_epochs": 9.9,
        "batch_size": 1536,
        "lr": 17.25,
        "momentum": 0.85,
        "weight_decay": 0.0153,
        "bias_scaler": 64.0,
        "label_smoothing": 0.2,
        "whiten_bias_epochs": 3
    },
    "aug": {
        "flip": true,
        "translate": 2
    },
    "net": {
        "widths": {
            "block1": 64,
            "block2": 256,
            "block3": 256
        },
        "batchnorm_momentum": 0.6,
        "scaling_factor": 0.1111111111111111,
        "tta_level": 2
    },
    "random_seed": 99,
    "git_commit_hash": "85402c5c6fafc553256ddda6a38a5e86792e3fed",
    "elapsed_wclock_time": 3.7277340621948247,
    "final acc": 0.930899977684021,
    "last batch loss": 0.9869791666666666,
    "epoch_val_accs": [
        0.5861999988555908,
        0.49219998717308044,
        0.623199999332428,
        0.6115999817848206,
        0.7838999629020691,
        0.8219999670982361,
        0.84579998254776,
        0.8765999674797058,
        0.9018999934196472,
        0.9238999485969543
    ],
    "epoch_losses": [
        1.484375,
        1.3723958333333333,
        1.310546875,
        1.251953125,
        1.189453125,
        1.126953125,
        1.0924479166666667,
        1.0553385416666667,
        1.02734375,
        0.9869791666666666
    ]
}