{
    "opt": {
        "train_epochs": 9.9,
        "batch_size": 1536,
        "lr": 17.25,
        "momentum": 0.85,
        "weight_decay": 0.0153,
        "bias_scaler": 64.0,
        "label_smoothing": 0.2,
        "whiten_bias_epochs": 3
    },
    "aug": {
        "flip": true,
        "translate": 2
    },
    "net": {
        "widths": {
            "block1": 64,
            "block2": 256,
            "block3": 256
        },
        "batchnorm_momentum": 0.6,
        "scaling_factor": 0.1111111111111111,
        "tta_level": 2
    },
    "random_seed": 99,
    "git_commit_hash": "85402c5c6fafc553256ddda6a38a5e86792e3fed",
    "elapsed_wclock_time": 3.72212128663063,
    "final acc": 0.9282999634742737,
    "last batch loss": 0.9694010416666666,
    "epoch_val_accs": [
        0.5859000086784363,
        0.5778999924659729,
        0.7317999601364136,
        0.7055999636650085,
        0.8066999912261963,
        0.8197999596595764,
        0.7623999714851379,
        0.8644999861717224,
        0.9083999991416931,
        0.9192999601364136
    ],
    "epoch_losses": [
        1.5546875,
        1.3489583333333333,
        1.2923177083333333,
        1.2721354166666667,
        1.150390625,
        1.1165364583333333,
        1.111328125,
        1.0520833333333333,
        1.0143229166666667,
        0.9694010416666666
    ]
}