{
    "opt": {
        "train_epochs": 9.9,
        "batch_size": 1536,
        "lr": 17.25,
        "momentum": 0.85,
        "weight_decay": 0.0153,
        "bias_scaler": 64.0,
        "label_smoothing": 0.2,
        "whiten_bias_epochs": 3
    },
    "aug": {
        "flip": true,
        "translate": 2
    },
    "net": {
        "widths": {
            "block1": 64,
            "block2": 256,
            "block3": 256
        },
        "batchnorm_momentum": 0.6,
        "scaling_factor": 0.1111111111111111,
        "tta_level": 2
    },
    "random_seed": 99,
    "git_commit_hash": "85402c5c6fafc553256ddda6a38a5e86792e3fed",
    "elapsed_wclock_time": 3.7205861072540283,
    "final acc": 0.9277999997138977,
    "last batch loss": 0.9817708333333334,
    "epoch_val_accs": [
        0.5550000071525574,
        0.5709999799728394,
        0.7098000049591064,
        0.6937999725341797,
        0.7975999712944031,
        0.7820000052452087,
        0.8204999566078186,
        0.8950999975204468,
        0.8965999484062195,
        0.9205999970436096
    ],
    "epoch_losses": [
        1.4986979166666667,
        1.3763020833333333,
        1.2389322916666667,
        1.2395833333333333,
        1.18359375,
        1.1399739583333333,
        1.1178385416666667,
        1.0475260416666667,
        1.0221354166666667,
        0.9817708333333334
    ]
}