{
    "opt": {
        "train_epochs": 9.9,
        "batch_size": 1536,
        "lr": 17.25,
        "momentum": 0.85,
        "weight_decay": 0.0153,
        "bias_scaler": 64.0,
        "label_smoothing": 0.2,
        "whiten_bias_epochs": 3
    },
    "aug": {
        "flip": true,
        "translate": 2
    },
    "net": {
        "widths": {
            "block1": 64,
            "block2": 256,
            "block3": 256
        },
        "batchnorm_momentum": 0.6,
        "scaling_factor": 0.1111111111111111,
        "tta_level": 2
    },
    "random_seed": 99,
    "git_commit_hash": "85402c5c6fafc553256ddda6a38a5e86792e3fed",
    "elapsed_wclock_time": 3.689390149354935,
    "final acc": 0.929099977016449,
    "last batch loss": 0.9674479166666666,
    "epoch_val_accs": [
        0.4226999878883362,
        0.6423999667167664,
        0.7035999894142151,
        0.761900007724762,
        0.8446999788284302,
        0.8208999633789062,
        0.8222999572753906,
        0.8851000070571899,
        0.9018999934196472,
        0.920699954032898
    ],
    "epoch_losses": [
        1.5364583333333333,
        1.3528645833333333,
        1.2649739583333333,
        1.2545572916666667,
        1.2024739583333333,
        1.1165364583333333,
        1.119140625,
        1.0540364583333333,
        1.017578125,
        0.9674479166666666
    ]
}