{
    "opt": {
        "train_epochs": 9.9,
        "batch_size": 1536,
        "lr": 17.25,
        "momentum": 0.85,
        "weight_decay": 0.0153,
        "bias_scaler": 64.0,
        "label_smoothing": 0.2,
        "whiten_bias_epochs": 3
    },
    "aug": {
        "flip": true,
        "translate": 2
    },
    "net": {
        "widths": {
            "block1": 64,
            "block2": 256,
            "block3": 256
        },
        "batchnorm_momentum": 0.6,
        "scaling_factor": 0.1111111111111111,
        "tta_level": 2
    },
    "random_seed": 99,
    "git_commit_hash": "85402c5c6fafc553256ddda6a38a5e86792e3fed",
    "elapsed_wclock_time": 3.6362485694885254,
    "final acc": 0.929099977016449,
    "last batch loss": 0.9694010416666666,
    "epoch_val_accs": [
        0.5496999621391296,
        0.586899995803833,
        0.5047999620437622,
        0.614300012588501,
        0.830299973487854,
        0.7558000087738037,
        0.8359000086784363,
        0.8851000070571899,
        0.8999999761581421,
        0.9188999533653259
    ],
    "epoch_losses": [
        1.48828125,
        1.37890625,
        1.3079427083333333,
        1.3125,
        1.1822916666666667,
        1.1653645833333333,
        1.0989583333333333,
        1.0345052083333333,
        1.0143229166666667,
        0.9694010416666666
    ]
}