{
    "opt": {
        "train_epochs": 9.9,
        "batch_size": 1536,
        "lr": 17.25,
        "momentum": 0.85,
        "weight_decay": 0.0153,
        "bias_scaler": 64.0,
        "label_smoothing": 0.2,
        "whiten_bias_epochs": 3
    },
    "aug": {
        "flip": true,
        "translate": 2
    },
    "net": {
        "widths": {
            "block1": 64,
            "block2": 256,
            "block3": 256
        },
        "batchnorm_momentum": 0.6,
        "scaling_factor": 0.1111111111111111,
        "tta_level": 2
    },
    "random_seed": 99,
    "git_commit_hash": "85402c5c6fafc553256ddda6a38a5e86792e3fed",
    "elapsed_wclock_time": 3.705367024898529,
    "final acc": 0.9298999905586243,
    "last batch loss": 0.9537760416666666,
    "epoch_val_accs": [
        0.5996999740600586,
        0.4712999761104584,
        0.652899980545044,
        0.7493999600410461,
        0.796999990940094,
        0.7894999980926514,
        0.7252999544143677,
        0.8738999962806702,
        0.9053999781608582,
        0.9250999689102173
    ],
    "epoch_losses": [
        1.4765625,
        1.4231770833333333,
        1.2890625,
        1.2369791666666667,
        1.1822916666666667,
        1.140625,
        1.0944010416666667,
        1.04296875,
        0.9921875,
        0.9537760416666666
    ]
}