{
    "opt": {
        "train_epochs": 9.9,
        "batch_size": 1536,
        "lr": 17.25,
        "momentum": 0.85,
        "weight_decay": 0.0153,
        "bias_scaler": 64.0,
        "label_smoothing": 0.2,
        "whiten_bias_epochs": 3
    },
    "aug": {
        "flip": true,
        "translate": 2
    },
    "net": {
        "widths": {
            "block1": 64,
            "block2": 256,
            "block3": 256
        },
        "batchnorm_momentum": 0.6,
        "scaling_factor": 0.1111111111111111,
        "tta_level": 2
    },
    "random_seed": 99,
    "git_commit_hash": "85402c5c6fafc553256ddda6a38a5e86792e3fed",
    "elapsed_wclock_time": 3.7259816627502444,
    "final acc": 0.930899977684021,
    "last batch loss": 0.97265625,
    "epoch_val_accs": [
        0.6502999663352966,
        0.5985000133514404,
        0.5895000100135803,
        0.7226999998092651,
        0.5690999627113342,
        0.8212999701499939,
        0.8241999745368958,
        0.8872999548912048,
        0.9018999934196472,
        0.9212999939918518
    ],
    "epoch_losses": [
        1.49609375,
        1.3567708333333333,
        1.2565104166666667,
        1.201171875,
        1.2044270833333333,
        1.1276041666666667,
        1.1022135416666667,
        1.0299479166666667,
        1.0169270833333333,
        0.97265625
    ]
}