{
    "opt": {
        "train_epochs": 9.9,
        "batch_size": 1536,
        "lr": 17.25,
        "momentum": 0.85,
        "weight_decay": 0.0153,
        "bias_scaler": 64.0,
        "label_smoothing": 0.2,
        "whiten_bias_epochs": 3
    },
    "aug": {
        "flip": true,
        "translate": 2
    },
    "net": {
        "widths": {
            "block1": 64,
            "block2": 256,
            "block3": 256
        },
        "batchnorm_momentum": 0.6,
        "scaling_factor": 0.1111111111111111,
        "tta_level": 2
    },
    "random_seed": 99,
    "git_commit_hash": "85402c5c6fafc553256ddda6a38a5e86792e3fed",
    "elapsed_wclock_time": 3.696324974060059,
    "final acc": 0.9281999468803406,
    "last batch loss": 0.9720052083333334,
    "epoch_val_accs": [
        0.5467999577522278,
        0.5177000164985657,
        0.7040999531745911,
        0.5692999958992004,
        0.8030999898910522,
        0.8296999931335449,
        0.8109999895095825,
        0.8919999599456787,
        0.8944000005722046,
        0.9215999841690063
    ],
    "epoch_losses": [
        1.5247395833333333,
        1.3372395833333333,
        1.2799479166666667,
        1.2369791666666667,
        1.1998697916666667,
        1.130859375,
        1.1139322916666667,
        1.033203125,
        1.0091145833333333,
        0.9720052083333334
    ]
}