{
    "opt": {
        "train_epochs": 9.9,
        "batch_size": 1536,
        "lr": 17.25,
        "momentum": 0.85,
        "weight_decay": 0.0153,
        "bias_scaler": 64.0,
        "label_smoothing": 0.2,
        "whiten_bias_epochs": 3
    },
    "aug": {
        "flip": true,
        "translate": 2
    },
    "net": {
        "widths": {
            "block1": 64,
            "block2": 256,
            "block3": 256
        },
        "batchnorm_momentum": 0.6,
        "scaling_factor": 0.1111111111111111,
        "tta_level": 2
    },
    "random_seed": 99,
    "git_commit_hash": "85402c5c6fafc553256ddda6a38a5e86792e3fed",
    "elapsed_wclock_time": 3.6971233777999886,
    "final acc": 0.9276999831199646,
    "last batch loss": 0.98046875,
    "epoch_val_accs": [
        0.5970999598503113,
        0.5974000096321106,
        0.7164999842643738,
        0.7202000021934509,
        0.779699981212616,
        0.7393999695777893,
        0.8489999771118164,
        0.8866999745368958,
        0.9001999497413635,
        0.9187999963760376
    ],
    "epoch_losses": [
        1.5364583333333333,
        1.3346354166666667,
        1.2955729166666667,
        1.228515625,
        1.1829427083333333,
        1.1575520833333333,
        1.1256510416666667,
        1.05078125,
        1.0169270833333333,
        0.98046875
    ]
}