{
    "opt": {
        "train_epochs": 9.9,
        "batch_size": 1536,
        "lr": 17.25,
        "momentum": 0.85,
        "weight_decay": 0.0153,
        "bias_scaler": 64.0,
        "label_smoothing": 0.2,
        "whiten_bias_epochs": 3
    },
    "aug": {
        "flip": true,
        "translate": 2
    },
    "net": {
        "widths": {
            "block1": 64,
            "block2": 256,
            "block3": 256
        },
        "batchnorm_momentum": 0.6,
        "scaling_factor": 0.1111111111111111,
        "tta_level": 2
    },
    "random_seed": 99,
    "git_commit_hash": "85402c5c6fafc553256ddda6a38a5e86792e3fed",
    "elapsed_wclock_time": 3.728119976043701,
    "final acc": 0.9325000047683716,
    "last batch loss": 0.9752604166666666,
    "epoch_val_accs": [
        0.5573999881744385,
        0.6820999979972839,
        0.6366999745368958,
        0.6678999662399292,
        0.7663999795913696,
        0.8016999959945679,
        0.795699954032898,
        0.8939999938011169,
        0.9048999547958374,
        0.9238999485969543
    ],
    "epoch_losses": [
        1.5143229166666667,
        1.3372395833333333,
        1.2779947916666667,
        1.2473958333333333,
        1.19140625,
        1.1510416666666667,
        1.0924479166666667,
        1.0442708333333333,
        1.01171875,
        0.9752604166666666
    ]
}