{
    "opt": {
        "train_epochs": 9.9,
        "batch_size": 1536,
        "lr": 17.25,
        "momentum": 0.85,
        "weight_decay": 0.0153,
        "bias_scaler": 64.0,
        "label_smoothing": 0.2,
        "whiten_bias_epochs": 3
    },
    "aug": {
        "flip": true,
        "translate": 2
    },
    "net": {
        "widths": {
            "block1": 64,
            "block2": 256,
            "block3": 256
        },
        "batchnorm_momentum": 0.6,
        "scaling_factor": 0.1111111111111111,
        "tta_level": 2
    },
    "random_seed": 99,
    "git_commit_hash": "85402c5c6fafc553256ddda6a38a5e86792e3fed",
    "elapsed_wclock_time": 3.72776008605957,
    "final acc": 0.9297999739646912,
    "last batch loss": 0.9713541666666666,
    "epoch_val_accs": [
        0.6067999601364136,
        0.4081999957561493,
        0.6560999751091003,
        0.7488999962806702,
        0.7561999559402466,
        0.7973999977111816,
        0.7789999842643738,
        0.8892999887466431,
        0.9000999927520752,
        0.9193999767303467
    ],
    "epoch_losses": [
        1.5598958333333333,
        1.44140625,
        1.2604166666666667,
        1.2623697916666667,
        1.19140625,
        1.14453125,
        1.1145833333333333,
        1.0234375,
        1.001953125,
        0.9713541666666666
    ]
}