{
    "opt": {
        "train_epochs": 9.9,
        "batch_size": 1536,
        "lr": 17.25,
        "momentum": 0.85,
        "weight_decay": 0.0153,
        "bias_scaler": 64.0,
        "label_smoothing": 0.2,
        "whiten_bias_epochs": 3
    },
    "aug": {
        "flip": true,
        "translate": 2
    },
    "net": {
        "widths": {
            "block1": 64,
            "block2": 256,
            "block3": 256
        },
        "batchnorm_momentum": 0.6,
        "scaling_factor": 0.1111111111111111,
        "tta_level": 2
    },
    "random_seed": 99,
    "git_commit_hash": "85402c5c6fafc553256ddda6a38a5e86792e3fed",
    "elapsed_wclock_time": 3.7247346580028533,
    "final acc": 0.929099977016449,
    "last batch loss": 0.9622395833333334,
    "epoch_val_accs": [
        0.5959999561309814,
        0.5681999921798706,
        0.6380000114440918,
        0.6384999752044678,
        0.7926999926567078,
        0.8019999861717224,
        0.8443999886512756,
        0.8761000037193298,
        0.895799994468689,
        0.9196999669075012
    ],
    "epoch_losses": [
        1.5286458333333333,
        1.3385416666666667,
        1.322265625,
        1.2708333333333333,
        1.1927083333333333,
        1.1302083333333333,
        1.1106770833333333,
        1.048828125,
        1.0162760416666667,
        0.9622395833333334
    ]
}