{
    "opt": {
        "train_epochs": 9.9,
        "batch_size": 1536,
        "lr": 17.25,
        "momentum": 0.85,
        "weight_decay": 0.0153,
        "bias_scaler": 64.0,
        "label_smoothing": 0.2,
        "whiten_bias_epochs": 3
    },
    "aug": {
        "flip": true,
        "translate": 2
    },
    "net": {
        "widths": {
            "block1": 64,
            "block2": 256,
            "block3": 256
        },
        "batchnorm_momentum": 0.6,
        "scaling_factor": 0.1111111111111111,
        "tta_level": 2
    },
    "random_seed": 99,
    "git_commit_hash": "85402c5c6fafc553256ddda6a38a5e86792e3fed",
    "elapsed_wclock_time": 3.6962191066741945,
    "final acc": 0.9300999641418457,
    "last batch loss": 0.9752604166666666,
    "epoch_val_accs": [
        0.6606999635696411,
        0.5428999662399292,
        0.7346999645233154,
        0.6973999738693237,
        0.772599995136261,
        0.8064999580383301,
        0.8452000021934509,
        0.8901999592781067,
        0.8942999839782715,
        0.9197999835014343
    ],
    "epoch_losses": [
        1.4986979166666667,
        1.3372395833333333,
        1.2747395833333333,
        1.2337239583333333,
        1.2076822916666667,
        1.134765625,
        1.0865885416666667,
        1.0345052083333333,
        1.0110677083333333,
        0.9752604166666666
    ]
}