{
    "opt": {
        "train_epochs": 9.9,
        "batch_size": 1536,
        "lr": 17.25,
        "momentum": 0.85,
        "weight_decay": 0.0153,
        "bias_scaler": 64.0,
        "label_smoothing": 0.2,
        "whiten_bias_epochs": 3
    },
    "aug": {
        "flip": true,
        "translate": 2
    },
    "net": {
        "widths": {
            "block1": 64,
            "block2": 256,
            "block3": 256
        },
        "batchnorm_momentum": 0.6,
        "scaling_factor": 0.1111111111111111,
        "tta_level": 2
    },
    "random_seed": 99,
    "git_commit_hash": "85402c5c6fafc553256ddda6a38a5e86792e3fed",
    "elapsed_wclock_time": 3.721647879838944,
    "final acc": 0.9281999468803406,
    "last batch loss": 0.978515625,
    "epoch_val_accs": [
        0.5728999972343445,
        0.46959999203681946,
        0.7452999949455261,
        0.35420000553131104,
        0.7181999683380127,
        0.8370999693870544,
        0.8488999605178833,
        0.884399950504303,
        0.9030999541282654,
        0.920199990272522
    ],
    "epoch_losses": [
        1.5572916666666667,
        1.4049479166666667,
        1.240234375,
        1.2838541666666667,
        1.2063802083333333,
        1.134765625,
        1.0989583333333333,
        1.0520833333333333,
        1.021484375,
        0.978515625
    ]
}