{
    "opt": {
        "train_epochs": 9.9,
        "batch_size": 1536,
        "lr": 17.25,
        "momentum": 0.85,
        "weight_decay": 0.0153,
        "bias_scaler": 64.0,
        "label_smoothing": 0.2,
        "whiten_bias_epochs": 3
    },
    "aug": {
        "flip": true,
        "translate": 2
    },
    "net": {
        "widths": {
            "block1": 64,
            "block2": 256,
            "block3": 256
        },
        "batchnorm_momentum": 0.6,
        "scaling_factor": 0.1111111111111111,
        "tta_level": 2
    },
    "random_seed": 99,
    "git_commit_hash": "85402c5c6fafc553256ddda6a38a5e86792e3fed",
    "elapsed_wclock_time": 3.726934911727905,
    "final acc": 0.9299999475479126,
    "last batch loss": 0.9733072916666666,
    "epoch_val_accs": [
        0.5468999743461609,
        0.5622999668121338,
        0.7365999817848206,
        0.7050999999046326,
        0.805899977684021,
        0.8203999996185303,
        0.7714999914169312,
        0.8883000016212463,
        0.9020999670028687,
        0.9211999773979187
    ],
    "epoch_losses": [
        1.5390625,
        1.4375,
        1.2688802083333333,
        1.2545572916666667,
        1.17578125,
        1.15234375,
        1.0963541666666667,
        1.0455729166666667,
        0.9973958333333334,
        0.9733072916666666
    ]
}