{
    "opt": {
        "train_epochs": 9.9,
        "batch_size": 1536,
        "lr": 17.25,
        "momentum": 0.85,
        "weight_decay": 0.0153,
        "bias_scaler": 64.0,
        "label_smoothing": 0.2,
        "whiten_bias_epochs": 3
    },
    "aug": {
        "flip": true,
        "translate": 2
    },
    "net": {
        "widths": {
            "block1": 64,
            "block2": 256,
            "block3": 256
        },
        "batchnorm_momentum": 0.6,
        "scaling_factor": 0.1111111111111111,
        "tta_level": 2
    },
    "random_seed": 99,
    "git_commit_hash": "85402c5c6fafc553256ddda6a38a5e86792e3fed",
    "elapsed_wclock_time": 3.7160565798282623,
    "final acc": 0.9283999800682068,
    "last batch loss": 0.9622395833333334,
    "epoch_val_accs": [
        0.6137999892234802,
        0.507099986076355,
        0.7008999586105347,
        0.6389999985694885,
        0.7562999725341797,
        0.8370999693870544,
        0.8382999897003174,
        0.8955999612808228,
        0.9057999849319458,
        0.9200999736785889
    ],
    "epoch_losses": [
        1.5234375,
        1.4036458333333333,
        1.2897135416666667,
        1.2200520833333333,
        1.2194010416666667,
        1.1354166666666667,
        1.1223958333333333,
        1.0358072916666667,
        1.0260416666666667,
        0.9622395833333334
    ]
}