{
    "opt": {
        "train_epochs": 9.9,
        "batch_size": 1536,
        "lr": 17.25,
        "momentum": 0.85,
        "weight_decay": 0.0153,
        "bias_scaler": 64.0,
        "label_smoothing": 0.2,
        "whiten_bias_epochs": 3
    },
    "aug": {
        "flip": true,
        "translate": 2
    },
    "net": {
        "widths": {
            "block1": 64,
            "block2": 256,
            "block3": 256
        },
        "batchnorm_momentum": 0.6,
        "scaling_factor": 0.1111111111111111,
        "tta_level": 2
    },
    "random_seed": 99,
    "git_commit_hash": "85402c5c6fafc553256ddda6a38a5e86792e3fed",
    "elapsed_wclock_time": 3.7143686566352843,
    "final acc": 0.9282999634742737,
    "last batch loss": 0.9772135416666666,
    "epoch_val_accs": [
        0.5364999771118164,
        0.5673999786376953,
        0.6635000109672546,
        0.7300999760627747,
        0.6119999885559082,
        0.8438000082969666,
        0.8589999675750732,
        0.8847999572753906,
        0.9018999934196472,
        0.9238999485969543
    ],
    "epoch_losses": [
        1.4921875,
        1.3854166666666667,
        1.3170572916666667,
        1.2493489583333333,
        1.2005208333333333,
        1.162109375,
        1.0904947916666667,
        1.0345052083333333,
        1.0162760416666667,
        0.9772135416666666
    ]
}