{
    "opt": {
        "train_epochs": 9.9,
        "batch_size": 1536,
        "lr": 17.25,
        "momentum": 0.85,
        "weight_decay": 0.0153,
        "bias_scaler": 64.0,
        "label_smoothing": 0.2,
        "whiten_bias_epochs": 3
    },
    "aug": {
        "flip": true,
        "translate": 2
    },
    "net": {
        "widths": {
            "block1": 64,
            "block2": 256,
            "block3": 256
        },
        "batchnorm_momentum": 0.6,
        "scaling_factor": 0.1111111111111111,
        "tta_level": 2
    },
    "random_seed": 99,
    "git_commit_hash": "85402c5c6fafc553256ddda6a38a5e86792e3fed",
    "elapsed_wclock_time": 3.7269238984584807,
    "final acc": 0.9296999573707581,
    "last batch loss": 0.9752604166666666,
    "epoch_val_accs": [
        0.6656999588012695,
        0.6270999908447266,
        0.6354999542236328,
        0.7246999740600586,
        0.729200005531311,
        0.792199969291687,
        0.8034999966621399,
        0.8740999698638916,
        0.9019999504089355,
        0.9228000044822693
    ],
    "epoch_losses": [
        1.50390625,
        1.3658854166666667,
        1.3059895833333333,
        1.234375,
        1.2024739583333333,
        1.1471354166666667,
        1.1256510416666667,
        1.0423177083333333,
        1.03515625,
        0.9752604166666666
    ]
}