{
    "opt": {
        "train_epochs": 9.9,
        "batch_size": 1536,
        "lr": 17.25,
        "momentum": 0.85,
        "weight_decay": 0.0153,
        "bias_scaler": 64.0,
        "label_smoothing": 0.2,
        "whiten_bias_epochs": 3
    },
    "aug": {
        "flip": true,
        "translate": 2
    },
    "net": {
        "widths": {
            "block1": 64,
            "block2": 256,
            "block3": 256
        },
        "batchnorm_momentum": 0.6,
        "scaling_factor": 0.1111111111111111,
        "tta_level": 2
    },
    "random_seed": 99,
    "git_commit_hash": "85402c5c6fafc553256ddda6a38a5e86792e3fed",
    "elapsed_wclock_time": 3.637108222723007,
    "final acc": 0.9289999604225159,
    "last batch loss": 0.9635416666666666,
    "epoch_val_accs": [
        0.47209998965263367,
        0.559499979019165,
        0.6940999627113342,
        0.729699969291687,
        0.8179000020027161,
        0.7877999544143677,
        0.826200008392334,
        0.8766999840736389,
        0.8987999558448792,
        0.9190999865531921
    ],
    "epoch_losses": [
        1.515625,
        1.3528645833333333,
        1.2565104166666667,
        1.2265625,
        1.1842447916666667,
        1.150390625,
        1.078125,
        1.025390625,
        1.0162760416666667,
        0.9635416666666666
    ]
}