{
    "opt": {
        "train_epochs": 9.9,
        "batch_size": 1536,
        "lr": 17.25,
        "momentum": 0.85,
        "weight_decay": 0.0153,
        "bias_scaler": 64.0,
        "label_smoothing": 0.2,
        "whiten_bias_epochs": 3
    },
    "aug": {
        "flip": true,
        "translate": 2
    },
    "net": {
        "widths": {
            "block1": 64,
            "block2": 256,
            "block3": 256
        },
        "batchnorm_momentum": 0.6,
        "scaling_factor": 0.1111111111111111,
        "tta_level": 2
    },
    "random_seed": 99,
    "git_commit_hash": "85402c5c6fafc553256ddda6a38a5e86792e3fed",
    "elapsed_wclock_time": 3.7149900348186495,
    "final acc": 0.9279999732971191,
    "last batch loss": 0.9759114583333334,
    "epoch_val_accs": [
        0.6011999845504761,
        0.40059998631477356,
        0.7092999815940857,
        0.7008000016212463,
        0.6548999547958374,
        0.8167999982833862,
        0.8601999878883362,
        0.8662999868392944,
        0.9037999510765076,
        0.9192999601364136
    ],
    "epoch_losses": [
        1.5078125,
        1.3203125,
        1.3053385416666667,
        1.2122395833333333,
        1.1829427083333333,
        1.140625,
        1.0924479166666667,
        1.0299479166666667,
        1.0104166666666667,
        0.9759114583333334
    ]
}