{
    "opt": {
        "train_epochs": 9.9,
        "batch_size": 1536,
        "lr": 17.25,
        "momentum": 0.85,
        "weight_decay": 0.0153,
        "bias_scaler": 64.0,
        "label_smoothing": 0.2,
        "whiten_bias_epochs": 3
    },
    "aug": {
        "flip": true,
        "translate": 2
    },
    "net": {
        "widths": {
            "block1": 64,
            "block2": 256,
            "block3": 256
        },
        "batchnorm_momentum": 0.6,
        "scaling_factor": 0.1111111111111111,
        "tta_level": 2
    },
    "random_seed": 99,
    "git_commit_hash": "85402c5c6fafc553256ddda6a38a5e86792e3fed",
    "elapsed_wclock_time": 3.7096603436470033,
    "final acc": 0.9300999641418457,
    "last batch loss": 0.9700520833333334,
    "epoch_val_accs": [
        0.6032999753952026,
        0.5525999665260315,
        0.7516999840736389,
        0.6882999539375305,
        0.7871999740600586,
        0.7671999931335449,
        0.8339999914169312,
        0.8844999670982361,
        0.9039999842643738,
        0.9199999570846558
    ],
    "epoch_losses": [
        1.4713541666666667,
        1.4270833333333333,
        1.294921875,
        1.2115885416666667,
        1.1901041666666667,
        1.1516927083333333,
        1.1041666666666667,
        1.0481770833333333,
        1.0208333333333333,
        0.9700520833333334
    ]
}