{
    "opt": {
        "train_epochs": 9.9,
        "batch_size": 1536,
        "lr": 17.25,
        "momentum": 0.85,
        "weight_decay": 0.0153,
        "bias_scaler": 64.0,
        "label_smoothing": 0.2,
        "whiten_bias_epochs": 3
    },
    "aug": {
        "flip": true,
        "translate": 2
    },
    "net": {
        "widths": {
            "block1": 64,
            "block2": 256,
            "block3": 256
        },
        "batchnorm_momentum": 0.6,
        "scaling_factor": 0.1111111111111111,
        "tta_level": 2
    },
    "random_seed": 99,
    "git_commit_hash": "85402c5c6fafc553256ddda6a38a5e86792e3fed",
    "elapsed_wclock_time": 3.726934238433838,
    "final acc": 0.9298999905586243,
    "last batch loss": 0.9772135416666666,
    "epoch_val_accs": [
        0.6459999680519104,
        0.5587999820709229,
        0.7091999650001526,
        0.6952999830245972,
        0.7710999846458435,
        0.7775999903678894,
        0.8585000038146973,
        0.8919999599456787,
        0.902999997138977,
        0.9225999712944031
    ],
    "epoch_losses": [
        1.4544270833333333,
        1.3619791666666667,
        1.279296875,
        1.2473958333333333,
        1.1888020833333333,
        1.1497395833333333,
        1.1393229166666667,
        1.0501302083333333,
        1.0084635416666667,
        0.9772135416666666
    ]
}