{
    "opt": {
        "train_epochs": 9.9,
        "batch_size": 1536,
        "lr": 17.25,
        "momentum": 0.85,
        "weight_decay": 0.0153,
        "bias_scaler": 64.0,
        "label_smoothing": 0.2,
        "whiten_bias_epochs": 3
    },
    "aug": {
        "flip": true,
        "translate": 2
    },
    "net": {
        "widths": {
            "block1": 64,
            "block2": 256,
            "block3": 256
        },
        "batchnorm_momentum": 0.6,
        "scaling_factor": 0.1111111111111111,
        "tta_level": 2
    },
    "random_seed": 99,
    "git_commit_hash": "85402c5c6fafc553256ddda6a38a5e86792e3fed",
    "elapsed_wclock_time": 3.721975042104721,
    "final acc": 0.9303999543190002,
    "last batch loss": 0.984375,
    "epoch_val_accs": [
        0.6121000051498413,
        0.20589999854564667,
        0.32989999651908875,
        0.8066999912261963,
        0.6764000058174133,
        0.7516999840736389,
        0.8543999791145325,
        0.8991000056266785,
        0.9048999547958374,
        0.9239999651908875
    ],
    "epoch_losses": [
        1.5065104166666667,
        1.4583333333333333,
        1.306640625,
        1.2024739583333333,
        1.2018229166666667,
        1.1256510416666667,
        1.1028645833333333,
        1.021484375,
        1.0052083333333333,
        0.984375
    ]
}