{
    "opt": {
        "train_epochs": 9.9,
        "batch_size": 1536,
        "lr": 17.25,
        "momentum": 0.85,
        "weight_decay": 0.0153,
        "bias_scaler": 64.0,
        "label_smoothing": 0.2,
        "whiten_bias_epochs": 3
    },
    "aug": {
        "flip": true,
        "translate": 2
    },
    "net": {
        "widths": {
            "block1": 64,
            "block2": 256,
            "block3": 256
        },
        "batchnorm_momentum": 0.6,
        "scaling_factor": 0.1111111111111111,
        "tta_level": 2
    },
    "random_seed": 99,
    "git_commit_hash": "85402c5c6fafc553256ddda6a38a5e86792e3fed",
    "elapsed_wclock_time": 3.69385111784935,
    "final acc": 0.9293999671936035,
    "last batch loss": 0.9739583333333334,
    "epoch_val_accs": [
        0.5544999837875366,
        0.6035999655723572,
        0.7318999767303467,
        0.7346000075340271,
        0.8299999833106995,
        0.6931999921798706,
        0.868399977684021,
        0.8840000033378601,
        0.9059999585151672,
        0.9228000044822693
    ],
    "epoch_losses": [
        1.4817708333333333,
        1.3697916666666667,
        1.3020833333333333,
        1.228515625,
        1.1868489583333333,
        1.150390625,
        1.0963541666666667,
        1.0423177083333333,
        0.9947916666666666,
        0.9739583333333334
    ]
}