{
    "opt": {
        "train_epochs": 9.9,
        "batch_size": 1536,
        "lr": 17.25,
        "momentum": 0.85,
        "weight_decay": 0.0153,
        "bias_scaler": 64.0,
        "label_smoothing": 0.2,
        "whiten_bias_epochs": 3
    },
    "aug": {
        "flip": true,
        "translate": 2
    },
    "net": {
        "widths": {
            "block1": 64,
            "block2": 256,
            "block3": 256
        },
        "batchnorm_momentum": 0.6,
        "scaling_factor": 0.1111111111111111,
        "tta_level": 2
    },
    "random_seed": 99,
    "git_commit_hash": "85402c5c6fafc553256ddda6a38a5e86792e3fed",
    "elapsed_wclock_time": 3.72532878112793,
    "final acc": 0.9291999936103821,
    "last batch loss": 0.9733072916666666,
    "epoch_val_accs": [
        0.5320000052452087,
        0.6448000073432922,
        0.7202999591827393,
        0.6661999821662903,
        0.7989000082015991,
        0.8316999673843384,
        0.8123999834060669,
        0.8788999915122986,
        0.8980000019073486,
        0.9218999743461609
    ],
    "epoch_losses": [
        1.5690104166666667,
        1.3776041666666667,
        1.287109375,
        1.25390625,
        1.1647135416666667,
        1.1438802083333333,
        1.1217447916666667,
        1.0358072916666667,
        1.0227864583333333,
        0.9733072916666666
    ]
}