{
    "opt": {
        "train_epochs": 9.9,
        "batch_size": 1536,
        "lr": 17.25,
        "momentum": 0.85,
        "weight_decay": 0.0153,
        "bias_scaler": 64.0,
        "label_smoothing": 0.2,
        "whiten_bias_epochs": 3
    },
    "aug": {
        "flip": true,
        "translate": 2
    },
    "net": {
        "widths": {
            "block1": 64,
            "block2": 256,
            "block3": 256
        },
        "batchnorm_momentum": 0.6,
        "scaling_factor": 0.1111111111111111,
        "tta_level": 2
    },
    "random_seed": 99,
    "git_commit_hash": "85402c5c6fafc553256ddda6a38a5e86792e3fed",
    "elapsed_wclock_time": 3.726147724866867,
    "final acc": 0.9312999844551086,
    "last batch loss": 0.9720052083333334,
    "epoch_val_accs": [
        0.5493000149726868,
        0.445499986410141,
        0.630899965763092,
        0.5861999988555908,
        0.7511000037193298,
        0.7811999917030334,
        0.8511999845504761,
        0.8816999793052673,
        0.8931999802589417,
        0.9223999977111816
    ],
    "epoch_losses": [
        1.49609375,
        1.36328125,
        1.265625,
        1.248046875,
        1.162109375,
        1.1315104166666667,
        1.0904947916666667,
        1.05078125,
        1.021484375,
        0.9720052083333334
    ]
}