{
    "opt": {
        "train_epochs": 9.9,
        "batch_size": 1536,
        "lr": 17.25,
        "momentum": 0.85,
        "weight_decay": 0.0153,
        "bias_scaler": 64.0,
        "label_smoothing": 0.2,
        "whiten_bias_epochs": 3
    },
    "aug": {
        "flip": true,
        "translate": 2
    },
    "net": {
        "widths": {
            "block1": 64,
            "block2": 256,
            "block3": 256
        },
        "batchnorm_momentum": 0.6,
        "scaling_factor": 0.1111111111111111,
        "tta_level": 2
    },
    "random_seed": 99,
    "git_commit_hash": "85402c5c6fafc553256ddda6a38a5e86792e3fed",
    "elapsed_wclock_time": 3.721131133317947,
    "final acc": 0.9274999499320984,
    "last batch loss": 0.9733072916666666,
    "epoch_val_accs": [
        0.5810999870300293,
        0.6319000124931335,
        0.6635000109672546,
        0.6726999878883362,
        0.7671999931335449,
        0.8154000043869019,
        0.7712999582290649,
        0.8922999501228333,
        0.9060999751091003,
        0.9213999509811401
    ],
    "epoch_losses": [
        1.5611979166666667,
        1.46484375,
        1.283203125,
        1.2200520833333333,
        1.1927083333333333,
        1.1334635416666667,
        1.1002604166666667,
        1.0390625,
        1.015625,
        0.9733072916666666
    ]
}