{
    "opt": {
        "train_epochs": 9.9,
        "batch_size": 1536,
        "lr": 17.25,
        "momentum": 0.85,
        "weight_decay": 0.0153,
        "bias_scaler": 64.0,
        "label_smoothing": 0.2,
        "whiten_bias_epochs": 3
    },
    "aug": {
        "flip": true,
        "translate": 2
    },
    "net": {
        "widths": {
            "block1": 64,
            "block2": 256,
            "block3": 256
        },
        "batchnorm_momentum": 0.6,
        "scaling_factor": 0.1111111111111111,
        "tta_level": 2
    },
    "random_seed": 99,
    "git_commit_hash": "85402c5c6fafc553256ddda6a38a5e86792e3fed",
    "elapsed_wclock_time": 3.611574874401092,
    "final acc": 0.9300999641418457,
    "last batch loss": 0.966796875,
    "epoch_val_accs": [
        0.6205999851226807,
        0.628600001335144,
        0.6498000025749207,
        0.6301999688148499,
        0.7912999987602234,
        0.8412999510765076,
        0.8155999779701233,
        0.8976999521255493,
        0.9081999659538269,
        0.9229999780654907
    ],
    "epoch_losses": [
        1.53125,
        1.3528645833333333,
        1.3294270833333333,
        1.2395833333333333,
        1.203125,
        1.1197916666666667,
        1.1158854166666667,
        1.03515625,
        1.0084635416666667,
        0.966796875
    ]
}