{
    "opt": {
        "train_epochs": 9.9,
        "batch_size": 1536,
        "lr": 17.25,
        "momentum": 0.85,
        "weight_decay": 0.0153,
        "bias_scaler": 64.0,
        "label_smoothing": 0.2,
        "whiten_bias_epochs": 3
    },
    "aug": {
        "flip": true,
        "translate": 2
    },
    "net": {
        "widths": {
            "block1": 64,
            "block2": 256,
            "block3": 256
        },
        "batchnorm_momentum": 0.6,
        "scaling_factor": 0.1111111111111111,
        "tta_level": 2
    },
    "random_seed": 99,
    "git_commit_hash": "85402c5c6fafc553256ddda6a38a5e86792e3fed",
    "elapsed_wclock_time": 3.720148894786835,
    "final acc": 0.9310999512672424,
    "last batch loss": 0.9791666666666666,
    "epoch_val_accs": [
        0.5098999738693237,
        0.6395999789237976,
        0.6251999735832214,
        0.7448999881744385,
        0.7371000051498413,
        0.7401999831199646,
        0.8465999960899353,
        0.890999972820282,
        0.8977999687194824,
        0.920799970626831
    ],
    "epoch_losses": [
        1.58203125,
        1.3619791666666667,
        1.279296875,
        1.2395833333333333,
        1.2109375,
        1.1569010416666667,
        1.09765625,
        1.0423177083333333,
        1.0169270833333333,
        0.9791666666666666
    ]
}