{
    "opt": {
        "train_epochs": 9.9,
        "batch_size": 1536,
        "lr": 17.25,
        "momentum": 0.85,
        "weight_decay": 0.0153,
        "bias_scaler": 64.0,
        "label_smoothing": 0.2,
        "whiten_bias_epochs": 3
    },
    "aug": {
        "flip": true,
        "translate": 2
    },
    "net": {
        "widths": {
            "block1": 64,
            "block2": 256,
            "block3": 256
        },
        "batchnorm_momentum": 0.6,
        "scaling_factor": 0.1111111111111111,
        "tta_level": 2
    },
    "random_seed": 99,
    "git_commit_hash": "85402c5c6fafc553256ddda6a38a5e86792e3fed",
    "elapsed_wclock_time": 3.719440064430237,
    "final acc": 0.9297999739646912,
    "last batch loss": 0.9772135416666666,
    "epoch_val_accs": [
        0.6277999877929688,
        0.10489999502897263,
        0.6965999603271484,
        0.6883999705314636,
        0.7838000059127808,
        0.7112999558448792,
        0.8349999785423279,
        0.886199951171875,
        0.9095999598503113,
        0.9212999939918518
    ],
    "epoch_losses": [
        1.4674479166666667,
        1.4908854166666667,
        1.2727864583333333,
        1.240234375,
        1.1673177083333333,
        1.1451822916666667,
        1.08984375,
        1.052734375,
        0.9967447916666666,
        0.9772135416666666
    ]
}