{
    "opt": {
        "train_epochs": 9.9,
        "batch_size": 1536,
        "lr": 17.25,
        "momentum": 0.85,
        "weight_decay": 0.0153,
        "bias_scaler": 64.0,
        "label_smoothing": 0.2,
        "whiten_bias_epochs": 3
    },
    "aug": {
        "flip": true,
        "translate": 2
    },
    "net": {
        "widths": {
            "block1": 64,
            "block2": 256,
            "block3": 256
        },
        "batchnorm_momentum": 0.6,
        "scaling_factor": 0.1111111111111111,
        "tta_level": 2
    },
    "random_seed": 99,
    "git_commit_hash": "85402c5c6fafc553256ddda6a38a5e86792e3fed",
    "elapsed_wclock_time": 3.6975517091751104,
    "final acc": 0.9277999997138977,
    "last batch loss": 0.97265625,
    "epoch_val_accs": [
        0.5331999659538269,
        0.5726999640464783,
        0.6658999919891357,
        0.6067000031471252,
        0.7816999554634094,
        0.8183000087738037,
        0.8703999519348145,
        0.8836999535560608,
        0.9016000032424927,
        0.9169999957084656
    ],
    "epoch_losses": [
        1.5026041666666667,
        1.34375,
        1.3216145833333333,
        1.2532552083333333,
        1.193359375,
        1.142578125,
        1.0950520833333333,
        1.0442708333333333,
        1.0169270833333333,
        0.97265625
    ]
}