{
    "opt": {
        "train_epochs": 9.9,
        "batch_size": 1536,
        "lr": 17.25,
        "momentum": 0.85,
        "weight_decay": 0.0153,
        "bias_scaler": 64.0,
        "label_smoothing": 0.2,
        "whiten_bias_epochs": 3
    },
    "aug": {
        "flip": true,
        "translate": 2
    },
    "net": {
        "widths": {
            "block1": 64,
            "block2": 256,
            "block3": 256
        },
        "batchnorm_momentum": 0.6,
        "scaling_factor": 0.1111111111111111,
        "tta_level": 2
    },
    "random_seed": 99,
    "git_commit_hash": "85402c5c6fafc553256ddda6a38a5e86792e3fed",
    "elapsed_wclock_time": 3.698455410003662,
    "final acc": 0.9309999942779541,
    "last batch loss": 0.97265625,
    "epoch_val_accs": [
        0.6288999915122986,
        0.5252999663352966,
        0.46469998359680176,
        0.7081999778747559,
        0.8229999542236328,
        0.8223999738693237,
        0.8052999973297119,
        0.8784999847412109,
        0.9039999842643738,
        0.920799970626831
    ],
    "epoch_losses": [
        1.5403645833333333,
        1.4270833333333333,
        1.3020833333333333,
        1.240234375,
        1.1901041666666667,
        1.1328125,
        1.107421875,
        1.0455729166666667,
        1.025390625,
        0.97265625
    ]
}