{
    "opt": {
        "train_epochs": 9.9,
        "batch_size": 1536,
        "lr": 17.25,
        "momentum": 0.85,
        "weight_decay": 0.0153,
        "bias_scaler": 64.0,
        "label_smoothing": 0.2,
        "whiten_bias_epochs": 3
    },
    "aug": {
        "flip": true,
        "translate": 2
    },
    "net": {
        "widths": {
            "block1": 64,
            "block2": 256,
            "block3": 256
        },
        "batchnorm_momentum": 0.6,
        "scaling_factor": 0.1111111111111111,
        "tta_level": 2
    },
    "random_seed": 99,
    "git_commit_hash": "85402c5c6fafc553256ddda6a38a5e86792e3fed",
    "elapsed_wclock_time": 3.726047062873841,
    "final acc": 0.9298999905586243,
    "last batch loss": 0.9720052083333334,
    "epoch_val_accs": [
        0.4059999883174896,
        0.6062999963760376,
        0.6961999535560608,
        0.7644000053405762,
        0.6663999557495117,
        0.8452000021934509,
        0.8395999670028687,
        0.8704999685287476,
        0.9000999927520752,
        0.9230999946594238
    ],
    "epoch_losses": [
        1.5364583333333333,
        1.3567708333333333,
        1.2825520833333333,
        1.2057291666666667,
        1.23828125,
        1.13671875,
        1.0930989583333333,
        1.0436197916666667,
        0.9967447916666666,
        0.9720052083333334
    ]
}