{
    "opt": {
        "train_epochs": 9.9,
        "batch_size": 1536,
        "lr": 17.25,
        "momentum": 0.85,
        "weight_decay": 0.0153,
        "bias_scaler": 64.0,
        "label_smoothing": 0.2,
        "whiten_bias_epochs": 3
    },
    "aug": {
        "flip": true,
        "translate": 2
    },
    "net": {
        "widths": {
            "block1": 64,
            "block2": 256,
            "block3": 256
        },
        "batchnorm_momentum": 0.6,
        "scaling_factor": 0.1111111111111111,
        "tta_level": 2
    },
    "random_seed": 99,
    "git_commit_hash": "85402c5c6fafc553256ddda6a38a5e86792e3fed",
    "elapsed_wclock_time": 3.7223967394828796,
    "final acc": 0.9311999678611755,
    "last batch loss": 0.9596354166666666,
    "epoch_val_accs": [
        0.5730999708175659,
        0.6435999870300293,
        0.6003000140190125,
        0.7301999926567078,
        0.7726999521255493,
        0.8305999636650085,
        0.8258000016212463,
        0.873199999332428,
        0.8991000056266785,
        0.9213999509811401
    ],
    "epoch_losses": [
        1.5364583333333333,
        1.3450520833333333,
        1.2682291666666667,
        1.263671875,
        1.2109375,
        1.12890625,
        1.12890625,
        1.0227864583333333,
        1.017578125,
        0.9596354166666666
    ]
}