{
    "opt": {
        "train_epochs": 9.9,
        "batch_size": 1536,
        "lr": 17.25,
        "momentum": 0.85,
        "weight_decay": 0.0153,
        "bias_scaler": 64.0,
        "label_smoothing": 0.2,
        "whiten_bias_epochs": 3
    },
    "aug": {
        "flip": true,
        "translate": 2
    },
    "net": {
        "widths": {
            "block1": 64,
            "block2": 256,
            "block3": 256
        },
        "batchnorm_momentum": 0.6,
        "scaling_factor": 0.1111111111111111,
        "tta_level": 2
    },
    "random_seed": 99,
    "git_commit_hash": "85402c5c6fafc553256ddda6a38a5e86792e3fed",
    "elapsed_wclock_time": 3.725764321804047,
    "final acc": 0.9325999617576599,
    "last batch loss": 0.9739583333333334,
    "epoch_val_accs": [
        0.618399977684021,
        0.7200999855995178,
        0.7060999870300293,
        0.7505999803543091,
        0.7809999585151672,
        0.799299955368042,
        0.8574999570846558,
        0.8605999946594238,
        0.9002999663352966,
        0.9250999689102173
    ],
    "epoch_losses": [
        1.4908854166666667,
        1.4010416666666667,
        1.2708333333333333,
        1.224609375,
        1.2037760416666667,
        1.125,
        1.1002604166666667,
        1.0319010416666667,
        1.0006510416666667,
        0.9739583333333334
    ]
}