{
    "opt": {
        "train_epochs": 9.9,
        "batch_size": 1536,
        "lr": 17.25,
        "momentum": 0.85,
        "weight_decay": 0.0153,
        "bias_scaler": 64.0,
        "label_smoothing": 0.2,
        "whiten_bias_epochs": 3
    },
    "aug": {
        "flip": true,
        "translate": 2
    },
    "net": {
        "widths": {
            "block1": 64,
            "block2": 256,
            "block3": 256
        },
        "batchnorm_momentum": 0.6,
        "scaling_factor": 0.1111111111111111,
        "tta_level": 2
    },
    "random_seed": 99,
    "git_commit_hash": "85402c5c6fafc553256ddda6a38a5e86792e3fed",
    "elapsed_wclock_time": 3.6902240562438964,
    "final acc": 0.9289999604225159,
    "last batch loss": 0.9772135416666666,
    "epoch_val_accs": [
        0.5699999928474426,
        0.4764999747276306,
        0.6735999584197998,
        0.7382000088691711,
        0.8143999576568604,
        0.7785999774932861,
        0.8334999680519104,
        0.8932999968528748,
        0.905299961566925,
        0.9208999872207642
    ],
    "epoch_losses": [
        1.5377604166666667,
        1.3359375,
        1.2662760416666667,
        1.2552083333333333,
        1.1966145833333333,
        1.1419270833333333,
        1.1048177083333333,
        1.046875,
        1.0065104166666667,
        0.9772135416666666
    ]
}