{
    "opt": {
        "train_epochs": 9.9,
        "batch_size": 1536,
        "lr": 17.25,
        "momentum": 0.85,
        "weight_decay": 0.0153,
        "bias_scaler": 64.0,
        "label_smoothing": 0.2,
        "whiten_bias_epochs": 3
    },
    "aug": {
        "flip": true,
        "translate": 2
    },
    "net": {
        "widths": {
            "block1": 64,
            "block2": 256,
            "block3": 256
        },
        "batchnorm_momentum": 0.6,
        "scaling_factor": 0.1111111111111111,
        "tta_level": 2
    },
    "random_seed": 99,
    "git_commit_hash": "85402c5c6fafc553256ddda6a38a5e86792e3fed",
    "elapsed_wclock_time": 3.689066507339478,
    "final acc": 0.9304999709129333,
    "last batch loss": 0.9713541666666666,
    "epoch_val_accs": [
        0.5321999788284302,
        0.5270000100135803,
        0.6204999685287476,
        0.5529999732971191,
        0.8190999627113342,
        0.7684999704360962,
        0.8190000057220459,
        0.8649999499320984,
        0.9016000032424927,
        0.9210999608039856
    ],
    "epoch_losses": [
        1.5026041666666667,
        1.3684895833333333,
        1.2923177083333333,
        1.3203125,
        1.1608072916666667,
        1.1555989583333333,
        1.1009114583333333,
        1.0384114583333333,
        1.0065104166666667,
        0.9713541666666666
    ]
}