{
    "opt": {
        "train_epochs": 9.9,
        "batch_size": 1536,
        "lr": 17.25,
        "momentum": 0.85,
        "weight_decay": 0.0153,
        "bias_scaler": 64.0,
        "label_smoothing": 0.2,
        "whiten_bias_epochs": 3
    },
    "aug": {
        "flip": true,
        "translate": 2
    },
    "net": {
        "widths": {
            "block1": 64,
            "block2": 256,
            "block3": 256
        },
        "batchnorm_momentum": 0.6,
        "scaling_factor": 0.1111111111111111,
        "tta_level": 2
    },
    "random_seed": 99,
    "git_commit_hash": "85402c5c6fafc553256ddda6a38a5e86792e3fed",
    "elapsed_wclock_time": 3.695926898956299,
    "final acc": 0.9304999709129333,
    "last batch loss": 0.9654947916666666,
    "epoch_val_accs": [
        0.5317999720573425,
        0.6218999624252319,
        0.7192999720573425,
        0.7799999713897705,
        0.6978999972343445,
        0.8229999542236328,
        0.847599983215332,
        0.8940999507904053,
        0.8999999761581421,
        0.9220999479293823
    ],
    "epoch_losses": [
        1.515625,
        1.3723958333333333,
        1.2578125,
        1.2076822916666667,
        1.2057291666666667,
        1.1048177083333333,
        1.1061197916666667,
        1.03515625,
        1.013671875,
        0.9654947916666666
    ]
}