{
    "opt": {
        "train_epochs": 9.9,
        "batch_size": 1536,
        "lr": 17.25,
        "momentum": 0.85,
        "weight_decay": 0.0153,
        "bias_scaler": 64.0,
        "label_smoothing": 0.2,
        "whiten_bias_epochs": 3
    },
    "aug": {
        "flip": true,
        "translate": 2
    },
    "net": {
        "widths": {
            "block1": 64,
            "block2": 256,
            "block3": 256
        },
        "batchnorm_momentum": 0.6,
        "scaling_factor": 0.1111111111111111,
        "tta_level": 2
    },
    "random_seed": 99,
    "git_commit_hash": "85402c5c6fafc553256ddda6a38a5e86792e3fed",
    "elapsed_wclock_time": 3.696256858587265,
    "final acc": 0.9303999543190002,
    "last batch loss": 0.9759114583333334,
    "epoch_val_accs": [
        0.5327999591827393,
        0.5835999846458435,
        0.7037000060081482,
        0.6753999590873718,
        0.8061999678611755,
        0.8351999521255493,
        0.7978999614715576,
        0.8764999508857727,
        0.9045999646186829,
        0.9221999645233154
    ],
    "epoch_losses": [
        1.5390625,
        1.3580729166666667,
        1.2604166666666667,
        1.2259114583333333,
        1.1822916666666667,
        1.107421875,
        1.1080729166666667,
        1.052734375,
        1.0182291666666667,
        0.9759114583333334
    ]
}