{
    "opt": {
        "train_epochs": 9.9,
        "batch_size": 1536,
        "lr": 17.25,
        "momentum": 0.85,
        "weight_decay": 0.0153,
        "bias_scaler": 64.0,
        "label_smoothing": 0.2,
        "whiten_bias_epochs": 3
    },
    "aug": {
        "flip": true,
        "translate": 2
    },
    "net": {
        "widths": {
            "block1": 64,
            "block2": 256,
            "block3": 256
        },
        "batchnorm_momentum": 0.6,
        "scaling_factor": 0.1111111111111111,
        "tta_level": 2
    },
    "random_seed": 99,
    "git_commit_hash": "85402c5c6fafc553256ddda6a38a5e86792e3fed",
    "elapsed_wclock_time": 3.694528908014298,
    "final acc": 0.9323999881744385,
    "last batch loss": 0.9765625,
    "epoch_val_accs": [
        0.5763999819755554,
        0.5777999758720398,
        0.6407999992370605,
        0.6864999532699585,
        0.7997999787330627,
        0.7683999538421631,
        0.8181999921798706,
        0.8829999566078186,
        0.9006999731063843,
        0.9247999787330627
    ],
    "epoch_losses": [
        1.5013020833333333,
        1.3450520833333333,
        1.3014322916666667,
        1.2194010416666667,
        1.2037760416666667,
        1.1184895833333333,
        1.1484375,
        1.0384114583333333,
        1.0065104166666667,
        0.9765625
    ]
}