{
    "opt": {
        "train_epochs": 9.9,
        "batch_size": 1536,
        "lr": 17.25,
        "momentum": 0.85,
        "weight_decay": 0.0153,
        "bias_scaler": 64.0,
        "label_smoothing": 0.2,
        "whiten_bias_epochs": 3
    },
    "aug": {
        "flip": true,
        "translate": 2
    },
    "net": {
        "widths": {
            "block1": 64,
            "block2": 256,
            "block3": 256
        },
        "batchnorm_momentum": 0.6,
        "scaling_factor": 0.1111111111111111,
        "tta_level": 2
    },
    "random_seed": 99,
    "git_commit_hash": "85402c5c6fafc553256ddda6a38a5e86792e3fed",
    "elapsed_wclock_time": 3.6381970922946927,
    "final acc": 0.9311999678611755,
    "last batch loss": 0.984375,
    "epoch_val_accs": [
        0.5497999787330627,
        0.6164000034332275,
        0.6886000037193298,
        0.7468999624252319,
        0.7520999908447266,
        0.8280999660491943,
        0.7925999760627747,
        0.8592000007629395,
        0.9074999690055847,
        0.9225999712944031
    ],
    "epoch_losses": [
        1.51953125,
        1.3684895833333333,
        1.24609375,
        1.2311197916666667,
        1.1888020833333333,
        1.1197916666666667,
        1.1126302083333333,
        1.0390625,
        1.0182291666666667,
        0.984375
    ]
}