{
    "opt": {
        "train_epochs": 9.9,
        "batch_size": 1536,
        "lr": 17.25,
        "momentum": 0.85,
        "weight_decay": 0.0153,
        "bias_scaler": 64.0,
        "label_smoothing": 0.2,
        "whiten_bias_epochs": 3
    },
    "aug": {
        "flip": true,
        "translate": 2
    },
    "net": {
        "widths": {
            "block1": 64,
            "block2": 256,
            "block3": 256
        },
        "batchnorm_momentum": 0.6,
        "scaling_factor": 0.1111111111111111,
        "tta_level": 2
    },
    "random_seed": 99,
    "git_commit_hash": "85402c5c6fafc553256ddda6a38a5e86792e3fed",
    "elapsed_wclock_time": 3.6989036178588868,
    "final acc": 0.9284999966621399,
    "last batch loss": 0.990234375,
    "epoch_val_accs": [
        0.5460000038146973,
        0.6333999633789062,
        0.4802999794483185,
        0.7137999534606934,
        0.8219999670982361,
        0.7646999955177307,
        0.7980999946594238,
        0.8877999782562256,
        0.8934999704360962,
        0.9199999570846558
    ],
    "epoch_losses": [
        1.50390625,
        1.4192708333333333,
        1.3170572916666667,
        1.2779947916666667,
        1.177734375,
        1.1321614583333333,
        1.0944010416666667,
        1.0397135416666667,
        0.9993489583333334,
        0.990234375
    ]
}