{
    "opt": {
        "train_epochs": 9.9,
        "batch_size": 1536,
        "lr": 17.25,
        "momentum": 0.85,
        "weight_decay": 0.0153,
        "bias_scaler": 64.0,
        "label_smoothing": 0.2,
        "whiten_bias_epochs": 3
    },
    "aug": {
        "flip": true,
        "translate": 2
    },
    "net": {
        "widths": {
            "block1": 64,
            "block2": 256,
            "block3": 256
        },
        "batchnorm_momentum": 0.6,
        "scaling_factor": 0.1111111111111111,
        "tta_level": 2
    },
    "random_seed": 99,
    "git_commit_hash": "85402c5c6fafc553256ddda6a38a5e86792e3fed",
    "elapsed_wclock_time": 3.71704553437233,
    "final acc": 0.9277999997138977,
    "last batch loss": 0.96875,
    "epoch_val_accs": [
        0.6370999813079834,
        0.5704999566078186,
        0.6740999817848206,
        0.6722999811172485,
        0.7520999908447266,
        0.7985999584197998,
        0.8308999538421631,
        0.8524999618530273,
        0.8974999785423279,
        0.9215999841690063
    ],
    "epoch_losses": [
        1.4765625,
        1.3684895833333333,
        1.2747395833333333,
        1.20703125,
        1.1861979166666667,
        1.1282552083333333,
        1.0989583333333333,
        1.0266927083333333,
        1.0052083333333333,
        0.96875
    ]
}