{
    "opt": {
        "train_epochs": 9.9,
        "batch_size": 1536,
        "lr": 17.25,
        "momentum": 0.85,
        "weight_decay": 0.0153,
        "bias_scaler": 64.0,
        "label_smoothing": 0.2,
        "whiten_bias_epochs": 3
    },
    "aug": {
        "flip": true,
        "translate": 2
    },
    "net": {
        "widths": {
            "block1": 64,
            "block2": 256,
            "block3": 256
        },
        "batchnorm_momentum": 0.6,
        "scaling_factor": 0.1111111111111111,
        "tta_level": 2
    },
    "random_seed": 99,
    "git_commit_hash": "85402c5c6fafc553256ddda6a38a5e86792e3fed",
    "elapsed_wclock_time": 3.703779106140137,
    "final acc": 0.9296000003814697,
    "last batch loss": 0.9739583333333334,
    "epoch_val_accs": [
        0.5080999732017517,
        0.4634999930858612,
        0.552299976348877,
        0.5338000059127808,
        0.7754999995231628,
        0.7633000016212463,
        0.8014999628067017,
        0.8908999562263489,
        0.9039999842643738,
        0.9197999835014343
    ],
    "epoch_losses": [
        1.5755208333333333,
        1.3255208333333333,
        1.2864583333333333,
        1.2727864583333333,
        1.205078125,
        1.1451822916666667,
        1.1158854166666667,
        1.0481770833333333,
        1.0091145833333333,
        0.9739583333333334
    ]
}