{
    "opt": {
        "train_epochs": 9.9,
        "batch_size": 1536,
        "lr": 17.25,
        "momentum": 0.85,
        "weight_decay": 0.0153,
        "bias_scaler": 64.0,
        "label_smoothing": 0.2,
        "whiten_bias_epochs": 3
    },
    "aug": {
        "flip": true,
        "translate": 2
    },
    "net": {
        "widths": {
            "block1": 64,
            "block2": 256,
            "block3": 256
        },
        "batchnorm_momentum": 0.6,
        "scaling_factor": 0.1111111111111111,
        "tta_level": 2
    },
    "random_seed": 99,
    "git_commit_hash": "85402c5c6fafc553256ddda6a38a5e86792e3fed",
    "elapsed_wclock_time": 3.7237217895984656,
    "final acc": 0.9318999648094177,
    "last batch loss": 0.9733072916666666,
    "epoch_val_accs": [
        0.4477999806404114,
        0.5719999670982361,
        0.5758000016212463,
        0.738599956035614,
        0.7612999677658081,
        0.8222000002861023,
        0.8291999697685242,
        0.8739999532699585,
        0.9093999862670898,
        0.9225999712944031
    ],
    "epoch_losses": [
        1.5716145833333333,
        1.3502604166666667,
        1.287109375,
        1.2493489583333333,
        1.1881510416666667,
        1.1145833333333333,
        1.0911458333333333,
        1.0325520833333333,
        1.0013020833333333,
        0.9733072916666666
    ]
}