{
    "opt": {
        "train_epochs": 9.9,
        "batch_size": 1536,
        "lr": 17.25,
        "momentum": 0.85,
        "weight_decay": 0.0153,
        "bias_scaler": 64.0,
        "label_smoothing": 0.2,
        "whiten_bias_epochs": 3
    },
    "aug": {
        "flip": true,
        "translate": 2
    },
    "net": {
        "widths": {
            "block1": 64,
            "block2": 256,
            "block3": 256
        },
        "batchnorm_momentum": 0.6,
        "scaling_factor": 0.1111111111111111,
        "tta_level": 2
    },
    "random_seed": 99,
    "git_commit_hash": "85402c5c6fafc553256ddda6a38a5e86792e3fed",
    "elapsed_wclock_time": 3.7259759445190426,
    "final acc": 0.9315999746322632,
    "last batch loss": 0.9713541666666666,
    "epoch_val_accs": [
        0.630899965763092,
        0.5956000089645386,
        0.6510999798774719,
        0.6784999966621399,
        0.7907999753952026,
        0.8325999975204468,
        0.8543999791145325,
        0.8925999999046326,
        0.899899959564209,
        0.924299955368042
    ],
    "epoch_losses": [
        1.4869791666666667,
        1.421875,
        1.2740885416666667,
        1.2604166666666667,
        1.2115885416666667,
        1.1139322916666667,
        1.0930989583333333,
        1.041015625,
        1.0104166666666667,
        0.9713541666666666
    ]
}