{
    "opt": {
        "train_epochs": 9.9,
        "batch_size": 1536,
        "lr": 17.25,
        "momentum": 0.85,
        "weight_decay": 0.0153,
        "bias_scaler": 64.0,
        "label_smoothing": 0.2,
        "whiten_bias_epochs": 3
    },
    "aug": {
        "flip": true,
        "translate": 2
    },
    "net": {
        "widths": {
            "block1": 64,
            "block2": 256,
            "block3": 256
        },
        "batchnorm_momentum": 0.6,
        "scaling_factor": 0.1111111111111111,
        "tta_level": 2
    },
    "random_seed": 99,
    "git_commit_hash": "85402c5c6fafc553256ddda6a38a5e86792e3fed",
    "elapsed_wclock_time": 3.6812070629596714,
    "final acc": 0.9284999966621399,
    "last batch loss": 0.9791666666666666,
    "epoch_val_accs": [
        0.5572999715805054,
        0.6319000124931335,
        0.6665999889373779,
        0.6733999848365784,
        0.8024999499320984,
        0.8260999917984009,
        0.7982999682426453,
        0.8889999985694885,
        0.904699981212616,
        0.9190999865531921
    ],
    "epoch_losses": [
        1.4947916666666667,
        1.3723958333333333,
        1.2473958333333333,
        1.2057291666666667,
        1.1809895833333333,
        1.125,
        1.0885416666666667,
        1.0436197916666667,
        1.0208333333333333,
        0.9791666666666666
    ]
}