{
    "opt": {
        "train_epochs": 9.9,
        "batch_size": 1536,
        "lr": 17.25,
        "momentum": 0.85,
        "weight_decay": 0.0153,
        "bias_scaler": 64.0,
        "label_smoothing": 0.2,
        "whiten_bias_epochs": 3
    },
    "aug": {
        "flip": true,
        "translate": 2
    },
    "net": {
        "widths": {
            "block1": 64,
            "block2": 256,
            "block3": 256
        },
        "batchnorm_momentum": 0.6,
        "scaling_factor": 0.1111111111111111,
        "tta_level": 2
    },
    "random_seed": 99,
    "git_commit_hash": "85402c5c6fafc553256ddda6a38a5e86792e3fed",
    "elapsed_wclock_time": 3.607516001701355,
    "final acc": 0.9302999973297119,
    "last batch loss": 0.970703125,
    "epoch_val_accs": [
        0.5913999676704407,
        0.4632999897003174,
        0.38979998230934143,
        0.7698999643325806,
        0.8080999851226807,
        0.832099974155426,
        0.8333999514579773,
        0.8812999725341797,
        0.8991000056266785,
        0.921999990940094
    ],
    "epoch_losses": [
        1.4921875,
        1.4375,
        1.2779947916666667,
        1.2278645833333333,
        1.2311197916666667,
        1.1328125,
        1.0970052083333333,
        1.0403645833333333,
        1.0045572916666667,
        0.970703125
    ]
}