{
    "opt": {
        "train_epochs": 9.9,
        "batch_size": 1536,
        "lr": 17.25,
        "momentum": 0.85,
        "weight_decay": 0.0153,
        "bias_scaler": 64.0,
        "label_smoothing": 0.2,
        "whiten_bias_epochs": 3
    },
    "aug": {
        "flip": true,
        "translate": 2
    },
    "net": {
        "widths": {
            "block1": 64,
            "block2": 256,
            "block3": 256
        },
        "batchnorm_momentum": 0.6,
        "scaling_factor": 0.1111111111111111,
        "tta_level": 2
    },
    "random_seed": 99,
    "git_commit_hash": "85402c5c6fafc553256ddda6a38a5e86792e3fed",
    "elapsed_wclock_time": 3.6907411298751835,
    "final acc": 0.9284999966621399,
    "last batch loss": 0.9733072916666666,
    "epoch_val_accs": [
        0.6255999803543091,
        0.5645999908447266,
        0.5467999577522278,
        0.6710000038146973,
        0.7734000086784363,
        0.8425999879837036,
        0.8376999497413635,
        0.8890999555587769,
        0.9088999629020691,
        0.9230999946594238
    ],
    "epoch_losses": [
        1.4921875,
        1.4283854166666667,
        1.310546875,
        1.248046875,
        1.1979166666666667,
        1.1263020833333333,
        1.1022135416666667,
        1.0240885416666667,
        1.0169270833333333,
        0.9733072916666666
    ]
}