{
    "opt": {
        "train_epochs": 9.9,
        "batch_size": 1536,
        "lr": 17.25,
        "momentum": 0.85,
        "weight_decay": 0.0153,
        "bias_scaler": 64.0,
        "label_smoothing": 0.2,
        "whiten_bias_epochs": 3
    },
    "aug": {
        "flip": true,
        "translate": 2
    },
    "net": {
        "widths": {
            "block1": 64,
            "block2": 256,
            "block3": 256
        },
        "batchnorm_momentum": 0.6,
        "scaling_factor": 0.1111111111111111,
        "tta_level": 2
    },
    "random_seed": 99,
    "git_commit_hash": "85402c5c6fafc553256ddda6a38a5e86792e3fed",
    "elapsed_wclock_time": 3.7179297468662265,
    "final acc": 0.9296999573707581,
    "last batch loss": 0.958984375,
    "epoch_val_accs": [
        0.49229997396469116,
        0.7076999545097351,
        0.5705999732017517,
        0.5952999591827393,
        0.7537999749183655,
        0.7382999658584595,
        0.8603000044822693,
        0.8959999680519104,
        0.9089999794960022,
        0.9212999939918518
    ],
    "epoch_losses": [
        1.5,
        1.3170572916666667,
        1.2591145833333333,
        1.2330729166666667,
        1.19921875,
        1.134765625,
        1.0852864583333333,
        1.0462239583333333,
        1.0188802083333333,
        0.958984375
    ]
}