{
    "opt": {
        "train_epochs": 9.9,
        "batch_size": 1536,
        "lr": 17.25,
        "momentum": 0.85,
        "weight_decay": 0.0153,
        "bias_scaler": 64.0,
        "label_smoothing": 0.2,
        "whiten_bias_epochs": 3
    },
    "aug": {
        "flip": true,
        "translate": 2
    },
    "net": {
        "widths": {
            "block1": 64,
            "block2": 256,
            "block3": 256
        },
        "batchnorm_momentum": 0.6,
        "scaling_factor": 0.1111111111111111,
        "tta_level": 2
    },
    "random_seed": 99,
    "git_commit_hash": "85402c5c6fafc553256ddda6a38a5e86792e3fed",
    "elapsed_wclock_time": 3.7279379496574405,
    "final acc": 0.929099977016449,
    "last batch loss": 0.96875,
    "epoch_val_accs": [
        0.6162999868392944,
        0.306799978017807,
        0.6403999924659729,
        0.677299976348877,
        0.7578999996185303,
        0.857699990272522,
        0.835099995136261,
        0.87909996509552,
        0.902899980545044,
        0.9220999479293823
    ],
    "epoch_losses": [
        1.53515625,
        1.3645833333333333,
        1.3157552083333333,
        1.2096354166666667,
        1.18359375,
        1.1380208333333333,
        1.1119791666666667,
        1.0553385416666667,
        1.01171875,
        0.96875
    ]
}