{
    "opt": {
        "train_epochs": 9.9,
        "batch_size": 1536,
        "lr": 17.25,
        "momentum": 0.85,
        "weight_decay": 0.0153,
        "bias_scaler": 64.0,
        "label_smoothing": 0.2,
        "whiten_bias_epochs": 3
    },
    "aug": {
        "flip": true,
        "translate": 2
    },
    "net": {
        "widths": {
            "block1": 64,
            "block2": 256,
            "block3": 256
        },
        "batchnorm_momentum": 0.6,
        "scaling_factor": 0.1111111111111111,
        "tta_level": 2
    },
    "random_seed": 99,
    "git_commit_hash": "85402c5c6fafc553256ddda6a38a5e86792e3fed",
    "elapsed_wclock_time": 3.726692565917969,
    "final acc": 0.9311999678611755,
    "last batch loss": 0.978515625,
    "epoch_val_accs": [
        0.6150999665260315,
        0.4802999794483185,
        0.6809999942779541,
        0.7490999698638916,
        0.7283999919891357,
        0.7172999978065491,
        0.8155999779701233,
        0.8852999806404114,
        0.8970999717712402,
        0.918999969959259
    ],
    "epoch_losses": [
        1.47265625,
        1.3619791666666667,
        1.2395833333333333,
        1.212890625,
        1.1927083333333333,
        1.1419270833333333,
        1.1041666666666667,
        1.033203125,
        1.0,
        0.978515625
    ]
}