{
    "opt": {
        "train_epochs": 9.9,
        "batch_size": 1536,
        "lr": 17.25,
        "momentum": 0.85,
        "weight_decay": 0.0153,
        "bias_scaler": 64.0,
        "label_smoothing": 0.2,
        "whiten_bias_epochs": 3
    },
    "aug": {
        "flip": true,
        "translate": 2
    },
    "net": {
        "widths": {
            "block1": 64,
            "block2": 256,
            "block3": 256
        },
        "batchnorm_momentum": 0.6,
        "scaling_factor": 0.1111111111111111,
        "tta_level": 2
    },
    "random_seed": 99,
    "git_commit_hash": "85402c5c6fafc553256ddda6a38a5e86792e3fed",
    "elapsed_wclock_time": 3.7315312294960026,
    "final acc": 0.9296999573707581,
    "last batch loss": 0.9869791666666666,
    "epoch_val_accs": [
        0.5375999808311462,
        0.6035000085830688,
        0.7486000061035156,
        0.7328000068664551,
        0.8165000081062317,
        0.7608000040054321,
        0.8554999828338623,
        0.8738999962806702,
        0.8970999717712402,
        0.9214999675750732
    ],
    "epoch_losses": [
        1.5104166666666667,
        1.3658854166666667,
        1.2923177083333333,
        1.2083333333333333,
        1.173828125,
        1.134765625,
        1.10546875,
        1.0416666666666667,
        1.0208333333333333,
        0.9869791666666666
    ]
}