{
    "opt": {
        "train_epochs": 9.9,
        "batch_size": 1536,
        "lr": 17.25,
        "momentum": 0.85,
        "weight_decay": 0.0153,
        "bias_scaler": 64.0,
        "label_smoothing": 0.2,
        "whiten_bias_epochs": 3
    },
    "aug": {
        "flip": true,
        "translate": 2
    },
    "net": {
        "widths": {
            "block1": 64,
            "block2": 256,
            "block3": 256
        },
        "batchnorm_momentum": 0.6,
        "scaling_factor": 0.1111111111111111,
        "tta_level": 2
    },
    "random_seed": 99,
    "git_commit_hash": "85402c5c6fafc553256ddda6a38a5e86792e3fed",
    "elapsed_wclock_time": 3.6072266607284544,
    "final acc": 0.9284999966621399,
    "last batch loss": 0.982421875,
    "epoch_val_accs": [
        0.4884999990463257,
        0.6212999820709229,
        0.6785999536514282,
        0.5981999635696411,
        0.7687000036239624,
        0.7817999720573425,
        0.8134999871253967,
        0.8952999711036682,
        0.9044999480247498,
        0.9199999570846558
    ],
    "epoch_losses": [
        1.546875,
        1.3645833333333333,
        1.3001302083333333,
        1.2486979166666667,
        1.2467447916666667,
        1.1295572916666667,
        1.1028645833333333,
        1.0559895833333333,
        1.0201822916666667,
        0.982421875
    ]
}