{
    "opt": {
        "train_epochs": 9.9,
        "batch_size": 1536,
        "lr": 17.25,
        "momentum": 0.85,
        "weight_decay": 0.0153,
        "bias_scaler": 64.0,
        "label_smoothing": 0.2,
        "whiten_bias_epochs": 3
    },
    "aug": {
        "flip": true,
        "translate": 2
    },
    "net": {
        "widths": {
            "block1": 64,
            "block2": 256,
            "block3": 256
        },
        "batchnorm_momentum": 0.6,
        "scaling_factor": 0.1111111111111111,
        "tta_level": 2
    },
    "random_seed": 99,
    "git_commit_hash": "85402c5c6fafc553256ddda6a38a5e86792e3fed",
    "elapsed_wclock_time": 3.729848206043244,
    "final acc": 0.9296000003814697,
    "last batch loss": 0.9772135416666666,
    "epoch_val_accs": [
        0.6186999678611755,
        0.6848999857902527,
        0.69159996509552,
        0.7364999651908875,
        0.6633999943733215,
        0.7784000039100647,
        0.8209999799728394,
        0.8836999535560608,
        0.903499960899353,
        0.9214999675750732
    ],
    "epoch_losses": [
        1.49609375,
        1.3984375,
        1.2962239583333333,
        1.20703125,
        1.1731770833333333,
        1.1516927083333333,
        1.10546875,
        1.0442708333333333,
        1.01171875,
        0.9772135416666666
    ]
}