{
    "opt": {
        "train_epochs": 9.9,
        "batch_size": 1536,
        "lr": 17.25,
        "momentum": 0.85,
        "weight_decay": 0.0153,
        "bias_scaler": 64.0,
        "label_smoothing": 0.2,
        "whiten_bias_epochs": 3
    },
    "aug": {
        "flip": true,
        "translate": 2
    },
    "net": {
        "widths": {
            "block1": 64,
            "block2": 256,
            "block3": 256
        },
        "batchnorm_momentum": 0.6,
        "scaling_factor": 0.1111111111111111,
        "tta_level": 2
    },
    "random_seed": 99,
    "git_commit_hash": "85402c5c6fafc553256ddda6a38a5e86792e3fed",
    "elapsed_wclock_time": 3.7210166747570037,
    "final acc": 0.9292999505996704,
    "last batch loss": 0.9765625,
    "epoch_val_accs": [
        0.5934999585151672,
        0.4293999969959259,
        0.6502999663352966,
        0.6969000101089478,
        0.6976999640464783,
        0.7910999655723572,
        0.8359000086784363,
        0.8869999647140503,
        0.9088999629020691,
        0.9192999601364136
    ],
    "epoch_losses": [
        1.5026041666666667,
        1.4361979166666667,
        1.2825520833333333,
        1.2298177083333333,
        1.1959635416666667,
        1.16015625,
        1.1087239583333333,
        1.0494791666666667,
        1.0143229166666667,
        0.9765625
    ]
}