{
    "opt": {
        "train_epochs": 9.9,
        "batch_size": 1536,
        "lr": 17.25,
        "momentum": 0.85,
        "weight_decay": 0.0153,
        "bias_scaler": 64.0,
        "label_smoothing": 0.2,
        "whiten_bias_epochs": 3
    },
    "aug": {
        "flip": true,
        "translate": 2
    },
    "net": {
        "widths": {
            "block1": 64,
            "block2": 256,
            "block3": 256
        },
        "batchnorm_momentum": 0.6,
        "scaling_factor": 0.1111111111111111,
        "tta_level": 2
    },
    "random_seed": 99,
    "git_commit_hash": "85402c5c6fafc553256ddda6a38a5e86792e3fed",
    "elapsed_wclock_time": 3.6948150448799133,
    "final acc": 0.9312999844551086,
    "last batch loss": 0.9713541666666666,
    "epoch_val_accs": [
        0.6291999816894531,
        0.36319997906684875,
        0.6699999570846558,
        0.551800012588501,
        0.7644999623298645,
        0.8228999972343445,
        0.8373000025749207,
        0.8774999976158142,
        0.9081999659538269,
        0.9210999608039856
    ],
    "epoch_losses": [
        1.5078125,
        1.5104166666666667,
        1.2838541666666667,
        1.2649739583333333,
        1.173828125,
        1.1256510416666667,
        1.09375,
        1.03515625,
        1.0201822916666667,
        0.9713541666666666
    ]
}