{
    "opt": {
        "train_epochs": 9.9,
        "batch_size": 1536,
        "lr": 17.25,
        "momentum": 0.85,
        "weight_decay": 0.0153,
        "bias_scaler": 64.0,
        "label_smoothing": 0.2,
        "whiten_bias_epochs": 3
    },
    "aug": {
        "flip": true,
        "translate": 2
    },
    "net": {
        "widths": {
            "block1": 64,
            "block2": 256,
            "block3": 256
        },
        "batchnorm_momentum": 0.6,
        "scaling_factor": 0.1111111111111111,
        "tta_level": 2
    },
    "random_seed": 99,
    "git_commit_hash": "85402c5c6fafc553256ddda6a38a5e86792e3fed",
    "elapsed_wclock_time": 3.6356188790798187,
    "final acc": 0.9305999875068665,
    "last batch loss": 0.9661458333333334,
    "epoch_val_accs": [
        0.5263000130653381,
        0.5708000063896179,
        0.5709999799728394,
        0.7215999960899353,
        0.8027999997138977,
        0.8003000020980835,
        0.8624999523162842,
        0.875,
        0.9017999768257141,
        0.9231999516487122
    ],
    "epoch_losses": [
        1.48046875,
        1.375,
        1.2916666666666667,
        1.234375,
        1.1595052083333333,
        1.1419270833333333,
        1.0924479166666667,
        1.0364583333333333,
        1.0123697916666667,
        0.9661458333333334
    ]
}