{
    "opt": {
        "train_epochs": 9.9,
        "batch_size": 1536,
        "lr": 17.25,
        "momentum": 0.85,
        "weight_decay": 0.0153,
        "bias_scaler": 64.0,
        "label_smoothing": 0.2,
        "whiten_bias_epochs": 3
    },
    "aug": {
        "flip": true,
        "translate": 2
    },
    "net": {
        "widths": {
            "block1": 64,
            "block2": 256,
            "block3": 256
        },
        "batchnorm_momentum": 0.6,
        "scaling_factor": 0.1111111111111111,
        "tta_level": 2
    },
    "random_seed": 99,
    "git_commit_hash": "85402c5c6fafc553256ddda6a38a5e86792e3fed",
    "elapsed_wclock_time": 3.6099751565456395,
    "final acc": 0.9283999800682068,
    "last batch loss": 0.974609375,
    "epoch_val_accs": [
        0.6021999716758728,
        0.6692999601364136,
        0.5148000121116638,
        0.762499988079071,
        0.7789999842643738,
        0.7688999772071838,
        0.835599958896637,
        0.8711999654769897,
        0.90829998254776,
        0.9204999804496765
    ],
    "epoch_losses": [
        1.4934895833333333,
        1.3216145833333333,
        1.29296875,
        1.2057291666666667,
        1.181640625,
        1.1497395833333333,
        1.0989583333333333,
        1.0305989583333333,
        1.015625,
        0.974609375
    ]
}