{
    "opt": {
        "train_epochs": 9.9,
        "batch_size": 1536,
        "lr": 17.25,
        "momentum": 0.85,
        "weight_decay": 0.0153,
        "bias_scaler": 64.0,
        "label_smoothing": 0.2,
        "whiten_bias_epochs": 3
    },
    "aug": {
        "flip": true,
        "translate": 2
    },
    "net": {
        "widths": {
            "block1": 64,
            "block2": 256,
            "block3": 256
        },
        "batchnorm_momentum": 0.6,
        "scaling_factor": 0.1111111111111111,
        "tta_level": 2
    },
    "random_seed": 99,
    "git_commit_hash": "85402c5c6fafc553256ddda6a38a5e86792e3fed",
    "elapsed_wclock_time": 3.726113720893861,
    "final acc": 0.9291999936103821,
    "last batch loss": 0.9739583333333334,
    "epoch_val_accs": [
        0.6269999742507935,
        0.48959997296333313,
        0.6977999806404114,
        0.7723000049591064,
        0.7310000061988831,
        0.7815999984741211,
        0.8515999913215637,
        0.8795999884605408,
        0.8862999677658081,
        0.9228999614715576
    ],
    "epoch_losses": [
        1.4765625,
        1.3385416666666667,
        1.2447916666666667,
        1.208984375,
        1.1888020833333333,
        1.1315104166666667,
        1.103515625,
        1.0475260416666667,
        1.0006510416666667,
        0.9739583333333334
    ]
}