{
    "opt": {
        "train_epochs": 9.9,
        "batch_size": 1536,
        "lr": 17.25,
        "momentum": 0.85,
        "weight_decay": 0.0153,
        "bias_scaler": 64.0,
        "label_smoothing": 0.2,
        "whiten_bias_epochs": 3
    },
    "aug": {
        "flip": true,
        "translate": 2
    },
    "net": {
        "widths": {
            "block1": 64,
            "block2": 256,
            "block3": 256
        },
        "batchnorm_momentum": 0.6,
        "scaling_factor": 0.1111111111111111,
        "tta_level": 2
    },
    "random_seed": 99,
    "git_commit_hash": "85402c5c6fafc553256ddda6a38a5e86792e3fed",
    "elapsed_wclock_time": 3.695139094352722,
    "final acc": 0.9284999966621399,
    "last batch loss": 0.9778645833333334,
    "epoch_val_accs": [
        0.5699999928474426,
        0.5472999811172485,
        0.6873999834060669,
        0.7059999704360962,
        0.7723000049591064,
        0.7567999958992004,
        0.8486999869346619,
        0.8863999843597412,
        0.8978999853134155,
        0.9194999933242798
    ],
    "epoch_losses": [
        1.4752604166666667,
        1.39453125,
        1.2994791666666667,
        1.2584635416666667,
        1.2141927083333333,
        1.15625,
        1.0950520833333333,
        1.0553385416666667,
        1.0091145833333333,
        0.9778645833333334
    ]
}