{
    "opt": {
        "train_epochs": 9.9,
        "batch_size": 1536,
        "lr": 17.25,
        "momentum": 0.85,
        "weight_decay": 0.0153,
        "bias_scaler": 64.0,
        "label_smoothing": 0.2,
        "whiten_bias_epochs": 3
    },
    "aug": {
        "flip": true,
        "translate": 2
    },
    "net": {
        "widths": {
            "block1": 64,
            "block2": 256,
            "block3": 256
        },
        "batchnorm_momentum": 0.6,
        "scaling_factor": 0.1111111111111111,
        "tta_level": 2
    },
    "random_seed": 99,
    "git_commit_hash": "85402c5c6fafc553256ddda6a38a5e86792e3fed",
    "elapsed_wclock_time": 3.6919147796630853,
    "final acc": 0.9307999610900879,
    "last batch loss": 0.978515625,
    "epoch_val_accs": [
        0.5573999881744385,
        0.46069997549057007,
        0.3928000032901764,
        0.7567999958992004,
        0.7044999599456787,
        0.8018999695777893,
        0.7573999762535095,
        0.8551999926567078,
        0.8995999693870544,
        0.9204999804496765
    ],
    "epoch_losses": [
        1.5286458333333333,
        1.3697916666666667,
        1.34375,
        1.2506510416666667,
        1.2024739583333333,
        1.140625,
        1.107421875,
        1.046875,
        1.0104166666666667,
        0.978515625
    ]
}