{
    "opt": {
        "train_epochs": 9.9,
        "batch_size": 1536,
        "lr": 17.25,
        "momentum": 0.85,
        "weight_decay": 0.0153,
        "bias_scaler": 64.0,
        "label_smoothing": 0.2,
        "whiten_bias_epochs": 3
    },
    "aug": {
        "flip": true,
        "translate": 2
    },
    "net": {
        "widths": {
            "block1": 64,
            "block2": 256,
            "block3": 256
        },
        "batchnorm_momentum": 0.6,
        "scaling_factor": 0.1111111111111111,
        "tta_level": 2
    },
    "random_seed": 99,
    "git_commit_hash": "85402c5c6fafc553256ddda6a38a5e86792e3fed",
    "elapsed_wclock_time": 3.6071233763694766,
    "final acc": 0.9279999732971191,
    "last batch loss": 0.9752604166666666,
    "epoch_val_accs": [
        0.623699963092804,
        0.5084999799728394,
        0.7487999796867371,
        0.7674999833106995,
        0.736299991607666,
        0.784500002861023,
        0.835099995136261,
        0.8824999928474426,
        0.9047999978065491,
        0.9215999841690063
    ],
    "epoch_losses": [
        1.5052083333333333,
        1.4231770833333333,
        1.2610677083333333,
        1.244140625,
        1.205078125,
        1.1419270833333333,
        1.1080729166666667,
        1.0319010416666667,
        1.0110677083333333,
        0.9752604166666666
    ]
}