{
    "opt": {
        "train_epochs": 9.9,
        "batch_size": 1536,
        "lr": 17.25,
        "momentum": 0.85,
        "weight_decay": 0.0153,
        "bias_scaler": 64.0,
        "label_smoothing": 0.2,
        "whiten_bias_epochs": 3
    },
    "aug": {
        "flip": true,
        "translate": 2
    },
    "net": {
        "widths": {
            "block1": 64,
            "block2": 256,
            "block3": 256
        },
        "batchnorm_momentum": 0.6,
        "scaling_factor": 0.1111111111111111,
        "tta_level": 2
    },
    "random_seed": 99,
    "git_commit_hash": "85402c5c6fafc553256ddda6a38a5e86792e3fed",
    "elapsed_wclock_time": 3.722826414823532,
    "final acc": 0.9318999648094177,
    "last batch loss": 0.9694010416666666,
    "epoch_val_accs": [
        0.5845000147819519,
        0.3723999857902527,
        0.47209998965263367,
        0.8101999759674072,
        0.6926000118255615,
        0.8352999687194824,
        0.7445999979972839,
        0.8883000016212463,
        0.9027999639511108,
        0.9221999645233154
    ],
    "epoch_losses": [
        1.5703125,
        1.3619791666666667,
        1.3092447916666667,
        1.201171875,
        1.162109375,
        1.1243489583333333,
        1.0989583333333333,
        1.0494791666666667,
        1.0201822916666667,
        0.9694010416666666
    ]
}