{
    "opt": {
        "train_epochs": 9.9,
        "batch_size": 1536,
        "lr": 17.25,
        "momentum": 0.85,
        "weight_decay": 0.0153,
        "bias_scaler": 64.0,
        "label_smoothing": 0.2,
        "whiten_bias_epochs": 3
    },
    "aug": {
        "flip": true,
        "translate": 2
    },
    "net": {
        "widths": {
            "block1": 64,
            "block2": 256,
            "block3": 256
        },
        "batchnorm_momentum": 0.6,
        "scaling_factor": 0.1111111111111111,
        "tta_level": 2
    },
    "random_seed": 99,
    "git_commit_hash": "85402c5c6fafc553256ddda6a38a5e86792e3fed",
    "elapsed_wclock_time": 3.6970354986190794,
    "final acc": 0.9304999709129333,
    "last batch loss": 0.9772135416666666,
    "epoch_val_accs": [
        0.6025999784469604,
        0.6985999941825867,
        0.7396999597549438,
        0.7224000096321106,
        0.8083999752998352,
        0.8265999555587769,
        0.8033999800682068,
        0.8992999792098999,
        0.8948999643325806,
        0.9232999682426453
    ],
    "epoch_losses": [
        1.59375,
        1.3359375,
        1.2923177083333333,
        1.2434895833333333,
        1.1842447916666667,
        1.1647135416666667,
        1.1048177083333333,
        1.0345052083333333,
        1.0104166666666667,
        0.9772135416666666
    ]
}