{
    "opt": {
        "train_epochs": 9.9,
        "batch_size": 1536,
        "lr": 17.25,
        "momentum": 0.85,
        "weight_decay": 0.0153,
        "bias_scaler": 64.0,
        "label_smoothing": 0.2,
        "whiten_bias_epochs": 3
    },
    "aug": {
        "flip": true,
        "translate": 2
    },
    "net": {
        "widths": {
            "block1": 64,
            "block2": 256,
            "block3": 256
        },
        "batchnorm_momentum": 0.6,
        "scaling_factor": 0.1111111111111111,
        "tta_level": 2
    },
    "random_seed": 99,
    "git_commit_hash": "85402c5c6fafc553256ddda6a38a5e86792e3fed",
    "elapsed_wclock_time": 3.6786345832347878,
    "final acc": 0.9329999685287476,
    "last batch loss": 0.9680989583333334,
    "epoch_val_accs": [
        0.6245999932289124,
        0.6115999817848206,
        0.6514999866485596,
        0.6092999577522278,
        0.7716000080108643,
        0.7412999868392944,
        0.8461999893188477,
        0.8952999711036682,
        0.9057999849319458,
        0.9241999983787537
    ],
    "epoch_losses": [
        1.5026041666666667,
        1.4153645833333333,
        1.232421875,
        1.255859375,
        1.2018229166666667,
        1.1106770833333333,
        1.1015625,
        1.0540364583333333,
        1.0104166666666667,
        0.9680989583333334
    ]
}