{
    "opt": {
        "train_epochs": 9.9,
        "batch_size": 1536,
        "lr": 17.25,
        "momentum": 0.85,
        "weight_decay": 0.0153,
        "bias_scaler": 64.0,
        "label_smoothing": 0.2,
        "whiten_bias_epochs": 3
    },
    "aug": {
        "flip": true,
        "translate": 2
    },
    "net": {
        "widths": {
            "block1": 64,
            "block2": 256,
            "block3": 256
        },
        "batchnorm_momentum": 0.6,
        "scaling_factor": 0.1111111111111111,
        "tta_level": 2
    },
    "random_seed": 99,
    "git_commit_hash": "85402c5c6fafc553256ddda6a38a5e86792e3fed",
    "elapsed_wclock_time": 3.640601652145386,
    "final acc": 0.9305999875068665,
    "last batch loss": 0.98046875,
    "epoch_val_accs": [
        0.6291999816894531,
        0.6151999831199646,
        0.6694999933242798,
        0.6940999627113342,
        0.7391999959945679,
        0.7785999774932861,
        0.8399999737739563,
        0.88919997215271,
        0.9060999751091003,
        0.9236999750137329
    ],
    "epoch_losses": [
        1.5052083333333333,
        1.3854166666666667,
        1.2955729166666667,
        1.197265625,
        1.2389322916666667,
        1.1595052083333333,
        1.0950520833333333,
        1.0227864583333333,
        1.00390625,
        0.98046875
    ]
}