{
    "opt": {
        "train_epochs": 9.9,
        "batch_size": 1536,
        "lr": 17.25,
        "momentum": 0.85,
        "weight_decay": 0.0153,
        "bias_scaler": 64.0,
        "label_smoothing": 0.2,
        "whiten_bias_epochs": 3
    },
    "aug": {
        "flip": true,
        "translate": 2
    },
    "net": {
        "widths": {
            "block1": 64,
            "block2": 256,
            "block3": 256
        },
        "batchnorm_momentum": 0.6,
        "scaling_factor": 0.1111111111111111,
        "tta_level": 2
    },
    "random_seed": 99,
    "git_commit_hash": "85402c5c6fafc553256ddda6a38a5e86792e3fed",
    "elapsed_wclock_time": 3.718238989591599,
    "final acc": 0.9321999549865723,
    "last batch loss": 0.9661458333333334,
    "epoch_val_accs": [
        0.613599956035614,
        0.5406999588012695,
        0.6632999777793884,
        0.6780999898910522,
        0.8078999519348145,
        0.7820999622344971,
        0.7924999594688416,
        0.8793999552726746,
        0.914900004863739,
        0.9241999983787537
    ],
    "epoch_losses": [
        1.5559895833333333,
        1.4205729166666667,
        1.2467447916666667,
        1.2135416666666667,
        1.1920572916666667,
        1.125,
        1.119140625,
        1.0455729166666667,
        1.0026041666666667,
        0.9661458333333334
    ]
}