{
    "opt": {
        "train_epochs": 9.9,
        "batch_size": 1536,
        "lr": 17.25,
        "momentum": 0.85,
        "weight_decay": 0.0153,
        "bias_scaler": 64.0,
        "label_smoothing": 0.2,
        "whiten_bias_epochs": 3
    },
    "aug": {
        "flip": true,
        "translate": 2
    },
    "net": {
        "widths": {
            "block1": 64,
            "block2": 256,
            "block3": 256
        },
        "batchnorm_momentum": 0.6,
        "scaling_factor": 0.1111111111111111,
        "tta_level": 2
    },
    "random_seed": 99,
    "git_commit_hash": "85402c5c6fafc553256ddda6a38a5e86792e3fed",
    "elapsed_wclock_time": 3.6393841676712038,
    "final acc": 0.9297999739646912,
    "last batch loss": 0.982421875,
    "epoch_val_accs": [
        0.5597000122070312,
        0.23929999768733978,
        0.5954999923706055,
        0.5583999752998352,
        0.8101999759674072,
        0.8367999792098999,
        0.8555999994277954,
        0.8824999928474426,
        0.8917999863624573,
        0.9200999736785889
    ],
    "epoch_losses": [
        1.5299479166666667,
        1.4674479166666667,
        1.279296875,
        1.275390625,
        1.189453125,
        1.1380208333333333,
        1.1022135416666667,
        1.0475260416666667,
        1.0188802083333333,
        0.982421875
    ]
}