{
    "opt": {
        "train_epochs": 9.9,
        "batch_size": 1536,
        "lr": 17.25,
        "momentum": 0.85,
        "weight_decay": 0.0153,
        "bias_scaler": 64.0,
        "label_smoothing": 0.2,
        "whiten_bias_epochs": 3
    },
    "aug": {
        "flip": true,
        "translate": 2
    },
    "net": {
        "widths": {
            "block1": 64,
            "block2": 256,
            "block3": 256
        },
        "batchnorm_momentum": 0.6,
        "scaling_factor": 0.1111111111111111,
        "tta_level": 2
    },
    "random_seed": 99,
    "git_commit_hash": "85402c5c6fafc553256ddda6a38a5e86792e3fed",
    "elapsed_wclock_time": 3.690865985155106,
    "final acc": 0.9296999573707581,
    "last batch loss": 0.9752604166666666,
    "epoch_val_accs": [
        0.5647000074386597,
        0.654699981212616,
        0.6931999921798706,
        0.7392999529838562,
        0.7182999849319458,
        0.8242999911308289,
        0.840499997138977,
        0.8716999888420105,
        0.9044999480247498,
        0.9241999983787537
    ],
    "epoch_losses": [
        1.5221354166666667,
        1.35546875,
        1.2454427083333333,
        1.2330729166666667,
        1.189453125,
        1.1399739583333333,
        1.09765625,
        1.0514322916666667,
        1.0182291666666667,
        0.9752604166666666
    ]
}