{
    "opt": {
        "train_epochs": 9.9,
        "batch_size": 1536,
        "lr": 17.25,
        "momentum": 0.85,
        "weight_decay": 0.0153,
        "bias_scaler": 64.0,
        "label_smoothing": 0.2,
        "whiten_bias_epochs": 3
    },
    "aug": {
        "flip": true,
        "translate": 2
    },
    "net": {
        "widths": {
            "block1": 64,
            "block2": 256,
            "block3": 256
        },
        "batchnorm_momentum": 0.6,
        "scaling_factor": 0.1111111111111111,
        "tta_level": 2
    },
    "random_seed": 99,
    "git_commit_hash": "85402c5c6fafc553256ddda6a38a5e86792e3fed",
    "elapsed_wclock_time": 3.696413607358932,
    "final acc": 0.9298999905586243,
    "last batch loss": 0.98046875,
    "epoch_val_accs": [
        0.6240000128746033,
        0.6459000110626221,
        0.6313999891281128,
        0.5841000080108643,
        0.8044999837875366,
        0.8292999863624573,
        0.8233000040054321,
        0.8950999975204468,
        0.9080999493598938,
        0.9210000038146973
    ],
    "epoch_losses": [
        1.5325520833333333,
        1.3984375,
        1.26953125,
        1.23046875,
        1.2115885416666667,
        1.1354166666666667,
        1.0904947916666667,
        1.0234375,
        1.0006510416666667,
        0.98046875
    ]
}