{
    "opt": {
        "train_epochs": 9.9,
        "batch_size": 1536,
        "lr": 17.25,
        "momentum": 0.85,
        "weight_decay": 0.0153,
        "bias_scaler": 64.0,
        "label_smoothing": 0.2,
        "whiten_bias_epochs": 3
    },
    "aug": {
        "flip": true,
        "translate": 2
    },
    "net": {
        "widths": {
            "block1": 64,
            "block2": 256,
            "block3": 256
        },
        "batchnorm_momentum": 0.6,
        "scaling_factor": 0.1111111111111111,
        "tta_level": 2
    },
    "random_seed": 99,
    "git_commit_hash": "85402c5c6fafc553256ddda6a38a5e86792e3fed",
    "elapsed_wclock_time": 3.728702621459961,
    "final acc": 0.9314000010490417,
    "last batch loss": 0.9830729166666666,
    "epoch_val_accs": [
        0.5562999844551086,
        0.6129999756813049,
        0.47049999237060547,
        0.5443999767303467,
        0.7506999969482422,
        0.7960000038146973,
        0.6886999607086182,
        0.8661999702453613,
        0.9060999751091003,
        0.9233999848365784
    ],
    "epoch_losses": [
        1.5338541666666667,
        1.3489583333333333,
        1.3053385416666667,
        1.228515625,
        1.1966145833333333,
        1.1360677083333333,
        1.1002604166666667,
        1.0442708333333333,
        1.015625,
        0.9830729166666666
    ]
}