{
    "opt": {
        "train_epochs": 9.9,
        "batch_size": 1536,
        "lr": 17.25,
        "momentum": 0.85,
        "weight_decay": 0.0153,
        "bias_scaler": 64.0,
        "label_smoothing": 0.2,
        "whiten_bias_epochs": 3
    },
    "aug": {
        "flip": true,
        "translate": 2
    },
    "net": {
        "widths": {
            "block1": 64,
            "block2": 256,
            "block3": 256
        },
        "batchnorm_momentum": 0.6,
        "scaling_factor": 0.1111111111111111,
        "tta_level": 2
    },
    "random_seed": 99,
    "git_commit_hash": "85402c5c6fafc553256ddda6a38a5e86792e3fed",
    "elapsed_wclock_time": 3.6910400056838997,
    "final acc": 0.9282999634742737,
    "last batch loss": 0.9720052083333334,
    "epoch_val_accs": [
        0.5083999633789062,
        0.5953999757766724,
        0.5108000040054321,
        0.6974999904632568,
        0.823199987411499,
        0.8319000005722046,
        0.7615999579429626,
        0.8678999543190002,
        0.9003999829292297,
        0.9196999669075012
    ],
    "epoch_losses": [
        1.4986979166666667,
        1.3984375,
        1.28515625,
        1.2571614583333333,
        1.1796875,
        1.1575520833333333,
        1.1145833333333333,
        1.041015625,
        1.0123697916666667,
        0.9720052083333334
    ]
}