{
    "opt": {
        "train_epochs": 9.9,
        "batch_size": 1536,
        "lr": 17.25,
        "momentum": 0.85,
        "weight_decay": 0.0153,
        "bias_scaler": 64.0,
        "label_smoothing": 0.2,
        "whiten_bias_epochs": 3
    },
    "aug": {
        "flip": true,
        "translate": 2
    },
    "net": {
        "widths": {
            "block1": 64,
            "block2": 256,
            "block3": 256
        },
        "batchnorm_momentum": 0.6,
        "scaling_factor": 0.1111111111111111,
        "tta_level": 2
    },
    "random_seed": 99,
    "git_commit_hash": "85402c5c6fafc553256ddda6a38a5e86792e3fed",
    "elapsed_wclock_time": 3.6950344693660737,
    "final acc": 0.929099977016449,
    "last batch loss": 0.9759114583333334,
    "epoch_val_accs": [
        0.6308000087738037,
        0.46459999680519104,
        0.6317999958992004,
        0.5888999700546265,
        0.7382999658584595,
        0.7744999527931213,
        0.7692999839782715,
        0.885699987411499,
        0.8991999626159668,
        0.9186999797821045
    ],
    "epoch_losses": [
        1.5026041666666667,
        1.3997395833333333,
        1.326171875,
        1.2506510416666667,
        1.2317708333333333,
        1.1510416666666667,
        1.1041666666666667,
        1.0358072916666667,
        1.037109375,
        0.9759114583333334
    ]
}