{
    "opt": {
        "train_epochs": 9.9,
        "batch_size": 1536,
        "lr": 17.25,
        "momentum": 0.85,
        "weight_decay": 0.0153,
        "bias_scaler": 64.0,
        "label_smoothing": 0.2,
        "whiten_bias_epochs": 3
    },
    "aug": {
        "flip": true,
        "translate": 2
    },
    "net": {
        "widths": {
            "block1": 64,
            "block2": 256,
            "block3": 256
        },
        "batchnorm_momentum": 0.6,
        "scaling_factor": 0.1111111111111111,
        "tta_level": 2
    },
    "random_seed": 99,
    "git_commit_hash": "85402c5c6fafc553256ddda6a38a5e86792e3fed",
    "elapsed_wclock_time": 3.7220636243820193,
    "final acc": 0.9296999573707581,
    "last batch loss": 0.9791666666666666,
    "epoch_val_accs": [
        0.6158999800682068,
        0.7200999855995178,
        0.6471999883651733,
        0.6679999828338623,
        0.7653999924659729,
        0.8119999766349792,
        0.7379999756813049,
        0.8934999704360962,
        0.9021999835968018,
        0.921999990940094
    ],
    "epoch_losses": [
        1.4739583333333333,
        1.3313802083333333,
        1.2805989583333333,
        1.2252604166666667,
        1.1842447916666667,
        1.1555989583333333,
        1.1048177083333333,
        1.03515625,
        0.9934895833333334,
        0.9791666666666666
    ]
}