{
    "opt": {
        "train_epochs": 9.9,
        "batch_size": 1536,
        "lr": 17.25,
        "momentum": 0.85,
        "weight_decay": 0.0153,
        "bias_scaler": 64.0,
        "label_smoothing": 0.2,
        "whiten_bias_epochs": 3
    },
    "aug": {
        "flip": true,
        "translate": 2
    },
    "net": {
        "widths": {
            "block1": 64,
            "block2": 256,
            "block3": 256
        },
        "batchnorm_momentum": 0.6,
        "scaling_factor": 0.1111111111111111,
        "tta_level": 2
    },
    "random_seed": 99,
    "git_commit_hash": "85402c5c6fafc553256ddda6a38a5e86792e3fed",
    "elapsed_wclock_time": 3.7163461232185364,
    "final acc": 0.9286999702453613,
    "last batch loss": 0.96875,
    "epoch_val_accs": [
        0.5376999974250793,
        0.590999960899353,
        0.6696999669075012,
        0.6687999963760376,
        0.7853999733924866,
        0.8118000030517578,
        0.8362999558448792,
        0.8903999924659729,
        0.9084999561309814,
        0.9215999841690063
    ],
    "epoch_losses": [
        1.5065104166666667,
        1.4375,
        1.2643229166666667,
        1.2115885416666667,
        1.1953125,
        1.125,
        1.107421875,
        1.0377604166666667,
        1.0247395833333333,
        0.96875
    ]
}