{
    "opt": {
        "train_epochs": 9.9,
        "batch_size": 1536,
        "lr": 17.25,
        "momentum": 0.85,
        "weight_decay": 0.0153,
        "bias_scaler": 64.0,
        "label_smoothing": 0.2,
        "whiten_bias_epochs": 3
    },
    "aug": {
        "flip": true,
        "translate": 2
    },
    "net": {
        "widths": {
            "block1": 64,
            "block2": 256,
            "block3": 256
        },
        "batchnorm_momentum": 0.6,
        "scaling_factor": 0.1111111111111111,
        "tta_level": 2
    },
    "random_seed": 99,
    "git_commit_hash": "85402c5c6fafc553256ddda6a38a5e86792e3fed",
    "elapsed_wclock_time": 3.6135840582847596,
    "final acc": 0.9304999709129333,
    "last batch loss": 0.9680989583333334,
    "epoch_val_accs": [
        0.5375999808311462,
        0.659500002861023,
        0.6771000027656555,
        0.711899995803833,
        0.5602999925613403,
        0.7393999695777893,
        0.8315999507904053,
        0.8966999650001526,
        0.9036999940872192,
        0.9246000051498413
    ],
    "epoch_losses": [
        1.5234375,
        1.38671875,
        1.2916666666666667,
        1.2701822916666667,
        1.212890625,
        1.1373697916666667,
        1.111328125,
        1.0481770833333333,
        1.0065104166666667,
        0.9680989583333334
    ]
}