{
    "opt": {
        "train_epochs": 9.9,
        "batch_size": 1536,
        "lr": 17.25,
        "momentum": 0.85,
        "weight_decay": 0.0153,
        "bias_scaler": 64.0,
        "label_smoothing": 0.2,
        "whiten_bias_epochs": 3
    },
    "aug": {
        "flip": true,
        "translate": 2
    },
    "net": {
        "widths": {
            "block1": 64,
            "block2": 256,
            "block3": 256
        },
        "batchnorm_momentum": 0.6,
        "scaling_factor": 0.1111111111111111,
        "tta_level": 2
    },
    "random_seed": 99,
    "git_commit_hash": "85402c5c6fafc553256ddda6a38a5e86792e3fed",
    "elapsed_wclock_time": 3.7162998723983764,
    "final acc": 0.9285999536514282,
    "last batch loss": 0.9850260416666666,
    "epoch_val_accs": [
        0.5837000012397766,
        0.6164999604225159,
        0.6207000017166138,
        0.7545999884605408,
        0.7682999968528748,
        0.8188999891281128,
        0.8130999803543091,
        0.876800000667572,
        0.9096999764442444,
        0.9215999841690063
    ],
    "epoch_losses": [
        1.4661458333333333,
        1.4166666666666667,
        1.287109375,
        1.2350260416666667,
        1.1822916666666667,
        1.1282552083333333,
        1.1217447916666667,
        1.04296875,
        1.0110677083333333,
        0.9850260416666666
    ]
}