{
    "opt": {
        "train_epochs": 9.9,
        "batch_size": 1536,
        "lr": 17.25,
        "momentum": 0.85,
        "weight_decay": 0.0153,
        "bias_scaler": 64.0,
        "label_smoothing": 0.2,
        "whiten_bias_epochs": 3
    },
    "aug": {
        "flip": true,
        "translate": 2
    },
    "net": {
        "widths": {
            "block1": 64,
            "block2": 256,
            "block3": 256
        },
        "batchnorm_momentum": 0.6,
        "scaling_factor": 0.1111111111111111,
        "tta_level": 2
    },
    "random_seed": 99,
    "git_commit_hash": "85402c5c6fafc553256ddda6a38a5e86792e3fed",
    "elapsed_wclock_time": 3.699641670227051,
    "final acc": 0.9307000041007996,
    "last batch loss": 0.9720052083333334,
    "epoch_val_accs": [
        0.5866999626159668,
        0.6487999558448792,
        0.6863999962806702,
        0.5715999603271484,
        0.6577999591827393,
        0.823199987411499,
        0.7782999873161316,
        0.8811999559402466,
        0.9007999897003174,
        0.920699954032898
    ],
    "epoch_losses": [
        1.4908854166666667,
        1.3567708333333333,
        1.2408854166666667,
        1.283203125,
        1.1744791666666667,
        1.1263020833333333,
        1.1223958333333333,
        1.0377604166666667,
        1.025390625,
        0.9720052083333334
    ]
}