{
    "opt": {
        "train_epochs": 9.9,
        "batch_size": 1536,
        "lr": 17.25,
        "momentum": 0.85,
        "weight_decay": 0.0153,
        "bias_scaler": 64.0,
        "label_smoothing": 0.2,
        "whiten_bias_epochs": 3
    },
    "aug": {
        "flip": true,
        "translate": 2
    },
    "net": {
        "widths": {
            "block1": 64,
            "block2": 256,
            "block3": 256
        },
        "batchnorm_momentum": 0.6,
        "scaling_factor": 0.1111111111111111,
        "tta_level": 2
    },
    "random_seed": 99,
    "git_commit_hash": "85402c5c6fafc553256ddda6a38a5e86792e3fed",
    "elapsed_wclock_time": 3.637228238582612,
    "final acc": 0.9315999746322632,
    "last batch loss": 0.9635416666666666,
    "epoch_val_accs": [
        0.545199990272522,
        0.5720999836921692,
        0.5645999908447266,
        0.6832999587059021,
        0.773099958896637,
        0.8270999789237976,
        0.8396999835968018,
        0.8711999654769897,
        0.9030999541282654,
        0.9223999977111816
    ],
    "epoch_losses": [
        1.4700520833333333,
        1.3580729166666667,
        1.3346354166666667,
        1.2376302083333333,
        1.1803385416666667,
        1.150390625,
        1.1184895833333333,
        1.0423177083333333,
        1.0084635416666667,
        0.9635416666666666
    ]
}