{
    "opt": {
        "train_epochs": 9.9,
        "batch_size": 1536,
        "lr": 17.25,
        "momentum": 0.85,
        "weight_decay": 0.0153,
        "bias_scaler": 64.0,
        "label_smoothing": 0.2,
        "whiten_bias_epochs": 3
    },
    "aug": {
        "flip": true,
        "translate": 2
    },
    "net": {
        "widths": {
            "block1": 64,
            "block2": 256,
            "block3": 256
        },
        "batchnorm_momentum": 0.6,
        "scaling_factor": 0.1111111111111111,
        "tta_level": 2
    },
    "random_seed": 99,
    "git_commit_hash": "85402c5c6fafc553256ddda6a38a5e86792e3fed",
    "elapsed_wclock_time": 3.615047040462494,
    "final acc": 0.9296999573707581,
    "last batch loss": 0.9830729166666666,
    "epoch_val_accs": [
        0.6140999794006348,
        0.6033999919891357,
        0.7181999683380127,
        0.6624999642372131,
        0.811199963092804,
        0.8209999799728394,
        0.7738999724388123,
        0.8884999752044678,
        0.8935999870300293,
        0.9180999994277954
    ],
    "epoch_losses": [
        1.48828125,
        1.34375,
        1.3001302083333333,
        1.2135416666666667,
        1.2350260416666667,
        1.1263020833333333,
        1.1165364583333333,
        1.0377604166666667,
        1.0149739583333333,
        0.9830729166666666
    ]
}