{
    "opt": {
        "train_epochs": 9.9,
        "batch_size": 1536,
        "lr": 17.25,
        "momentum": 0.85,
        "weight_decay": 0.0153,
        "bias_scaler": 64.0,
        "label_smoothing": 0.2,
        "whiten_bias_epochs": 3
    },
    "aug": {
        "flip": true,
        "translate": 2
    },
    "net": {
        "widths": {
            "block1": 64,
            "block2": 256,
            "block3": 256
        },
        "batchnorm_momentum": 0.6,
        "scaling_factor": 0.1111111111111111,
        "tta_level": 2
    },
    "random_seed": 99,
    "git_commit_hash": "85402c5c6fafc553256ddda6a38a5e86792e3fed",
    "elapsed_wclock_time": 3.660220716953277,
    "final acc": 0.9280999898910522,
    "last batch loss": 0.9759114583333334,
    "epoch_val_accs": [
        0.4968999922275543,
        0.6456999778747559,
        0.6801999807357788,
        0.7181999683380127,
        0.7913999557495117,
        0.8198999762535095,
        0.8513999581336975,
        0.8892999887466431,
        0.9047999978065491,
        0.92249995470047
    ],
    "epoch_losses": [
        1.5078125,
        1.3893229166666667,
        1.2630208333333333,
        1.1829427083333333,
        1.1979166666666667,
        1.115234375,
        1.1067708333333333,
        1.0481770833333333,
        0.9928385416666666,
        0.9759114583333334
    ]
}