{
    "opt": {
        "train_epochs": 9.9,
        "batch_size": 1536,
        "lr": 17.25,
        "momentum": 0.85,
        "weight_decay": 0.0153,
        "bias_scaler": 64.0,
        "label_smoothing": 0.2,
        "whiten_bias_epochs": 3
    },
    "aug": {
        "flip": true,
        "translate": 2
    },
    "net": {
        "widths": {
            "block1": 64,
            "block2": 256,
            "block3": 256
        },
        "batchnorm_momentum": 0.6,
        "scaling_factor": 0.1111111111111111,
        "tta_level": 2
    },
    "random_seed": 99,
    "git_commit_hash": "85402c5c6fafc553256ddda6a38a5e86792e3fed",
    "elapsed_wclock_time": 3.7226488201618193,
    "final acc": 0.9292999505996704,
    "last batch loss": 0.9635416666666666,
    "epoch_val_accs": [
        0.5789999961853027,
        0.6208999752998352,
        0.7057999968528748,
        0.7055000066757202,
        0.8269999623298645,
        0.8376999497413635,
        0.8536999821662903,
        0.8885999917984009,
        0.9075999855995178,
        0.9230999946594238
    ],
    "epoch_losses": [
        1.5559895833333333,
        1.34375,
        1.2682291666666667,
        1.2434895833333333,
        1.18359375,
        1.1276041666666667,
        1.091796875,
        1.044921875,
        1.01171875,
        0.9635416666666666
    ]
}