{
    "opt": {
        "train_epochs": 9.9,
        "batch_size": 1536,
        "lr": 17.25,
        "momentum": 0.85,
        "weight_decay": 0.0153,
        "bias_scaler": 64.0,
        "label_smoothing": 0.2,
        "whiten_bias_epochs": 3
    },
    "aug": {
        "flip": true,
        "translate": 2
    },
    "net": {
        "widths": {
            "block1": 64,
            "block2": 256,
            "block3": 256
        },
        "batchnorm_momentum": 0.6,
        "scaling_factor": 0.1111111111111111,
        "tta_level": 2
    },
    "random_seed": 99,
    "git_commit_hash": "85402c5c6fafc553256ddda6a38a5e86792e3fed",
    "elapsed_wclock_time": 3.7234553911685944,
    "final acc": 0.9297999739646912,
    "last batch loss": 0.984375,
    "epoch_val_accs": [
        0.5410999655723572,
        0.6299999952316284,
        0.5842999815940857,
        0.6319000124931335,
        0.7400000095367432,
        0.7511999607086182,
        0.796999990940094,
        0.8928999900817871,
        0.8962000012397766,
        0.9215999841690063
    ],
    "epoch_losses": [
        1.5729166666666667,
        1.4010416666666667,
        1.287109375,
        1.2174479166666667,
        1.2102864583333333,
        1.1555989583333333,
        1.1041666666666667,
        1.0377604166666667,
        1.0071614583333333,
        0.984375
    ]
}