{
    "opt": {
        "train_epochs": 9.9,
        "batch_size": 1536,
        "lr": 17.25,
        "momentum": 0.85,
        "weight_decay": 0.0153,
        "bias_scaler": 64.0,
        "label_smoothing": 0.2,
        "whiten_bias_epochs": 3
    },
    "aug": {
        "flip": true,
        "translate": 2
    },
    "net": {
        "widths": {
            "block1": 64,
            "block2": 256,
            "block3": 256
        },
        "batchnorm_momentum": 0.6,
        "scaling_factor": 0.1111111111111111,
        "tta_level": 2
    },
    "random_seed": 99,
    "git_commit_hash": "85402c5c6fafc553256ddda6a38a5e86792e3fed",
    "elapsed_wclock_time": 3.6944542415142063,
    "final acc": 0.9259999990463257,
    "last batch loss": 0.96875,
    "epoch_val_accs": [
        0.5199999809265137,
        0.6179999709129333,
        0.49609997868537903,
        0.5839999914169312,
        0.7450000047683716,
        0.778499960899353,
        0.784500002861023,
        0.8826999664306641,
        0.9047999978065491,
        0.9199000000953674
    ],
    "epoch_losses": [
        1.5026041666666667,
        1.3893229166666667,
        1.2981770833333333,
        1.32421875,
        1.1888020833333333,
        1.1451822916666667,
        1.1171875,
        1.0305989583333333,
        1.01953125,
        0.96875
    ]
}