{
    "opt": {
        "train_epochs": 9.9,
        "batch_size": 1536,
        "lr": 17.25,
        "momentum": 0.85,
        "weight_decay": 0.0153,
        "bias_scaler": 64.0,
        "label_smoothing": 0.2,
        "whiten_bias_epochs": 3
    },
    "aug": {
        "flip": true,
        "translate": 2
    },
    "net": {
        "widths": {
            "block1": 64,
            "block2": 256,
            "block3": 256
        },
        "batchnorm_momentum": 0.6,
        "scaling_factor": 0.1111111111111111,
        "tta_level": 2
    },
    "random_seed": 99,
    "git_commit_hash": "85402c5c6fafc553256ddda6a38a5e86792e3fed",
    "elapsed_wclock_time": 3.721378159761429,
    "final acc": 0.9230999946594238,
    "last batch loss": 0.9791666666666666,
    "epoch_val_accs": [
        0.5593999624252319,
        0.4251999855041504,
        0.6818000078201294,
        0.7006999850273132,
        0.696399986743927,
        0.7610999941825867,
        0.7940999865531921,
        0.8939999938011169,
        0.8971999883651733,
        0.9182999730110168
    ],
    "epoch_losses": [
        1.5247395833333333,
        1.48828125,
        1.2845052083333333,
        1.2194010416666667,
        1.244140625,
        1.1178385416666667,
        1.1106770833333333,
        1.041015625,
        1.029296875,
        0.9791666666666666
    ]
}