{
    "opt": {
        "train_epochs": 9.9,
        "batch_size": 1536,
        "lr": 17.25,
        "momentum": 0.85,
        "weight_decay": 0.0153,
        "bias_scaler": 64.0,
        "label_smoothing": 0.2,
        "whiten_bias_epochs": 3
    },
    "aug": {
        "flip": true,
        "translate": 2
    },
    "net": {
        "widths": {
            "block1": 64,
            "block2": 256,
            "block3": 256
        },
        "batchnorm_momentum": 0.6,
        "scaling_factor": 0.1111111111111111,
        "tta_level": 2
    },
    "random_seed": 99,
    "git_commit_hash": "85402c5c6fafc553256ddda6a38a5e86792e3fed",
    "elapsed_wclock_time": 3.6665139896869663,
    "final acc": 0.9316999912261963,
    "last batch loss": 0.9680989583333334,
    "epoch_val_accs": [
        0.6895999908447266,
        0.43699997663497925,
        0.6976999640464783,
        0.6944999694824219,
        0.7979999780654907,
        0.8176999688148499,
        0.8646999597549438,
        0.8888999819755554,
        0.9037999510765076,
        0.9200999736785889
    ],
    "epoch_losses": [
        1.4869791666666667,
        1.3932291666666667,
        1.30078125,
        1.248046875,
        1.1920572916666667,
        1.1536458333333333,
        1.0983072916666667,
        1.0345052083333333,
        1.0078125,
        0.9680989583333334
    ]
}