{
    "opt": {
        "train_epochs": 9.9,
        "batch_size": 1536,
        "lr": 17.25,
        "momentum": 0.85,
        "weight_decay": 0.0153,
        "bias_scaler": 64.0,
        "label_smoothing": 0.2,
        "whiten_bias_epochs": 3
    },
    "aug": {
        "flip": true,
        "translate": 2
    },
    "net": {
        "widths": {
            "block1": 64,
            "block2": 256,
            "block3": 256
        },
        "batchnorm_momentum": 0.6,
        "scaling_factor": 0.1111111111111111,
        "tta_level": 2
    },
    "random_seed": 99,
    "git_commit_hash": "85402c5c6fafc553256ddda6a38a5e86792e3fed",
    "elapsed_wclock_time": 3.722775003433228,
    "final acc": 0.9296999573707581,
    "last batch loss": 0.9778645833333334,
    "epoch_val_accs": [
        0.519599974155426,
        0.5708999633789062,
        0.6739000082015991,
        0.5983999967575073,
        0.7167999744415283,
        0.8084999918937683,
        0.8267999887466431,
        0.870199978351593,
        0.8944000005722046,
        0.9195999503135681
    ],
    "epoch_losses": [
        1.5091145833333333,
        1.3170572916666667,
        1.330078125,
        1.259765625,
        1.1985677083333333,
        1.13671875,
        1.103515625,
        1.048828125,
        1.00390625,
        0.9778645833333334
    ]
}