{
    "opt": {
        "train_epochs": 9.9,
        "batch_size": 1536,
        "lr": 17.25,
        "momentum": 0.85,
        "weight_decay": 0.0153,
        "bias_scaler": 64.0,
        "label_smoothing": 0.2,
        "whiten_bias_epochs": 3
    },
    "aug": {
        "flip": true,
        "translate": 2
    },
    "net": {
        "widths": {
            "block1": 64,
            "block2": 256,
            "block3": 256
        },
        "batchnorm_momentum": 0.6,
        "scaling_factor": 0.1111111111111111,
        "tta_level": 2
    },
    "random_seed": 99,
    "git_commit_hash": "85402c5c6fafc553256ddda6a38a5e86792e3fed",
    "elapsed_wclock_time": 3.704379151821136,
    "final acc": 0.9311999678611755,
    "last batch loss": 0.970703125,
    "epoch_val_accs": [
        0.599399983882904,
        0.6789999604225159,
        0.5543999671936035,
        0.7511000037193298,
        0.7365999817848206,
        0.6232999563217163,
        0.8567000031471252,
        0.8707000017166138,
        0.8991000056266785,
        0.9208999872207642
    ],
    "epoch_losses": [
        1.4973958333333333,
        1.314453125,
        1.2805989583333333,
        1.2330729166666667,
        1.216796875,
        1.138671875,
        1.1002604166666667,
        1.0416666666666667,
        1.005859375,
        0.970703125
    ]
}