{
    "opt": {
        "train_epochs": 9.9,
        "batch_size": 1536,
        "lr": 17.25,
        "momentum": 0.85,
        "weight_decay": 0.0153,
        "bias_scaler": 64.0,
        "label_smoothing": 0.2,
        "whiten_bias_epochs": 3
    },
    "aug": {
        "flip": true,
        "translate": 2
    },
    "net": {
        "widths": {
            "block1": 64,
            "block2": 256,
            "block3": 256
        },
        "batchnorm_momentum": 0.6,
        "scaling_factor": 0.1111111111111111,
        "tta_level": 2
    },
    "random_seed": 99,
    "git_commit_hash": "85402c5c6fafc553256ddda6a38a5e86792e3fed",
    "elapsed_wclock_time": 3.6907067990303037,
    "final acc": 0.9316999912261963,
    "last batch loss": 0.9817708333333334,
    "epoch_val_accs": [
        0.6064000129699707,
        0.6908000111579895,
        0.7182999849319458,
        0.7422999739646912,
        0.7214999794960022,
        0.6430000066757202,
        0.7942999601364136,
        0.8805999755859375,
        0.8953999876976013,
        0.9203999638557434
    ],
    "epoch_losses": [
        1.4856770833333333,
        1.3645833333333333,
        1.2819010416666667,
        1.228515625,
        1.1731770833333333,
        1.140625,
        1.1184895833333333,
        1.0462239583333333,
        1.0045572916666667,
        0.9817708333333334
    ]
}