{
    "opt": {
        "train_epochs": 9.9,
        "batch_size": 1536,
        "lr": 17.25,
        "momentum": 0.85,
        "weight_decay": 0.0153,
        "bias_scaler": 64.0,
        "label_smoothing": 0.2,
        "whiten_bias_epochs": 3
    },
    "aug": {
        "flip": true,
        "translate": 2
    },
    "net": {
        "widths": {
            "block1": 64,
            "block2": 256,
            "block3": 256
        },
        "batchnorm_momentum": 0.6,
        "scaling_factor": 0.1111111111111111,
        "tta_level": 2
    },
    "random_seed": 99,
    "git_commit_hash": "85402c5c6fafc553256ddda6a38a5e86792e3fed",
    "elapsed_wclock_time": 3.7272612075805664,
    "final acc": 0.9311999678611755,
    "last batch loss": 0.970703125,
    "epoch_val_accs": [
        0.5580999851226807,
        0.6150000095367432,
        0.6777999997138977,
        0.6347000002861023,
        0.7766000032424927,
        0.7861999869346619,
        0.8080999851226807,
        0.8815999627113342,
        0.91239994764328,
        0.9199000000953674
    ],
    "epoch_losses": [
        1.5013020833333333,
        1.3346354166666667,
        1.2825520833333333,
        1.2265625,
        1.18359375,
        1.16015625,
        1.1165364583333333,
        1.0345052083333333,
        1.0026041666666667,
        0.970703125
    ]
}