{
    "opt": {
        "train_epochs": 9.9,
        "batch_size": 1536,
        "lr": 17.25,
        "momentum": 0.85,
        "weight_decay": 0.0153,
        "bias_scaler": 64.0,
        "label_smoothing": 0.2,
        "whiten_bias_epochs": 3
    },
    "aug": {
        "flip": true,
        "translate": 2
    },
    "net": {
        "widths": {
            "block1": 64,
            "block2": 256,
            "block3": 256
        },
        "batchnorm_momentum": 0.6,
        "scaling_factor": 0.1111111111111111,
        "tta_level": 2
    },
    "random_seed": 99,
    "git_commit_hash": "85402c5c6fafc553256ddda6a38a5e86792e3fed",
    "elapsed_wclock_time": 3.7080494232177736,
    "final acc": 0.9291999936103821,
    "last batch loss": 0.9720052083333334,
    "epoch_val_accs": [
        0.6548999547958374,
        0.5462999939918518,
        0.5223999619483948,
        0.5415999889373779,
        0.7620999813079834,
        0.7631999850273132,
        0.8307999968528748,
        0.8887999653816223,
        0.9017999768257141,
        0.916700005531311
    ],
    "epoch_losses": [
        1.4908854166666667,
        1.4283854166666667,
        1.28515625,
        1.2890625,
        1.1829427083333333,
        1.1569010416666667,
        1.0944010416666667,
        1.0397135416666667,
        1.0188802083333333,
        0.9720052083333334
    ]
}