{
    "opt": {
        "train_epochs": 9.9,
        "batch_size": 1536,
        "lr": 17.25,
        "momentum": 0.85,
        "weight_decay": 0.0153,
        "bias_scaler": 64.0,
        "label_smoothing": 0.2,
        "whiten_bias_epochs": 3
    },
    "aug": {
        "flip": true,
        "translate": 2
    },
    "net": {
        "widths": {
            "block1": 64,
            "block2": 256,
            "block3": 256
        },
        "batchnorm_momentum": 0.6,
        "scaling_factor": 0.1111111111111111,
        "tta_level": 2
    },
    "random_seed": 99,
    "git_commit_hash": "85402c5c6fafc553256ddda6a38a5e86792e3fed",
    "elapsed_wclock_time": 3.7333600311279302,
    "final acc": 0.929099977016449,
    "last batch loss": 0.966796875,
    "epoch_val_accs": [
        0.6247999668121338,
        0.6323999762535095,
        0.7269999980926514,
        0.5767999887466431,
        0.7533999681472778,
        0.8107999563217163,
        0.8144999742507935,
        0.8950999975204468,
        0.9005999565124512,
        0.9231999516487122
    ],
    "epoch_losses": [
        1.5065104166666667,
        1.3502604166666667,
        1.3157552083333333,
        1.2526041666666667,
        1.189453125,
        1.1119791666666667,
        1.1002604166666667,
        1.05859375,
        1.0221354166666667,
        0.966796875
    ]
}