{
    "opt": {
        "train_epochs": 9.9,
        "batch_size": 1536,
        "lr": 17.25,
        "momentum": 0.85,
        "weight_decay": 0.0153,
        "bias_scaler": 64.0,
        "label_smoothing": 0.2,
        "whiten_bias_epochs": 3
    },
    "aug": {
        "flip": true,
        "translate": 2
    },
    "net": {
        "widths": {
            "block1": 64,
            "block2": 256,
            "block3": 256
        },
        "batchnorm_momentum": 0.6,
        "scaling_factor": 0.1111111111111111,
        "tta_level": 2
    },
    "random_seed": 99,
    "git_commit_hash": "85402c5c6fafc553256ddda6a38a5e86792e3fed",
    "elapsed_wclock_time": 3.788929931640625,
    "final acc": 0.930899977684021,
    "last batch loss": 0.9733072916666666,
    "epoch_val_accs": [
        0.5665000081062317,
        0.686199963092804,
        0.620199978351593,
        0.6261000037193298,
        0.7818999886512756,
        0.8003999590873718,
        0.8499000072479248,
        0.887499988079071,
        0.9068999886512756,
        0.9231999516487122
    ],
    "epoch_losses": [
        1.53515625,
        1.3684895833333333,
        1.2578125,
        1.234375,
        1.181640625,
        1.1276041666666667,
        1.1080729166666667,
        1.044921875,
        1.00390625,
        0.9733072916666666
    ]
}