{
    "opt": {
        "train_epochs": 9.9,
        "batch_size": 1536,
        "lr": 17.25,
        "momentum": 0.85,
        "weight_decay": 0.0153,
        "bias_scaler": 64.0,
        "label_smoothing": 0.2,
        "whiten_bias_epochs": 3
    },
    "aug": {
        "flip": true,
        "translate": 2
    },
    "net": {
        "widths": {
            "block1": 64,
            "block2": 256,
            "block3": 256
        },
        "batchnorm_momentum": 0.6,
        "scaling_factor": 0.1111111111111111,
        "tta_level": 2
    },
    "random_seed": 99,
    "git_commit_hash": "85402c5c6fafc553256ddda6a38a5e86792e3fed",
    "elapsed_wclock_time": 3.611047792196274,
    "final acc": 0.9323999881744385,
    "last batch loss": 0.9791666666666666,
    "epoch_val_accs": [
        0.5561000108718872,
        0.3676999807357788,
        0.5881999731063843,
        0.770799994468689,
        0.7626000046730042,
        0.818399965763092,
        0.8527999520301819,
        0.8869999647140503,
        0.899899959564209,
        0.9233999848365784
    ],
    "epoch_losses": [
        1.5377604166666667,
        1.42578125,
        1.251953125,
        1.21875,
        1.1848958333333333,
        1.1432291666666667,
        1.10546875,
        1.03125,
        1.033203125,
        0.9791666666666666
    ]
}