{
    "opt": {
        "train_epochs": 9.9,
        "batch_size": 1536,
        "lr": 17.25,
        "momentum": 0.85,
        "weight_decay": 0.0153,
        "bias_scaler": 64.0,
        "label_smoothing": 0.2,
        "whiten_bias_epochs": 3
    },
    "aug": {
        "flip": true,
        "translate": 2
    },
    "net": {
        "widths": {
            "block1": 64,
            "block2": 256,
            "block3": 256
        },
        "batchnorm_momentum": 0.6,
        "scaling_factor": 0.1111111111111111,
        "tta_level": 2
    },
    "random_seed": 99,
    "git_commit_hash": "85402c5c6fafc553256ddda6a38a5e86792e3fed",
    "elapsed_wclock_time": 3.6939615583419796,
    "final acc": 0.9317999482154846,
    "last batch loss": 0.978515625,
    "epoch_val_accs": [
        0.47029998898506165,
        0.6269999742507935,
        0.6990999579429626,
        0.6794999837875366,
        0.7727999687194824,
        0.8174999952316284,
        0.7583000063896179,
        0.887999951839447,
        0.9115999937057495,
        0.920199990272522
    ],
    "epoch_losses": [
        1.5065104166666667,
        1.3118489583333333,
        1.2604166666666667,
        1.2923177083333333,
        1.1861979166666667,
        1.1516927083333333,
        1.09765625,
        1.0305989583333333,
        1.015625,
        0.978515625
    ]
}