{
    "opt": {
        "train_epochs": 9.9,
        "batch_size": 1024,
        "lr": 11.5,
        "momentum": 0.85,
        "weight_decay": 0.0153,
        "bias_scaler": 64.0,
        "label_smoothing": 0.2,
        "whiten_bias_epochs": 3
    },
    "aug": {
        "flip": true,
        "translate": 2
    },
    "net": {
        "widths": {
            "block1": 64,
            "block2": 256,
            "block3": 256
        },
        "batchnorm_momentum": 0.6,
        "scaling_factor": 0.1111111111111111,
        "tta_level": 2
    },
    "random_seed": 99,
    "git_commit_hash": "85402c5c6fafc553256ddda6a38a5e86792e3fed",
    "elapsed_wclock_time": 4.172668617248536,
    "final acc": 0.9400999546051025,
    "last batch loss": 0.9462890625,
    "epoch_val_accs": [
        0.642799973487854,
        0.7210999727249146,
        0.7714999914169312,
        0.8114999532699585,
        0.8489999771118164,
        0.8624999523162842,
        0.8985999822616577,
        0.905299961566925,
        0.9190999865531921,
        0.9317999482154846
    ],
    "epoch_losses": [
        1.4365234375,
        1.2900390625,
        1.2001953125,
        1.1328125,
        1.115234375,
        1.091796875,
        1.037109375,
        1.0283203125,
        0.97900390625,
        0.9462890625
    ]
}