{
    "opt": {
        "train_epochs": 9.9,
        "batch_size": 1024,
        "lr": 11.5,
        "momentum": 0.85,
        "weight_decay": 0.0153,
        "bias_scaler": 64.0,
        "label_smoothing": 0.2,
        "whiten_bias_epochs": 3
    },
    "aug": {
        "flip": true,
        "translate": 2
    },
    "net": {
        "widths": {
            "block1": 64,
            "block2": 256,
            "block3": 256
        },
        "batchnorm_momentum": 0.6,
        "scaling_factor": 0.1111111111111111,
        "tta_level": 2
    },
    "random_seed": 99,
    "git_commit_hash": "85402c5c6fafc553256ddda6a38a5e86792e3fed",
    "elapsed_wclock_time": 4.133595475196838,
    "final acc": 0.9401999711990356,
    "last batch loss": 0.94189453125,
    "epoch_val_accs": [
        0.6848999857902527,
        0.7371999621391296,
        0.7960999608039856,
        0.7409999966621399,
        0.8506999611854553,
        0.8378999829292297,
        0.8553999662399292,
        0.8980000019073486,
        0.92249995470047,
        0.932699978351593
    ],
    "epoch_losses": [
        1.40625,
        1.2744140625,
        1.1875,
        1.18359375,
        1.1669921875,
        1.1181640625,
        1.0478515625,
        1.0205078125,
        0.97802734375,
        0.94189453125
    ]
}