{
    "opt": {
        "train_epochs": 9.9,
        "batch_size": 1024,
        "lr": 11.5,
        "momentum": 0.85,
        "weight_decay": 0.0153,
        "bias_scaler": 64.0,
        "label_smoothing": 0.2,
        "whiten_bias_epochs": 3
    },
    "aug": {
        "flip": true,
        "translate": 2
    },
    "net": {
        "widths": {
            "block1": 64,
            "block2": 256,
            "block3": 256
        },
        "batchnorm_momentum": 0.6,
        "scaling_factor": 0.1111111111111111,
        "tta_level": 2
    },
    "random_seed": 99,
    "git_commit_hash": "85402c5c6fafc553256ddda6a38a5e86792e3fed",
    "elapsed_wclock_time": 4.133532438278198,
    "final acc": 0.9411999583244324,
    "last batch loss": 0.93603515625,
    "epoch_val_accs": [
        0.6333000063896179,
        0.7379999756813049,
        0.784500002861023,
        0.804099977016449,
        0.8210999965667725,
        0.8571999669075012,
        0.8787999749183655,
        0.8768999576568604,
        0.9163999557495117,
        0.9336999654769897
    ],
    "epoch_losses": [
        1.408203125,
        1.267578125,
        1.2109375,
        1.130859375,
        1.119140625,
        1.087890625,
        1.0576171875,
        1.017578125,
        0.9814453125,
        0.93603515625
    ]
}