{
    "opt": {
        "train_epochs": 9.9,
        "batch_size": 1024,
        "lr": 11.5,
        "momentum": 0.85,
        "weight_decay": 0.0153,
        "bias_scaler": 64.0,
        "label_smoothing": 0.2,
        "whiten_bias_epochs": 3
    },
    "aug": {
        "flip": true,
        "translate": 2
    },
    "net": {
        "widths": {
            "block1": 64,
            "block2": 256,
            "block3": 256
        },
        "batchnorm_momentum": 0.6,
        "scaling_factor": 0.1111111111111111,
        "tta_level": 2
    },
    "random_seed": 99,
    "git_commit_hash": "85402c5c6fafc553256ddda6a38a5e86792e3fed",
    "elapsed_wclock_time": 4.163147192955017,
    "final acc": 0.942799985408783,
    "last batch loss": 0.9345703125,
    "epoch_val_accs": [
        0.6603999733924866,
        0.7423999905586243,
        0.7087000012397766,
        0.8021999597549438,
        0.8279999494552612,
        0.8434000015258789,
        0.8782999515533447,
        0.8926999568939209,
        0.9221999645233154,
        0.932699978351593
    ],
    "epoch_losses": [
        1.4130859375,
        1.296875,
        1.203125,
        1.1484375,
        1.115234375,
        1.107421875,
        1.044921875,
        1.029296875,
        0.96826171875,
        0.9345703125
    ]
}