{
    "opt": {
        "train_epochs": 9.9,
        "batch_size": 1024,
        "lr": 11.5,
        "momentum": 0.85,
        "weight_decay": 0.0153,
        "bias_scaler": 64.0,
        "label_smoothing": 0.2,
        "whiten_bias_epochs": 3
    },
    "aug": {
        "flip": true,
        "translate": 2
    },
    "net": {
        "widths": {
            "block1": 64,
            "block2": 256,
            "block3": 256
        },
        "batchnorm_momentum": 0.6,
        "scaling_factor": 0.1111111111111111,
        "tta_level": 2
    },
    "random_seed": 99,
    "git_commit_hash": "85402c5c6fafc553256ddda6a38a5e86792e3fed",
    "elapsed_wclock_time": 4.163577592849731,
    "final acc": 0.9401999711990356,
    "last batch loss": 0.93798828125,
    "epoch_val_accs": [
        0.6958000063896179,
        0.7749999761581421,
        0.8165000081062317,
        0.7675999999046326,
        0.8537999987602234,
        0.8517999649047852,
        0.8973000049591064,
        0.9007999897003174,
        0.9283999800682068,
        0.9319999814033508
    ],
    "epoch_losses": [
        1.4140625,
        1.2578125,
        1.19921875,
        1.154296875,
        1.0927734375,
        1.0888671875,
        1.0556640625,
        1.0234375,
        0.984375,
        0.93798828125
    ]
}