{
    "opt": {
        "train_epochs": 9.9,
        "batch_size": 1024,
        "lr": 11.5,
        "momentum": 0.85,
        "weight_decay": 0.0153,
        "bias_scaler": 64.0,
        "label_smoothing": 0.2,
        "whiten_bias_epochs": 3
    },
    "aug": {
        "flip": true,
        "translate": 2
    },
    "net": {
        "widths": {
            "block1": 64,
            "block2": 256,
            "block3": 256
        },
        "batchnorm_momentum": 0.6,
        "scaling_factor": 0.1111111111111111,
        "tta_level": 2
    },
    "random_seed": 99,
    "git_commit_hash": "85402c5c6fafc553256ddda6a38a5e86792e3fed",
    "elapsed_wclock_time": 4.179502143859864,
    "final acc": 0.9400999546051025,
    "last batch loss": 0.93701171875,
    "epoch_val_accs": [
        0.6653000116348267,
        0.7985999584197998,
        0.7077999711036682,
        0.8248999714851379,
        0.8161999583244324,
        0.8314999938011169,
        0.8870999813079834,
        0.9045999646186829,
        0.9211999773979187,
        0.9320999979972839
    ],
    "epoch_losses": [
        1.4326171875,
        1.2431640625,
        1.173828125,
        1.16015625,
        1.115234375,
        1.103515625,
        1.044921875,
        1.0341796875,
        0.96533203125,
        0.93701171875
    ]
}