{
    "opt": {
        "train_epochs": 9.9,
        "batch_size": 1024,
        "lr": 11.5,
        "momentum": 0.85,
        "weight_decay": 0.0153,
        "bias_scaler": 64.0,
        "label_smoothing": 0.2,
        "whiten_bias_epochs": 3
    },
    "aug": {
        "flip": true,
        "translate": 2
    },
    "net": {
        "widths": {
            "block1": 64,
            "block2": 256,
            "block3": 256
        },
        "batchnorm_momentum": 0.6,
        "scaling_factor": 0.1111111111111111,
        "tta_level": 2
    },
    "random_seed": 99,
    "git_commit_hash": "85402c5c6fafc553256ddda6a38a5e86792e3fed",
    "elapsed_wclock_time": 4.168685638427735,
    "final acc": 0.9404999613761902,
    "last batch loss": 0.9365234375,
    "epoch_val_accs": [
        0.6255999803543091,
        0.6951000094413757,
        0.75409996509552,
        0.7787999510765076,
        0.7759000062942505,
        0.8519999980926514,
        0.8862999677658081,
        0.890999972820282,
        0.9247999787330627,
        0.9325999617576599
    ],
    "epoch_losses": [
        1.4365234375,
        1.2265625,
        1.22265625,
        1.17578125,
        1.1318359375,
        1.09375,
        1.03125,
        1.0400390625,
        0.9833984375,
        0.9365234375
    ]
}