{
    "opt": {
        "train_epochs": 9.9,
        "batch_size": 1024,
        "lr": 11.5,
        "momentum": 0.85,
        "weight_decay": 0.0153,
        "bias_scaler": 64.0,
        "label_smoothing": 0.2,
        "whiten_bias_epochs": 3
    },
    "aug": {
        "flip": true,
        "translate": 2
    },
    "net": {
        "widths": {
            "block1": 64,
            "block2": 256,
            "block3": 256
        },
        "batchnorm_momentum": 0.6,
        "scaling_factor": 0.1111111111111111,
        "tta_level": 2
    },
    "random_seed": 99,
    "git_commit_hash": "85402c5c6fafc553256ddda6a38a5e86792e3fed",
    "elapsed_wclock_time": 4.121018568992615,
    "final acc": 0.9404000043869019,
    "last batch loss": 0.94091796875,
    "epoch_val_accs": [
        0.703000009059906,
        0.751800000667572,
        0.8043999671936035,
        0.7657999992370605,
        0.8680999875068665,
        0.809499979019165,
        0.8962999582290649,
        0.9034000039100647,
        0.9235999584197998,
        0.9343000054359436
    ],
    "epoch_losses": [
        1.4208984375,
        1.259765625,
        1.1748046875,
        1.173828125,
        1.109375,
        1.0947265625,
        1.0576171875,
        1.0322265625,
        0.96533203125,
        0.94091796875
    ]
}