{
    "opt": {
        "train_epochs": 9.9,
        "batch_size": 1024,
        "lr": 11.5,
        "momentum": 0.85,
        "weight_decay": 0.0153,
        "bias_scaler": 64.0,
        "label_smoothing": 0.2,
        "whiten_bias_epochs": 3
    },
    "aug": {
        "flip": true,
        "translate": 2
    },
    "net": {
        "widths": {
            "block1": 64,
            "block2": 256,
            "block3": 256
        },
        "batchnorm_momentum": 0.6,
        "scaling_factor": 0.1111111111111111,
        "tta_level": 2
    },
    "random_seed": 99,
    "git_commit_hash": "85402c5c6fafc553256ddda6a38a5e86792e3fed",
    "elapsed_wclock_time": 4.122085363149642,
    "final acc": 0.9398999810218811,
    "last batch loss": 0.94287109375,
    "epoch_val_accs": [
        0.6822999715805054,
        0.5762999653816223,
        0.7576000094413757,
        0.7901999950408936,
        0.8533999919891357,
        0.8770999908447266,
        0.8721999526023865,
        0.8931999802589417,
        0.9229999780654907,
        0.932699978351593
    ],
    "epoch_losses": [
        1.458984375,
        1.3125,
        1.189453125,
        1.1298828125,
        1.1240234375,
        1.0869140625,
        1.0498046875,
        1.029296875,
        0.96044921875,
        0.94287109375
    ]
}