{
    "opt": {
        "train_epochs": 9.9,
        "batch_size": 1024,
        "lr": 11.5,
        "momentum": 0.85,
        "weight_decay": 0.0153,
        "bias_scaler": 64.0,
        "label_smoothing": 0.2,
        "whiten_bias_epochs": 3
    },
    "aug": {
        "flip": true,
        "translate": 2
    },
    "net": {
        "widths": {
            "block1": 64,
            "block2": 256,
            "block3": 256
        },
        "batchnorm_momentum": 0.6,
        "scaling_factor": 0.1111111111111111,
        "tta_level": 2
    },
    "random_seed": 99,
    "git_commit_hash": "85402c5c6fafc553256ddda6a38a5e86792e3fed",
    "elapsed_wclock_time": 4.161686264276504,
    "final acc": 0.9384999871253967,
    "last batch loss": 0.93994140625,
    "epoch_val_accs": [
        0.7060999870300293,
        0.6430000066757202,
        0.7807999849319458,
        0.8018999695777893,
        0.8166999816894531,
        0.8486999869346619,
        0.8427000045776367,
        0.9024999737739563,
        0.9228000044822693,
        0.9294999837875366
    ],
    "epoch_losses": [
        1.4404296875,
        1.2900390625,
        1.2001953125,
        1.1435546875,
        1.142578125,
        1.0869140625,
        1.072265625,
        1.0068359375,
        0.974609375,
        0.93994140625
    ]
}