{
    "opt": {
        "train_epochs": 9.9,
        "batch_size": 1024,
        "lr": 11.5,
        "momentum": 0.85,
        "weight_decay": 0.0153,
        "bias_scaler": 64.0,
        "label_smoothing": 0.2,
        "whiten_bias_epochs": 3
    },
    "aug": {
        "flip": true,
        "translate": 2
    },
    "net": {
        "widths": {
            "block1": 64,
            "block2": 256,
            "block3": 256
        },
        "batchnorm_momentum": 0.6,
        "scaling_factor": 0.1111111111111111,
        "tta_level": 2
    },
    "random_seed": 99,
    "git_commit_hash": "85402c5c6fafc553256ddda6a38a5e86792e3fed",
    "elapsed_wclock_time": 4.1045476727485655,
    "final acc": 0.9394999742507935,
    "last batch loss": 0.9306640625,
    "epoch_val_accs": [
        0.6373999714851379,
        0.7716999650001526,
        0.7866999506950378,
        0.8251999616622925,
        0.8562999963760376,
        0.8621999621391296,
        0.884399950504303,
        0.9048999547958374,
        0.9233999848365784,
        0.9328999519348145
    ],
    "epoch_losses": [
        1.4169921875,
        1.2626953125,
        1.1865234375,
        1.123046875,
        1.1201171875,
        1.0810546875,
        1.0419921875,
        1.0068359375,
        0.9736328125,
        0.9306640625
    ]
}