{
    "opt": {
        "train_epochs": 9.9,
        "batch_size": 1024,
        "lr": 11.5,
        "momentum": 0.85,
        "weight_decay": 0.0153,
        "bias_scaler": 64.0,
        "label_smoothing": 0.2,
        "whiten_bias_epochs": 3
    },
    "aug": {
        "flip": true,
        "translate": 2
    },
    "net": {
        "widths": {
            "block1": 64,
            "block2": 256,
            "block3": 256
        },
        "batchnorm_momentum": 0.6,
        "scaling_factor": 0.1111111111111111,
        "tta_level": 2
    },
    "random_seed": 99,
    "git_commit_hash": "85402c5c6fafc553256ddda6a38a5e86792e3fed",
    "elapsed_wclock_time": 4.165099451303482,
    "final acc": 0.9408999681472778,
    "last batch loss": 0.93603515625,
    "epoch_val_accs": [
        0.6481999754905701,
        0.7493000030517578,
        0.8299999833106995,
        0.8424999713897705,
        0.8632999658584595,
        0.8309999704360962,
        0.8922999501228333,
        0.9052000045776367,
        0.9247999787330627,
        0.9366999864578247
    ],
    "epoch_losses": [
        1.4892578125,
        1.29296875,
        1.185546875,
        1.1455078125,
        1.150390625,
        1.095703125,
        1.0419921875,
        1.0126953125,
        0.98291015625,
        0.93603515625
    ]
}