{
    "opt": {
        "train_epochs": 9.9,
        "batch_size": 1024,
        "lr": 11.5,
        "momentum": 0.85,
        "weight_decay": 0.0153,
        "bias_scaler": 64.0,
        "label_smoothing": 0.2,
        "whiten_bias_epochs": 3
    },
    "aug": {
        "flip": true,
        "translate": 2
    },
    "net": {
        "widths": {
            "block1": 64,
            "block2": 256,
            "block3": 256
        },
        "batchnorm_momentum": 0.6,
        "scaling_factor": 0.1111111111111111,
        "tta_level": 2
    },
    "random_seed": 99,
    "git_commit_hash": "85402c5c6fafc553256ddda6a38a5e86792e3fed",
    "elapsed_wclock_time": 4.169515121459961,
    "final acc": 0.9406999945640564,
    "last batch loss": 0.935546875,
    "epoch_val_accs": [
        0.7057999968528748,
        0.6884999871253967,
        0.786799967288971,
        0.812999963760376,
        0.847599983215332,
        0.8708999752998352,
        0.8919000029563904,
        0.9083999991416931,
        0.9214999675750732,
        0.9314000010490417
    ],
    "epoch_losses": [
        1.419921875,
        1.2587890625,
        1.173828125,
        1.158203125,
        1.142578125,
        1.0859375,
        1.0439453125,
        1.01953125,
        0.98193359375,
        0.935546875
    ]
}