{
    "opt": {
        "train_epochs": 9.9,
        "batch_size": 1024,
        "lr": 11.5,
        "momentum": 0.85,
        "weight_decay": 0.0153,
        "bias_scaler": 64.0,
        "label_smoothing": 0.2,
        "whiten_bias_epochs": 3
    },
    "aug": {
        "flip": true,
        "translate": 2
    },
    "net": {
        "widths": {
            "block1": 64,
            "block2": 256,
            "block3": 256
        },
        "batchnorm_momentum": 0.6,
        "scaling_factor": 0.1111111111111111,
        "tta_level": 2
    },
    "random_seed": 99,
    "git_commit_hash": "85402c5c6fafc553256ddda6a38a5e86792e3fed",
    "elapsed_wclock_time": 4.215358428955079,
    "final acc": 0.941100001335144,
    "last batch loss": 0.9345703125,
    "epoch_val_accs": [
        0.6974999904632568,
        0.7310000061988831,
        0.7839999794960022,
        0.8004999756813049,
        0.8508999943733215,
        0.8300999999046326,
        0.8890999555587769,
        0.901199996471405,
        0.9195999503135681,
        0.9315999746322632
    ],
    "epoch_losses": [
        1.416015625,
        1.2568359375,
        1.2236328125,
        1.1328125,
        1.130859375,
        1.109375,
        1.0439453125,
        1.0166015625,
        0.98583984375,
        0.9345703125
    ]
}