{
    "opt": {
        "train_epochs": 9.9,
        "batch_size": 1024,
        "lr": 11.5,
        "momentum": 0.85,
        "weight_decay": 0.0153,
        "bias_scaler": 64.0,
        "label_smoothing": 0.2,
        "whiten_bias_epochs": 3
    },
    "aug": {
        "flip": true,
        "translate": 2
    },
    "net": {
        "widths": {
            "block1": 64,
            "block2": 256,
            "block3": 256
        },
        "batchnorm_momentum": 0.6,
        "scaling_factor": 0.1111111111111111,
        "tta_level": 2
    },
    "random_seed": 99,
    "git_commit_hash": "85402c5c6fafc553256ddda6a38a5e86792e3fed",
    "elapsed_wclock_time": 4.127487910032273,
    "final acc": 0.9394999742507935,
    "last batch loss": 0.93359375,
    "epoch_val_accs": [
        0.6426999568939209,
        0.7683999538421631,
        0.7543999552726746,
        0.8343999981880188,
        0.832099974155426,
        0.8761000037193298,
        0.8729999661445618,
        0.8968999981880188,
        0.9172999858856201,
        0.9343999624252319
    ],
    "epoch_losses": [
        1.4267578125,
        1.255859375,
        1.1953125,
        1.1767578125,
        1.1240234375,
        1.0810546875,
        1.0615234375,
        1.0146484375,
        0.98046875,
        0.93359375
    ]
}