{
    "opt": {
        "train_epochs": 9.9,
        "batch_size": 1024,
        "lr": 11.5,
        "momentum": 0.85,
        "weight_decay": 0.0153,
        "bias_scaler": 64.0,
        "label_smoothing": 0.2,
        "whiten_bias_epochs": 3
    },
    "aug": {
        "flip": true,
        "translate": 2
    },
    "net": {
        "widths": {
            "block1": 64,
            "block2": 256,
            "block3": 256
        },
        "batchnorm_momentum": 0.6,
        "scaling_factor": 0.1111111111111111,
        "tta_level": 2
    },
    "random_seed": 99,
    "git_commit_hash": "85402c5c6fafc553256ddda6a38a5e86792e3fed",
    "elapsed_wclock_time": 4.049095765590668,
    "final acc": 0.9384999871253967,
    "last batch loss": 0.94140625,
    "epoch_val_accs": [
        0.7121999859809875,
        0.767799973487854,
        0.7777999639511108,
        0.8459999561309814,
        0.8425999879837036,
        0.8765999674797058,
        0.8890999555587769,
        0.8984999656677246,
        0.9188999533653259,
        0.9312999844551086
    ],
    "epoch_losses": [
        1.4052734375,
        1.2236328125,
        1.2080078125,
        1.1435546875,
        1.1435546875,
        1.06640625,
        1.0458984375,
        1.03515625,
        0.9794921875,
        0.94140625
    ]
}