{
    "opt": {
        "train_epochs": 9.9,
        "batch_size": 1024,
        "lr": 11.5,
        "momentum": 0.85,
        "weight_decay": 0.0153,
        "bias_scaler": 64.0,
        "label_smoothing": 0.2,
        "whiten_bias_epochs": 3
    },
    "aug": {
        "flip": true,
        "translate": 2
    },
    "net": {
        "widths": {
            "block1": 64,
            "block2": 256,
            "block3": 256
        },
        "batchnorm_momentum": 0.6,
        "scaling_factor": 0.1111111111111111,
        "tta_level": 2
    },
    "random_seed": 99,
    "git_commit_hash": "85402c5c6fafc553256ddda6a38a5e86792e3fed",
    "elapsed_wclock_time": 4.041621519088745,
    "final acc": 0.9390999674797058,
    "last batch loss": 0.94921875,
    "epoch_val_accs": [
        0.7020999789237976,
        0.6353999972343445,
        0.7017999887466431,
        0.8112999796867371,
        0.8616999983787537,
        0.8768999576568604,
        0.8946999907493591,
        0.8944000005722046,
        0.9185999631881714,
        0.9332000017166138
    ],
    "epoch_losses": [
        1.435546875,
        1.2568359375,
        1.228515625,
        1.158203125,
        1.13671875,
        1.0966796875,
        1.0517578125,
        1.025390625,
        0.97607421875,
        0.94921875
    ]
}