{
    "opt": {
        "train_epochs": 9.9,
        "batch_size": 1024,
        "lr": 11.5,
        "momentum": 0.85,
        "weight_decay": 0.0153,
        "bias_scaler": 64.0,
        "label_smoothing": 0.2,
        "whiten_bias_epochs": 3
    },
    "aug": {
        "flip": true,
        "translate": 2
    },
    "net": {
        "widths": {
            "block1": 64,
            "block2": 256,
            "block3": 256
        },
        "batchnorm_momentum": 0.6,
        "scaling_factor": 0.1111111111111111,
        "tta_level": 2
    },
    "random_seed": 99,
    "git_commit_hash": "85402c5c6fafc553256ddda6a38a5e86792e3fed",
    "elapsed_wclock_time": 4.123180128097534,
    "final acc": 0.9404999613761902,
    "last batch loss": 0.94287109375,
    "epoch_val_accs": [
        0.7267999649047852,
        0.718999981880188,
        0.828499972820282,
        0.7728999853134155,
        0.8496999740600586,
        0.8592000007629395,
        0.8878999948501587,
        0.9017999768257141,
        0.9238999485969543,
        0.9333999752998352
    ],
    "epoch_losses": [
        1.412109375,
        1.3017578125,
        1.1904296875,
        1.166015625,
        1.150390625,
        1.1044921875,
        1.0263671875,
        1.0107421875,
        0.96923828125,
        0.94287109375
    ]
}