{
    "opt": {
        "train_epochs": 9.9,
        "batch_size": 1024,
        "lr": 11.5,
        "momentum": 0.85,
        "weight_decay": 0.0153,
        "bias_scaler": 64.0,
        "label_smoothing": 0.2,
        "whiten_bias_epochs": 3
    },
    "aug": {
        "flip": true,
        "translate": 2
    },
    "net": {
        "widths": {
            "block1": 64,
            "block2": 256,
            "block3": 256
        },
        "batchnorm_momentum": 0.6,
        "scaling_factor": 0.1111111111111111,
        "tta_level": 2
    },
    "random_seed": 99,
    "git_commit_hash": "85402c5c6fafc553256ddda6a38a5e86792e3fed",
    "elapsed_wclock_time": 4.029355905771256,
    "final acc": 0.9417999982833862,
    "last batch loss": 0.9462890625,
    "epoch_val_accs": [
        0.7041999697685242,
        0.6441999673843384,
        0.7351999878883362,
        0.7655999660491943,
        0.8655999898910522,
        0.8314999938011169,
        0.8938999772071838,
        0.8916999697685242,
        0.9211999773979187,
        0.932699978351593
    ],
    "epoch_losses": [
        1.421875,
        1.2587890625,
        1.2041015625,
        1.150390625,
        1.12109375,
        1.1025390625,
        1.0283203125,
        1.013671875,
        0.978515625,
        0.9462890625
    ]
}