{
    "opt": {
        "train_epochs": 9.9,
        "batch_size": 1024,
        "lr": 11.5,
        "momentum": 0.85,
        "weight_decay": 0.0153,
        "bias_scaler": 64.0,
        "label_smoothing": 0.2,
        "whiten_bias_epochs": 3
    },
    "aug": {
        "flip": true,
        "translate": 2
    },
    "net": {
        "widths": {
            "block1": 64,
            "block2": 256,
            "block3": 256
        },
        "batchnorm_momentum": 0.6,
        "scaling_factor": 0.1111111111111111,
        "tta_level": 2
    },
    "random_seed": 99,
    "git_commit_hash": "85402c5c6fafc553256ddda6a38a5e86792e3fed",
    "elapsed_wclock_time": 4.0445935921669,
    "final acc": 0.9404000043869019,
    "last batch loss": 0.9482421875,
    "epoch_val_accs": [
        0.7035999894142151,
        0.7694999575614929,
        0.8062999844551086,
        0.790399968624115,
        0.865399956703186,
        0.8513999581336975,
        0.883899986743927,
        0.8973000049591064,
        0.9215999841690063,
        0.932699978351593
    ],
    "epoch_losses": [
        1.3896484375,
        1.2724609375,
        1.2109375,
        1.15234375,
        1.1298828125,
        1.0859375,
        1.0498046875,
        1.03125,
        0.97802734375,
        0.9482421875
    ]
}