{
    "opt": {
        "train_epochs": 9.9,
        "batch_size": 1024,
        "lr": 11.5,
        "momentum": 0.85,
        "weight_decay": 0.0153,
        "bias_scaler": 64.0,
        "label_smoothing": 0.2,
        "whiten_bias_epochs": 3
    },
    "aug": {
        "flip": true,
        "translate": 2
    },
    "net": {
        "widths": {
            "block1": 64,
            "block2": 256,
            "block3": 256
        },
        "batchnorm_momentum": 0.6,
        "scaling_factor": 0.1111111111111111,
        "tta_level": 2
    },
    "random_seed": 99,
    "git_commit_hash": "85402c5c6fafc553256ddda6a38a5e86792e3fed",
    "elapsed_wclock_time": 4.1208646144866945,
    "final acc": 0.9400999546051025,
    "last batch loss": 0.94140625,
    "epoch_val_accs": [
        0.65829998254776,
        0.7964999675750732,
        0.7721999883651733,
        0.7710999846458435,
        0.8538999557495117,
        0.8586999773979187,
        0.8805999755859375,
        0.8985999822616577,
        0.9215999841690063,
        0.9318999648094177
    ],
    "epoch_losses": [
        1.400390625,
        1.255859375,
        1.201171875,
        1.166015625,
        1.169921875,
        1.087890625,
        1.029296875,
        1.0302734375,
        0.96484375,
        0.94140625
    ]
}