{
    "opt": {
        "train_epochs": 9.9,
        "batch_size": 1024,
        "lr": 11.5,
        "momentum": 0.85,
        "weight_decay": 0.0153,
        "bias_scaler": 64.0,
        "label_smoothing": 0.2,
        "whiten_bias_epochs": 3
    },
    "aug": {
        "flip": true,
        "translate": 2
    },
    "net": {
        "widths": {
            "block1": 64,
            "block2": 256,
            "block3": 256
        },
        "batchnorm_momentum": 0.6,
        "scaling_factor": 0.1111111111111111,
        "tta_level": 2
    },
    "random_seed": 99,
    "git_commit_hash": "85402c5c6fafc553256ddda6a38a5e86792e3fed",
    "elapsed_wclock_time": 4.123124622821807,
    "final acc": 0.9404000043869019,
    "last batch loss": 0.94482421875,
    "epoch_val_accs": [
        0.6855999827384949,
        0.7687000036239624,
        0.7710999846458435,
        0.7943999767303467,
        0.8367999792098999,
        0.861299991607666,
        0.8937000036239624,
        0.8951999545097351,
        0.9222999811172485,
        0.9316999912261963
    ],
    "epoch_losses": [
        1.412109375,
        1.2646484375,
        1.2158203125,
        1.1435546875,
        1.1640625,
        1.0888671875,
        1.04296875,
        1.001953125,
        0.96435546875,
        0.94482421875
    ]
}