{
    "opt": {
        "train_epochs": 9.9,
        "batch_size": 1024,
        "lr": 11.5,
        "momentum": 0.85,
        "weight_decay": 0.0153,
        "bias_scaler": 64.0,
        "label_smoothing": 0.2,
        "whiten_bias_epochs": 3
    },
    "aug": {
        "flip": true,
        "translate": 2
    },
    "net": {
        "widths": {
            "block1": 64,
            "block2": 256,
            "block3": 256
        },
        "batchnorm_momentum": 0.6,
        "scaling_factor": 0.1111111111111111,
        "tta_level": 2
    },
    "random_seed": 99,
    "git_commit_hash": "85402c5c6fafc553256ddda6a38a5e86792e3fed",
    "elapsed_wclock_time": 4.041377908706665,
    "final acc": 0.9373999834060669,
    "last batch loss": 0.9580078125,
    "epoch_val_accs": [
        0.6887999773025513,
        0.7269999980926514,
        0.7849999666213989,
        0.7551999688148499,
        0.8264999985694885,
        0.8513999581336975,
        0.873199999332428,
        0.9010999798774719,
        0.9203999638557434,
        0.9329999685287476
    ],
    "epoch_losses": [
        1.421875,
        1.27734375,
        1.1806640625,
        1.166015625,
        1.13671875,
        1.10546875,
        1.0478515625,
        1.009765625,
        0.9755859375,
        0.9580078125
    ]
}