{
    "opt": {
        "train_epochs": 9.9,
        "batch_size": 1024,
        "lr": 11.5,
        "momentum": 0.85,
        "weight_decay": 0.0153,
        "bias_scaler": 64.0,
        "label_smoothing": 0.2,
        "whiten_bias_epochs": 3
    },
    "aug": {
        "flip": true,
        "translate": 2
    },
    "net": {
        "widths": {
            "block1": 64,
            "block2": 256,
            "block3": 256
        },
        "batchnorm_momentum": 0.6,
        "scaling_factor": 0.1111111111111111,
        "tta_level": 2
    },
    "random_seed": 99,
    "git_commit_hash": "85402c5c6fafc553256ddda6a38a5e86792e3fed",
    "elapsed_wclock_time": 4.171728149414063,
    "final acc": 0.94159996509552,
    "last batch loss": 0.93994140625,
    "epoch_val_accs": [
        0.6225999593734741,
        0.6876999735832214,
        0.8216999769210815,
        0.8086000084877014,
        0.8363999724388123,
        0.8659999966621399,
        0.873199999332428,
        0.9013999700546265,
        0.9241999983787537,
        0.935699999332428
    ],
    "epoch_losses": [
        1.4423828125,
        1.2939453125,
        1.2021484375,
        1.1640625,
        1.1416015625,
        1.1015625,
        1.046875,
        1.009765625,
        0.96484375,
        0.93994140625
    ]
}