{
    "opt": {
        "train_epochs": 9.9,
        "batch_size": 1024,
        "lr": 11.5,
        "momentum": 0.85,
        "weight_decay": 0.0153,
        "bias_scaler": 64.0,
        "label_smoothing": 0.2,
        "whiten_bias_epochs": 3
    },
    "aug": {
        "flip": true,
        "translate": 2
    },
    "net": {
        "widths": {
            "block1": 64,
            "block2": 256,
            "block3": 256
        },
        "batchnorm_momentum": 0.6,
        "scaling_factor": 0.1111111111111111,
        "tta_level": 2
    },
    "random_seed": 99,
    "git_commit_hash": "85402c5c6fafc553256ddda6a38a5e86792e3fed",
    "elapsed_wclock_time": 4.229800674438477,
    "final acc": 0.9418999552726746,
    "last batch loss": 0.947265625,
    "epoch_val_accs": [
        0.6678999662399292,
        0.774899959564209,
        0.7573999762535095,
        0.7919999957084656,
        0.8440999984741211,
        0.8786999583244324,
        0.8889999985694885,
        0.8847999572753906,
        0.9226999878883362,
        0.932699978351593
    ],
    "epoch_losses": [
        1.4169921875,
        1.248046875,
        1.1875,
        1.16015625,
        1.1611328125,
        1.080078125,
        1.03515625,
        1.0126953125,
        0.96728515625,
        0.947265625
    ]
}