{
    "opt": {
        "train_epochs": 9.9,
        "batch_size": 1024,
        "lr": 11.5,
        "momentum": 0.85,
        "weight_decay": 0.0153,
        "bias_scaler": 64.0,
        "label_smoothing": 0.2,
        "whiten_bias_epochs": 3
    },
    "aug": {
        "flip": true,
        "translate": 2
    },
    "net": {
        "widths": {
            "block1": 64,
            "block2": 256,
            "block3": 256
        },
        "batchnorm_momentum": 0.6,
        "scaling_factor": 0.1111111111111111,
        "tta_level": 2
    },
    "random_seed": 99,
    "git_commit_hash": "85402c5c6fafc553256ddda6a38a5e86792e3fed",
    "elapsed_wclock_time": 4.041472455739975,
    "final acc": 0.9416999816894531,
    "last batch loss": 0.93994140625,
    "epoch_val_accs": [
        0.5263999700546265,
        0.7805999517440796,
        0.6542999744415283,
        0.7716000080108643,
        0.856499969959259,
        0.8700000047683716,
        0.8947999477386475,
        0.8858000040054321,
        0.9239999651908875,
        0.9334999918937683
    ],
    "epoch_losses": [
        1.427734375,
        1.2412109375,
        1.208984375,
        1.1767578125,
        1.123046875,
        1.0810546875,
        1.041015625,
        1.0205078125,
        0.96142578125,
        0.93994140625
    ]
}