{
    "opt": {
        "train_epochs": 9.9,
        "batch_size": 1024,
        "lr": 11.5,
        "momentum": 0.85,
        "weight_decay": 0.0153,
        "bias_scaler": 64.0,
        "label_smoothing": 0.2,
        "whiten_bias_epochs": 3
    },
    "aug": {
        "flip": true,
        "translate": 2
    },
    "net": {
        "widths": {
            "block1": 64,
            "block2": 256,
            "block3": 256
        },
        "batchnorm_momentum": 0.6,
        "scaling_factor": 0.1111111111111111,
        "tta_level": 2
    },
    "random_seed": 99,
    "git_commit_hash": "85402c5c6fafc553256ddda6a38a5e86792e3fed",
    "elapsed_wclock_time": 4.151834238767624,
    "final acc": 0.9417999982833862,
    "last batch loss": 0.94970703125,
    "epoch_val_accs": [
        0.6728999614715576,
        0.7398999929428101,
        0.7922999858856201,
        0.8199999928474426,
        0.8700000047683716,
        0.8072999715805054,
        0.8876999616622925,
        0.8960999846458435,
        0.9222999811172485,
        0.9332000017166138
    ],
    "epoch_losses": [
        1.412109375,
        1.2578125,
        1.208984375,
        1.1533203125,
        1.1416015625,
        1.1103515625,
        1.02734375,
        1.0205078125,
        0.9609375,
        0.94970703125
    ]
}