{
    "opt": {
        "train_epochs": 9.9,
        "batch_size": 1024,
        "lr": 11.5,
        "momentum": 0.85,
        "weight_decay": 0.0153,
        "bias_scaler": 64.0,
        "label_smoothing": 0.2,
        "whiten_bias_epochs": 3
    },
    "aug": {
        "flip": true,
        "translate": 2
    },
    "net": {
        "widths": {
            "block1": 64,
            "block2": 256,
            "block3": 256
        },
        "batchnorm_momentum": 0.6,
        "scaling_factor": 0.1111111111111111,
        "tta_level": 2
    },
    "random_seed": 99,
    "git_commit_hash": "85402c5c6fafc553256ddda6a38a5e86792e3fed",
    "elapsed_wclock_time": 4.074424817562104,
    "final acc": 0.9387999773025513,
    "last batch loss": 0.94091796875,
    "epoch_val_accs": [
        0.7024999856948853,
        0.7511000037193298,
        0.7559999823570251,
        0.7944999933242798,
        0.8471999764442444,
        0.8789999485015869,
        0.8845999836921692,
        0.8905999660491943,
        0.9199999570846558,
        0.9320999979972839
    ],
    "epoch_losses": [
        1.421875,
        1.2373046875,
        1.197265625,
        1.1767578125,
        1.1474609375,
        1.1044921875,
        1.048828125,
        1.0400390625,
        0.97216796875,
        0.94091796875
    ]
}