{
    "opt": {
        "train_epochs": 9.9,
        "batch_size": 1024,
        "lr": 11.5,
        "momentum": 0.85,
        "weight_decay": 0.0153,
        "bias_scaler": 64.0,
        "label_smoothing": 0.2,
        "whiten_bias_epochs": 3
    },
    "aug": {
        "flip": true,
        "translate": 2
    },
    "net": {
        "widths": {
            "block1": 64,
            "block2": 256,
            "block3": 256
        },
        "batchnorm_momentum": 0.6,
        "scaling_factor": 0.1111111111111111,
        "tta_level": 2
    },
    "random_seed": 99,
    "git_commit_hash": "85402c5c6fafc553256ddda6a38a5e86792e3fed",
    "elapsed_wclock_time": 4.12736799955368,
    "final acc": 0.9405999779701233,
    "last batch loss": 0.94091796875,
    "epoch_val_accs": [
        0.6423999667167664,
        0.7998999953269958,
        0.7967000007629395,
        0.8133999705314636,
        0.8410999774932861,
        0.8442999720573425,
        0.861799955368042,
        0.8921999931335449,
        0.9235000014305115,
        0.9310999512672424
    ],
    "epoch_losses": [
        1.4453125,
        1.2548828125,
        1.2041015625,
        1.1318359375,
        1.1357421875,
        1.0888671875,
        1.0498046875,
        1.0185546875,
        0.98046875,
        0.94091796875
    ]
}