{
    "opt": {
        "train_epochs": 9.9,
        "batch_size": 1024,
        "lr": 11.5,
        "momentum": 0.85,
        "weight_decay": 0.0153,
        "bias_scaler": 64.0,
        "label_smoothing": 0.2,
        "whiten_bias_epochs": 3
    },
    "aug": {
        "flip": true,
        "translate": 2
    },
    "net": {
        "widths": {
            "block1": 64,
            "block2": 256,
            "block3": 256
        },
        "batchnorm_momentum": 0.6,
        "scaling_factor": 0.1111111111111111,
        "tta_level": 2
    },
    "random_seed": 99,
    "git_commit_hash": "85402c5c6fafc553256ddda6a38a5e86792e3fed",
    "elapsed_wclock_time": 4.1518342506885535,
    "final acc": 0.9384999871253967,
    "last batch loss": 0.9482421875,
    "epoch_val_accs": [
        0.6004999876022339,
        0.7206000089645386,
        0.7129999995231628,
        0.8429999947547913,
        0.8264999985694885,
        0.8260999917984009,
        0.8870999813079834,
        0.8889999985694885,
        0.9254999756813049,
        0.9316999912261963
    ],
    "epoch_losses": [
        1.3984375,
        1.259765625,
        1.1904296875,
        1.140625,
        1.134765625,
        1.083984375,
        1.0830078125,
        1.0302734375,
        0.97119140625,
        0.9482421875
    ]
}