{
    "opt": {
        "train_epochs": 9.9,
        "batch_size": 1024,
        "lr": 11.5,
        "momentum": 0.85,
        "weight_decay": 0.0153,
        "bias_scaler": 64.0,
        "label_smoothing": 0.2,
        "whiten_bias_epochs": 3
    },
    "aug": {
        "flip": true,
        "translate": 2
    },
    "net": {
        "widths": {
            "block1": 64,
            "block2": 256,
            "block3": 256
        },
        "batchnorm_momentum": 0.6,
        "scaling_factor": 0.1111111111111111,
        "tta_level": 2
    },
    "random_seed": 99,
    "git_commit_hash": "85402c5c6fafc553256ddda6a38a5e86792e3fed",
    "elapsed_wclock_time": 4.036567301750184,
    "final acc": 0.9423999786376953,
    "last batch loss": 0.9345703125,
    "epoch_val_accs": [
        0.6358000040054321,
        0.7631999850273132,
        0.6814999580383301,
        0.6726999878883362,
        0.8560000061988831,
        0.8144999742507935,
        0.8913999795913696,
        0.8915999531745911,
        0.9254999756813049,
        0.9351999759674072
    ],
    "epoch_losses": [
        1.4267578125,
        1.2783203125,
        1.2138671875,
        1.208984375,
        1.125,
        1.107421875,
        1.0322265625,
        1.0185546875,
        0.9755859375,
        0.9345703125
    ]
}