{
    "opt": {
        "train_epochs": 9.9,
        "batch_size": 1024,
        "lr": 11.5,
        "momentum": 0.85,
        "weight_decay": 0.0153,
        "bias_scaler": 64.0,
        "label_smoothing": 0.2,
        "whiten_bias_epochs": 3
    },
    "aug": {
        "flip": true,
        "translate": 2
    },
    "net": {
        "widths": {
            "block1": 64,
            "block2": 256,
            "block3": 256
        },
        "batchnorm_momentum": 0.6,
        "scaling_factor": 0.1111111111111111,
        "tta_level": 2
    },
    "random_seed": 99,
    "git_commit_hash": "85402c5c6fafc553256ddda6a38a5e86792e3fed",
    "elapsed_wclock_time": 4.162617494106293,
    "final acc": 0.9409999847412109,
    "last batch loss": 0.95166015625,
    "epoch_val_accs": [
        0.6938999891281128,
        0.7507999539375305,
        0.6672999858856201,
        0.7732999920845032,
        0.8574000000953674,
        0.8711999654769897,
        0.8824999928474426,
        0.8933999538421631,
        0.9177999496459961,
        0.9325000047683716
    ],
    "epoch_losses": [
        1.427734375,
        1.255859375,
        1.2001953125,
        1.1689453125,
        1.142578125,
        1.0849609375,
        1.0439453125,
        1.0205078125,
        0.98193359375,
        0.95166015625
    ]
}