{
    "opt": {
        "train_epochs": 9.9,
        "batch_size": 1024,
        "lr": 11.5,
        "momentum": 0.85,
        "weight_decay": 0.0153,
        "bias_scaler": 64.0,
        "label_smoothing": 0.2,
        "whiten_bias_epochs": 3
    },
    "aug": {
        "flip": true,
        "translate": 2
    },
    "net": {
        "widths": {
            "block1": 64,
            "block2": 256,
            "block3": 256
        },
        "batchnorm_momentum": 0.6,
        "scaling_factor": 0.1111111111111111,
        "tta_level": 2
    },
    "random_seed": 99,
    "git_commit_hash": "85402c5c6fafc553256ddda6a38a5e86792e3fed",
    "elapsed_wclock_time": 4.1695947353839875,
    "final acc": 0.939300000667572,
    "last batch loss": 0.9345703125,
    "epoch_val_accs": [
        0.6951000094413757,
        0.7768999934196472,
        0.7989000082015991,
        0.8379999995231628,
        0.8126999735832214,
        0.8761000037193298,
        0.877299964427948,
        0.9061999917030334,
        0.924299955368042,
        0.9332000017166138
    ],
    "epoch_losses": [
        1.41015625,
        1.2744140625,
        1.1943359375,
        1.169921875,
        1.142578125,
        1.0830078125,
        1.0458984375,
        1.0234375,
        0.97119140625,
        0.9345703125
    ]
}