{
    "opt": {
        "train_epochs": 9.9,
        "batch_size": 1024,
        "lr": 11.5,
        "momentum": 0.85,
        "weight_decay": 0.0153,
        "bias_scaler": 64.0,
        "label_smoothing": 0.2,
        "whiten_bias_epochs": 3
    },
    "aug": {
        "flip": true,
        "translate": 2
    },
    "net": {
        "widths": {
            "block1": 64,
            "block2": 256,
            "block3": 256
        },
        "batchnorm_momentum": 0.6,
        "scaling_factor": 0.1111111111111111,
        "tta_level": 2
    },
    "random_seed": 99,
    "git_commit_hash": "85402c5c6fafc553256ddda6a38a5e86792e3fed",
    "elapsed_wclock_time": 4.127154861688614,
    "final acc": 0.9391999840736389,
    "last batch loss": 0.9521484375,
    "epoch_val_accs": [
        0.6676999926567078,
        0.5913999676704407,
        0.7841999530792236,
        0.8154999613761902,
        0.8402999639511108,
        0.8666999936103821,
        0.8932999968528748,
        0.9049999713897705,
        0.9231999516487122,
        0.9296999573707581
    ],
    "epoch_losses": [
        1.41796875,
        1.248046875,
        1.197265625,
        1.134765625,
        1.1259765625,
        1.0771484375,
        1.0546875,
        1.0029296875,
        0.9697265625,
        0.9521484375
    ]
}