{
    "opt": {
        "train_epochs": 9.9,
        "batch_size": 1024,
        "lr": 11.5,
        "momentum": 0.85,
        "weight_decay": 0.0153,
        "bias_scaler": 64.0,
        "label_smoothing": 0.2,
        "whiten_bias_epochs": 3
    },
    "aug": {
        "flip": true,
        "translate": 2
    },
    "net": {
        "widths": {
            "block1": 64,
            "block2": 256,
            "block3": 256
        },
        "batchnorm_momentum": 0.6,
        "scaling_factor": 0.1111111111111111,
        "tta_level": 2
    },
    "random_seed": 99,
    "git_commit_hash": "85402c5c6fafc553256ddda6a38a5e86792e3fed",
    "elapsed_wclock_time": 4.041244893550873,
    "final acc": 0.9407999515533447,
    "last batch loss": 0.94482421875,
    "epoch_val_accs": [
        0.6902999877929688,
        0.6549999713897705,
        0.8082000017166138,
        0.8287999629974365,
        0.8472999930381775,
        0.8657999634742737,
        0.8793999552726746,
        0.8968999981880188,
        0.9269999861717224,
        0.9317999482154846
    ],
    "epoch_losses": [
        1.416015625,
        1.27734375,
        1.2138671875,
        1.177734375,
        1.1484375,
        1.1083984375,
        1.0517578125,
        1.0166015625,
        0.9677734375,
        0.94482421875
    ]
}