{
    "opt": {
        "train_epochs": 9.9,
        "batch_size": 1024,
        "lr": 11.5,
        "momentum": 0.85,
        "weight_decay": 0.0153,
        "bias_scaler": 64.0,
        "label_smoothing": 0.2,
        "whiten_bias_epochs": 3
    },
    "aug": {
        "flip": true,
        "translate": 2
    },
    "net": {
        "widths": {
            "block1": 64,
            "block2": 256,
            "block3": 256
        },
        "batchnorm_momentum": 0.6,
        "scaling_factor": 0.1111111111111111,
        "tta_level": 2
    },
    "random_seed": 99,
    "git_commit_hash": "85402c5c6fafc553256ddda6a38a5e86792e3fed",
    "elapsed_wclock_time": 4.0356495738029485,
    "final acc": 0.9402999877929688,
    "last batch loss": 0.939453125,
    "epoch_val_accs": [
        0.6470999717712402,
        0.7400999665260315,
        0.7493000030517578,
        0.8361999988555908,
        0.8456999659538269,
        0.8572999835014343,
        0.8585000038146973,
        0.9019999504089355,
        0.9253999590873718,
        0.9319999814033508
    ],
    "epoch_losses": [
        1.4365234375,
        1.2587890625,
        1.228515625,
        1.1328125,
        1.1171875,
        1.078125,
        1.0380859375,
        1.037109375,
        0.97412109375,
        0.939453125
    ]
}