{
    "opt": {
        "train_epochs": 9.9,
        "batch_size": 1024,
        "lr": 11.5,
        "momentum": 0.85,
        "weight_decay": 0.0153,
        "bias_scaler": 64.0,
        "label_smoothing": 0.2,
        "whiten_bias_epochs": 3
    },
    "aug": {
        "flip": true,
        "translate": 2
    },
    "net": {
        "widths": {
            "block1": 64,
            "block2": 256,
            "block3": 256
        },
        "batchnorm_momentum": 0.6,
        "scaling_factor": 0.1111111111111111,
        "tta_level": 2
    },
    "random_seed": 99,
    "git_commit_hash": "85402c5c6fafc553256ddda6a38a5e86792e3fed",
    "elapsed_wclock_time": 4.075308778524398,
    "final acc": 0.9381999969482422,
    "last batch loss": 0.93505859375,
    "epoch_val_accs": [
        0.6965000033378601,
        0.7401999831199646,
        0.7620999813079834,
        0.8425999879837036,
        0.8427000045776367,
        0.8634999990463257,
        0.8881999850273132,
        0.9034000039100647,
        0.9239999651908875,
        0.9314000010490417
    ],
    "epoch_losses": [
        1.4072265625,
        1.275390625,
        1.2314453125,
        1.146484375,
        1.1171875,
        1.1064453125,
        1.05078125,
        0.986328125,
        0.98095703125,
        0.93505859375
    ]
}