{
    "opt": {
        "train_epochs": 9.9,
        "batch_size": 1024,
        "lr": 11.5,
        "momentum": 0.85,
        "weight_decay": 0.0153,
        "bias_scaler": 64.0,
        "label_smoothing": 0.2,
        "whiten_bias_epochs": 3
    },
    "aug": {
        "flip": true,
        "translate": 2
    },
    "net": {
        "widths": {
            "block1": 64,
            "block2": 256,
            "block3": 256
        },
        "batchnorm_momentum": 0.6,
        "scaling_factor": 0.1111111111111111,
        "tta_level": 2
    },
    "random_seed": 99,
    "git_commit_hash": "85402c5c6fafc553256ddda6a38a5e86792e3fed",
    "elapsed_wclock_time": 4.164299026966095,
    "final acc": 0.9375,
    "last batch loss": 0.94677734375,
    "epoch_val_accs": [
        0.675000011920929,
        0.7233999967575073,
        0.7572000026702881,
        0.7811999917030334,
        0.8409000039100647,
        0.811199963092804,
        0.8995999693870544,
        0.9054999947547913,
        0.9240999817848206,
        0.9325999617576599
    ],
    "epoch_losses": [
        1.431640625,
        1.2939453125,
        1.1962890625,
        1.173828125,
        1.1474609375,
        1.09765625,
        1.0390625,
        1.0146484375,
        0.97705078125,
        0.94677734375
    ]
}