{
    "opt": {
        "train_epochs": 9.9,
        "batch_size": 1024,
        "lr": 11.5,
        "momentum": 0.85,
        "weight_decay": 0.0153,
        "bias_scaler": 64.0,
        "label_smoothing": 0.2,
        "whiten_bias_epochs": 3
    },
    "aug": {
        "flip": true,
        "translate": 2
    },
    "net": {
        "widths": {
            "block1": 64,
            "block2": 256,
            "block3": 256
        },
        "batchnorm_momentum": 0.6,
        "scaling_factor": 0.1111111111111111,
        "tta_level": 2
    },
    "random_seed": 99,
    "git_commit_hash": "85402c5c6fafc553256ddda6a38a5e86792e3fed",
    "elapsed_wclock_time": 4.161686979770661,
    "final acc": 0.9388999938964844,
    "last batch loss": 0.93505859375,
    "epoch_val_accs": [
        0.6969000101089478,
        0.7578999996185303,
        0.7556999921798706,
        0.7954999804496765,
        0.8658999800682068,
        0.8308999538421631,
        0.8786999583244324,
        0.9037999510765076,
        0.9181999564170837,
        0.9320999979972839
    ],
    "epoch_losses": [
        1.4267578125,
        1.2890625,
        1.20703125,
        1.1689453125,
        1.115234375,
        1.08984375,
        1.0498046875,
        1.021484375,
        0.990234375,
        0.93505859375
    ]
}