{
    "opt": {
        "train_epochs": 9.9,
        "batch_size": 1024,
        "lr": 11.5,
        "momentum": 0.85,
        "weight_decay": 0.0153,
        "bias_scaler": 64.0,
        "label_smoothing": 0.2,
        "whiten_bias_epochs": 3
    },
    "aug": {
        "flip": true,
        "translate": 2
    },
    "net": {
        "widths": {
            "block1": 64,
            "block2": 256,
            "block3": 256
        },
        "batchnorm_momentum": 0.6,
        "scaling_factor": 0.1111111111111111,
        "tta_level": 2
    },
    "random_seed": 99,
    "git_commit_hash": "85402c5c6fafc553256ddda6a38a5e86792e3fed",
    "elapsed_wclock_time": 4.171121073961259,
    "final acc": 0.9406999945640564,
    "last batch loss": 0.9306640625,
    "epoch_val_accs": [
        0.6154999732971191,
        0.7484999895095825,
        0.7504000067710876,
        0.8441999554634094,
        0.8450999855995178,
        0.8676999807357788,
        0.8851000070571899,
        0.902999997138977,
        0.9259999990463257,
        0.9332999587059021
    ],
    "epoch_losses": [
        1.4462890625,
        1.259765625,
        1.2001953125,
        1.146484375,
        1.1005859375,
        1.123046875,
        1.0556640625,
        1.0107421875,
        0.96630859375,
        0.9306640625
    ]
}