{
    "opt": {
        "train_epochs": 9.9,
        "batch_size": 1024,
        "lr": 11.5,
        "momentum": 0.85,
        "weight_decay": 0.0153,
        "bias_scaler": 64.0,
        "label_smoothing": 0.2,
        "whiten_bias_epochs": 3
    },
    "aug": {
        "flip": true,
        "translate": 2
    },
    "net": {
        "widths": {
            "block1": 64,
            "block2": 256,
            "block3": 256
        },
        "batchnorm_momentum": 0.6,
        "scaling_factor": 0.1111111111111111,
        "tta_level": 2
    },
    "random_seed": 99,
    "git_commit_hash": "85402c5c6fafc553256ddda6a38a5e86792e3fed",
    "elapsed_wclock_time": 4.042242135763168,
    "final acc": 0.9376999735832214,
    "last batch loss": 0.9501953125,
    "epoch_val_accs": [
        0.6182000041007996,
        0.774399995803833,
        0.651699960231781,
        0.8248999714851379,
        0.84579998254776,
        0.8639999628067017,
        0.8770999908447266,
        0.8935999870300293,
        0.9217000007629395,
        0.9319999814033508
    ],
    "epoch_losses": [
        1.4248046875,
        1.2666015625,
        1.1943359375,
        1.15625,
        1.1533203125,
        1.09375,
        1.0498046875,
        1.0166015625,
        0.97119140625,
        0.9501953125
    ]
}