{
    "opt": {
        "train_epochs": 9.9,
        "batch_size": 1024,
        "lr": 11.5,
        "momentum": 0.85,
        "weight_decay": 0.0153,
        "bias_scaler": 64.0,
        "label_smoothing": 0.2,
        "whiten_bias_epochs": 3
    },
    "aug": {
        "flip": true,
        "translate": 2
    },
    "net": {
        "widths": {
            "block1": 64,
            "block2": 256,
            "block3": 256
        },
        "batchnorm_momentum": 0.6,
        "scaling_factor": 0.1111111111111111,
        "tta_level": 2
    },
    "random_seed": 99,
    "git_commit_hash": "85402c5c6fafc553256ddda6a38a5e86792e3fed",
    "elapsed_wclock_time": 4.122367436170578,
    "final acc": 0.9401999711990356,
    "last batch loss": 0.93310546875,
    "epoch_val_accs": [
        0.616100013256073,
        0.7664999961853027,
        0.79749995470047,
        0.8348000049591064,
        0.8508999943733215,
        0.8529999852180481,
        0.8801999688148499,
        0.9081999659538269,
        0.923799991607666,
        0.9316999912261963
    ],
    "epoch_losses": [
        1.41796875,
        1.2900390625,
        1.1982421875,
        1.1962890625,
        1.1181640625,
        1.1015625,
        1.037109375,
        1.015625,
        0.974609375,
        0.93310546875
    ]
}