{
    "opt": {
        "train_epochs": 9.9,
        "batch_size": 1024,
        "lr": 11.5,
        "momentum": 0.85,
        "weight_decay": 0.0153,
        "bias_scaler": 64.0,
        "label_smoothing": 0.2,
        "whiten_bias_epochs": 3
    },
    "aug": {
        "flip": true,
        "translate": 2
    },
    "net": {
        "widths": {
            "block1": 64,
            "block2": 256,
            "block3": 256
        },
        "batchnorm_momentum": 0.6,
        "scaling_factor": 0.1111111111111111,
        "tta_level": 2
    },
    "random_seed": 99,
    "git_commit_hash": "85402c5c6fafc553256ddda6a38a5e86792e3fed",
    "elapsed_wclock_time": 4.157034751176834,
    "final acc": 0.9407999515533447,
    "last batch loss": 0.94091796875,
    "epoch_val_accs": [
        0.6920999884605408,
        0.7348999977111816,
        0.7975999712944031,
        0.8008999824523926,
        0.8586999773979187,
        0.8452000021934509,
        0.9004999995231628,
        0.8955000042915344,
        0.9235000014305115,
        0.9319999814033508
    ],
    "epoch_losses": [
        1.4384765625,
        1.2958984375,
        1.205078125,
        1.1533203125,
        1.1572265625,
        1.0966796875,
        1.0576171875,
        1.009765625,
        0.97607421875,
        0.94091796875
    ]
}