{
    "opt": {
        "train_epochs": 9.9,
        "batch_size": 1024,
        "lr": 11.5,
        "momentum": 0.85,
        "weight_decay": 0.0153,
        "bias_scaler": 64.0,
        "label_smoothing": 0.2,
        "whiten_bias_epochs": 3
    },
    "aug": {
        "flip": true,
        "translate": 2
    },
    "net": {
        "widths": {
            "block1": 64,
            "block2": 256,
            "block3": 256
        },
        "batchnorm_momentum": 0.6,
        "scaling_factor": 0.1111111111111111,
        "tta_level": 2
    },
    "random_seed": 99,
    "git_commit_hash": "85402c5c6fafc553256ddda6a38a5e86792e3fed",
    "elapsed_wclock_time": 4.16977439880371,
    "final acc": 0.9401999711990356,
    "last batch loss": 0.9404296875,
    "epoch_val_accs": [
        0.6705999970436096,
        0.7705000042915344,
        0.7076999545097351,
        0.8418999910354614,
        0.8295999765396118,
        0.8527999520301819,
        0.8962999582290649,
        0.895799994468689,
        0.9253999590873718,
        0.9311999678611755
    ],
    "epoch_losses": [
        1.3955078125,
        1.2744140625,
        1.193359375,
        1.1650390625,
        1.13671875,
        1.0908203125,
        1.0595703125,
        1.0224609375,
        0.97265625,
        0.9404296875
    ]
}