{
    "opt": {
        "train_epochs": 9.9,
        "batch_size": 1024,
        "lr": 11.5,
        "momentum": 0.85,
        "weight_decay": 0.0153,
        "bias_scaler": 64.0,
        "label_smoothing": 0.2,
        "whiten_bias_epochs": 3
    },
    "aug": {
        "flip": true,
        "translate": 2
    },
    "net": {
        "widths": {
            "block1": 64,
            "block2": 256,
            "block3": 256
        },
        "batchnorm_momentum": 0.6,
        "scaling_factor": 0.1111111111111111,
        "tta_level": 2
    },
    "random_seed": 99,
    "git_commit_hash": "85402c5c6fafc553256ddda6a38a5e86792e3fed",
    "elapsed_wclock_time": 4.0360137839317325,
    "final acc": 0.9386000037193298,
    "last batch loss": 0.9375,
    "epoch_val_accs": [
        0.6566999554634094,
        0.6676999926567078,
        0.7897999882698059,
        0.7973999977111816,
        0.8536999821662903,
        0.871399998664856,
        0.8883999586105347,
        0.9038999676704407,
        0.9218999743461609,
        0.9311999678611755
    ],
    "epoch_losses": [
        1.3994140625,
        1.302734375,
        1.1787109375,
        1.146484375,
        1.125,
        1.080078125,
        1.02734375,
        1.009765625,
        0.9765625,
        0.9375
    ]
}