{
    "opt": {
        "train_epochs": 9.9,
        "batch_size": 1024,
        "lr": 11.5,
        "momentum": 0.85,
        "weight_decay": 0.0153,
        "bias_scaler": 64.0,
        "label_smoothing": 0.2,
        "whiten_bias_epochs": 3
    },
    "aug": {
        "flip": true,
        "translate": 2
    },
    "net": {
        "widths": {
            "block1": 64,
            "block2": 256,
            "block3": 256
        },
        "batchnorm_momentum": 0.6,
        "scaling_factor": 0.1111111111111111,
        "tta_level": 2
    },
    "random_seed": 99,
    "git_commit_hash": "85402c5c6fafc553256ddda6a38a5e86792e3fed",
    "elapsed_wclock_time": 4.081744404315948,
    "final acc": 0.939799964427948,
    "last batch loss": 0.94873046875,
    "epoch_val_accs": [
        0.7041999697685242,
        0.7152999639511108,
        0.7870999574661255,
        0.8310999870300293,
        0.8402000069618225,
        0.8522999882698059,
        0.8964999914169312,
        0.9120999574661255,
        0.9210999608039856,
        0.9315999746322632
    ],
    "epoch_losses": [
        1.40234375,
        1.2705078125,
        1.19140625,
        1.1875,
        1.142578125,
        1.095703125,
        1.0400390625,
        1.0078125,
        0.97265625,
        0.94873046875
    ]
}