{
    "opt": {
        "train_epochs": 9.9,
        "batch_size": 1024,
        "lr": 11.5,
        "momentum": 0.85,
        "weight_decay": 0.0153,
        "bias_scaler": 64.0,
        "label_smoothing": 0.2,
        "whiten_bias_epochs": 3
    },
    "aug": {
        "flip": true,
        "translate": 2
    },
    "net": {
        "widths": {
            "block1": 64,
            "block2": 256,
            "block3": 256
        },
        "batchnorm_momentum": 0.6,
        "scaling_factor": 0.1111111111111111,
        "tta_level": 2
    },
    "random_seed": 99,
    "git_commit_hash": "85402c5c6fafc553256ddda6a38a5e86792e3fed",
    "elapsed_wclock_time": 4.180565727233887,
    "final acc": 0.9400999546051025,
    "last batch loss": 0.9482421875,
    "epoch_val_accs": [
        0.6207000017166138,
        0.7782999873161316,
        0.7282999753952026,
        0.8197999596595764,
        0.8270999789237976,
        0.8614999651908875,
        0.8898999691009521,
        0.899399995803833,
        0.9213999509811401,
        0.9333999752998352
    ],
    "epoch_losses": [
        1.4453125,
        1.212890625,
        1.1767578125,
        1.1259765625,
        1.1416015625,
        1.0771484375,
        1.04296875,
        1.0185546875,
        0.9697265625,
        0.9482421875
    ]
}