{
    "opt": {
        "train_epochs": 9.9,
        "batch_size": 1024,
        "lr": 11.5,
        "momentum": 0.85,
        "weight_decay": 0.0153,
        "bias_scaler": 64.0,
        "label_smoothing": 0.2,
        "whiten_bias_epochs": 3
    },
    "aug": {
        "flip": true,
        "translate": 2
    },
    "net": {
        "widths": {
            "block1": 64,
            "block2": 256,
            "block3": 256
        },
        "batchnorm_momentum": 0.6,
        "scaling_factor": 0.1111111111111111,
        "tta_level": 2
    },
    "random_seed": 99,
    "git_commit_hash": "85402c5c6fafc553256ddda6a38a5e86792e3fed",
    "elapsed_wclock_time": 4.1276410176753995,
    "final acc": 0.941100001335144,
    "last batch loss": 0.939453125,
    "epoch_val_accs": [
        0.6604999899864197,
        0.7148000001907349,
        0.8211999535560608,
        0.779699981212616,
        0.8175999522209167,
        0.8108999729156494,
        0.8912999629974365,
        0.8948999643325806,
        0.920799970626831,
        0.9340999722480774
    ],
    "epoch_losses": [
        1.3955078125,
        1.298828125,
        1.228515625,
        1.16015625,
        1.1201171875,
        1.1123046875,
        1.0380859375,
        1.029296875,
        0.97412109375,
        0.939453125
    ]
}