{
    "opt": {
        "train_epochs": 9.9,
        "batch_size": 1024,
        "lr": 11.5,
        "momentum": 0.85,
        "weight_decay": 0.0153,
        "bias_scaler": 64.0,
        "label_smoothing": 0.2,
        "whiten_bias_epochs": 3
    },
    "aug": {
        "flip": true,
        "translate": 2
    },
    "net": {
        "widths": {
            "block1": 64,
            "block2": 256,
            "block3": 256
        },
        "batchnorm_momentum": 0.6,
        "scaling_factor": 0.1111111111111111,
        "tta_level": 2
    },
    "random_seed": 99,
    "git_commit_hash": "85402c5c6fafc553256ddda6a38a5e86792e3fed",
    "elapsed_wclock_time": 4.118791271209717,
    "final acc": 0.939799964427948,
    "last batch loss": 0.94921875,
    "epoch_val_accs": [
        0.6913999915122986,
        0.6840999722480774,
        0.7547000050544739,
        0.7702999711036682,
        0.8359000086784363,
        0.8534999489784241,
        0.8763999938964844,
        0.9062999486923218,
        0.9240999817848206,
        0.935699999332428
    ],
    "epoch_losses": [
        1.4765625,
        1.2412109375,
        1.1904296875,
        1.1591796875,
        1.146484375,
        1.078125,
        1.044921875,
        1.0185546875,
        0.97265625,
        0.94921875
    ]
}