{
    "opt": {
        "train_epochs": 9.9,
        "batch_size": 1024,
        "lr": 11.5,
        "momentum": 0.85,
        "weight_decay": 0.0153,
        "bias_scaler": 64.0,
        "label_smoothing": 0.2,
        "whiten_bias_epochs": 3
    },
    "aug": {
        "flip": true,
        "translate": 2
    },
    "net": {
        "widths": {
            "block1": 64,
            "block2": 256,
            "block3": 256
        },
        "batchnorm_momentum": 0.6,
        "scaling_factor": 0.1111111111111111,
        "tta_level": 2
    },
    "random_seed": 99,
    "git_commit_hash": "85402c5c6fafc553256ddda6a38a5e86792e3fed",
    "elapsed_wclock_time": 4.120998029470444,
    "final acc": 0.9425999522209167,
    "last batch loss": 0.93310546875,
    "epoch_val_accs": [
        0.6704999804496765,
        0.6733999848365784,
        0.8252999782562256,
        0.8163999915122986,
        0.8557999730110168,
        0.8709999918937683,
        0.8732999563217163,
        0.9049999713897705,
        0.9254999756813049,
        0.9325999617576599
    ],
    "epoch_losses": [
        1.4111328125,
        1.29296875,
        1.1884765625,
        1.1494140625,
        1.1259765625,
        1.091796875,
        1.0458984375,
        1.0263671875,
        0.97119140625,
        0.93310546875
    ]
}