{
    "opt": {
        "train_epochs": 9.9,
        "batch_size": 1024,
        "lr": 11.5,
        "momentum": 0.85,
        "weight_decay": 0.0153,
        "bias_scaler": 64.0,
        "label_smoothing": 0.2,
        "whiten_bias_epochs": 3
    },
    "aug": {
        "flip": true,
        "translate": 2
    },
    "net": {
        "widths": {
            "block1": 64,
            "block2": 256,
            "block3": 256
        },
        "batchnorm_momentum": 0.6,
        "scaling_factor": 0.1111111111111111,
        "tta_level": 2
    },
    "random_seed": 99,
    "git_commit_hash": "85402c5c6fafc553256ddda6a38a5e86792e3fed",
    "elapsed_wclock_time": 4.122085949897766,
    "final acc": 0.9414999485015869,
    "last batch loss": 0.9365234375,
    "epoch_val_accs": [
        0.6369999647140503,
        0.7425000071525574,
        0.7767999768257141,
        0.8314999938011169,
        0.8565999865531921,
        0.8707999587059021,
        0.8792999982833862,
        0.9080999493598938,
        0.9228000044822693,
        0.9333999752998352
    ],
    "epoch_losses": [
        1.3955078125,
        1.25,
        1.1875,
        1.1611328125,
        1.134765625,
        1.0830078125,
        1.041015625,
        1.025390625,
        0.9736328125,
        0.9365234375
    ]
}