{
    "opt": {
        "train_epochs": 9.9,
        "batch_size": 1024,
        "lr": 11.5,
        "momentum": 0.85,
        "weight_decay": 0.0153,
        "bias_scaler": 64.0,
        "label_smoothing": 0.2,
        "whiten_bias_epochs": 3
    },
    "aug": {
        "flip": true,
        "translate": 2
    },
    "net": {
        "widths": {
            "block1": 64,
            "block2": 256,
            "block3": 256
        },
        "batchnorm_momentum": 0.6,
        "scaling_factor": 0.1111111111111111,
        "tta_level": 2
    },
    "random_seed": 99,
    "git_commit_hash": "85402c5c6fafc553256ddda6a38a5e86792e3fed",
    "elapsed_wclock_time": 4.239615380048752,
    "final acc": 0.9422000050544739,
    "last batch loss": 0.9365234375,
    "epoch_val_accs": [
        0.6967999935150146,
        0.6639999747276306,
        0.7787999510765076,
        0.7929999828338623,
        0.8170999884605408,
        0.8613999485969543,
        0.8815000057220459,
        0.9035999774932861,
        0.9248999953269958,
        0.9343999624252319
    ],
    "epoch_losses": [
        1.4306640625,
        1.2578125,
        1.177734375,
        1.1337890625,
        1.125,
        1.109375,
        1.0537109375,
        1.01171875,
        0.97021484375,
        0.9365234375
    ]
}