{
    "opt": {
        "train_epochs": 9.9,
        "batch_size": 1024,
        "lr": 11.5,
        "momentum": 0.85,
        "weight_decay": 0.0153,
        "bias_scaler": 64.0,
        "label_smoothing": 0.2,
        "whiten_bias_epochs": 3
    },
    "aug": {
        "flip": true,
        "translate": 2
    },
    "net": {
        "widths": {
            "block1": 64,
            "block2": 256,
            "block3": 256
        },
        "batchnorm_momentum": 0.6,
        "scaling_factor": 0.1111111111111111,
        "tta_level": 2
    },
    "random_seed": 99,
    "git_commit_hash": "85402c5c6fafc553256ddda6a38a5e86792e3fed",
    "elapsed_wclock_time": 4.15983223772049,
    "final acc": 0.9381999969482422,
    "last batch loss": 0.94921875,
    "epoch_val_accs": [
        0.6326000094413757,
        0.674299955368042,
        0.6491999626159668,
        0.7775999903678894,
        0.832099974155426,
        0.8613999485969543,
        0.8876999616622925,
        0.8977999687194824,
        0.9223999977111816,
        0.9323999881744385
    ],
    "epoch_losses": [
        1.4345703125,
        1.2587890625,
        1.2255859375,
        1.162109375,
        1.12109375,
        1.08203125,
        1.03125,
        1.03125,
        0.97900390625,
        0.94921875
    ]
}