{
    "opt": {
        "train_epochs": 9.9,
        "batch_size": 1024,
        "lr": 11.5,
        "momentum": 0.85,
        "weight_decay": 0.0153,
        "bias_scaler": 64.0,
        "label_smoothing": 0.2,
        "whiten_bias_epochs": 3
    },
    "aug": {
        "flip": true,
        "translate": 2
    },
    "net": {
        "widths": {
            "block1": 64,
            "block2": 256,
            "block3": 256
        },
        "batchnorm_momentum": 0.6,
        "scaling_factor": 0.1111111111111111,
        "tta_level": 2
    },
    "random_seed": 99,
    "git_commit_hash": "85402c5c6fafc553256ddda6a38a5e86792e3fed",
    "elapsed_wclock_time": 4.16509661102295,
    "final acc": 0.9400999546051025,
    "last batch loss": 0.94287109375,
    "epoch_val_accs": [
        0.7096999883651733,
        0.760699987411499,
        0.7354999780654907,
        0.8324999809265137,
        0.8427000045776367,
        0.856499969959259,
        0.8905999660491943,
        0.9012999534606934,
        0.9199999570846558,
        0.9341999888420105
    ],
    "epoch_losses": [
        1.4130859375,
        1.24609375,
        1.1953125,
        1.1513671875,
        1.1171875,
        1.1064453125,
        1.0498046875,
        1.0166015625,
        0.97216796875,
        0.94287109375
    ]
}