{
    "opt": {
        "train_epochs": 9.9,
        "batch_size": 1024,
        "lr": 11.5,
        "momentum": 0.85,
        "weight_decay": 0.0153,
        "bias_scaler": 64.0,
        "label_smoothing": 0.2,
        "whiten_bias_epochs": 3
    },
    "aug": {
        "flip": true,
        "translate": 2
    },
    "net": {
        "widths": {
            "block1": 64,
            "block2": 256,
            "block3": 256
        },
        "batchnorm_momentum": 0.6,
        "scaling_factor": 0.1111111111111111,
        "tta_level": 2
    },
    "random_seed": 99,
    "git_commit_hash": "85402c5c6fafc553256ddda6a38a5e86792e3fed",
    "elapsed_wclock_time": 4.078929581165314,
    "final acc": 0.942799985408783,
    "last batch loss": 0.93896484375,
    "epoch_val_accs": [
        0.685699999332428,
        0.7692999839782715,
        0.7525999546051025,
        0.8179000020027161,
        0.8565999865531921,
        0.8534999489784241,
        0.8880999684333801,
        0.8852999806404114,
        0.9246999621391296,
        0.9330999851226807
    ],
    "epoch_losses": [
        1.4111328125,
        1.2744140625,
        1.2158203125,
        1.15234375,
        1.111328125,
        1.0751953125,
        1.05078125,
        1.029296875,
        0.9765625,
        0.93896484375
    ]
}