{
    "opt": {
        "train_epochs": 9.9,
        "batch_size": 1024,
        "lr": 11.5,
        "momentum": 0.85,
        "weight_decay": 0.0153,
        "bias_scaler": 64.0,
        "label_smoothing": 0.2,
        "whiten_bias_epochs": 3
    },
    "aug": {
        "flip": true,
        "translate": 2
    },
    "net": {
        "widths": {
            "block1": 64,
            "block2": 256,
            "block3": 256
        },
        "batchnorm_momentum": 0.6,
        "scaling_factor": 0.1111111111111111,
        "tta_level": 2
    },
    "random_seed": 99,
    "git_commit_hash": "85402c5c6fafc553256ddda6a38a5e86792e3fed",
    "elapsed_wclock_time": 4.123064000368118,
    "final acc": 0.9405999779701233,
    "last batch loss": 0.9365234375,
    "epoch_val_accs": [
        0.696399986743927,
        0.7590000033378601,
        0.6956999897956848,
        0.8165000081062317,
        0.850600004196167,
        0.8682000041007996,
        0.8919000029563904,
        0.909500002861023,
        0.9215999841690063,
        0.9333999752998352
    ],
    "epoch_losses": [
        1.4326171875,
        1.275390625,
        1.2333984375,
        1.189453125,
        1.134765625,
        1.078125,
        1.0576171875,
        1.001953125,
        0.984375,
        0.9365234375
    ]
}