{
    "opt": {
        "train_epochs": 9.9,
        "batch_size": 1024,
        "lr": 11.5,
        "momentum": 0.85,
        "weight_decay": 0.0153,
        "bias_scaler": 64.0,
        "label_smoothing": 0.2,
        "whiten_bias_epochs": 3
    },
    "aug": {
        "flip": true,
        "translate": 2
    },
    "net": {
        "widths": {
            "block1": 64,
            "block2": 256,
            "block3": 256
        },
        "batchnorm_momentum": 0.6,
        "scaling_factor": 0.1111111111111111,
        "tta_level": 2
    },
    "random_seed": 99,
    "git_commit_hash": "85402c5c6fafc553256ddda6a38a5e86792e3fed",
    "elapsed_wclock_time": 4.120572910070419,
    "final acc": 0.9402999877929688,
    "last batch loss": 0.93994140625,
    "epoch_val_accs": [
        0.6811999678611755,
        0.6954999566078186,
        0.7986999750137329,
        0.7671999931335449,
        0.8414999842643738,
        0.8787999749183655,
        0.8788999915122986,
        0.9025999903678894,
        0.9221999645233154,
        0.932699978351593
    ],
    "epoch_losses": [
        1.439453125,
        1.263671875,
        1.1650390625,
        1.169921875,
        1.1435546875,
        1.091796875,
        1.0546875,
        1.0263671875,
        0.9609375,
        0.93994140625
    ]
}