{
    "opt": {
        "train_epochs": 9.9,
        "batch_size": 1024,
        "lr": 11.5,
        "momentum": 0.85,
        "weight_decay": 0.0153,
        "bias_scaler": 64.0,
        "label_smoothing": 0.2,
        "whiten_bias_epochs": 3
    },
    "aug": {
        "flip": true,
        "translate": 2
    },
    "net": {
        "widths": {
            "block1": 64,
            "block2": 256,
            "block3": 256
        },
        "batchnorm_momentum": 0.6,
        "scaling_factor": 0.1111111111111111,
        "tta_level": 2
    },
    "random_seed": 99,
    "git_commit_hash": "85402c5c6fafc553256ddda6a38a5e86792e3fed",
    "elapsed_wclock_time": 4.1345756390094754,
    "final acc": 0.9405999779701233,
    "last batch loss": 0.9306640625,
    "epoch_val_accs": [
        0.6741999983787537,
        0.7716000080108643,
        0.8069999814033508,
        0.8107999563217163,
        0.8396999835968018,
        0.8759999871253967,
        0.8829999566078186,
        0.9066999554634094,
        0.9203999638557434,
        0.9337999820709229
    ],
    "epoch_losses": [
        1.4404296875,
        1.2412109375,
        1.2021484375,
        1.16796875,
        1.134765625,
        1.06640625,
        1.0615234375,
        1.0166015625,
        0.96728515625,
        0.9306640625
    ]
}