{
    "opt": {
        "train_epochs": 9.9,
        "batch_size": 1024,
        "lr": 11.5,
        "momentum": 0.85,
        "weight_decay": 0.0153,
        "bias_scaler": 64.0,
        "label_smoothing": 0.2,
        "whiten_bias_epochs": 3
    },
    "aug": {
        "flip": true,
        "translate": 2
    },
    "net": {
        "widths": {
            "block1": 64,
            "block2": 256,
            "block3": 256
        },
        "batchnorm_momentum": 0.6,
        "scaling_factor": 0.1111111111111111,
        "tta_level": 2
    },
    "random_seed": 99,
    "git_commit_hash": "85402c5c6fafc553256ddda6a38a5e86792e3fed",
    "elapsed_wclock_time": 4.333241570949554,
    "final acc": 0.9381999969482422,
    "last batch loss": 0.95068359375,
    "epoch_val_accs": [
        0.6107999682426453,
        0.6718999743461609,
        0.7935000061988831,
        0.8398999571800232,
        0.8230999708175659,
        0.8396999835968018,
        0.8873999714851379,
        0.9075999855995178,
        0.9228999614715576,
        0.9329999685287476
    ],
    "epoch_losses": [
        1.4189453125,
        1.251953125,
        1.2099609375,
        1.16015625,
        1.14453125,
        1.07421875,
        1.041015625,
        0.99609375,
        0.97607421875,
        0.95068359375
    ]
}