{
    "opt": {
        "train_epochs": 9.9,
        "batch_size": 1024,
        "lr": 11.5,
        "momentum": 0.85,
        "weight_decay": 0.0153,
        "bias_scaler": 64.0,
        "label_smoothing": 0.2,
        "whiten_bias_epochs": 3
    },
    "aug": {
        "flip": true,
        "translate": 2
    },
    "net": {
        "widths": {
            "block1": 64,
            "block2": 256,
            "block3": 256
        },
        "batchnorm_momentum": 0.6,
        "scaling_factor": 0.1111111111111111,
        "tta_level": 2
    },
    "random_seed": 99,
    "git_commit_hash": "85402c5c6fafc553256ddda6a38a5e86792e3fed",
    "elapsed_wclock_time": 3.9987526633739474,
    "final acc": 0.9389999508857727,
    "last batch loss": 0.9326171875,
    "epoch_val_accs": [
        0.545799970626831,
        0.7450999617576599,
        0.7664999961853027,
        0.7831999659538269,
        0.7915999889373779,
        0.8130999803543091,
        0.8840000033378601,
        0.9062999486923218,
        0.9197999835014343,
        0.9334999918937683
    ],
    "epoch_losses": [
        1.453125,
        1.2919921875,
        1.1689453125,
        1.1396484375,
        1.1181640625,
        1.111328125,
        1.0263671875,
        1.025390625,
        0.97412109375,
        0.9326171875
    ]
}