{
    "opt": {
        "train_epochs": 9.9,
        "batch_size": 1024,
        "lr": 11.5,
        "momentum": 0.85,
        "weight_decay": 0.0153,
        "bias_scaler": 64.0,
        "label_smoothing": 0.2,
        "whiten_bias_epochs": 3
    },
    "aug": {
        "flip": true,
        "translate": 2
    },
    "net": {
        "widths": {
            "block1": 64,
            "block2": 256,
            "block3": 256
        },
        "batchnorm_momentum": 0.6,
        "scaling_factor": 0.1111111111111111,
        "tta_level": 2
    },
    "random_seed": 99,
    "git_commit_hash": "85402c5c6fafc553256ddda6a38a5e86792e3fed",
    "elapsed_wclock_time": 4.1681612129211425,
    "final acc": 0.9396999478340149,
    "last batch loss": 0.95166015625,
    "epoch_val_accs": [
        0.6430999636650085,
        0.7506999969482422,
        0.8172999620437622,
        0.7688999772071838,
        0.8565999865531921,
        0.8664000034332275,
        0.8703999519348145,
        0.9061999917030334,
        0.9249999523162842,
        0.9337999820709229
    ],
    "epoch_losses": [
        1.4736328125,
        1.2861328125,
        1.1962890625,
        1.1572265625,
        1.1103515625,
        1.099609375,
        1.06640625,
        1.0185546875,
        0.97119140625,
        0.95166015625
    ]
}