{
    "opt": {
        "train_epochs": 9.9,
        "batch_size": 1024,
        "lr": 11.5,
        "momentum": 0.85,
        "weight_decay": 0.0153,
        "bias_scaler": 64.0,
        "label_smoothing": 0.2,
        "whiten_bias_epochs": 3
    },
    "aug": {
        "flip": true,
        "translate": 2
    },
    "net": {
        "widths": {
            "block1": 64,
            "block2": 256,
            "block3": 256
        },
        "batchnorm_momentum": 0.6,
        "scaling_factor": 0.1111111111111111,
        "tta_level": 2
    },
    "random_seed": 99,
    "git_commit_hash": "85402c5c6fafc553256ddda6a38a5e86792e3fed",
    "elapsed_wclock_time": 4.124547307491302,
    "final acc": 0.9404000043869019,
    "last batch loss": 0.93505859375,
    "epoch_val_accs": [
        0.6777999997138977,
        0.7293999791145325,
        0.7077999711036682,
        0.812999963760376,
        0.8269000053405762,
        0.8448999524116516,
        0.8962000012397766,
        0.8981999754905701,
        0.9229999780654907,
        0.9323999881744385
    ],
    "epoch_losses": [
        1.44140625,
        1.248046875,
        1.2197265625,
        1.1611328125,
        1.1484375,
        1.1005859375,
        1.0341796875,
        1.0205078125,
        0.9716796875,
        0.93505859375
    ]
}