{
    "opt": {
        "train_epochs": 9.9,
        "batch_size": 1024,
        "lr": 11.5,
        "momentum": 0.85,
        "weight_decay": 0.0153,
        "bias_scaler": 64.0,
        "label_smoothing": 0.2,
        "whiten_bias_epochs": 3
    },
    "aug": {
        "flip": true,
        "translate": 2
    },
    "net": {
        "widths": {
            "block1": 64,
            "block2": 256,
            "block3": 256
        },
        "batchnorm_momentum": 0.6,
        "scaling_factor": 0.1111111111111111,
        "tta_level": 2
    },
    "random_seed": 99,
    "git_commit_hash": "85402c5c6fafc553256ddda6a38a5e86792e3fed",
    "elapsed_wclock_time": 4.114122173070908,
    "final acc": 0.9423999786376953,
    "last batch loss": 0.94091796875,
    "epoch_val_accs": [
        0.6710999608039856,
        0.6929000020027161,
        0.7785999774932861,
        0.8233999609947205,
        0.8628000020980835,
        0.852400004863739,
        0.865399956703186,
        0.9066999554634094,
        0.925599992275238,
        0.9348999857902527
    ],
    "epoch_losses": [
        1.4345703125,
        1.2587890625,
        1.2412109375,
        1.2021484375,
        1.158203125,
        1.0908203125,
        1.0498046875,
        1.02734375,
        0.97802734375,
        0.94091796875
    ]
}