{
    "opt": {
        "train_epochs": 9.9,
        "batch_size": 1024,
        "lr": 11.5,
        "momentum": 0.85,
        "weight_decay": 0.0153,
        "bias_scaler": 64.0,
        "label_smoothing": 0.2,
        "whiten_bias_epochs": 3
    },
    "aug": {
        "flip": true,
        "translate": 2
    },
    "net": {
        "widths": {
            "block1": 64,
            "block2": 256,
            "block3": 256
        },
        "batchnorm_momentum": 0.6,
        "scaling_factor": 0.1111111111111111,
        "tta_level": 2
    },
    "random_seed": 99,
    "git_commit_hash": "85402c5c6fafc553256ddda6a38a5e86792e3fed",
    "elapsed_wclock_time": 4.11718166089058,
    "final acc": 0.9404000043869019,
    "last batch loss": 0.93798828125,
    "epoch_val_accs": [
        0.6890000104904175,
        0.691100001335144,
        0.790399968624115,
        0.8192999958992004,
        0.8346999883651733,
        0.8687999844551086,
        0.8956999778747559,
        0.9023000001907349,
        0.9218999743461609,
        0.9315999746322632
    ],
    "epoch_losses": [
        1.3818359375,
        1.279296875,
        1.208984375,
        1.13671875,
        1.138671875,
        1.0908203125,
        1.03515625,
        1.015625,
        0.9541015625,
        0.93798828125
    ]
}