{
    "opt": {
        "train_epochs": 9.9,
        "batch_size": 1024,
        "lr": 11.5,
        "momentum": 0.85,
        "weight_decay": 0.0153,
        "bias_scaler": 64.0,
        "label_smoothing": 0.2,
        "whiten_bias_epochs": 3
    },
    "aug": {
        "flip": true,
        "translate": 2
    },
    "net": {
        "widths": {
            "block1": 64,
            "block2": 256,
            "block3": 256
        },
        "batchnorm_momentum": 0.6,
        "scaling_factor": 0.1111111111111111,
        "tta_level": 2
    },
    "random_seed": 99,
    "git_commit_hash": "85402c5c6fafc553256ddda6a38a5e86792e3fed",
    "elapsed_wclock_time": 4.174548332452774,
    "final acc": 0.9401999711990356,
    "last batch loss": 0.9462890625,
    "epoch_val_accs": [
        0.62909996509552,
        0.7585999965667725,
        0.8130999803543091,
        0.6956999897956848,
        0.8483999967575073,
        0.8644999861717224,
        0.8783999681472778,
        0.905299961566925,
        0.9196999669075012,
        0.9340999722480774
    ],
    "epoch_losses": [
        1.4150390625,
        1.287109375,
        1.169921875,
        1.1591796875,
        1.13671875,
        1.1025390625,
        1.0341796875,
        1.015625,
        0.97802734375,
        0.9462890625
    ]
}