{
    "opt": {
        "train_epochs": 9.9,
        "batch_size": 1024,
        "lr": 11.5,
        "momentum": 0.85,
        "weight_decay": 0.0153,
        "bias_scaler": 64.0,
        "label_smoothing": 0.2,
        "whiten_bias_epochs": 3
    },
    "aug": {
        "flip": true,
        "translate": 2
    },
    "net": {
        "widths": {
            "block1": 64,
            "block2": 256,
            "block3": 256
        },
        "batchnorm_momentum": 0.6,
        "scaling_factor": 0.1111111111111111,
        "tta_level": 2
    },
    "random_seed": 99,
    "git_commit_hash": "85402c5c6fafc553256ddda6a38a5e86792e3fed",
    "elapsed_wclock_time": 4.166104008436203,
    "final acc": 0.9377999901771545,
    "last batch loss": 0.93701171875,
    "epoch_val_accs": [
        0.7204999923706055,
        0.7159000039100647,
        0.6825999617576599,
        0.807699978351593,
        0.8686999678611755,
        0.8648999929428101,
        0.8930000066757202,
        0.8950999975204468,
        0.9231999516487122,
        0.9294999837875366
    ],
    "epoch_losses": [
        1.439453125,
        1.2822265625,
        1.1669921875,
        1.138671875,
        1.140625,
        1.091796875,
        1.044921875,
        1.0185546875,
        0.951171875,
        0.93701171875
    ]
}