{
    "opt": {
        "train_epochs": 9.9,
        "batch_size": 1024,
        "lr": 11.5,
        "momentum": 0.85,
        "weight_decay": 0.0153,
        "bias_scaler": 64.0,
        "label_smoothing": 0.2,
        "whiten_bias_epochs": 3
    },
    "aug": {
        "flip": true,
        "translate": 2
    },
    "net": {
        "widths": {
            "block1": 64,
            "block2": 256,
            "block3": 256
        },
        "batchnorm_momentum": 0.6,
        "scaling_factor": 0.1111111111111111,
        "tta_level": 2
    },
    "random_seed": 99,
    "git_commit_hash": "85402c5c6fafc553256ddda6a38a5e86792e3fed",
    "elapsed_wclock_time": 4.127881142139435,
    "final acc": 0.9408999681472778,
    "last batch loss": 0.9521484375,
    "epoch_val_accs": [
        0.699999988079071,
        0.7336999773979187,
        0.7532999515533447,
        0.8309999704360962,
        0.8768999576568604,
        0.8596000075340271,
        0.8888999819755554,
        0.9010999798774719,
        0.9210000038146973,
        0.9305999875068665
    ],
    "epoch_losses": [
        1.4150390625,
        1.2861328125,
        1.1875,
        1.18359375,
        1.1484375,
        1.091796875,
        1.0322265625,
        1.0087890625,
        0.9716796875,
        0.9521484375
    ]
}