{
    "opt": {
        "train_epochs": 9.9,
        "batch_size": 1024,
        "lr": 11.5,
        "momentum": 0.85,
        "weight_decay": 0.0153,
        "bias_scaler": 64.0,
        "label_smoothing": 0.2,
        "whiten_bias_epochs": 3
    },
    "aug": {
        "flip": true,
        "translate": 2
    },
    "net": {
        "widths": {
            "block1": 64,
            "block2": 256,
            "block3": 256
        },
        "batchnorm_momentum": 0.6,
        "scaling_factor": 0.1111111111111111,
        "tta_level": 2
    },
    "random_seed": 99,
    "git_commit_hash": "85402c5c6fafc553256ddda6a38a5e86792e3fed",
    "elapsed_wclock_time": 4.1216415874958034,
    "final acc": 0.9418999552726746,
    "last batch loss": 0.93505859375,
    "epoch_val_accs": [
        0.5792999863624573,
        0.7621999979019165,
        0.8158999681472778,
        0.7432000041007996,
        0.8626999855041504,
        0.8307999968528748,
        0.8675000071525574,
        0.8973999619483948,
        0.9229999780654907,
        0.9350000023841858
    ],
    "epoch_losses": [
        1.5068359375,
        1.236328125,
        1.220703125,
        1.158203125,
        1.1044921875,
        1.087890625,
        1.0341796875,
        1.03125,
        0.9794921875,
        0.93505859375
    ]
}