{
    "opt": {
        "train_epochs": 9.9,
        "batch_size": 1024,
        "lr": 11.5,
        "momentum": 0.85,
        "weight_decay": 0.0153,
        "bias_scaler": 64.0,
        "label_smoothing": 0.2,
        "whiten_bias_epochs": 3
    },
    "aug": {
        "flip": true,
        "translate": 2
    },
    "net": {
        "widths": {
            "block1": 64,
            "block2": 256,
            "block3": 256
        },
        "batchnorm_momentum": 0.6,
        "scaling_factor": 0.1111111111111111,
        "tta_level": 2
    },
    "random_seed": 99,
    "git_commit_hash": "85402c5c6fafc553256ddda6a38a5e86792e3fed",
    "elapsed_wclock_time": 4.163833030700683,
    "final acc": 0.9382999539375305,
    "last batch loss": 0.94140625,
    "epoch_val_accs": [
        0.6759999990463257,
        0.7439000010490417,
        0.7149999737739563,
        0.8259999752044678,
        0.7752999663352966,
        0.8671999573707581,
        0.8941999673843384,
        0.9052000045776367,
        0.9176999926567078,
        0.9291999936103821
    ],
    "epoch_losses": [
        1.408203125,
        1.283203125,
        1.2451171875,
        1.1708984375,
        1.162109375,
        1.0869140625,
        1.0380859375,
        1.0087890625,
        0.97509765625,
        0.94140625
    ]
}