{
    "opt": {
        "train_epochs": 9.9,
        "batch_size": 1024,
        "lr": 11.5,
        "momentum": 0.85,
        "weight_decay": 0.0153,
        "bias_scaler": 64.0,
        "label_smoothing": 0.2,
        "whiten_bias_epochs": 3
    },
    "aug": {
        "flip": true,
        "translate": 2
    },
    "net": {
        "widths": {
            "block1": 64,
            "block2": 256,
            "block3": 256
        },
        "batchnorm_momentum": 0.6,
        "scaling_factor": 0.1111111111111111,
        "tta_level": 2
    },
    "random_seed": 99,
    "git_commit_hash": "85402c5c6fafc553256ddda6a38a5e86792e3fed",
    "elapsed_wclock_time": 4.165429688453674,
    "final acc": 0.9394999742507935,
    "last batch loss": 0.94140625,
    "epoch_val_accs": [
        0.686199963092804,
        0.7260000109672546,
        0.7324999570846558,
        0.8111000061035156,
        0.8303999900817871,
        0.8684999942779541,
        0.8962000012397766,
        0.8923999667167664,
        0.9174000024795532,
        0.9312999844551086
    ],
    "epoch_losses": [
        1.4267578125,
        1.25,
        1.177734375,
        1.150390625,
        1.162109375,
        1.087890625,
        1.0341796875,
        1.0078125,
        0.98046875,
        0.94140625
    ]
}