{
    "opt": {
        "train_epochs": 9.9,
        "batch_size": 1024,
        "lr": 11.5,
        "momentum": 0.85,
        "weight_decay": 0.0153,
        "bias_scaler": 64.0,
        "label_smoothing": 0.2,
        "whiten_bias_epochs": 3
    },
    "aug": {
        "flip": true,
        "translate": 2
    },
    "net": {
        "widths": {
            "block1": 64,
            "block2": 256,
            "block3": 256
        },
        "batchnorm_momentum": 0.6,
        "scaling_factor": 0.1111111111111111,
        "tta_level": 2
    },
    "random_seed": 99,
    "git_commit_hash": "85402c5c6fafc553256ddda6a38a5e86792e3fed",
    "elapsed_wclock_time": 4.162629828929901,
    "final acc": 0.939300000667572,
    "last batch loss": 0.94580078125,
    "epoch_val_accs": [
        0.6326000094413757,
        0.6687999963760376,
        0.7851999998092651,
        0.8000999689102173,
        0.8265999555587769,
        0.8509999513626099,
        0.8791999816894531,
        0.8920999765396118,
        0.9230999946594238,
        0.9351999759674072
    ],
    "epoch_losses": [
        1.404296875,
        1.271484375,
        1.220703125,
        1.1552734375,
        1.150390625,
        1.08203125,
        1.0419921875,
        1.0205078125,
        0.9765625,
        0.94580078125
    ]
}