{
    "opt": {
        "train_epochs": 9.9,
        "batch_size": 1024,
        "lr": 11.5,
        "momentum": 0.85,
        "weight_decay": 0.0153,
        "bias_scaler": 64.0,
        "label_smoothing": 0.2,
        "whiten_bias_epochs": 3
    },
    "aug": {
        "flip": true,
        "translate": 2
    },
    "net": {
        "widths": {
            "block1": 64,
            "block2": 256,
            "block3": 256
        },
        "batchnorm_momentum": 0.6,
        "scaling_factor": 0.1111111111111111,
        "tta_level": 2
    },
    "random_seed": 99,
    "git_commit_hash": "85402c5c6fafc553256ddda6a38a5e86792e3fed",
    "elapsed_wclock_time": 4.081302171707154,
    "final acc": 0.9377999901771545,
    "last batch loss": 0.9404296875,
    "epoch_val_accs": [
        0.6904000043869019,
        0.7712999582290649,
        0.8148999810218811,
        0.7167999744415283,
        0.8186999559402466,
        0.849399983882904,
        0.8933999538421631,
        0.9031999707221985,
        0.9199999570846558,
        0.9325999617576599
    ],
    "epoch_losses": [
        1.4208984375,
        1.2822265625,
        1.1865234375,
        1.1904296875,
        1.1328125,
        1.107421875,
        1.0380859375,
        1.025390625,
        0.990234375,
        0.9404296875
    ]
}