{
    "opt": {
        "train_epochs": 9.9,
        "batch_size": 1024,
        "lr": 11.5,
        "momentum": 0.85,
        "weight_decay": 0.0153,
        "bias_scaler": 64.0,
        "label_smoothing": 0.2,
        "whiten_bias_epochs": 3
    },
    "aug": {
        "flip": true,
        "translate": 2
    },
    "net": {
        "widths": {
            "block1": 64,
            "block2": 256,
            "block3": 256
        },
        "batchnorm_momentum": 0.6,
        "scaling_factor": 0.1111111111111111,
        "tta_level": 2
    },
    "random_seed": 99,
    "git_commit_hash": "85402c5c6fafc553256ddda6a38a5e86792e3fed",
    "elapsed_wclock_time": 4.03530553817749,
    "final acc": 0.9411999583244324,
    "last batch loss": 0.9462890625,
    "epoch_val_accs": [
        0.6060000061988831,
        0.4048999845981598,
        0.7782999873161316,
        0.7210999727249146,
        0.8470999598503113,
        0.8589999675750732,
        0.8950999975204468,
        0.904699981212616,
        0.9218999743461609,
        0.9314999580383301
    ],
    "epoch_losses": [
        1.451171875,
        1.34375,
        1.2138671875,
        1.1728515625,
        1.1513671875,
        1.09765625,
        1.0498046875,
        1.021484375,
        0.98095703125,
        0.9462890625
    ]
}