{
    "opt": {
        "train_epochs": 9.9,
        "batch_size": 1024,
        "lr": 11.5,
        "momentum": 0.85,
        "weight_decay": 0.0153,
        "bias_scaler": 64.0,
        "label_smoothing": 0.2,
        "whiten_bias_epochs": 3
    },
    "aug": {
        "flip": true,
        "translate": 2
    },
    "net": {
        "widths": {
            "block1": 64,
            "block2": 256,
            "block3": 256
        },
        "batchnorm_momentum": 0.6,
        "scaling_factor": 0.1111111111111111,
        "tta_level": 2
    },
    "random_seed": 99,
    "git_commit_hash": "85402c5c6fafc553256ddda6a38a5e86792e3fed",
    "elapsed_wclock_time": 4.167947670936584,
    "final acc": 0.9423999786376953,
    "last batch loss": 0.943359375,
    "epoch_val_accs": [
        0.6430000066757202,
        0.6351000070571899,
        0.7863999605178833,
        0.8082999587059021,
        0.837399959564209,
        0.8641999959945679,
        0.8781999945640564,
        0.8888999819755554,
        0.9223999977111816,
        0.9354999661445618
    ],
    "epoch_losses": [
        1.4755859375,
        1.2568359375,
        1.1943359375,
        1.171875,
        1.1328125,
        1.09375,
        1.0390625,
        1.033203125,
        0.97265625,
        0.943359375
    ]
}