{
    "opt": {
        "train_epochs": 9.9,
        "batch_size": 1024,
        "lr": 11.5,
        "momentum": 0.85,
        "weight_decay": 0.0153,
        "bias_scaler": 64.0,
        "label_smoothing": 0.2,
        "whiten_bias_epochs": 3
    },
    "aug": {
        "flip": true,
        "translate": 2
    },
    "net": {
        "widths": {
            "block1": 64,
            "block2": 256,
            "block3": 256
        },
        "batchnorm_momentum": 0.6,
        "scaling_factor": 0.1111111111111111,
        "tta_level": 2
    },
    "random_seed": 99,
    "git_commit_hash": "85402c5c6fafc553256ddda6a38a5e86792e3fed",
    "elapsed_wclock_time": 4.123597298383713,
    "final acc": 0.9400999546051025,
    "last batch loss": 0.94384765625,
    "epoch_val_accs": [
        0.6599999666213989,
        0.7811999917030334,
        0.7989000082015991,
        0.8299999833106995,
        0.85999995470047,
        0.878600001335144,
        0.8667999505996704,
        0.8999999761581421,
        0.9221999645233154,
        0.9340999722480774
    ],
    "epoch_losses": [
        1.419921875,
        1.26171875,
        1.1962890625,
        1.1640625,
        1.11328125,
        1.0859375,
        1.0380859375,
        1.0078125,
        0.99609375,
        0.94384765625
    ]
}