{
    "opt": {
        "train_epochs": 9.9,
        "batch_size": 1024,
        "lr": 11.5,
        "momentum": 0.85,
        "weight_decay": 0.0153,
        "bias_scaler": 64.0,
        "label_smoothing": 0.2,
        "whiten_bias_epochs": 3
    },
    "aug": {
        "flip": true,
        "translate": 2
    },
    "net": {
        "widths": {
            "block1": 64,
            "block2": 256,
            "block3": 256
        },
        "batchnorm_momentum": 0.6,
        "scaling_factor": 0.1111111111111111,
        "tta_level": 2
    },
    "random_seed": 99,
    "git_commit_hash": "85402c5c6fafc553256ddda6a38a5e86792e3fed",
    "elapsed_wclock_time": 4.1305043847560885,
    "final acc": 0.9373999834060669,
    "last batch loss": 0.94091796875,
    "epoch_val_accs": [
        0.6771000027656555,
        0.7487999796867371,
        0.771399974822998,
        0.7578999996185303,
        0.8391000032424927,
        0.8687999844551086,
        0.8836999535560608,
        0.8973000049591064,
        0.9210999608039856,
        0.9310999512672424
    ],
    "epoch_losses": [
        1.421875,
        1.2568359375,
        1.201171875,
        1.1533203125,
        1.1259765625,
        1.1103515625,
        1.037109375,
        1.01171875,
        0.9765625,
        0.94091796875
    ]
}