{
    "opt": {
        "train_epochs": 9.9,
        "batch_size": 1024,
        "lr": 11.5,
        "momentum": 0.85,
        "weight_decay": 0.0153,
        "bias_scaler": 64.0,
        "label_smoothing": 0.2,
        "whiten_bias_epochs": 3
    },
    "aug": {
        "flip": true,
        "translate": 2
    },
    "net": {
        "widths": {
            "block1": 64,
            "block2": 256,
            "block3": 256
        },
        "batchnorm_momentum": 0.6,
        "scaling_factor": 0.1111111111111111,
        "tta_level": 2
    },
    "random_seed": 99,
    "git_commit_hash": "85402c5c6fafc553256ddda6a38a5e86792e3fed",
    "elapsed_wclock_time": 4.122043483018875,
    "final acc": 0.9404000043869019,
    "last batch loss": 0.9443359375,
    "epoch_val_accs": [
        0.6882999539375305,
        0.7637999653816223,
        0.793999969959259,
        0.7975999712944031,
        0.8326999545097351,
        0.851099967956543,
        0.8869999647140503,
        0.9072999954223633,
        0.9200999736785889,
        0.9332000017166138
    ],
    "epoch_losses": [
        1.443359375,
        1.275390625,
        1.1728515625,
        1.14453125,
        1.1171875,
        1.0908203125,
        1.0478515625,
        1.0244140625,
        0.966796875,
        0.9443359375
    ]
}