{
    "opt": {
        "train_epochs": 9.9,
        "batch_size": 1024,
        "lr": 11.5,
        "momentum": 0.85,
        "weight_decay": 0.0153,
        "bias_scaler": 64.0,
        "label_smoothing": 0.2,
        "whiten_bias_epochs": 3
    },
    "aug": {
        "flip": true,
        "translate": 2
    },
    "net": {
        "widths": {
            "block1": 64,
            "block2": 256,
            "block3": 256
        },
        "batchnorm_momentum": 0.6,
        "scaling_factor": 0.1111111111111111,
        "tta_level": 2
    },
    "random_seed": 99,
    "git_commit_hash": "85402c5c6fafc553256ddda6a38a5e86792e3fed",
    "elapsed_wclock_time": 4.123526108026504,
    "final acc": 0.9401999711990356,
    "last batch loss": 0.93994140625,
    "epoch_val_accs": [
        0.6682999730110168,
        0.7479000091552734,
        0.8149999976158142,
        0.8181999921798706,
        0.8751999735832214,
        0.878600001335144,
        0.8944000005722046,
        0.9090999960899353,
        0.9257999658584595,
        0.9336999654769897
    ],
    "epoch_losses": [
        1.4423828125,
        1.240234375,
        1.1748046875,
        1.17578125,
        1.119140625,
        1.0859375,
        1.0634765625,
        1.017578125,
        0.96044921875,
        0.93994140625
    ]
}