{
    "opt": {
        "train_epochs": 9.9,
        "batch_size": 1024,
        "lr": 11.5,
        "momentum": 0.85,
        "weight_decay": 0.0153,
        "bias_scaler": 64.0,
        "label_smoothing": 0.2,
        "whiten_bias_epochs": 3
    },
    "aug": {
        "flip": true,
        "translate": 2
    },
    "net": {
        "widths": {
            "block1": 64,
            "block2": 256,
            "block3": 256
        },
        "batchnorm_momentum": 0.6,
        "scaling_factor": 0.1111111111111111,
        "tta_level": 2
    },
    "random_seed": 99,
    "git_commit_hash": "85402c5c6fafc553256ddda6a38a5e86792e3fed",
    "elapsed_wclock_time": 4.125453071594238,
    "final acc": 0.9402999877929688,
    "last batch loss": 0.943359375,
    "epoch_val_accs": [
        0.4477999806404114,
        0.7673999667167664,
        0.7863999605178833,
        0.8262999653816223,
        0.8140999674797058,
        0.8525999784469604,
        0.8761999607086182,
        0.9041999578475952,
        0.9225999712944031,
        0.9345999956130981
    ],
    "epoch_losses": [
        1.4521484375,
        1.2646484375,
        1.18359375,
        1.1552734375,
        1.1201171875,
        1.083984375,
        1.037109375,
        1.0205078125,
        0.984375,
        0.943359375
    ]
}