{
    "opt": {
        "train_epochs": 9.9,
        "batch_size": 1024,
        "lr": 11.5,
        "momentum": 0.85,
        "weight_decay": 0.0153,
        "bias_scaler": 64.0,
        "label_smoothing": 0.2,
        "whiten_bias_epochs": 3
    },
    "aug": {
        "flip": true,
        "translate": 2
    },
    "net": {
        "widths": {
            "block1": 64,
            "block2": 256,
            "block3": 256
        },
        "batchnorm_momentum": 0.6,
        "scaling_factor": 0.1111111111111111,
        "tta_level": 2
    },
    "random_seed": 99,
    "git_commit_hash": "85402c5c6fafc553256ddda6a38a5e86792e3fed",
    "elapsed_wclock_time": 4.03249918961525,
    "final acc": 0.9399999976158142,
    "last batch loss": 0.94287109375,
    "epoch_val_accs": [
        0.6195999979972839,
        0.6929999589920044,
        0.7542999982833862,
        0.8157999515533447,
        0.8527999520301819,
        0.8314999938011169,
        0.882099986076355,
        0.8932999968528748,
        0.9199999570846558,
        0.9337999820709229
    ],
    "epoch_losses": [
        1.4541015625,
        1.2646484375,
        1.23046875,
        1.126953125,
        1.1259765625,
        1.08984375,
        1.009765625,
        1.0380859375,
        0.96630859375,
        0.94287109375
    ]
}