{
    "opt": {
        "train_epochs": 9.9,
        "batch_size": 1024,
        "lr": 11.5,
        "momentum": 0.85,
        "weight_decay": 0.0153,
        "bias_scaler": 64.0,
        "label_smoothing": 0.2,
        "whiten_bias_epochs": 3
    },
    "aug": {
        "flip": true,
        "translate": 2
    },
    "net": {
        "widths": {
            "block1": 64,
            "block2": 256,
            "block3": 256
        },
        "batchnorm_momentum": 0.6,
        "scaling_factor": 0.1111111111111111,
        "tta_level": 2
    },
    "random_seed": 99,
    "git_commit_hash": "85402c5c6fafc553256ddda6a38a5e86792e3fed",
    "elapsed_wclock_time": 4.128183639526367,
    "final acc": 0.9398999810218811,
    "last batch loss": 0.9443359375,
    "epoch_val_accs": [
        0.5680999755859375,
        0.7768999934196472,
        0.8044999837875366,
        0.8155999779701233,
        0.7967000007629395,
        0.8572999835014343,
        0.8910999894142151,
        0.9000999927520752,
        0.9235000014305115,
        0.9321999549865723
    ],
    "epoch_losses": [
        1.4833984375,
        1.2744140625,
        1.1845703125,
        1.1416015625,
        1.1396484375,
        1.1044921875,
        1.041015625,
        1.0009765625,
        0.97705078125,
        0.9443359375
    ]
}