{
    "opt": {
        "train_epochs": 9.9,
        "batch_size": 1024,
        "lr": 11.5,
        "momentum": 0.85,
        "weight_decay": 0.0153,
        "bias_scaler": 64.0,
        "label_smoothing": 0.2,
        "whiten_bias_epochs": 3
    },
    "aug": {
        "flip": true,
        "translate": 2
    },
    "net": {
        "widths": {
            "block1": 64,
            "block2": 256,
            "block3": 256
        },
        "batchnorm_momentum": 0.6,
        "scaling_factor": 0.1111111111111111,
        "tta_level": 2
    },
    "random_seed": 99,
    "git_commit_hash": "85402c5c6fafc553256ddda6a38a5e86792e3fed",
    "elapsed_wclock_time": 4.157665825128555,
    "final acc": 0.9430999755859375,
    "last batch loss": 0.935546875,
    "epoch_val_accs": [
        0.6611999869346619,
        0.767799973487854,
        0.6852999925613403,
        0.8312000036239624,
        0.8118999600410461,
        0.8755999803543091,
        0.8800999522209167,
        0.9044999480247498,
        0.9214999675750732,
        0.9354999661445618
    ],
    "epoch_losses": [
        1.474609375,
        1.259765625,
        1.240234375,
        1.16015625,
        1.1328125,
        1.08984375,
        1.0478515625,
        1.013671875,
        0.96875,
        0.935546875
    ]
}