{
    "opt": {
        "train_epochs": 9.9,
        "batch_size": 1024,
        "lr": 11.5,
        "momentum": 0.85,
        "weight_decay": 0.0153,
        "bias_scaler": 64.0,
        "label_smoothing": 0.2,
        "whiten_bias_epochs": 3
    },
    "aug": {
        "flip": true,
        "translate": 2
    },
    "net": {
        "widths": {
            "block1": 64,
            "block2": 256,
            "block3": 256
        },
        "batchnorm_momentum": 0.6,
        "scaling_factor": 0.1111111111111111,
        "tta_level": 2
    },
    "random_seed": 99,
    "git_commit_hash": "85402c5c6fafc553256ddda6a38a5e86792e3fed",
    "elapsed_wclock_time": 4.124546092510224,
    "final acc": 0.9408999681472778,
    "last batch loss": 0.93359375,
    "epoch_val_accs": [
        0.7035999894142151,
        0.7759000062942505,
        0.7306999564170837,
        0.8394999504089355,
        0.8634999990463257,
        0.8671000003814697,
        0.8738999962806702,
        0.8999999761581421,
        0.9179999828338623,
        0.9335999488830566
    ],
    "epoch_losses": [
        1.4072265625,
        1.2744140625,
        1.224609375,
        1.16015625,
        1.103515625,
        1.0791015625,
        1.02734375,
        1.0302734375,
        0.9736328125,
        0.93359375
    ]
}