{
    "opt": {
        "train_epochs": 9.9,
        "batch_size": 1024,
        "lr": 11.5,
        "momentum": 0.85,
        "weight_decay": 0.0153,
        "bias_scaler": 64.0,
        "label_smoothing": 0.2,
        "whiten_bias_epochs": 3
    },
    "aug": {
        "flip": true,
        "translate": 2
    },
    "net": {
        "widths": {
            "block1": 64,
            "block2": 256,
            "block3": 256
        },
        "batchnorm_momentum": 0.6,
        "scaling_factor": 0.1111111111111111,
        "tta_level": 2
    },
    "random_seed": 99,
    "git_commit_hash": "85402c5c6fafc553256ddda6a38a5e86792e3fed",
    "elapsed_wclock_time": 4.155589390993118,
    "final acc": 0.9382999539375305,
    "last batch loss": 0.94775390625,
    "epoch_val_accs": [
        0.7105000019073486,
        0.6725999712944031,
        0.7842999696731567,
        0.8292999863624573,
        0.8628000020980835,
        0.8556999564170837,
        0.8831999897956848,
        0.8919999599456787,
        0.925599992275238,
        0.9343000054359436
    ],
    "epoch_losses": [
        1.3828125,
        1.30859375,
        1.1640625,
        1.158203125,
        1.1171875,
        1.1044921875,
        1.037109375,
        1.0234375,
        0.978515625,
        0.94775390625
    ]
}