{
    "opt": {
        "train_epochs": 9.9,
        "batch_size": 1024,
        "lr": 11.5,
        "momentum": 0.85,
        "weight_decay": 0.0153,
        "bias_scaler": 64.0,
        "label_smoothing": 0.2,
        "whiten_bias_epochs": 3
    },
    "aug": {
        "flip": true,
        "translate": 2
    },
    "net": {
        "widths": {
            "block1": 64,
            "block2": 256,
            "block3": 256
        },
        "batchnorm_momentum": 0.6,
        "scaling_factor": 0.1111111111111111,
        "tta_level": 2
    },
    "random_seed": 99,
    "git_commit_hash": "85402c5c6fafc553256ddda6a38a5e86792e3fed",
    "elapsed_wclock_time": 4.126394964694978,
    "final acc": 0.9402999877929688,
    "last batch loss": 0.939453125,
    "epoch_val_accs": [
        0.6444000005722046,
        0.7321000099182129,
        0.7813000082969666,
        0.8199999928474426,
        0.8563999533653259,
        0.8707000017166138,
        0.8932999968528748,
        0.8888999819755554,
        0.9239999651908875,
        0.9314000010490417
    ],
    "epoch_losses": [
        1.44140625,
        1.275390625,
        1.1904296875,
        1.1259765625,
        1.115234375,
        1.080078125,
        1.06640625,
        1.0126953125,
        0.97119140625,
        0.939453125
    ]
}