{
    "opt": {
        "train_epochs": 9.9,
        "batch_size": 1024,
        "lr": 11.5,
        "momentum": 0.85,
        "weight_decay": 0.0153,
        "bias_scaler": 64.0,
        "label_smoothing": 0.2,
        "whiten_bias_epochs": 3
    },
    "aug": {
        "flip": true,
        "translate": 2
    },
    "net": {
        "widths": {
            "block1": 64,
            "block2": 256,
            "block3": 256
        },
        "batchnorm_momentum": 0.6,
        "scaling_factor": 0.1111111111111111,
        "tta_level": 2
    },
    "random_seed": 99,
    "git_commit_hash": "85402c5c6fafc553256ddda6a38a5e86792e3fed",
    "elapsed_wclock_time": 4.035954104661942,
    "final acc": 0.9402999877929688,
    "last batch loss": 0.94189453125,
    "epoch_val_accs": [
        0.6389999985694885,
        0.7213000059127808,
        0.823699951171875,
        0.8278999924659729,
        0.8580999970436096,
        0.8446999788284302,
        0.8866999745368958,
        0.8924999833106995,
        0.9241999983787537,
        0.9329999685287476
    ],
    "epoch_losses": [
        1.4482421875,
        1.2236328125,
        1.208984375,
        1.1416015625,
        1.1357421875,
        1.1083984375,
        1.044921875,
        1.0205078125,
        0.9658203125,
        0.94189453125
    ]
}