{
    "opt": {
        "train_epochs": 9.9,
        "batch_size": 1024,
        "lr": 11.5,
        "momentum": 0.85,
        "weight_decay": 0.0153,
        "bias_scaler": 64.0,
        "label_smoothing": 0.2,
        "whiten_bias_epochs": 3
    },
    "aug": {
        "flip": true,
        "translate": 2
    },
    "net": {
        "widths": {
            "block1": 64,
            "block2": 256,
            "block3": 256
        },
        "batchnorm_momentum": 0.6,
        "scaling_factor": 0.1111111111111111,
        "tta_level": 2
    },
    "random_seed": 99,
    "git_commit_hash": "85402c5c6fafc553256ddda6a38a5e86792e3fed",
    "elapsed_wclock_time": 4.15775518655777,
    "final acc": 0.9390999674797058,
    "last batch loss": 0.95166015625,
    "epoch_val_accs": [
        0.6444000005722046,
        0.7303000092506409,
        0.7472999691963196,
        0.7512999773025513,
        0.825499951839447,
        0.8501999974250793,
        0.8797999620437622,
        0.904699981212616,
        0.9210999608039856,
        0.9311999678611755
    ],
    "epoch_losses": [
        1.482421875,
        1.234375,
        1.2099609375,
        1.1630859375,
        1.1533203125,
        1.0869140625,
        1.02734375,
        1.0283203125,
        0.9658203125,
        0.95166015625
    ]
}