{
    "opt": {
        "train_epochs": 9.9,
        "batch_size": 1024,
        "lr": 11.5,
        "momentum": 0.85,
        "weight_decay": 0.0153,
        "bias_scaler": 64.0,
        "label_smoothing": 0.2,
        "whiten_bias_epochs": 3
    },
    "aug": {
        "flip": true,
        "translate": 2
    },
    "net": {
        "widths": {
            "block1": 64,
            "block2": 256,
            "block3": 256
        },
        "batchnorm_momentum": 0.6,
        "scaling_factor": 0.1111111111111111,
        "tta_level": 2
    },
    "random_seed": 99,
    "git_commit_hash": "85402c5c6fafc553256ddda6a38a5e86792e3fed",
    "elapsed_wclock_time": 4.162885112762451,
    "final acc": 0.9401999711990356,
    "last batch loss": 0.93603515625,
    "epoch_val_accs": [
        0.6710000038146973,
        0.7775999903678894,
        0.8036999702453613,
        0.8141999840736389,
        0.840999960899353,
        0.8739999532699585,
        0.8815999627113342,
        0.9050999879837036,
        0.9232999682426453,
        0.9332000017166138
    ],
    "epoch_losses": [
        1.390625,
        1.302734375,
        1.1904296875,
        1.125,
        1.1279296875,
        1.103515625,
        1.044921875,
        1.009765625,
        0.984375,
        0.93603515625
    ]
}