{
    "opt": {
        "train_epochs": 9.9,
        "batch_size": 1024,
        "lr": 11.5,
        "momentum": 0.85,
        "weight_decay": 0.0153,
        "bias_scaler": 64.0,
        "label_smoothing": 0.2,
        "whiten_bias_epochs": 3
    },
    "aug": {
        "flip": true,
        "translate": 2
    },
    "net": {
        "widths": {
            "block1": 64,
            "block2": 256,
            "block3": 256
        },
        "batchnorm_momentum": 0.6,
        "scaling_factor": 0.1111111111111111,
        "tta_level": 2
    },
    "random_seed": 99,
    "git_commit_hash": "85402c5c6fafc553256ddda6a38a5e86792e3fed",
    "elapsed_wclock_time": 4.08521175456047,
    "final acc": 0.9390999674797058,
    "last batch loss": 0.94873046875,
    "epoch_val_accs": [
        0.6344000101089478,
        0.7515999674797058,
        0.7127999663352966,
        0.8323999643325806,
        0.7932999730110168,
        0.798799991607666,
        0.8951999545097351,
        0.8999999761581421,
        0.9228000044822693,
        0.9321999549865723
    ],
    "epoch_losses": [
        1.4453125,
        1.2666015625,
        1.2041015625,
        1.173828125,
        1.12890625,
        1.0966796875,
        1.076171875,
        1.0224609375,
        0.970703125,
        0.94873046875
    ]
}