{
    "opt": {
        "train_epochs": 9.9,
        "batch_size": 1024,
        "lr": 11.5,
        "momentum": 0.85,
        "weight_decay": 0.0153,
        "bias_scaler": 64.0,
        "label_smoothing": 0.2,
        "whiten_bias_epochs": 3
    },
    "aug": {
        "flip": true,
        "translate": 2
    },
    "net": {
        "widths": {
            "block1": 64,
            "block2": 256,
            "block3": 256
        },
        "batchnorm_momentum": 0.6,
        "scaling_factor": 0.1111111111111111,
        "tta_level": 2
    },
    "random_seed": 99,
    "git_commit_hash": "85402c5c6fafc553256ddda6a38a5e86792e3fed",
    "elapsed_wclock_time": 4.129764103889466,
    "final acc": 0.9401999711990356,
    "last batch loss": 0.96435546875,
    "epoch_val_accs": [
        0.6491999626159668,
        0.7434999942779541,
        0.7073999643325806,
        0.8337000012397766,
        0.8374999761581421,
        0.8654999732971191,
        0.8768999576568604,
        0.9009999632835388,
        0.9194999933242798,
        0.9314999580383301
    ],
    "epoch_losses": [
        1.42578125,
        1.2724609375,
        1.1904296875,
        1.1328125,
        1.1318359375,
        1.0986328125,
        1.0419921875,
        1.0126953125,
        0.97216796875,
        0.96435546875
    ]
}