{
    "opt": {
        "train_epochs": 9.9,
        "batch_size": 1024,
        "lr": 11.5,
        "momentum": 0.85,
        "weight_decay": 0.0153,
        "bias_scaler": 64.0,
        "label_smoothing": 0.2,
        "whiten_bias_epochs": 3
    },
    "aug": {
        "flip": true,
        "translate": 2
    },
    "net": {
        "widths": {
            "block1": 64,
            "block2": 256,
            "block3": 256
        },
        "batchnorm_momentum": 0.6,
        "scaling_factor": 0.1111111111111111,
        "tta_level": 2
    },
    "random_seed": 99,
    "git_commit_hash": "85402c5c6fafc553256ddda6a38a5e86792e3fed",
    "elapsed_wclock_time": 4.158575908660889,
    "final acc": 0.9401999711990356,
    "last batch loss": 0.9453125,
    "epoch_val_accs": [
        0.6865999698638916,
        0.725600004196167,
        0.7511000037193298,
        0.8116999864578247,
        0.8252999782562256,
        0.8716999888420105,
        0.890999972820282,
        0.8988999724388123,
        0.9223999977111816,
        0.9328999519348145
    ],
    "epoch_losses": [
        1.4169921875,
        1.27734375,
        1.203125,
        1.15625,
        1.1142578125,
        1.09765625,
        1.029296875,
        1.0166015625,
        0.9609375,
        0.9453125
    ]
}