{
    "opt": {
        "train_epochs": 9.9,
        "batch_size": 1024,
        "lr": 11.5,
        "momentum": 0.85,
        "weight_decay": 0.0153,
        "bias_scaler": 64.0,
        "label_smoothing": 0.2,
        "whiten_bias_epochs": 3
    },
    "aug": {
        "flip": true,
        "translate": 2
    },
    "net": {
        "widths": {
            "block1": 64,
            "block2": 256,
            "block3": 256
        },
        "batchnorm_momentum": 0.6,
        "scaling_factor": 0.1111111111111111,
        "tta_level": 2
    },
    "random_seed": 99,
    "git_commit_hash": "85402c5c6fafc553256ddda6a38a5e86792e3fed",
    "elapsed_wclock_time": 4.1627976608276365,
    "final acc": 0.9417999982833862,
    "last batch loss": 0.9453125,
    "epoch_val_accs": [
        0.6625999808311462,
        0.7493000030517578,
        0.8042999505996704,
        0.8506999611854553,
        0.8585000038146973,
        0.873699963092804,
        0.8747999668121338,
        0.9038999676704407,
        0.9246999621391296,
        0.9348999857902527
    ],
    "epoch_losses": [
        1.4111328125,
        1.2705078125,
        1.205078125,
        1.15234375,
        1.1181640625,
        1.09765625,
        1.0439453125,
        1.033203125,
        0.95703125,
        0.9453125
    ]
}