{
    "opt": {
        "train_epochs": 9.9,
        "batch_size": 1024,
        "lr": 11.5,
        "momentum": 0.85,
        "weight_decay": 0.0153,
        "bias_scaler": 64.0,
        "label_smoothing": 0.2,
        "whiten_bias_epochs": 3
    },
    "aug": {
        "flip": true,
        "translate": 2
    },
    "net": {
        "widths": {
            "block1": 64,
            "block2": 256,
            "block3": 256
        },
        "batchnorm_momentum": 0.6,
        "scaling_factor": 0.1111111111111111,
        "tta_level": 2
    },
    "random_seed": 99,
    "git_commit_hash": "85402c5c6fafc553256ddda6a38a5e86792e3fed",
    "elapsed_wclock_time": 4.151874430418015,
    "final acc": 0.9400999546051025,
    "last batch loss": 0.94580078125,
    "epoch_val_accs": [
        0.7027999758720398,
        0.7335999608039856,
        0.7996000051498413,
        0.8014000058174133,
        0.8506999611854553,
        0.8515999913215637,
        0.8876000046730042,
        0.8926999568939209,
        0.9222999811172485,
        0.9334999918937683
    ],
    "epoch_losses": [
        1.412109375,
        1.296875,
        1.20703125,
        1.1328125,
        1.1123046875,
        1.087890625,
        1.0322265625,
        1.0126953125,
        0.97998046875,
        0.94580078125
    ]
}