{
    "opt": {
        "train_epochs": 9.9,
        "batch_size": 1024,
        "lr": 11.5,
        "momentum": 0.85,
        "weight_decay": 0.0153,
        "bias_scaler": 64.0,
        "label_smoothing": 0.2,
        "whiten_bias_epochs": 3
    },
    "aug": {
        "flip": true,
        "translate": 2
    },
    "net": {
        "widths": {
            "block1": 64,
            "block2": 256,
            "block3": 256
        },
        "batchnorm_momentum": 0.6,
        "scaling_factor": 0.1111111111111111,
        "tta_level": 2
    },
    "random_seed": 99,
    "git_commit_hash": "85402c5c6fafc553256ddda6a38a5e86792e3fed",
    "elapsed_wclock_time": 4.121075062274933,
    "final acc": 0.9390999674797058,
    "last batch loss": 0.9267578125,
    "epoch_val_accs": [
        0.7020999789237976,
        0.6423999667167664,
        0.7645999789237976,
        0.8055999875068665,
        0.8412999510765076,
        0.8434999585151672,
        0.8791999816894531,
        0.8953999876976013,
        0.9199000000953674,
        0.9318999648094177
    ],
    "epoch_losses": [
        1.4375,
        1.275390625,
        1.1884765625,
        1.1611328125,
        1.142578125,
        1.0849609375,
        1.046875,
        1.0234375,
        0.97509765625,
        0.9267578125
    ]
}