{
    "opt": {
        "train_epochs": 9.9,
        "batch_size": 1024,
        "lr": 11.5,
        "momentum": 0.85,
        "weight_decay": 0.0153,
        "bias_scaler": 64.0,
        "label_smoothing": 0.2,
        "whiten_bias_epochs": 3
    },
    "aug": {
        "flip": true,
        "translate": 2
    },
    "net": {
        "widths": {
            "block1": 64,
            "block2": 256,
            "block3": 256
        },
        "batchnorm_momentum": 0.6,
        "scaling_factor": 0.1111111111111111,
        "tta_level": 2
    },
    "random_seed": 99,
    "git_commit_hash": "85402c5c6fafc553256ddda6a38a5e86792e3fed",
    "elapsed_wclock_time": 4.039023984432221,
    "final acc": 0.9386999607086182,
    "last batch loss": 0.93505859375,
    "epoch_val_accs": [
        0.6942999958992004,
        0.7410999536514282,
        0.7085999846458435,
        0.8265999555587769,
        0.8465999960899353,
        0.8652999997138977,
        0.8951999545097351,
        0.902999997138977,
        0.9230999946594238,
        0.9310999512672424
    ],
    "epoch_losses": [
        1.474609375,
        1.2607421875,
        1.23046875,
        1.1513671875,
        1.1181640625,
        1.09765625,
        1.046875,
        0.99755859375,
        0.982421875,
        0.93505859375
    ]
}