{
    "opt": {
        "train_epochs": 9.9,
        "batch_size": 1024,
        "lr": 11.5,
        "momentum": 0.85,
        "weight_decay": 0.0153,
        "bias_scaler": 64.0,
        "label_smoothing": 0.2,
        "whiten_bias_epochs": 3
    },
    "aug": {
        "flip": true,
        "translate": 2
    },
    "net": {
        "widths": {
            "block1": 64,
            "block2": 256,
            "block3": 256
        },
        "batchnorm_momentum": 0.6,
        "scaling_factor": 0.1111111111111111,
        "tta_level": 2
    },
    "random_seed": 99,
    "git_commit_hash": "85402c5c6fafc553256ddda6a38a5e86792e3fed",
    "elapsed_wclock_time": 4.130961500644684,
    "final acc": 0.9412999749183655,
    "last batch loss": 0.9375,
    "epoch_val_accs": [
        0.6805999875068665,
        0.7446999549865723,
        0.8201999664306641,
        0.8484999537467957,
        0.8560000061988831,
        0.8326999545097351,
        0.8759999871253967,
        0.8917999863624573,
        0.9217000007629395,
        0.9336999654769897
    ],
    "epoch_losses": [
        1.45703125,
        1.2333984375,
        1.2177734375,
        1.1416015625,
        1.1513671875,
        1.1123046875,
        1.0478515625,
        1.0185546875,
        0.9619140625,
        0.9375
    ]
}