{
    "opt": {
        "train_epochs": 9.9,
        "batch_size": 1024,
        "lr": 11.5,
        "momentum": 0.85,
        "weight_decay": 0.0153,
        "bias_scaler": 64.0,
        "label_smoothing": 0.2,
        "whiten_bias_epochs": 3
    },
    "aug": {
        "flip": true,
        "translate": 2
    },
    "net": {
        "widths": {
            "block1": 64,
            "block2": 256,
            "block3": 256
        },
        "batchnorm_momentum": 0.6,
        "scaling_factor": 0.1111111111111111,
        "tta_level": 2
    },
    "random_seed": 99,
    "git_commit_hash": "85402c5c6fafc553256ddda6a38a5e86792e3fed",
    "elapsed_wclock_time": 4.131736652612687,
    "final acc": 0.9420999884605408,
    "last batch loss": 0.9423828125,
    "epoch_val_accs": [
        0.6502000093460083,
        0.7720999717712402,
        0.7739999890327454,
        0.7750999927520752,
        0.8536999821662903,
        0.8616999983787537,
        0.8797999620437622,
        0.9021999835968018,
        0.9254999756813049,
        0.9358999729156494
    ],
    "epoch_losses": [
        1.4189453125,
        1.2705078125,
        1.1884765625,
        1.1767578125,
        1.1396484375,
        1.0849609375,
        1.02734375,
        1.01953125,
        0.97265625,
        0.9423828125
    ]
}