{
    "opt": {
        "train_epochs": 9.9,
        "batch_size": 1024,
        "lr": 11.5,
        "momentum": 0.85,
        "weight_decay": 0.0153,
        "bias_scaler": 64.0,
        "label_smoothing": 0.2,
        "whiten_bias_epochs": 3
    },
    "aug": {
        "flip": true,
        "translate": 2
    },
    "net": {
        "widths": {
            "block1": 64,
            "block2": 256,
            "block3": 256
        },
        "batchnorm_momentum": 0.6,
        "scaling_factor": 0.1111111111111111,
        "tta_level": 2
    },
    "random_seed": 99,
    "git_commit_hash": "85402c5c6fafc553256ddda6a38a5e86792e3fed",
    "elapsed_wclock_time": 4.163456657409668,
    "final acc": 0.9398999810218811,
    "last batch loss": 0.95263671875,
    "epoch_val_accs": [
        0.6658999919891357,
        0.599299967288971,
        0.7371000051498413,
        0.8202999830245972,
        0.8733999729156494,
        0.8495999574661255,
        0.8940999507904053,
        0.910099983215332,
        0.9151999950408936,
        0.9319999814033508
    ],
    "epoch_losses": [
        1.4150390625,
        1.3095703125,
        1.1943359375,
        1.1572265625,
        1.109375,
        1.0986328125,
        1.0361328125,
        1.0185546875,
        0.958984375,
        0.95263671875
    ]
}