{
    "opt": {
        "train_epochs": 9.9,
        "batch_size": 1024,
        "lr": 11.5,
        "momentum": 0.85,
        "weight_decay": 0.0153,
        "bias_scaler": 64.0,
        "label_smoothing": 0.2,
        "whiten_bias_epochs": 3
    },
    "aug": {
        "flip": true,
        "translate": 2
    },
    "net": {
        "widths": {
            "block1": 64,
            "block2": 256,
            "block3": 256
        },
        "batchnorm_momentum": 0.6,
        "scaling_factor": 0.1111111111111111,
        "tta_level": 2
    },
    "random_seed": 99,
    "git_commit_hash": "85402c5c6fafc553256ddda6a38a5e86792e3fed",
    "elapsed_wclock_time": 4.120545416355133,
    "final acc": 0.9375999569892883,
    "last batch loss": 0.943359375,
    "epoch_val_accs": [
        0.6037999987602234,
        0.7727999687194824,
        0.7771999835968018,
        0.7822999954223633,
        0.8132999539375305,
        0.8417999744415283,
        0.8928999900817871,
        0.9109999537467957,
        0.9251999855041504,
        0.9316999912261963
    ],
    "epoch_losses": [
        1.421875,
        1.255859375,
        1.1806640625,
        1.1474609375,
        1.1611328125,
        1.1181640625,
        1.0458984375,
        1.005859375,
        0.9765625,
        0.943359375
    ]
}