{
    "opt": {
        "train_epochs": 9.9,
        "batch_size": 1024,
        "lr": 11.5,
        "momentum": 0.85,
        "weight_decay": 0.0153,
        "bias_scaler": 64.0,
        "label_smoothing": 0.2,
        "whiten_bias_epochs": 3
    },
    "aug": {
        "flip": true,
        "translate": 2
    },
    "net": {
        "widths": {
            "block1": 64,
            "block2": 256,
            "block3": 256
        },
        "batchnorm_momentum": 0.6,
        "scaling_factor": 0.1111111111111111,
        "tta_level": 2
    },
    "random_seed": 99,
    "git_commit_hash": "85402c5c6fafc553256ddda6a38a5e86792e3fed",
    "elapsed_wclock_time": 4.128456434965133,
    "final acc": 0.9404999613761902,
    "last batch loss": 0.9462890625,
    "epoch_val_accs": [
        0.6725999712944031,
        0.7204999923706055,
        0.7263000011444092,
        0.8024999499320984,
        0.8550999760627747,
        0.8740999698638916,
        0.8827999830245972,
        0.8942999839782715,
        0.9225999712944031,
        0.9340999722480774
    ],
    "epoch_losses": [
        1.3896484375,
        1.265625,
        1.205078125,
        1.169921875,
        1.109375,
        1.1171875,
        1.03125,
        1.0146484375,
        0.97509765625,
        0.9462890625
    ]
}