{
    "opt": {
        "train_epochs": 9.9,
        "batch_size": 1024,
        "lr": 11.5,
        "momentum": 0.85,
        "weight_decay": 0.0153,
        "bias_scaler": 64.0,
        "label_smoothing": 0.2,
        "whiten_bias_epochs": 3
    },
    "aug": {
        "flip": true,
        "translate": 2
    },
    "net": {
        "widths": {
            "block1": 64,
            "block2": 256,
            "block3": 256
        },
        "batchnorm_momentum": 0.6,
        "scaling_factor": 0.1111111111111111,
        "tta_level": 2
    },
    "random_seed": 99,
    "git_commit_hash": "85402c5c6fafc553256ddda6a38a5e86792e3fed",
    "elapsed_wclock_time": 4.1249575898647315,
    "final acc": 0.9414999485015869,
    "last batch loss": 0.9521484375,
    "epoch_val_accs": [
        0.6653000116348267,
        0.5898999571800232,
        0.7232999801635742,
        0.8341999650001526,
        0.8440999984741211,
        0.8507999777793884,
        0.8797999620437622,
        0.9027000069618225,
        0.9258999824523926,
        0.9330999851226807
    ],
    "epoch_losses": [
        1.408203125,
        1.271484375,
        1.2060546875,
        1.146484375,
        1.12109375,
        1.10546875,
        1.0341796875,
        1.0234375,
        0.95654296875,
        0.9521484375
    ]
}