{
    "opt": {
        "train_epochs": 9.9,
        "batch_size": 1024,
        "lr": 11.5,
        "momentum": 0.85,
        "weight_decay": 0.0153,
        "bias_scaler": 64.0,
        "label_smoothing": 0.2,
        "whiten_bias_epochs": 3
    },
    "aug": {
        "flip": true,
        "translate": 2
    },
    "net": {
        "widths": {
            "block1": 64,
            "block2": 256,
            "block3": 256
        },
        "batchnorm_momentum": 0.6,
        "scaling_factor": 0.1111111111111111,
        "tta_level": 2
    },
    "random_seed": 99,
    "git_commit_hash": "85402c5c6fafc553256ddda6a38a5e86792e3fed",
    "elapsed_wclock_time": 4.124703266859054,
    "final acc": 0.9393999576568604,
    "last batch loss": 0.943359375,
    "epoch_val_accs": [
        0.6328999996185303,
        0.6535999774932861,
        0.7375999689102173,
        0.7770999670028687,
        0.8634999990463257,
        0.8327999711036682,
        0.8859999775886536,
        0.901199996471405,
        0.9180999994277954,
        0.9292999505996704
    ],
    "epoch_losses": [
        1.40625,
        1.265625,
        1.1845703125,
        1.173828125,
        1.099609375,
        1.10546875,
        1.0400390625,
        1.013671875,
        0.97998046875,
        0.943359375
    ]
}