{
    "opt": {
        "train_epochs": 9.9,
        "batch_size": 1024,
        "lr": 11.5,
        "momentum": 0.85,
        "weight_decay": 0.0153,
        "bias_scaler": 64.0,
        "label_smoothing": 0.2,
        "whiten_bias_epochs": 3
    },
    "aug": {
        "flip": true,
        "translate": 2
    },
    "net": {
        "widths": {
            "block1": 64,
            "block2": 256,
            "block3": 256
        },
        "batchnorm_momentum": 0.6,
        "scaling_factor": 0.1111111111111111,
        "tta_level": 2
    },
    "random_seed": 99,
    "git_commit_hash": "85402c5c6fafc553256ddda6a38a5e86792e3fed",
    "elapsed_wclock_time": 4.119488053560257,
    "final acc": 0.9375,
    "last batch loss": 0.94580078125,
    "epoch_val_accs": [
        0.6977999806404114,
        0.7129999995231628,
        0.7601000070571899,
        0.758899986743927,
        0.8306999802589417,
        0.8461999893188477,
        0.864799976348877,
        0.898099958896637,
        0.924299955368042,
        0.9321999549865723
    ],
    "epoch_losses": [
        1.447265625,
        1.2939453125,
        1.2109375,
        1.166015625,
        1.140625,
        1.09375,
        1.03515625,
        1.025390625,
        0.9609375,
        0.94580078125
    ]
}