{
    "opt": {
        "train_epochs": 9.9,
        "batch_size": 1024,
        "lr": 11.5,
        "momentum": 0.85,
        "weight_decay": 0.0153,
        "bias_scaler": 64.0,
        "label_smoothing": 0.2,
        "whiten_bias_epochs": 3
    },
    "aug": {
        "flip": true,
        "translate": 2
    },
    "net": {
        "widths": {
            "block1": 64,
            "block2": 256,
            "block3": 256
        },
        "batchnorm_momentum": 0.6,
        "scaling_factor": 0.1111111111111111,
        "tta_level": 2
    },
    "random_seed": 99,
    "git_commit_hash": "85402c5c6fafc553256ddda6a38a5e86792e3fed",
    "elapsed_wclock_time": 4.1302312467098234,
    "final acc": 0.9407999515533447,
    "last batch loss": 0.9560546875,
    "epoch_val_accs": [
        0.621999979019165,
        0.7459999918937683,
        0.8080999851226807,
        0.824999988079071,
        0.8072999715805054,
        0.8389999866485596,
        0.8817999958992004,
        0.9041999578475952,
        0.9251999855041504,
        0.9350999593734741
    ],
    "epoch_losses": [
        1.392578125,
        1.2333984375,
        1.1865234375,
        1.16015625,
        1.1416015625,
        1.091796875,
        1.048828125,
        1.0078125,
        0.96923828125,
        0.9560546875
    ]
}