{
    "opt": {
        "train_epochs": 9.9,
        "batch_size": 1024,
        "lr": 11.5,
        "momentum": 0.85,
        "weight_decay": 0.0153,
        "bias_scaler": 64.0,
        "label_smoothing": 0.2,
        "whiten_bias_epochs": 3
    },
    "aug": {
        "flip": true,
        "translate": 2
    },
    "net": {
        "widths": {
            "block1": 64,
            "block2": 256,
            "block3": 256
        },
        "batchnorm_momentum": 0.6,
        "scaling_factor": 0.1111111111111111,
        "tta_level": 2
    },
    "random_seed": 99,
    "git_commit_hash": "85402c5c6fafc553256ddda6a38a5e86792e3fed",
    "elapsed_wclock_time": 4.173839843750001,
    "final acc": 0.942799985408783,
    "last batch loss": 0.93798828125,
    "epoch_val_accs": [
        0.6190999746322632,
        0.7766000032424927,
        0.8042999505996704,
        0.7876999974250793,
        0.8405999541282654,
        0.8762999773025513,
        0.8876000046730042,
        0.904699981212616,
        0.91839998960495,
        0.9310999512672424
    ],
    "epoch_losses": [
        1.4228515625,
        1.3037109375,
        1.1953125,
        1.16796875,
        1.1181640625,
        1.0830078125,
        1.0478515625,
        1.01953125,
        0.9677734375,
        0.93798828125
    ]
}