{
    "opt": {
        "train_epochs": 9.9,
        "batch_size": 1024,
        "lr": 11.5,
        "momentum": 0.85,
        "weight_decay": 0.0153,
        "bias_scaler": 64.0,
        "label_smoothing": 0.2,
        "whiten_bias_epochs": 3
    },
    "aug": {
        "flip": true,
        "translate": 2
    },
    "net": {
        "widths": {
            "block1": 64,
            "block2": 256,
            "block3": 256
        },
        "batchnorm_momentum": 0.6,
        "scaling_factor": 0.1111111111111111,
        "tta_level": 2
    },
    "random_seed": 99,
    "git_commit_hash": "85402c5c6fafc553256ddda6a38a5e86792e3fed",
    "elapsed_wclock_time": 4.166544530391692,
    "final acc": 0.9383999705314636,
    "last batch loss": 0.93603515625,
    "epoch_val_accs": [
        0.6089999675750732,
        0.7739999890327454,
        0.796999990940094,
        0.7770999670028687,
        0.8585999608039856,
        0.8618999719619751,
        0.8816999793052673,
        0.9039999842643738,
        0.9230999946594238,
        0.934499979019165
    ],
    "epoch_losses": [
        1.4482421875,
        1.23828125,
        1.1923828125,
        1.1640625,
        1.12109375,
        1.1123046875,
        1.04296875,
        1.0087890625,
        0.98193359375,
        0.93603515625
    ]
}