{
    "opt": {
        "train_epochs": 9.9,
        "batch_size": 1024,
        "lr": 11.5,
        "momentum": 0.85,
        "weight_decay": 0.0153,
        "bias_scaler": 64.0,
        "label_smoothing": 0.2,
        "whiten_bias_epochs": 3
    },
    "aug": {
        "flip": true,
        "translate": 2
    },
    "net": {
        "widths": {
            "block1": 64,
            "block2": 256,
            "block3": 256
        },
        "batchnorm_momentum": 0.6,
        "scaling_factor": 0.1111111111111111,
        "tta_level": 2
    },
    "random_seed": 99,
    "git_commit_hash": "85402c5c6fafc553256ddda6a38a5e86792e3fed",
    "elapsed_wclock_time": 4.159627543449402,
    "final acc": 0.941100001335144,
    "last batch loss": 0.94580078125,
    "epoch_val_accs": [
        0.6567999720573425,
        0.7518999576568604,
        0.8313999772071838,
        0.8333999514579773,
        0.8366000056266785,
        0.8477999567985535,
        0.8976999521255493,
        0.8982999920845032,
        0.9214999675750732,
        0.9330999851226807
    ],
    "epoch_losses": [
        1.39453125,
        1.2626953125,
        1.1826171875,
        1.1591796875,
        1.1123046875,
        1.099609375,
        1.03125,
        1.02734375,
        0.96923828125,
        0.94580078125
    ]
}