{
    "opt": {
        "train_epochs": 9.9,
        "batch_size": 1024,
        "lr": 11.5,
        "momentum": 0.85,
        "weight_decay": 0.0153,
        "bias_scaler": 64.0,
        "label_smoothing": 0.2,
        "whiten_bias_epochs": 3
    },
    "aug": {
        "flip": true,
        "translate": 2
    },
    "net": {
        "widths": {
            "block1": 64,
            "block2": 256,
            "block3": 256
        },
        "batchnorm_momentum": 0.6,
        "scaling_factor": 0.1111111111111111,
        "tta_level": 2
    },
    "random_seed": 99,
    "git_commit_hash": "85402c5c6fafc553256ddda6a38a5e86792e3fed",
    "elapsed_wclock_time": 4.132649345874787,
    "final acc": 0.9406999945640564,
    "last batch loss": 0.94384765625,
    "epoch_val_accs": [
        0.6696000099182129,
        0.7246999740600586,
        0.793999969959259,
        0.8039000034332275,
        0.823199987411499,
        0.8570999503135681,
        0.8913999795913696,
        0.899399995803833,
        0.9226999878883362,
        0.9327999949455261
    ],
    "epoch_losses": [
        1.4248046875,
        1.2548828125,
        1.1923828125,
        1.140625,
        1.142578125,
        1.080078125,
        1.052734375,
        1.0341796875,
        0.966796875,
        0.94384765625
    ]
}