{
    "opt": {
        "train_epochs": 9.9,
        "batch_size": 1024,
        "lr": 11.5,
        "momentum": 0.85,
        "weight_decay": 0.0153,
        "bias_scaler": 64.0,
        "label_smoothing": 0.2,
        "whiten_bias_epochs": 3
    },
    "aug": {
        "flip": true,
        "translate": 2
    },
    "net": {
        "widths": {
            "block1": 64,
            "block2": 256,
            "block3": 256
        },
        "batchnorm_momentum": 0.6,
        "scaling_factor": 0.1111111111111111,
        "tta_level": 2
    },
    "random_seed": 99,
    "git_commit_hash": "85402c5c6fafc553256ddda6a38a5e86792e3fed",
    "elapsed_wclock_time": 4.157423454284668,
    "final acc": 0.9386999607086182,
    "last batch loss": 0.93798828125,
    "epoch_val_accs": [
        0.6595999598503113,
        0.6733999848365784,
        0.7990999817848206,
        0.8276999592781067,
        0.8114999532699585,
        0.8504999876022339,
        0.8747999668121338,
        0.8994999527931213,
        0.9247999787330627,
        0.9325000047683716
    ],
    "epoch_losses": [
        1.3955078125,
        1.287109375,
        1.1943359375,
        1.1826171875,
        1.154296875,
        1.1015625,
        1.0390625,
        1.0234375,
        0.98291015625,
        0.93798828125
    ]
}