{
    "opt": {
        "train_epochs": 9.9,
        "batch_size": 1024,
        "lr": 11.5,
        "momentum": 0.85,
        "weight_decay": 0.0153,
        "bias_scaler": 64.0,
        "label_smoothing": 0.2,
        "whiten_bias_epochs": 3
    },
    "aug": {
        "flip": true,
        "translate": 2
    },
    "net": {
        "widths": {
            "block1": 64,
            "block2": 256,
            "block3": 256
        },
        "batchnorm_momentum": 0.6,
        "scaling_factor": 0.1111111111111111,
        "tta_level": 2
    },
    "random_seed": 99,
    "git_commit_hash": "85402c5c6fafc553256ddda6a38a5e86792e3fed",
    "elapsed_wclock_time": 4.081376375675201,
    "final acc": 0.9402999877929688,
    "last batch loss": 0.93310546875,
    "epoch_val_accs": [
        0.5579000115394592,
        0.7436000108718872,
        0.7534999847412109,
        0.8330000042915344,
        0.8657000064849854,
        0.8611999750137329,
        0.8935999870300293,
        0.8969999551773071,
        0.9232999682426453,
        0.9325000047683716
    ],
    "epoch_losses": [
        1.525390625,
        1.2919921875,
        1.2255859375,
        1.171875,
        1.1123046875,
        1.0791015625,
        1.0263671875,
        1.029296875,
        0.97705078125,
        0.93310546875
    ]
}