{
    "opt": {
        "train_epochs": 9.9,
        "batch_size": 1024,
        "lr": 11.5,
        "momentum": 0.85,
        "weight_decay": 0.0153,
        "bias_scaler": 64.0,
        "label_smoothing": 0.2,
        "whiten_bias_epochs": 3
    },
    "aug": {
        "flip": true,
        "translate": 2
    },
    "net": {
        "widths": {
            "block1": 64,
            "block2": 256,
            "block3": 256
        },
        "batchnorm_momentum": 0.6,
        "scaling_factor": 0.1111111111111111,
        "tta_level": 2
    },
    "random_seed": 99,
    "git_commit_hash": "85402c5c6fafc553256ddda6a38a5e86792e3fed",
    "elapsed_wclock_time": 4.047105833053589,
    "final acc": 0.9405999779701233,
    "last batch loss": 0.9462890625,
    "epoch_val_accs": [
        0.6866999864578247,
        0.7527999877929688,
        0.8131999969482422,
        0.8027999997138977,
        0.8632999658584595,
        0.8167999982833862,
        0.8921999931335449,
        0.8938999772071838,
        0.9178999662399292,
        0.9328999519348145
    ],
    "epoch_losses": [
        1.435546875,
        1.2705078125,
        1.173828125,
        1.1552734375,
        1.1044921875,
        1.0908203125,
        1.041015625,
        1.0244140625,
        0.97265625,
        0.9462890625
    ]
}