{
    "opt": {
        "train_epochs": 9.9,
        "batch_size": 1024,
        "lr": 11.5,
        "momentum": 0.85,
        "weight_decay": 0.0153,
        "bias_scaler": 64.0,
        "label_smoothing": 0.2,
        "whiten_bias_epochs": 3
    },
    "aug": {
        "flip": true,
        "translate": 2
    },
    "net": {
        "widths": {
            "block1": 64,
            "block2": 256,
            "block3": 256
        },
        "batchnorm_momentum": 0.6,
        "scaling_factor": 0.1111111111111111,
        "tta_level": 2
    },
    "random_seed": 99,
    "git_commit_hash": "85402c5c6fafc553256ddda6a38a5e86792e3fed",
    "elapsed_wclock_time": 4.156619623422623,
    "final acc": 0.9405999779701233,
    "last batch loss": 0.94384765625,
    "epoch_val_accs": [
        0.6571999788284302,
        0.7542999982833862,
        0.761900007724762,
        0.8071999549865723,
        0.8382999897003174,
        0.8585000038146973,
        0.8923999667167664,
        0.9031999707221985,
        0.9261999726295471,
        0.9343999624252319
    ],
    "epoch_losses": [
        1.4375,
        1.2646484375,
        1.23046875,
        1.1650390625,
        1.13671875,
        1.0615234375,
        1.05859375,
        1.0087890625,
        0.962890625,
        0.94384765625
    ]
}