{
    "opt": {
        "train_epochs": 9.9,
        "batch_size": 1024,
        "lr": 11.5,
        "momentum": 0.85,
        "weight_decay": 0.0153,
        "bias_scaler": 64.0,
        "label_smoothing": 0.2,
        "whiten_bias_epochs": 3
    },
    "aug": {
        "flip": true,
        "translate": 2
    },
    "net": {
        "widths": {
            "block1": 64,
            "block2": 256,
            "block3": 256
        },
        "batchnorm_momentum": 0.6,
        "scaling_factor": 0.1111111111111111,
        "tta_level": 2
    },
    "random_seed": 99,
    "git_commit_hash": "85402c5c6fafc553256ddda6a38a5e86792e3fed",
    "elapsed_wclock_time": 4.039763510227203,
    "final acc": 0.939799964427948,
    "last batch loss": 0.9423828125,
    "epoch_val_accs": [
        0.670199990272522,
        0.7357999682426453,
        0.7960999608039856,
        0.8192999958992004,
        0.8554999828338623,
        0.8308999538421631,
        0.8930999636650085,
        0.8812999725341797,
        0.92249995470047,
        0.9310999512672424
    ],
    "epoch_losses": [
        1.4296875,
        1.2578125,
        1.1611328125,
        1.140625,
        1.1171875,
        1.0947265625,
        1.0390625,
        1.0419921875,
        0.96923828125,
        0.9423828125
    ]
}