{
    "opt": {
        "train_epochs": 9.9,
        "batch_size": 1024,
        "lr": 11.5,
        "momentum": 0.85,
        "weight_decay": 0.0153,
        "bias_scaler": 64.0,
        "label_smoothing": 0.2,
        "whiten_bias_epochs": 3
    },
    "aug": {
        "flip": true,
        "translate": 2
    },
    "net": {
        "widths": {
            "block1": 64,
            "block2": 256,
            "block3": 256
        },
        "batchnorm_momentum": 0.6,
        "scaling_factor": 0.1111111111111111,
        "tta_level": 2
    },
    "random_seed": 99,
    "git_commit_hash": "85402c5c6fafc553256ddda6a38a5e86792e3fed",
    "elapsed_wclock_time": 4.1751369171142585,
    "final acc": 0.9405999779701233,
    "last batch loss": 0.95361328125,
    "epoch_val_accs": [
        0.6829999685287476,
        0.7026000022888184,
        0.7252999544143677,
        0.8506999611854553,
        0.8077999949455261,
        0.8565999865531921,
        0.8966999650001526,
        0.9013999700546265,
        0.9220999479293823,
        0.9314000010490417
    ],
    "epoch_losses": [
        1.4208984375,
        1.2578125,
        1.224609375,
        1.150390625,
        1.1142578125,
        1.08984375,
        1.05859375,
        0.99951171875,
        0.97021484375,
        0.95361328125
    ]
}