{
    "opt": {
        "train_epochs": 9.9,
        "batch_size": 1024,
        "lr": 11.5,
        "momentum": 0.85,
        "weight_decay": 0.0153,
        "bias_scaler": 64.0,
        "label_smoothing": 0.2,
        "whiten_bias_epochs": 3
    },
    "aug": {
        "flip": true,
        "translate": 2
    },
    "net": {
        "widths": {
            "block1": 64,
            "block2": 256,
            "block3": 256
        },
        "batchnorm_momentum": 0.6,
        "scaling_factor": 0.1111111111111111,
        "tta_level": 2
    },
    "random_seed": 99,
    "git_commit_hash": "85402c5c6fafc553256ddda6a38a5e86792e3fed",
    "elapsed_wclock_time": 4.131478996276855,
    "final acc": 0.9418999552726746,
    "last batch loss": 0.9423828125,
    "epoch_val_accs": [
        0.6660000085830688,
        0.6276999711990356,
        0.8091999888420105,
        0.8137999773025513,
        0.8568999767303467,
        0.8399999737739563,
        0.890999972820282,
        0.8873999714851379,
        0.9233999848365784,
        0.9328999519348145
    ],
    "epoch_losses": [
        1.3857421875,
        1.3251953125,
        1.158203125,
        1.150390625,
        1.158203125,
        1.1162109375,
        1.0302734375,
        1.01171875,
        0.96484375,
        0.9423828125
    ]
}