{
    "opt": {
        "train_epochs": 9.9,
        "batch_size": 1024,
        "lr": 11.5,
        "momentum": 0.85,
        "weight_decay": 0.0153,
        "bias_scaler": 64.0,
        "label_smoothing": 0.2,
        "whiten_bias_epochs": 3
    },
    "aug": {
        "flip": true,
        "translate": 2
    },
    "net": {
        "widths": {
            "block1": 64,
            "block2": 256,
            "block3": 256
        },
        "batchnorm_momentum": 0.6,
        "scaling_factor": 0.1111111111111111,
        "tta_level": 2
    },
    "random_seed": 99,
    "git_commit_hash": "85402c5c6fafc553256ddda6a38a5e86792e3fed",
    "elapsed_wclock_time": 4.131897810935974,
    "final acc": 0.9406999945640564,
    "last batch loss": 0.93896484375,
    "epoch_val_accs": [
        0.4544999897480011,
        0.7400000095367432,
        0.7619999647140503,
        0.7964999675750732,
        0.8269999623298645,
        0.8756999969482422,
        0.8780999779701233,
        0.9025999903678894,
        0.9192000031471252,
        0.9334999918937683
    ],
    "epoch_losses": [
        1.4697265625,
        1.2412109375,
        1.1875,
        1.173828125,
        1.12890625,
        1.1201171875,
        1.0361328125,
        1.015625,
        0.98486328125,
        0.93896484375
    ]
}