{
    "opt": {
        "train_epochs": 9.9,
        "batch_size": 1024,
        "lr": 11.5,
        "momentum": 0.85,
        "weight_decay": 0.0153,
        "bias_scaler": 64.0,
        "label_smoothing": 0.2,
        "whiten_bias_epochs": 3
    },
    "aug": {
        "flip": true,
        "translate": 2
    },
    "net": {
        "widths": {
            "block1": 64,
            "block2": 256,
            "block3": 256
        },
        "batchnorm_momentum": 0.6,
        "scaling_factor": 0.1111111111111111,
        "tta_level": 2
    },
    "random_seed": 99,
    "git_commit_hash": "85402c5c6fafc553256ddda6a38a5e86792e3fed",
    "elapsed_wclock_time": 4.16083816075325,
    "final acc": 0.9402999877929688,
    "last batch loss": 0.9443359375,
    "epoch_val_accs": [
        0.7008999586105347,
        0.7649999856948853,
        0.8003999590873718,
        0.7634999752044678,
        0.8432999849319458,
        0.8662999868392944,
        0.8827999830245972,
        0.9037999510765076,
        0.9212999939918518,
        0.9332999587059021
    ],
    "epoch_losses": [
        1.4365234375,
        1.2578125,
        1.1767578125,
        1.1650390625,
        1.1318359375,
        1.1298828125,
        1.0478515625,
        1.01953125,
        0.9892578125,
        0.9443359375
    ]
}