{
    "opt": {
        "train_epochs": 9.9,
        "batch_size": 1024,
        "lr": 11.5,
        "momentum": 0.85,
        "weight_decay": 0.0153,
        "bias_scaler": 64.0,
        "label_smoothing": 0.2,
        "whiten_bias_epochs": 3
    },
    "aug": {
        "flip": true,
        "translate": 2
    },
    "net": {
        "widths": {
            "block1": 64,
            "block2": 256,
            "block3": 256
        },
        "batchnorm_momentum": 0.6,
        "scaling_factor": 0.1111111111111111,
        "tta_level": 2
    },
    "random_seed": 99,
    "git_commit_hash": "85402c5c6fafc553256ddda6a38a5e86792e3fed",
    "elapsed_wclock_time": 4.125246309280396,
    "final acc": 0.9416999816894531,
    "last batch loss": 0.94140625,
    "epoch_val_accs": [
        0.6814000010490417,
        0.5799999833106995,
        0.8287999629974365,
        0.7827999591827393,
        0.8476999998092651,
        0.8298999667167664,
        0.8835999965667725,
        0.8932999968528748,
        0.91839998960495,
        0.9321999549865723
    ],
    "epoch_losses": [
        1.4208984375,
        1.251953125,
        1.19140625,
        1.166015625,
        1.1044921875,
        1.1123046875,
        1.068359375,
        1.01953125,
        0.9638671875,
        0.94140625
    ]
}