{
    "opt": {
        "train_epochs": 9.9,
        "batch_size": 1024,
        "lr": 11.5,
        "momentum": 0.85,
        "weight_decay": 0.0153,
        "bias_scaler": 64.0,
        "label_smoothing": 0.2,
        "whiten_bias_epochs": 3
    },
    "aug": {
        "flip": true,
        "translate": 2
    },
    "net": {
        "widths": {
            "block1": 64,
            "block2": 256,
            "block3": 256
        },
        "batchnorm_momentum": 0.6,
        "scaling_factor": 0.1111111111111111,
        "tta_level": 2
    },
    "random_seed": 99,
    "git_commit_hash": "85402c5c6fafc553256ddda6a38a5e86792e3fed",
    "elapsed_wclock_time": 4.166838603973388,
    "final acc": 0.9409999847412109,
    "last batch loss": 0.93505859375,
    "epoch_val_accs": [
        0.7064999938011169,
        0.7497999668121338,
        0.7410999536514282,
        0.8166999816894531,
        0.8352999687194824,
        0.8148999810218811,
        0.8916999697685242,
        0.8971999883651733,
        0.9228000044822693,
        0.9353999495506287
    ],
    "epoch_losses": [
        1.4189453125,
        1.318359375,
        1.2333984375,
        1.1767578125,
        1.1435546875,
        1.0908203125,
        1.0263671875,
        1.0048828125,
        0.96533203125,
        0.93505859375
    ]
}