{
    "opt": {
        "train_epochs": 9.9,
        "batch_size": 1024,
        "lr": 11.5,
        "momentum": 0.85,
        "weight_decay": 0.0153,
        "bias_scaler": 64.0,
        "label_smoothing": 0.2,
        "whiten_bias_epochs": 3
    },
    "aug": {
        "flip": true,
        "translate": 2
    },
    "net": {
        "widths": {
            "block1": 64,
            "block2": 256,
            "block3": 256
        },
        "batchnorm_momentum": 0.6,
        "scaling_factor": 0.1111111111111111,
        "tta_level": 2
    },
    "random_seed": 99,
    "git_commit_hash": "85402c5c6fafc553256ddda6a38a5e86792e3fed",
    "elapsed_wclock_time": 4.123234114170074,
    "final acc": 0.9388999938964844,
    "last batch loss": 0.95068359375,
    "epoch_val_accs": [
        0.6342999935150146,
        0.727400004863739,
        0.8127999901771545,
        0.8468999862670898,
        0.8460999727249146,
        0.8689999580383301,
        0.8938999772071838,
        0.8878999948501587,
        0.9225999712944031,
        0.9325000047683716
    ],
    "epoch_losses": [
        1.48828125,
        1.2763671875,
        1.1884765625,
        1.1435546875,
        1.10546875,
        1.0869140625,
        1.029296875,
        1.0087890625,
        0.96875,
        0.95068359375
    ]
}