{
    "opt": {
        "train_epochs": 9.9,
        "batch_size": 1024,
        "lr": 11.5,
        "momentum": 0.85,
        "weight_decay": 0.0153,
        "bias_scaler": 64.0,
        "label_smoothing": 0.2,
        "whiten_bias_epochs": 3
    },
    "aug": {
        "flip": true,
        "translate": 2
    },
    "net": {
        "widths": {
            "block1": 64,
            "block2": 256,
            "block3": 256
        },
        "batchnorm_momentum": 0.6,
        "scaling_factor": 0.1111111111111111,
        "tta_level": 2
    },
    "random_seed": 99,
    "git_commit_hash": "85402c5c6fafc553256ddda6a38a5e86792e3fed",
    "elapsed_wclock_time": 4.158720166683198,
    "final acc": 0.9399999976158142,
    "last batch loss": 0.93505859375,
    "epoch_val_accs": [
        0.6275999546051025,
        0.7597999572753906,
        0.8371999859809875,
        0.7117999792098999,
        0.8671000003814697,
        0.8490999937057495,
        0.8730999827384949,
        0.9009999632835388,
        0.9179999828338623,
        0.9320999979972839
    ],
    "epoch_losses": [
        1.41796875,
        1.298828125,
        1.1767578125,
        1.1904296875,
        1.12109375,
        1.091796875,
        1.0390625,
        1.0029296875,
        0.9658203125,
        0.93505859375
    ]
}