{
    "opt": {
        "train_epochs": 9.9,
        "batch_size": 1024,
        "lr": 11.5,
        "momentum": 0.85,
        "weight_decay": 0.0153,
        "bias_scaler": 64.0,
        "label_smoothing": 0.2,
        "whiten_bias_epochs": 3
    },
    "aug": {
        "flip": true,
        "translate": 2
    },
    "net": {
        "widths": {
            "block1": 64,
            "block2": 256,
            "block3": 256
        },
        "batchnorm_momentum": 0.6,
        "scaling_factor": 0.1111111111111111,
        "tta_level": 2
    },
    "random_seed": 99,
    "git_commit_hash": "85402c5c6fafc553256ddda6a38a5e86792e3fed",
    "elapsed_wclock_time": 4.120810368299485,
    "final acc": 0.9390999674797058,
    "last batch loss": 0.93896484375,
    "epoch_val_accs": [
        0.6919999718666077,
        0.6891999840736389,
        0.7847999930381775,
        0.8400999903678894,
        0.8264999985694885,
        0.8554999828338623,
        0.8921999931335449,
        0.8885999917984009,
        0.9136999845504761,
        0.9325999617576599
    ],
    "epoch_losses": [
        1.4375,
        1.2724609375,
        1.208984375,
        1.16015625,
        1.1279296875,
        1.09765625,
        1.029296875,
        0.99951171875,
        0.9609375,
        0.93896484375
    ]
}