{
    "opt": {
        "train_epochs": 9.9,
        "batch_size": 1024,
        "lr": 11.5,
        "momentum": 0.85,
        "weight_decay": 0.0153,
        "bias_scaler": 64.0,
        "label_smoothing": 0.2,
        "whiten_bias_epochs": 3
    },
    "aug": {
        "flip": true,
        "translate": 2
    },
    "net": {
        "widths": {
            "block1": 64,
            "block2": 256,
            "block3": 256
        },
        "batchnorm_momentum": 0.6,
        "scaling_factor": 0.1111111111111111,
        "tta_level": 2
    },
    "random_seed": 99,
    "git_commit_hash": "85402c5c6fafc553256ddda6a38a5e86792e3fed",
    "elapsed_wclock_time": 4.157520742177963,
    "final acc": 0.9368000030517578,
    "last batch loss": 0.94384765625,
    "epoch_val_accs": [
        0.6653000116348267,
        0.7908999919891357,
        0.8168999552726746,
        0.7277999520301819,
        0.8388999700546265,
        0.8628999590873718,
        0.8833999633789062,
        0.9007999897003174,
        0.9152999520301819,
        0.929099977016449
    ],
    "epoch_losses": [
        1.416015625,
        1.283203125,
        1.1689453125,
        1.16796875,
        1.1337890625,
        1.10546875,
        1.0546875,
        1.025390625,
        0.9716796875,
        0.94384765625
    ]
}