{
    "opt": {
        "train_epochs": 9.9,
        "batch_size": 1024,
        "lr": 11.5,
        "momentum": 0.85,
        "weight_decay": 0.0153,
        "bias_scaler": 64.0,
        "label_smoothing": 0.2,
        "whiten_bias_epochs": 3
    },
    "aug": {
        "flip": true,
        "translate": 2
    },
    "net": {
        "widths": {
            "block1": 64,
            "block2": 256,
            "block3": 256
        },
        "batchnorm_momentum": 0.6,
        "scaling_factor": 0.1111111111111111,
        "tta_level": 2
    },
    "random_seed": 99,
    "git_commit_hash": "85402c5c6fafc553256ddda6a38a5e86792e3fed",
    "elapsed_wclock_time": 4.040923161268234,
    "final acc": 0.9419999718666077,
    "last batch loss": 0.943359375,
    "epoch_val_accs": [
        0.6592000126838684,
        0.7050999999046326,
        0.7071999907493591,
        0.8144999742507935,
        0.8553999662399292,
        0.8590999841690063,
        0.8743999600410461,
        0.8887999653816223,
        0.9199000000953674,
        0.936199963092804
    ],
    "epoch_losses": [
        1.3955078125,
        1.2978515625,
        1.2578125,
        1.1640625,
        1.1259765625,
        1.0927734375,
        1.0546875,
        1.03515625,
        0.9658203125,
        0.943359375
    ]
}