{
    "opt": {
        "train_epochs": 9.9,
        "batch_size": 1024,
        "lr": 11.5,
        "momentum": 0.85,
        "weight_decay": 0.0153,
        "bias_scaler": 64.0,
        "label_smoothing": 0.2,
        "whiten_bias_epochs": 3
    },
    "aug": {
        "flip": true,
        "translate": 2
    },
    "net": {
        "widths": {
            "block1": 64,
            "block2": 256,
            "block3": 256
        },
        "batchnorm_momentum": 0.6,
        "scaling_factor": 0.1111111111111111,
        "tta_level": 2
    },
    "random_seed": 99,
    "git_commit_hash": "85402c5c6fafc553256ddda6a38a5e86792e3fed",
    "elapsed_wclock_time": 4.1582214884758,
    "final acc": 0.9382999539375305,
    "last batch loss": 0.93701171875,
    "epoch_val_accs": [
        0.6654999852180481,
        0.760699987411499,
        0.7497999668121338,
        0.8398000001907349,
        0.8008999824523926,
        0.8429999947547913,
        0.8829999566078186,
        0.8922999501228333,
        0.9246999621391296,
        0.9320999979972839
    ],
    "epoch_losses": [
        1.4443359375,
        1.2529296875,
        1.185546875,
        1.1357421875,
        1.10546875,
        1.099609375,
        1.04296875,
        1.0263671875,
        0.97265625,
        0.93701171875
    ]
}