{
    "opt": {
        "train_epochs": 9.9,
        "batch_size": 1024,
        "lr": 11.5,
        "momentum": 0.85,
        "weight_decay": 0.0153,
        "bias_scaler": 64.0,
        "label_smoothing": 0.2,
        "whiten_bias_epochs": 3
    },
    "aug": {
        "flip": true,
        "translate": 2
    },
    "net": {
        "widths": {
            "block1": 64,
            "block2": 256,
            "block3": 256
        },
        "batchnorm_momentum": 0.6,
        "scaling_factor": 0.1111111111111111,
        "tta_level": 2
    },
    "random_seed": 99,
    "git_commit_hash": "85402c5c6fafc553256ddda6a38a5e86792e3fed",
    "elapsed_wclock_time": 4.1296302402019505,
    "final acc": 0.9398999810218811,
    "last batch loss": 0.95166015625,
    "epoch_val_accs": [
        0.6929999589920044,
        0.6936999559402466,
        0.801099956035614,
        0.8583999872207642,
        0.8540999889373779,
        0.8509999513626099,
        0.880899965763092,
        0.9027999639511108,
        0.921999990940094,
        0.9315999746322632
    ],
    "epoch_losses": [
        1.4462890625,
        1.271484375,
        1.1669921875,
        1.15234375,
        1.15234375,
        1.09765625,
        1.0498046875,
        1.0146484375,
        0.9619140625,
        0.95166015625
    ]
}