{
    "opt": {
        "train_epochs": 9.9,
        "batch_size": 1024,
        "lr": 11.5,
        "momentum": 0.85,
        "weight_decay": 0.0153,
        "bias_scaler": 64.0,
        "label_smoothing": 0.2,
        "whiten_bias_epochs": 3
    },
    "aug": {
        "flip": true,
        "translate": 2
    },
    "net": {
        "widths": {
            "block1": 64,
            "block2": 256,
            "block3": 256
        },
        "batchnorm_momentum": 0.6,
        "scaling_factor": 0.1111111111111111,
        "tta_level": 2
    },
    "random_seed": 99,
    "git_commit_hash": "85402c5c6fafc553256ddda6a38a5e86792e3fed",
    "elapsed_wclock_time": 4.160932837963104,
    "final acc": 0.9411999583244324,
    "last batch loss": 0.9453125,
    "epoch_val_accs": [
        0.6661999821662903,
        0.704800009727478,
        0.7930999994277954,
        0.7256999611854553,
        0.8438000082969666,
        0.8756999969482422,
        0.882599949836731,
        0.9003999829292297,
        0.9232999682426453,
        0.9317999482154846
    ],
    "epoch_losses": [
        1.4501953125,
        1.2548828125,
        1.1806640625,
        1.173828125,
        1.119140625,
        1.0986328125,
        1.060546875,
        1.0234375,
        0.97314453125,
        0.9453125
    ]
}