{
    "opt": {
        "train_epochs": 9.9,
        "batch_size": 1024,
        "lr": 11.5,
        "momentum": 0.85,
        "weight_decay": 0.0153,
        "bias_scaler": 64.0,
        "label_smoothing": 0.2,
        "whiten_bias_epochs": 3
    },
    "aug": {
        "flip": true,
        "translate": 2
    },
    "net": {
        "widths": {
            "block1": 64,
            "block2": 256,
            "block3": 256
        },
        "batchnorm_momentum": 0.6,
        "scaling_factor": 0.1111111111111111,
        "tta_level": 2
    },
    "random_seed": 99,
    "git_commit_hash": "85402c5c6fafc553256ddda6a38a5e86792e3fed",
    "elapsed_wclock_time": 4.1655918002128605,
    "final acc": 0.9386999607086182,
    "last batch loss": 0.94580078125,
    "epoch_val_accs": [
        0.6159999966621399,
        0.7351999878883362,
        0.8102999925613403,
        0.802299976348877,
        0.8406999707221985,
        0.8817999958992004,
        0.887999951839447,
        0.909500002861023,
        0.9205999970436096,
        0.9333999752998352
    ],
    "epoch_losses": [
        1.439453125,
        1.2509765625,
        1.2158203125,
        1.1513671875,
        1.126953125,
        1.087890625,
        1.0517578125,
        1.0068359375,
        0.96826171875,
        0.94580078125
    ]
}