{
    "opt": {
        "train_epochs": 9.9,
        "batch_size": 1024,
        "lr": 11.5,
        "momentum": 0.85,
        "weight_decay": 0.0153,
        "bias_scaler": 64.0,
        "label_smoothing": 0.2,
        "whiten_bias_epochs": 3
    },
    "aug": {
        "flip": true,
        "translate": 2
    },
    "net": {
        "widths": {
            "block1": 64,
            "block2": 256,
            "block3": 256
        },
        "batchnorm_momentum": 0.6,
        "scaling_factor": 0.1111111111111111,
        "tta_level": 2
    },
    "random_seed": 99,
    "git_commit_hash": "85402c5c6fafc553256ddda6a38a5e86792e3fed",
    "elapsed_wclock_time": 4.127640844345093,
    "final acc": 0.941100001335144,
    "last batch loss": 0.94287109375,
    "epoch_val_accs": [
        0.5753999948501587,
        0.727899968624115,
        0.7382999658584595,
        0.7674999833106995,
        0.8374999761581421,
        0.8626999855041504,
        0.8950999975204468,
        0.9099999666213989,
        0.9253999590873718,
        0.9327999949455261
    ],
    "epoch_losses": [
        1.5185546875,
        1.265625,
        1.2060546875,
        1.142578125,
        1.1318359375,
        1.119140625,
        1.08203125,
        1.041015625,
        0.97119140625,
        0.94287109375
    ]
}