{
    "opt": {
        "train_epochs": 9.9,
        "batch_size": 1024,
        "lr": 11.5,
        "momentum": 0.85,
        "weight_decay": 0.0153,
        "bias_scaler": 64.0,
        "label_smoothing": 0.2,
        "whiten_bias_epochs": 3
    },
    "aug": {
        "flip": true,
        "translate": 2
    },
    "net": {
        "widths": {
            "block1": 64,
            "block2": 256,
            "block3": 256
        },
        "batchnorm_momentum": 0.6,
        "scaling_factor": 0.1111111111111111,
        "tta_level": 2
    },
    "random_seed": 99,
    "git_commit_hash": "85402c5c6fafc553256ddda6a38a5e86792e3fed",
    "elapsed_wclock_time": 4.1319775934219365,
    "final acc": 0.94159996509552,
    "last batch loss": 0.94091796875,
    "epoch_val_accs": [
        0.7062000036239624,
        0.7432999610900879,
        0.7958999872207642,
        0.8321999907493591,
        0.8702999949455261,
        0.8484999537467957,
        0.8922999501228333,
        0.8991999626159668,
        0.9254999756813049,
        0.9332999587059021
    ],
    "epoch_losses": [
        1.3916015625,
        1.25390625,
        1.2080078125,
        1.1201171875,
        1.1064453125,
        1.068359375,
        1.052734375,
        1.013671875,
        0.97314453125,
        0.94091796875
    ]
}