{
    "opt": {
        "train_epochs": 9.9,
        "batch_size": 1024,
        "lr": 11.5,
        "momentum": 0.85,
        "weight_decay": 0.0153,
        "bias_scaler": 64.0,
        "label_smoothing": 0.2,
        "whiten_bias_epochs": 3
    },
    "aug": {
        "flip": true,
        "translate": 2
    },
    "net": {
        "widths": {
            "block1": 64,
            "block2": 256,
            "block3": 256
        },
        "batchnorm_momentum": 0.6,
        "scaling_factor": 0.1111111111111111,
        "tta_level": 2
    },
    "random_seed": 99,
    "git_commit_hash": "85402c5c6fafc553256ddda6a38a5e86792e3fed",
    "elapsed_wclock_time": 4.070890923976898,
    "final acc": 0.9405999779701233,
    "last batch loss": 0.9404296875,
    "epoch_val_accs": [
        0.7156999707221985,
        0.5701000094413757,
        0.6256999969482422,
        0.8126999735832214,
        0.8560000061988831,
        0.7904999852180481,
        0.8819999694824219,
        0.8895999789237976,
        0.9215999841690063,
        0.9321999549865723
    ],
    "epoch_losses": [
        1.419921875,
        1.2763671875,
        1.21484375,
        1.1494140625,
        1.1201171875,
        1.08984375,
        1.0419921875,
        1.017578125,
        0.97216796875,
        0.9404296875
    ]
}