{
    "opt": {
        "train_epochs": 9.9,
        "batch_size": 1024,
        "lr": 11.5,
        "momentum": 0.85,
        "weight_decay": 0.0153,
        "bias_scaler": 64.0,
        "label_smoothing": 0.2,
        "whiten_bias_epochs": 3
    },
    "aug": {
        "flip": true,
        "translate": 2
    },
    "net": {
        "widths": {
            "block1": 64,
            "block2": 256,
            "block3": 256
        },
        "batchnorm_momentum": 0.6,
        "scaling_factor": 0.1111111111111111,
        "tta_level": 2
    },
    "random_seed": 99,
    "git_commit_hash": "85402c5c6fafc553256ddda6a38a5e86792e3fed",
    "elapsed_wclock_time": 4.1606580703258516,
    "final acc": 0.9394999742507935,
    "last batch loss": 0.9453125,
    "epoch_val_accs": [
        0.6802999973297119,
        0.7639999985694885,
        0.7347999811172485,
        0.8071999549865723,
        0.8646000027656555,
        0.8406999707221985,
        0.8819999694824219,
        0.8908999562263489,
        0.9143999814987183,
        0.9311999678611755
    ],
    "epoch_losses": [
        1.3935546875,
        1.2314453125,
        1.2001953125,
        1.177734375,
        1.1513671875,
        1.1015625,
        1.04296875,
        1.033203125,
        0.958984375,
        0.9453125
    ]
}