{
    "opt": {
        "train_epochs": 9.9,
        "batch_size": 1024,
        "lr": 11.5,
        "momentum": 0.85,
        "weight_decay": 0.0153,
        "bias_scaler": 64.0,
        "label_smoothing": 0.2,
        "whiten_bias_epochs": 3
    },
    "aug": {
        "flip": true,
        "translate": 2
    },
    "net": {
        "widths": {
            "block1": 64,
            "block2": 256,
            "block3": 256
        },
        "batchnorm_momentum": 0.6,
        "scaling_factor": 0.1111111111111111,
        "tta_level": 2
    },
    "random_seed": 99,
    "git_commit_hash": "85402c5c6fafc553256ddda6a38a5e86792e3fed",
    "elapsed_wclock_time": 4.161747731208801,
    "final acc": 0.9408999681472778,
    "last batch loss": 0.94775390625,
    "epoch_val_accs": [
        0.675599992275238,
        0.7488999962806702,
        0.7856000065803528,
        0.8393999934196472,
        0.8587999939918518,
        0.8650999665260315,
        0.8718000054359436,
        0.8991000056266785,
        0.9246000051498413,
        0.934499979019165
    ],
    "epoch_losses": [
        1.4853515625,
        1.2470703125,
        1.201171875,
        1.1669921875,
        1.125,
        1.0927734375,
        1.05859375,
        1.0283203125,
        0.9755859375,
        0.94775390625
    ]
}