{
    "opt": {
        "train_epochs": 9.9,
        "batch_size": 1024,
        "lr": 11.5,
        "momentum": 0.85,
        "weight_decay": 0.0153,
        "bias_scaler": 64.0,
        "label_smoothing": 0.2,
        "whiten_bias_epochs": 3
    },
    "aug": {
        "flip": true,
        "translate": 2
    },
    "net": {
        "widths": {
            "block1": 64,
            "block2": 256,
            "block3": 256
        },
        "batchnorm_momentum": 0.6,
        "scaling_factor": 0.1111111111111111,
        "tta_level": 2
    },
    "random_seed": 99,
    "git_commit_hash": "85402c5c6fafc553256ddda6a38a5e86792e3fed",
    "elapsed_wclock_time": 4.033307710647583,
    "final acc": 0.9404000043869019,
    "last batch loss": 0.94091796875,
    "epoch_val_accs": [
        0.604200005531311,
        0.7712000012397766,
        0.78329998254776,
        0.8310999870300293,
        0.8819999694824219,
        0.8542999625205994,
        0.8931999802589417,
        0.9025999903678894,
        0.9180999994277954,
        0.9339999556541443
    ],
    "epoch_losses": [
        1.408203125,
        1.2607421875,
        1.2392578125,
        1.1591796875,
        1.138671875,
        1.0849609375,
        1.08984375,
        1.01953125,
        0.98583984375,
        0.94091796875
    ]
}