{
    "opt": {
        "train_epochs": 9.9,
        "batch_size": 1024,
        "lr": 11.5,
        "momentum": 0.85,
        "weight_decay": 0.0153,
        "bias_scaler": 64.0,
        "label_smoothing": 0.2,
        "whiten_bias_epochs": 3
    },
    "aug": {
        "flip": true,
        "translate": 2
    },
    "net": {
        "widths": {
            "block1": 64,
            "block2": 256,
            "block3": 256
        },
        "batchnorm_momentum": 0.6,
        "scaling_factor": 0.1111111111111111,
        "tta_level": 2
    },
    "random_seed": 99,
    "git_commit_hash": "85402c5c6fafc553256ddda6a38a5e86792e3fed",
    "elapsed_wclock_time": 4.137308853149414,
    "final acc": 0.9405999779701233,
    "last batch loss": 0.94873046875,
    "epoch_val_accs": [
        0.6565999984741211,
        0.751800000667572,
        0.7847999930381775,
        0.8247999548912048,
        0.842799961566925,
        0.8366000056266785,
        0.8759999871253967,
        0.9007999897003174,
        0.9235000014305115,
        0.9336999654769897
    ],
    "epoch_losses": [
        1.4072265625,
        1.279296875,
        1.197265625,
        1.1533203125,
        1.1357421875,
        1.0869140625,
        1.0458984375,
        1.0263671875,
        0.9638671875,
        0.94873046875
    ]
}