{
    "opt": {
        "train_epochs": 9.9,
        "batch_size": 1024,
        "lr": 11.5,
        "momentum": 0.85,
        "weight_decay": 0.0153,
        "bias_scaler": 64.0,
        "label_smoothing": 0.2,
        "whiten_bias_epochs": 3
    },
    "aug": {
        "flip": true,
        "translate": 2
    },
    "net": {
        "widths": {
            "block1": 64,
            "block2": 256,
            "block3": 256
        },
        "batchnorm_momentum": 0.6,
        "scaling_factor": 0.1111111111111111,
        "tta_level": 2
    },
    "random_seed": 99,
    "git_commit_hash": "85402c5c6fafc553256ddda6a38a5e86792e3fed",
    "elapsed_wclock_time": 4.130387382507324,
    "final acc": 0.9383999705314636,
    "last batch loss": 0.9453125,
    "epoch_val_accs": [
        0.5940999984741211,
        0.7620999813079834,
        0.7900999784469604,
        0.7482999563217163,
        0.8526999950408936,
        0.8501999974250793,
        0.8955000042915344,
        0.9010999798774719,
        0.9212999939918518,
        0.9312999844551086
    ],
    "epoch_losses": [
        1.4169921875,
        1.2353515625,
        1.2080078125,
        1.166015625,
        1.1171875,
        1.0732421875,
        1.048828125,
        1.021484375,
        0.96435546875,
        0.9453125
    ]
}