{
    "opt": {
        "train_epochs": 9.9,
        "batch_size": 1024,
        "lr": 11.5,
        "momentum": 0.85,
        "weight_decay": 0.0153,
        "bias_scaler": 64.0,
        "label_smoothing": 0.2,
        "whiten_bias_epochs": 3
    },
    "aug": {
        "flip": true,
        "translate": 2
    },
    "net": {
        "widths": {
            "block1": 64,
            "block2": 256,
            "block3": 256
        },
        "batchnorm_momentum": 0.6,
        "scaling_factor": 0.1111111111111111,
        "tta_level": 2
    },
    "random_seed": 99,
    "git_commit_hash": "85402c5c6fafc553256ddda6a38a5e86792e3fed",
    "elapsed_wclock_time": 4.039580000638962,
    "final acc": 0.9404999613761902,
    "last batch loss": 0.9404296875,
    "epoch_val_accs": [
        0.6602999567985535,
        0.7493999600410461,
        0.7949999570846558,
        0.7965999841690063,
        0.8515999913215637,
        0.8610000014305115,
        0.8755999803543091,
        0.9030999541282654,
        0.9265999794006348,
        0.9351999759674072
    ],
    "epoch_losses": [
        1.4453125,
        1.2958984375,
        1.1728515625,
        1.16015625,
        1.15625,
        1.0966796875,
        1.046875,
        1.0234375,
        0.9638671875,
        0.9404296875
    ]
}