{
    "opt": {
        "train_epochs": 9.9,
        "batch_size": 1024,
        "lr": 11.5,
        "momentum": 0.85,
        "weight_decay": 0.0153,
        "bias_scaler": 64.0,
        "label_smoothing": 0.2,
        "whiten_bias_epochs": 3
    },
    "aug": {
        "flip": true,
        "translate": 2
    },
    "net": {
        "widths": {
            "block1": 64,
            "block2": 256,
            "block3": 256
        },
        "batchnorm_momentum": 0.6,
        "scaling_factor": 0.1111111111111111,
        "tta_level": 2
    },
    "random_seed": 99,
    "git_commit_hash": "85402c5c6fafc553256ddda6a38a5e86792e3fed",
    "elapsed_wclock_time": 4.129572409868241,
    "final acc": 0.9404000043869019,
    "last batch loss": 0.94189453125,
    "epoch_val_accs": [
        0.6966999769210815,
        0.7572000026702881,
        0.7861999869346619,
        0.8098999857902527,
        0.8597999811172485,
        0.8435999751091003,
        0.8951999545097351,
        0.9009999632835388,
        0.9190999865531921,
        0.9325999617576599
    ],
    "epoch_losses": [
        1.458984375,
        1.26953125,
        1.2177734375,
        1.16796875,
        1.1123046875,
        1.0908203125,
        1.03515625,
        1.005859375,
        0.97314453125,
        0.94189453125
    ]
}