{
    "opt": {
        "train_epochs": 9.9,
        "batch_size": 1024,
        "lr": 11.5,
        "momentum": 0.85,
        "weight_decay": 0.0153,
        "bias_scaler": 64.0,
        "label_smoothing": 0.2,
        "whiten_bias_epochs": 3
    },
    "aug": {
        "flip": true,
        "translate": 2
    },
    "net": {
        "widths": {
            "block1": 64,
            "block2": 256,
            "block3": 256
        },
        "batchnorm_momentum": 0.6,
        "scaling_factor": 0.1111111111111111,
        "tta_level": 2
    },
    "random_seed": 99,
    "git_commit_hash": "85402c5c6fafc553256ddda6a38a5e86792e3fed",
    "elapsed_wclock_time": 4.119779097318649,
    "final acc": 0.9412999749183655,
    "last batch loss": 0.95166015625,
    "epoch_val_accs": [
        0.6898999810218811,
        0.7795999646186829,
        0.7717999815940857,
        0.8158999681472778,
        0.8251999616622925,
        0.8572999835014343,
        0.8955999612808228,
        0.9039999842643738,
        0.9235999584197998,
        0.935699999332428
    ],
    "epoch_losses": [
        1.4267578125,
        1.2587890625,
        1.1962890625,
        1.166015625,
        1.1357421875,
        1.1015625,
        1.0341796875,
        1.0205078125,
        0.97265625,
        0.95166015625
    ]
}