{
    "opt": {
        "train_epochs": 9.9,
        "batch_size": 1024,
        "lr": 11.5,
        "momentum": 0.85,
        "weight_decay": 0.0153,
        "bias_scaler": 64.0,
        "label_smoothing": 0.2,
        "whiten_bias_epochs": 3
    },
    "aug": {
        "flip": true,
        "translate": 2
    },
    "net": {
        "widths": {
            "block1": 64,
            "block2": 256,
            "block3": 256
        },
        "batchnorm_momentum": 0.6,
        "scaling_factor": 0.1111111111111111,
        "tta_level": 2
    },
    "random_seed": 99,
    "git_commit_hash": "85402c5c6fafc553256ddda6a38a5e86792e3fed",
    "elapsed_wclock_time": 4.117444057226181,
    "final acc": 0.9400999546051025,
    "last batch loss": 0.9326171875,
    "epoch_val_accs": [
        0.6958000063896179,
        0.746399998664856,
        0.7926999926567078,
        0.833899974822998,
        0.8585999608039856,
        0.8626999855041504,
        0.8833999633789062,
        0.8811999559402466,
        0.9193999767303467,
        0.9320999979972839
    ],
    "epoch_losses": [
        1.455078125,
        1.26171875,
        1.2236328125,
        1.1474609375,
        1.1337890625,
        1.08984375,
        1.029296875,
        1.0263671875,
        0.95751953125,
        0.9326171875
    ]
}