{
    "opt": {
        "train_epochs": 9.9,
        "batch_size": 1024,
        "lr": 11.5,
        "momentum": 0.85,
        "weight_decay": 0.0153,
        "bias_scaler": 64.0,
        "label_smoothing": 0.2,
        "whiten_bias_epochs": 3
    },
    "aug": {
        "flip": true,
        "translate": 2
    },
    "net": {
        "widths": {
            "block1": 64,
            "block2": 256,
            "block3": 256
        },
        "batchnorm_momentum": 0.6,
        "scaling_factor": 0.1111111111111111,
        "tta_level": 2
    },
    "random_seed": 99,
    "git_commit_hash": "85402c5c6fafc553256ddda6a38a5e86792e3fed",
    "elapsed_wclock_time": 4.031136889219284,
    "final acc": 0.9404000043869019,
    "last batch loss": 0.94091796875,
    "epoch_val_accs": [
        0.6883999705314636,
        0.6609999537467957,
        0.7799999713897705,
        0.8359000086784363,
        0.8446999788284302,
        0.8835999965667725,
        0.8982999920845032,
        0.8919999599456787,
        0.9232999682426453,
        0.9316999912261963
    ],
    "epoch_losses": [
        1.400390625,
        1.2548828125,
        1.197265625,
        1.146484375,
        1.130859375,
        1.0947265625,
        1.0361328125,
        1.0361328125,
        0.966796875,
        0.94091796875
    ]
}