{
    "opt": {
        "train_epochs": 9.9,
        "batch_size": 1024,
        "lr": 11.5,
        "momentum": 0.85,
        "weight_decay": 0.0153,
        "bias_scaler": 64.0,
        "label_smoothing": 0.2,
        "whiten_bias_epochs": 3
    },
    "aug": {
        "flip": true,
        "translate": 2
    },
    "net": {
        "widths": {
            "block1": 64,
            "block2": 256,
            "block3": 256
        },
        "batchnorm_momentum": 0.6,
        "scaling_factor": 0.1111111111111111,
        "tta_level": 2
    },
    "random_seed": 99,
    "git_commit_hash": "85402c5c6fafc553256ddda6a38a5e86792e3fed",
    "elapsed_wclock_time": 4.038337497472763,
    "final acc": 0.9394999742507935,
    "last batch loss": 0.935546875,
    "epoch_val_accs": [
        0.637499988079071,
        0.7107999920845032,
        0.7953000068664551,
        0.8325999975204468,
        0.85999995470047,
        0.8687999844551086,
        0.8569999933242798,
        0.899899959564209,
        0.9200999736785889,
        0.9312999844551086
    ],
    "epoch_losses": [
        1.4130859375,
        1.251953125,
        1.193359375,
        1.1552734375,
        1.125,
        1.107421875,
        1.0576171875,
        1.021484375,
        0.97216796875,
        0.935546875
    ]
}