{
    "opt": {
        "train_epochs": 9.9,
        "batch_size": 1024,
        "lr": 11.5,
        "momentum": 0.85,
        "weight_decay": 0.0153,
        "bias_scaler": 64.0,
        "label_smoothing": 0.2,
        "whiten_bias_epochs": 3
    },
    "aug": {
        "flip": true,
        "translate": 2
    },
    "net": {
        "widths": {
            "block1": 64,
            "block2": 256,
            "block3": 256
        },
        "batchnorm_momentum": 0.6,
        "scaling_factor": 0.1111111111111111,
        "tta_level": 2
    },
    "random_seed": 99,
    "git_commit_hash": "85402c5c6fafc553256ddda6a38a5e86792e3fed",
    "elapsed_wclock_time": 4.166501998662949,
    "final acc": 0.9384999871253967,
    "last batch loss": 0.9375,
    "epoch_val_accs": [
        0.7003999948501587,
        0.7728999853134155,
        0.7981999516487122,
        0.7709999680519104,
        0.8499000072479248,
        0.8522999882698059,
        0.8779000043869019,
        0.9019999504089355,
        0.9211999773979187,
        0.9321999549865723
    ],
    "epoch_losses": [
        1.4443359375,
        1.275390625,
        1.2197265625,
        1.166015625,
        1.138671875,
        1.0859375,
        1.0537109375,
        1.017578125,
        0.9736328125,
        0.9375
    ]
}