{
    "opt": {
        "train_epochs": 9.9,
        "batch_size": 1024,
        "lr": 11.5,
        "momentum": 0.85,
        "weight_decay": 0.0153,
        "bias_scaler": 64.0,
        "label_smoothing": 0.2,
        "whiten_bias_epochs": 3
    },
    "aug": {
        "flip": true,
        "translate": 2
    },
    "net": {
        "widths": {
            "block1": 64,
            "block2": 256,
            "block3": 256
        },
        "batchnorm_momentum": 0.6,
        "scaling_factor": 0.1111111111111111,
        "tta_level": 2
    },
    "random_seed": 99,
    "git_commit_hash": "85402c5c6fafc553256ddda6a38a5e86792e3fed",
    "elapsed_wclock_time": 4.1229460539817815,
    "final acc": 0.9384999871253967,
    "last batch loss": 0.93115234375,
    "epoch_val_accs": [
        0.6180999875068665,
        0.774399995803833,
        0.8126999735832214,
        0.8102999925613403,
        0.8453999757766724,
        0.8438999652862549,
        0.8689999580383301,
        0.8946999907493591,
        0.9264999628067017,
        0.9343000054359436
    ],
    "epoch_losses": [
        1.4384765625,
        1.2587890625,
        1.208984375,
        1.1982421875,
        1.12109375,
        1.099609375,
        1.0361328125,
        1.03125,
        0.97314453125,
        0.93115234375
    ]
}