{
    "opt": {
        "train_epochs": 9.9,
        "batch_size": 1024,
        "lr": 11.5,
        "momentum": 0.85,
        "weight_decay": 0.0153,
        "bias_scaler": 64.0,
        "label_smoothing": 0.2,
        "whiten_bias_epochs": 3
    },
    "aug": {
        "flip": true,
        "translate": 2
    },
    "net": {
        "widths": {
            "block1": 64,
            "block2": 256,
            "block3": 256
        },
        "batchnorm_momentum": 0.6,
        "scaling_factor": 0.1111111111111111,
        "tta_level": 2
    },
    "random_seed": 99,
    "git_commit_hash": "85402c5c6fafc553256ddda6a38a5e86792e3fed",
    "elapsed_wclock_time": 4.038187784433365,
    "final acc": 0.9377999901771545,
    "last batch loss": 0.947265625,
    "epoch_val_accs": [
        0.6362000107765198,
        0.776199996471405,
        0.7712000012397766,
        0.8264999985694885,
        0.8501999974250793,
        0.8531999588012695,
        0.8497999906539917,
        0.8885999917984009,
        0.9246999621391296,
        0.9318999648094177
    ],
    "epoch_losses": [
        1.48046875,
        1.291015625,
        1.1943359375,
        1.1572265625,
        1.134765625,
        1.1123046875,
        1.0244140625,
        1.0244140625,
        0.98388671875,
        0.947265625
    ]
}