{
    "opt": {
        "train_epochs": 9.9,
        "batch_size": 1024,
        "lr": 11.5,
        "momentum": 0.85,
        "weight_decay": 0.0153,
        "bias_scaler": 64.0,
        "label_smoothing": 0.2,
        "whiten_bias_epochs": 3
    },
    "aug": {
        "flip": true,
        "translate": 2
    },
    "net": {
        "widths": {
            "block1": 64,
            "block2": 256,
            "block3": 256
        },
        "batchnorm_momentum": 0.6,
        "scaling_factor": 0.1111111111111111,
        "tta_level": 2
    },
    "random_seed": 99,
    "git_commit_hash": "85402c5c6fafc553256ddda6a38a5e86792e3fed",
    "elapsed_wclock_time": 4.079589834690094,
    "final acc": 0.9411999583244324,
    "last batch loss": 0.9443359375,
    "epoch_val_accs": [
        0.6556000113487244,
        0.6377999782562256,
        0.7554000020027161,
        0.8472999930381775,
        0.8590999841690063,
        0.857699990272522,
        0.8780999779701233,
        0.8912999629974365,
        0.920199990272522,
        0.9332000017166138
    ],
    "epoch_losses": [
        1.439453125,
        1.3037109375,
        1.22265625,
        1.166015625,
        1.1396484375,
        1.1015625,
        1.0546875,
        1.029296875,
        0.978515625,
        0.9443359375
    ]
}