{
    "opt": {
        "train_epochs": 9.9,
        "batch_size": 1024,
        "lr": 11.5,
        "momentum": 0.85,
        "weight_decay": 0.0153,
        "bias_scaler": 64.0,
        "label_smoothing": 0.2,
        "whiten_bias_epochs": 3
    },
    "aug": {
        "flip": true,
        "translate": 2
    },
    "net": {
        "widths": {
            "block1": 64,
            "block2": 256,
            "block3": 256
        },
        "batchnorm_momentum": 0.6,
        "scaling_factor": 0.1111111111111111,
        "tta_level": 2
    },
    "random_seed": 99,
    "git_commit_hash": "85402c5c6fafc553256ddda6a38a5e86792e3fed",
    "elapsed_wclock_time": 4.127498770236969,
    "final acc": 0.9388999938964844,
    "last batch loss": 0.94775390625,
    "epoch_val_accs": [
        0.6553999781608582,
        0.7716000080108643,
        0.8157999515533447,
        0.7865999937057495,
        0.8297999501228333,
        0.84579998254776,
        0.8904999494552612,
        0.901199996471405,
        0.9221999645233154,
        0.9339999556541443
    ],
    "epoch_losses": [
        1.42578125,
        1.255859375,
        1.1962890625,
        1.1298828125,
        1.12890625,
        1.0908203125,
        1.0537109375,
        1.0126953125,
        0.97265625,
        0.94775390625
    ]
}