{
    "opt": {
        "train_epochs": 9.9,
        "batch_size": 1024,
        "lr": 11.5,
        "momentum": 0.85,
        "weight_decay": 0.0153,
        "bias_scaler": 64.0,
        "label_smoothing": 0.2,
        "whiten_bias_epochs": 3
    },
    "aug": {
        "flip": true,
        "translate": 2
    },
    "net": {
        "widths": {
            "block1": 64,
            "block2": 256,
            "block3": 256
        },
        "batchnorm_momentum": 0.6,
        "scaling_factor": 0.1111111111111111,
        "tta_level": 2
    },
    "random_seed": 99,
    "git_commit_hash": "85402c5c6fafc553256ddda6a38a5e86792e3fed",
    "elapsed_wclock_time": 4.070513485908508,
    "final acc": 0.9401999711990356,
    "last batch loss": 0.95166015625,
    "epoch_val_accs": [
        0.5878999829292297,
        0.67249995470047,
        0.6470999717712402,
        0.8224999904632568,
        0.8489999771118164,
        0.8344999551773071,
        0.8991999626159668,
        0.8969999551773071,
        0.9246000051498413,
        0.9317999482154846
    ],
    "epoch_losses": [
        1.4365234375,
        1.298828125,
        1.22265625,
        1.154296875,
        1.103515625,
        1.0927734375,
        1.0478515625,
        1.02734375,
        0.96923828125,
        0.95166015625
    ]
}