{
    "opt": {
        "train_epochs": 9.9,
        "batch_size": 1024,
        "lr": 11.5,
        "momentum": 0.85,
        "weight_decay": 0.0153,
        "bias_scaler": 64.0,
        "label_smoothing": 0.2,
        "whiten_bias_epochs": 3
    },
    "aug": {
        "flip": true,
        "translate": 2
    },
    "net": {
        "widths": {
            "block1": 64,
            "block2": 256,
            "block3": 256
        },
        "batchnorm_momentum": 0.6,
        "scaling_factor": 0.1111111111111111,
        "tta_level": 2
    },
    "random_seed": 99,
    "git_commit_hash": "85402c5c6fafc553256ddda6a38a5e86792e3fed",
    "elapsed_wclock_time": 4.16792253947258,
    "final acc": 0.941100001335144,
    "last batch loss": 0.94287109375,
    "epoch_val_accs": [
        0.6654999852180481,
        0.7458999752998352,
        0.7483999729156494,
        0.8269999623298645,
        0.8508999943733215,
        0.8197999596595764,
        0.886199951171875,
        0.8994999527931213,
        0.9262999892234802,
        0.9329999685287476
    ],
    "epoch_losses": [
        1.4306640625,
        1.2490234375,
        1.1982421875,
        1.1357421875,
        1.1259765625,
        1.1171875,
        1.046875,
        1.0087890625,
        0.96630859375,
        0.94287109375
    ]
}