{
    "opt": {
        "train_epochs": 9.9,
        "batch_size": 1024,
        "lr": 11.5,
        "momentum": 0.85,
        "weight_decay": 0.0153,
        "bias_scaler": 64.0,
        "label_smoothing": 0.2,
        "whiten_bias_epochs": 3
    },
    "aug": {
        "flip": true,
        "translate": 2
    },
    "net": {
        "widths": {
            "block1": 64,
            "block2": 256,
            "block3": 256
        },
        "batchnorm_momentum": 0.6,
        "scaling_factor": 0.1111111111111111,
        "tta_level": 2
    },
    "random_seed": 99,
    "git_commit_hash": "85402c5c6fafc553256ddda6a38a5e86792e3fed",
    "elapsed_wclock_time": 4.170187213897705,
    "final acc": 0.9390999674797058,
    "last batch loss": 0.95654296875,
    "epoch_val_accs": [
        0.6620999574661255,
        0.7487999796867371,
        0.7946999669075012,
        0.7950999736785889,
        0.838699996471405,
        0.8486999869346619,
        0.8816999793052673,
        0.8917999863624573,
        0.920699954032898,
        0.9325999617576599
    ],
    "epoch_losses": [
        1.4169921875,
        1.2470703125,
        1.1962890625,
        1.1552734375,
        1.1201171875,
        1.095703125,
        1.0673828125,
        1.033203125,
        0.98291015625,
        0.95654296875
    ]
}