{
    "opt": {
        "train_epochs": 9.9,
        "batch_size": 1024,
        "lr": 11.5,
        "momentum": 0.85,
        "weight_decay": 0.0153,
        "bias_scaler": 64.0,
        "label_smoothing": 0.2,
        "whiten_bias_epochs": 3
    },
    "aug": {
        "flip": true,
        "translate": 2
    },
    "net": {
        "widths": {
            "block1": 64,
            "block2": 256,
            "block3": 256
        },
        "batchnorm_momentum": 0.6,
        "scaling_factor": 0.1111111111111111,
        "tta_level": 2
    },
    "random_seed": 99,
    "git_commit_hash": "85402c5c6fafc553256ddda6a38a5e86792e3fed",
    "elapsed_wclock_time": 4.124625073909759,
    "final acc": 0.9419999718666077,
    "last batch loss": 0.93798828125,
    "epoch_val_accs": [
        0.6886000037193298,
        0.7569999694824219,
        0.8023999929428101,
        0.8126999735832214,
        0.8705999851226807,
        0.8619999885559082,
        0.8944999575614929,
        0.8847000002861023,
        0.9210999608039856,
        0.9339999556541443
    ],
    "epoch_losses": [
        1.4111328125,
        1.2568359375,
        1.1865234375,
        1.1689453125,
        1.1474609375,
        1.0693359375,
        1.0439453125,
        1.00390625,
        0.97265625,
        0.93798828125
    ]
}