{
    "opt": {
        "train_epochs": 9.9,
        "batch_size": 1024,
        "lr": 11.5,
        "momentum": 0.85,
        "weight_decay": 0.0153,
        "bias_scaler": 64.0,
        "label_smoothing": 0.2,
        "whiten_bias_epochs": 3
    },
    "aug": {
        "flip": true,
        "translate": 2
    },
    "net": {
        "widths": {
            "block1": 64,
            "block2": 256,
            "block3": 256
        },
        "batchnorm_momentum": 0.6,
        "scaling_factor": 0.1111111111111111,
        "tta_level": 2
    },
    "random_seed": 99,
    "git_commit_hash": "85402c5c6fafc553256ddda6a38a5e86792e3fed",
    "elapsed_wclock_time": 4.1665294239521025,
    "final acc": 0.9422999620437622,
    "last batch loss": 0.93994140625,
    "epoch_val_accs": [
        0.6337000131607056,
        0.7299000024795532,
        0.8229999542236328,
        0.8173999786376953,
        0.8608999848365784,
        0.8804999589920044,
        0.8880999684333801,
        0.87909996509552,
        0.9225999712944031,
        0.9345999956130981
    ],
    "epoch_losses": [
        1.4267578125,
        1.2841796875,
        1.212890625,
        1.1435546875,
        1.142578125,
        1.10546875,
        1.0537109375,
        1.0126953125,
        0.98095703125,
        0.93994140625
    ]
}