{
    "opt": {
        "train_epochs": 9.9,
        "batch_size": 1024,
        "lr": 11.5,
        "momentum": 0.85,
        "weight_decay": 0.0153,
        "bias_scaler": 64.0,
        "label_smoothing": 0.2,
        "whiten_bias_epochs": 3
    },
    "aug": {
        "flip": true,
        "translate": 2
    },
    "net": {
        "widths": {
            "block1": 64,
            "block2": 256,
            "block3": 256
        },
        "batchnorm_momentum": 0.6,
        "scaling_factor": 0.1111111111111111,
        "tta_level": 2
    },
    "random_seed": 99,
    "git_commit_hash": "85402c5c6fafc553256ddda6a38a5e86792e3fed",
    "elapsed_wclock_time": 4.161262091875076,
    "final acc": 0.9419999718666077,
    "last batch loss": 0.93359375,
    "epoch_val_accs": [
        0.6384999752044678,
        0.7712999582290649,
        0.7523999810218811,
        0.8308999538421631,
        0.8551999926567078,
        0.8752999901771545,
        0.8794999718666077,
        0.904699981212616,
        0.9249999523162842,
        0.9346999526023865
    ],
    "epoch_losses": [
        1.4140625,
        1.298828125,
        1.2041015625,
        1.1591796875,
        1.1435546875,
        1.09765625,
        1.0458984375,
        1.025390625,
        0.9765625,
        0.93359375
    ]
}