{
    "opt": {
        "train_epochs": 9.9,
        "batch_size": 1024,
        "lr": 11.5,
        "momentum": 0.85,
        "weight_decay": 0.0153,
        "bias_scaler": 64.0,
        "label_smoothing": 0.2,
        "whiten_bias_epochs": 3
    },
    "aug": {
        "flip": true,
        "translate": 2
    },
    "net": {
        "widths": {
            "block1": 64,
            "block2": 256,
            "block3": 256
        },
        "batchnorm_momentum": 0.6,
        "scaling_factor": 0.1111111111111111,
        "tta_level": 2
    },
    "random_seed": 99,
    "git_commit_hash": "85402c5c6fafc553256ddda6a38a5e86792e3fed",
    "elapsed_wclock_time": 4.118926971673965,
    "final acc": 0.9419999718666077,
    "last batch loss": 0.9384765625,
    "epoch_val_accs": [
        0.615399956703186,
        0.7354999780654907,
        0.7393999695777893,
        0.8504999876022339,
        0.8412999510765076,
        0.8065999746322632,
        0.8944999575614929,
        0.8967999815940857,
        0.9233999848365784,
        0.9330999851226807
    ],
    "epoch_losses": [
        1.4111328125,
        1.25,
        1.1962890625,
        1.1572265625,
        1.1298828125,
        1.107421875,
        1.0439453125,
        1.03515625,
        0.9716796875,
        0.9384765625
    ]
}