{
    "opt": {
        "train_epochs": 9.9,
        "batch_size": 1024,
        "lr": 11.5,
        "momentum": 0.85,
        "weight_decay": 0.0153,
        "bias_scaler": 64.0,
        "label_smoothing": 0.2,
        "whiten_bias_epochs": 3
    },
    "aug": {
        "flip": true,
        "translate": 2
    },
    "net": {
        "widths": {
            "block1": 64,
            "block2": 256,
            "block3": 256
        },
        "batchnorm_momentum": 0.6,
        "scaling_factor": 0.1111111111111111,
        "tta_level": 2
    },
    "random_seed": 99,
    "git_commit_hash": "85402c5c6fafc553256ddda6a38a5e86792e3fed",
    "elapsed_wclock_time": 4.167144790649414,
    "final acc": 0.9400999546051025,
    "last batch loss": 0.94091796875,
    "epoch_val_accs": [
        0.6365000009536743,
        0.7544999718666077,
        0.800599992275238,
        0.8259999752044678,
        0.8715999722480774,
        0.8483999967575073,
        0.8828999996185303,
        0.9024999737739563,
        0.9215999841690063,
        0.9322999715805054
    ],
    "epoch_losses": [
        1.4384765625,
        1.2255859375,
        1.2080078125,
        1.15234375,
        1.11328125,
        1.1240234375,
        1.046875,
        1.02734375,
        0.97021484375,
        0.94091796875
    ]
}