{
    "opt": {
        "train_epochs": 9.9,
        "batch_size": 1024,
        "lr": 11.5,
        "momentum": 0.85,
        "weight_decay": 0.0153,
        "bias_scaler": 64.0,
        "label_smoothing": 0.2,
        "whiten_bias_epochs": 3
    },
    "aug": {
        "flip": true,
        "translate": 2
    },
    "net": {
        "widths": {
            "block1": 64,
            "block2": 256,
            "block3": 256
        },
        "batchnorm_momentum": 0.6,
        "scaling_factor": 0.1111111111111111,
        "tta_level": 2
    },
    "random_seed": 99,
    "git_commit_hash": "85402c5c6fafc553256ddda6a38a5e86792e3fed",
    "elapsed_wclock_time": 4.167612378358841,
    "final acc": 0.9387999773025513,
    "last batch loss": 0.93896484375,
    "epoch_val_accs": [
        0.598800003528595,
        0.7764999866485596,
        0.7949000000953674,
        0.8344999551773071,
        0.8465999960899353,
        0.8694999814033508,
        0.8917999863624573,
        0.9043999910354614,
        0.9212999939918518,
        0.9314000010490417
    ],
    "epoch_losses": [
        1.455078125,
        1.251953125,
        1.2109375,
        1.158203125,
        1.12890625,
        1.0927734375,
        1.0322265625,
        1.005859375,
        0.96875,
        0.93896484375
    ]
}