{
    "opt": {
        "train_epochs": 9.9,
        "batch_size": 1024,
        "lr": 11.5,
        "momentum": 0.85,
        "weight_decay": 0.0153,
        "bias_scaler": 64.0,
        "label_smoothing": 0.2,
        "whiten_bias_epochs": 3
    },
    "aug": {
        "flip": true,
        "translate": 2
    },
    "net": {
        "widths": {
            "block1": 64,
            "block2": 256,
            "block3": 256
        },
        "batchnorm_momentum": 0.6,
        "scaling_factor": 0.1111111111111111,
        "tta_level": 2
    },
    "random_seed": 99,
    "git_commit_hash": "85402c5c6fafc553256ddda6a38a5e86792e3fed",
    "elapsed_wclock_time": 4.122196537733078,
    "final acc": 0.9420999884605408,
    "last batch loss": 0.943359375,
    "epoch_val_accs": [
        0.6886999607086182,
        0.715399980545044,
        0.8209999799728394,
        0.7373999953269958,
        0.8549999594688416,
        0.8694999814033508,
        0.8872999548912048,
        0.9017999768257141,
        0.9218999743461609,
        0.9343999624252319
    ],
    "epoch_losses": [
        1.435546875,
        1.3046875,
        1.18359375,
        1.1787109375,
        1.130859375,
        1.1083984375,
        1.046875,
        1.0146484375,
        0.984375,
        0.943359375
    ]
}