{
    "opt": {
        "train_epochs": 9.9,
        "batch_size": 1024,
        "lr": 11.5,
        "momentum": 0.85,
        "weight_decay": 0.0153,
        "bias_scaler": 64.0,
        "label_smoothing": 0.2,
        "whiten_bias_epochs": 3
    },
    "aug": {
        "flip": true,
        "translate": 2
    },
    "net": {
        "widths": {
            "block1": 64,
            "block2": 256,
            "block3": 256
        },
        "batchnorm_momentum": 0.6,
        "scaling_factor": 0.1111111111111111,
        "tta_level": 2
    },
    "random_seed": 99,
    "git_commit_hash": "85402c5c6fafc553256ddda6a38a5e86792e3fed",
    "elapsed_wclock_time": 4.118411853790284,
    "final acc": 0.9412999749183655,
    "last batch loss": 0.9365234375,
    "epoch_val_accs": [
        0.656499981880188,
        0.7573999762535095,
        0.7566999793052673,
        0.8230999708175659,
        0.8391000032424927,
        0.811199963092804,
        0.901199996471405,
        0.9034000039100647,
        0.9214999675750732,
        0.9343999624252319
    ],
    "epoch_losses": [
        1.416015625,
        1.2783203125,
        1.212890625,
        1.1591796875,
        1.1328125,
        1.1259765625,
        1.0390625,
        1.01171875,
        0.9775390625,
        0.9365234375
    ]
}