{
    "opt": {
        "train_epochs": 9.9,
        "batch_size": 1024,
        "lr": 11.5,
        "momentum": 0.85,
        "weight_decay": 0.0153,
        "bias_scaler": 64.0,
        "label_smoothing": 0.2,
        "whiten_bias_epochs": 3
    },
    "aug": {
        "flip": true,
        "translate": 2
    },
    "net": {
        "widths": {
            "block1": 64,
            "block2": 256,
            "block3": 256
        },
        "batchnorm_momentum": 0.6,
        "scaling_factor": 0.1111111111111111,
        "tta_level": 2
    },
    "random_seed": 99,
    "git_commit_hash": "85402c5c6fafc553256ddda6a38a5e86792e3fed",
    "elapsed_wclock_time": 4.130941992998124,
    "final acc": 0.9404999613761902,
    "last batch loss": 0.9423828125,
    "epoch_val_accs": [
        0.6448000073432922,
        0.7432999610900879,
        0.7866999506950378,
        0.8325999975204468,
        0.8624999523162842,
        0.8657000064849854,
        0.8937999606132507,
        0.8867999911308289,
        0.9221999645233154,
        0.9316999912261963
    ],
    "epoch_losses": [
        1.453125,
        1.3017578125,
        1.197265625,
        1.15234375,
        1.11328125,
        1.09765625,
        1.0458984375,
        1.03515625,
        0.970703125,
        0.9423828125
    ]
}