{
    "opt": {
        "train_epochs": 9.9,
        "batch_size": 1024,
        "lr": 11.5,
        "momentum": 0.85,
        "weight_decay": 0.0153,
        "bias_scaler": 64.0,
        "label_smoothing": 0.2,
        "whiten_bias_epochs": 3
    },
    "aug": {
        "flip": true,
        "translate": 2
    },
    "net": {
        "widths": {
            "block1": 64,
            "block2": 256,
            "block3": 256
        },
        "batchnorm_momentum": 0.6,
        "scaling_factor": 0.1111111111111111,
        "tta_level": 2
    },
    "random_seed": 99,
    "git_commit_hash": "85402c5c6fafc553256ddda6a38a5e86792e3fed",
    "elapsed_wclock_time": 4.12990382385254,
    "final acc": 0.9416999816894531,
    "last batch loss": 0.94091796875,
    "epoch_val_accs": [
        0.46609997749328613,
        0.6904000043869019,
        0.7965999841690063,
        0.8150999546051025,
        0.8686999678611755,
        0.8748999834060669,
        0.8950999975204468,
        0.9034000039100647,
        0.9214999675750732,
        0.9335999488830566
    ],
    "epoch_losses": [
        1.5224609375,
        1.2451171875,
        1.19921875,
        1.1669921875,
        1.126953125,
        1.1064453125,
        1.0361328125,
        1.0078125,
        0.95947265625,
        0.94091796875
    ]
}