{
    "opt": {
        "train_epochs": 9.9,
        "batch_size": 1024,
        "lr": 11.5,
        "momentum": 0.85,
        "weight_decay": 0.0153,
        "bias_scaler": 64.0,
        "label_smoothing": 0.2,
        "whiten_bias_epochs": 3
    },
    "aug": {
        "flip": true,
        "translate": 2
    },
    "net": {
        "widths": {
            "block1": 64,
            "block2": 256,
            "block3": 256
        },
        "batchnorm_momentum": 0.6,
        "scaling_factor": 0.1111111111111111,
        "tta_level": 2
    },
    "random_seed": 99,
    "git_commit_hash": "85402c5c6fafc553256ddda6a38a5e86792e3fed",
    "elapsed_wclock_time": 4.1650588262081145,
    "final acc": 0.9419999718666077,
    "last batch loss": 0.9375,
    "epoch_val_accs": [
        0.6657999753952026,
        0.7494999766349792,
        0.6524999737739563,
        0.7860999703407288,
        0.8384000062942505,
        0.851099967956543,
        0.8938999772071838,
        0.9071999788284302,
        0.9163999557495117,
        0.9351999759674072
    ],
    "epoch_losses": [
        1.4208984375,
        1.2578125,
        1.2080078125,
        1.1640625,
        1.123046875,
        1.1015625,
        1.0498046875,
        1.013671875,
        0.9658203125,
        0.9375
    ]
}