{
    "opt": {
        "train_epochs": 9.9,
        "batch_size": 1024,
        "lr": 11.5,
        "momentum": 0.85,
        "weight_decay": 0.0153,
        "bias_scaler": 64.0,
        "label_smoothing": 0.2,
        "whiten_bias_epochs": 3
    },
    "aug": {
        "flip": true,
        "translate": 2
    },
    "net": {
        "widths": {
            "block1": 64,
            "block2": 256,
            "block3": 256
        },
        "batchnorm_momentum": 0.6,
        "scaling_factor": 0.1111111111111111,
        "tta_level": 2
    },
    "random_seed": 99,
    "git_commit_hash": "85402c5c6fafc553256ddda6a38a5e86792e3fed",
    "elapsed_wclock_time": 4.167858083724975,
    "final acc": 0.9382999539375305,
    "last batch loss": 0.94677734375,
    "epoch_val_accs": [
        0.6513999700546265,
        0.7924000024795532,
        0.7192999720573425,
        0.8331999778747559,
        0.7925999760627747,
        0.8619999885559082,
        0.8852999806404114,
        0.9045999646186829,
        0.9212999939918518,
        0.9325000047683716
    ],
    "epoch_losses": [
        1.4453125,
        1.255859375,
        1.2353515625,
        1.1640625,
        1.142578125,
        1.080078125,
        1.0712890625,
        1.0234375,
        0.96728515625,
        0.94677734375
    ]
}