{
    "opt": {
        "train_epochs": 9.9,
        "batch_size": 1024,
        "lr": 11.5,
        "momentum": 0.85,
        "weight_decay": 0.0153,
        "bias_scaler": 64.0,
        "label_smoothing": 0.2,
        "whiten_bias_epochs": 3
    },
    "aug": {
        "flip": true,
        "translate": 2
    },
    "net": {
        "widths": {
            "block1": 64,
            "block2": 256,
            "block3": 256
        },
        "batchnorm_momentum": 0.6,
        "scaling_factor": 0.1111111111111111,
        "tta_level": 2
    },
    "random_seed": 99,
    "git_commit_hash": "85402c5c6fafc553256ddda6a38a5e86792e3fed",
    "elapsed_wclock_time": 4.163156904458999,
    "final acc": 0.9412999749183655,
    "last batch loss": 0.94921875,
    "epoch_val_accs": [
        0.6715999841690063,
        0.7652999758720398,
        0.7886999845504761,
        0.814300000667572,
        0.8208999633789062,
        0.8376999497413635,
        0.8798999786376953,
        0.9032999873161316,
        0.9217999577522278,
        0.9320999979972839
    ],
    "epoch_losses": [
        1.4365234375,
        1.2626953125,
        1.189453125,
        1.1533203125,
        1.115234375,
        1.11328125,
        1.052734375,
        1.0068359375,
        0.9736328125,
        0.94921875
    ]
}