{
    "opt": {
        "train_epochs": 9.9,
        "batch_size": 1024,
        "lr": 11.5,
        "momentum": 0.85,
        "weight_decay": 0.0153,
        "bias_scaler": 64.0,
        "label_smoothing": 0.2,
        "whiten_bias_epochs": 3
    },
    "aug": {
        "flip": true,
        "translate": 2
    },
    "net": {
        "widths": {
            "block1": 64,
            "block2": 256,
            "block3": 256
        },
        "batchnorm_momentum": 0.6,
        "scaling_factor": 0.1111111111111111,
        "tta_level": 2
    },
    "random_seed": 99,
    "git_commit_hash": "85402c5c6fafc553256ddda6a38a5e86792e3fed",
    "elapsed_wclock_time": 4.07765763950348,
    "final acc": 0.9414999485015869,
    "last batch loss": 0.94140625,
    "epoch_val_accs": [
        0.6672999858856201,
        0.7412999868392944,
        0.8087999820709229,
        0.82669997215271,
        0.849399983882904,
        0.8592999577522278,
        0.859499990940094,
        0.8978999853134155,
        0.9247999787330627,
        0.9337999820709229
    ],
    "epoch_losses": [
        1.4033203125,
        1.2666015625,
        1.18359375,
        1.1572265625,
        1.1259765625,
        1.083984375,
        1.033203125,
        1.0234375,
        0.98193359375,
        0.94140625
    ]
}