{
    "opt": {
        "train_epochs": 9.9,
        "batch_size": 1024,
        "lr": 11.5,
        "momentum": 0.85,
        "weight_decay": 0.0153,
        "bias_scaler": 64.0,
        "label_smoothing": 0.2,
        "whiten_bias_epochs": 3
    },
    "aug": {
        "flip": true,
        "translate": 2
    },
    "net": {
        "widths": {
            "block1": 64,
            "block2": 256,
            "block3": 256
        },
        "batchnorm_momentum": 0.6,
        "scaling_factor": 0.1111111111111111,
        "tta_level": 2
    },
    "random_seed": 99,
    "git_commit_hash": "85402c5c6fafc553256ddda6a38a5e86792e3fed",
    "elapsed_wclock_time": 4.123218507289887,
    "final acc": 0.9398999810218811,
    "last batch loss": 0.9404296875,
    "epoch_val_accs": [
        0.6265000104904175,
        0.7121999859809875,
        0.8119999766349792,
        0.8285999894142151,
        0.8567999601364136,
        0.8650999665260315,
        0.8758999705314636,
        0.8971999883651733,
        0.9204999804496765,
        0.9294999837875366
    ],
    "epoch_losses": [
        1.4345703125,
        1.3125,
        1.1962890625,
        1.1181640625,
        1.115234375,
        1.07421875,
        1.03515625,
        1.0458984375,
        0.9775390625,
        0.9404296875
    ]
}