{
    "opt": {
        "train_epochs": 9.9,
        "batch_size": 1024,
        "lr": 11.5,
        "momentum": 0.85,
        "weight_decay": 0.0153,
        "bias_scaler": 64.0,
        "label_smoothing": 0.2,
        "whiten_bias_epochs": 3
    },
    "aug": {
        "flip": true,
        "translate": 2
    },
    "net": {
        "widths": {
            "block1": 64,
            "block2": 256,
            "block3": 256
        },
        "batchnorm_momentum": 0.6,
        "scaling_factor": 0.1111111111111111,
        "tta_level": 2
    },
    "random_seed": 99,
    "git_commit_hash": "85402c5c6fafc553256ddda6a38a5e86792e3fed",
    "elapsed_wclock_time": 4.0931778869628905,
    "final acc": 0.9390999674797058,
    "last batch loss": 0.93359375,
    "epoch_val_accs": [
        0.689799964427948,
        0.7565000057220459,
        0.7312999963760376,
        0.7882999777793884,
        0.8468999862670898,
        0.8641999959945679,
        0.896399974822998,
        0.902899980545044,
        0.9138999581336975,
        0.9319999814033508
    ],
    "epoch_losses": [
        1.4638671875,
        1.2666015625,
        1.2060546875,
        1.1455078125,
        1.138671875,
        1.0908203125,
        1.0556640625,
        1.01953125,
        0.9912109375,
        0.93359375
    ]
}