{
    "opt": {
        "train_epochs": 9.9,
        "batch_size": 1024,
        "lr": 11.5,
        "momentum": 0.85,
        "weight_decay": 0.0153,
        "bias_scaler": 64.0,
        "label_smoothing": 0.2,
        "whiten_bias_epochs": 3
    },
    "aug": {
        "flip": true,
        "translate": 2
    },
    "net": {
        "widths": {
            "block1": 64,
            "block2": 256,
            "block3": 256
        },
        "batchnorm_momentum": 0.6,
        "scaling_factor": 0.1111111111111111,
        "tta_level": 2
    },
    "random_seed": 99,
    "git_commit_hash": "85402c5c6fafc553256ddda6a38a5e86792e3fed",
    "elapsed_wclock_time": 4.121301534414291,
    "final acc": 0.941100001335144,
    "last batch loss": 0.93505859375,
    "epoch_val_accs": [
        0.6978999972343445,
        0.7631999850273132,
        0.7980999946594238,
        0.8399999737739563,
        0.8770999908447266,
        0.8356999754905701,
        0.8774999976158142,
        0.8955999612808228,
        0.9202999472618103,
        0.9337999820709229
    ],
    "epoch_losses": [
        1.4130859375,
        1.240234375,
        1.1953125,
        1.1630859375,
        1.10546875,
        1.0986328125,
        1.0537109375,
        1.01171875,
        0.96923828125,
        0.93505859375
    ]
}