{
    "opt": {
        "train_epochs": 9.9,
        "batch_size": 1024,
        "lr": 11.5,
        "momentum": 0.85,
        "weight_decay": 0.0153,
        "bias_scaler": 64.0,
        "label_smoothing": 0.2,
        "whiten_bias_epochs": 3
    },
    "aug": {
        "flip": true,
        "translate": 2
    },
    "net": {
        "widths": {
            "block1": 64,
            "block2": 256,
            "block3": 256
        },
        "batchnorm_momentum": 0.6,
        "scaling_factor": 0.1111111111111111,
        "tta_level": 2
    },
    "random_seed": 99,
    "git_commit_hash": "85402c5c6fafc553256ddda6a38a5e86792e3fed",
    "elapsed_wclock_time": 4.043758578062057,
    "final acc": 0.9401999711990356,
    "last batch loss": 0.93603515625,
    "epoch_val_accs": [
        0.6868000030517578,
        0.7293999791145325,
        0.7592999935150146,
        0.8071999549865723,
        0.8384999632835388,
        0.8689999580383301,
        0.8799999952316284,
        0.8980000019073486,
        0.9265999794006348,
        0.9362999796867371
    ],
    "epoch_losses": [
        1.3896484375,
        1.2734375,
        1.2255859375,
        1.166015625,
        1.1826171875,
        1.1083984375,
        1.0556640625,
        1.00390625,
        0.97607421875,
        0.93603515625
    ]
}