{
    "opt": {
        "train_epochs": 9.9,
        "batch_size": 1024,
        "lr": 11.5,
        "momentum": 0.85,
        "weight_decay": 0.0153,
        "bias_scaler": 64.0,
        "label_smoothing": 0.2,
        "whiten_bias_epochs": 3
    },
    "aug": {
        "flip": true,
        "translate": 2
    },
    "net": {
        "widths": {
            "block1": 64,
            "block2": 256,
            "block3": 256
        },
        "batchnorm_momentum": 0.6,
        "scaling_factor": 0.1111111111111111,
        "tta_level": 2
    },
    "random_seed": 99,
    "git_commit_hash": "85402c5c6fafc553256ddda6a38a5e86792e3fed",
    "elapsed_wclock_time": 4.117465547323226,
    "final acc": 0.941100001335144,
    "last batch loss": 0.943359375,
    "epoch_val_accs": [
        0.6431999802589417,
        0.7209999561309814,
        0.8089999556541443,
        0.7882999777793884,
        0.8440999984741211,
        0.8379999995231628,
        0.8745999932289124,
        0.8876999616622925,
        0.9232999682426453,
        0.9315999746322632
    ],
    "epoch_losses": [
        1.423828125,
        1.337890625,
        1.2001953125,
        1.1806640625,
        1.1171875,
        1.1220703125,
        1.0234375,
        1.033203125,
        0.95458984375,
        0.943359375
    ]
}