{
    "opt": {
        "train_epochs": 9.9,
        "batch_size": 1024,
        "lr": 11.5,
        "momentum": 0.85,
        "weight_decay": 0.0153,
        "bias_scaler": 64.0,
        "label_smoothing": 0.2,
        "whiten_bias_epochs": 3
    },
    "aug": {
        "flip": true,
        "translate": 2
    },
    "net": {
        "widths": {
            "block1": 64,
            "block2": 256,
            "block3": 256
        },
        "batchnorm_momentum": 0.6,
        "scaling_factor": 0.1111111111111111,
        "tta_level": 2
    },
    "random_seed": 99,
    "git_commit_hash": "85402c5c6fafc553256ddda6a38a5e86792e3fed",
    "elapsed_wclock_time": 4.036660376310349,
    "final acc": 0.9386000037193298,
    "last batch loss": 0.94580078125,
    "epoch_val_accs": [
        0.6906999945640564,
        0.7861999869346619,
        0.7870999574661255,
        0.8360999822616577,
        0.8497999906539917,
        0.8715999722480774,
        0.8823999762535095,
        0.8898999691009521,
        0.923799991607666,
        0.9309999942779541
    ],
    "epoch_losses": [
        1.419921875,
        1.2705078125,
        1.2001953125,
        1.142578125,
        1.10546875,
        1.076171875,
        1.0517578125,
        1.041015625,
        0.9716796875,
        0.94580078125
    ]
}