{
    "opt": {
        "train_epochs": 9.9,
        "batch_size": 1024,
        "lr": 11.5,
        "momentum": 0.85,
        "weight_decay": 0.0153,
        "bias_scaler": 64.0,
        "label_smoothing": 0.2,
        "whiten_bias_epochs": 3
    },
    "aug": {
        "flip": true,
        "translate": 2
    },
    "net": {
        "widths": {
            "block1": 64,
            "block2": 256,
            "block3": 256
        },
        "batchnorm_momentum": 0.6,
        "scaling_factor": 0.1111111111111111,
        "tta_level": 2
    },
    "random_seed": 99,
    "git_commit_hash": "85402c5c6fafc553256ddda6a38a5e86792e3fed",
    "elapsed_wclock_time": 4.1610323166847225,
    "final acc": 0.9401999711990356,
    "last batch loss": 0.95068359375,
    "epoch_val_accs": [
        0.729200005531311,
        0.7904999852180481,
        0.7954999804496765,
        0.7999999523162842,
        0.820099949836731,
        0.8435999751091003,
        0.8894000053405762,
        0.9052000045776367,
        0.9218999743461609,
        0.9336999654769897
    ],
    "epoch_losses": [
        1.4091796875,
        1.2373046875,
        1.1845703125,
        1.1572265625,
        1.134765625,
        1.095703125,
        1.0341796875,
        1.0146484375,
        0.98046875,
        0.95068359375
    ]
}