{
    "opt": {
        "train_epochs": 9.9,
        "batch_size": 1024,
        "lr": 11.5,
        "momentum": 0.85,
        "weight_decay": 0.0153,
        "bias_scaler": 64.0,
        "label_smoothing": 0.2,
        "whiten_bias_epochs": 3
    },
    "aug": {
        "flip": true,
        "translate": 2
    },
    "net": {
        "widths": {
            "block1": 64,
            "block2": 256,
            "block3": 256
        },
        "batchnorm_momentum": 0.6,
        "scaling_factor": 0.1111111111111111,
        "tta_level": 2
    },
    "random_seed": 99,
    "git_commit_hash": "85402c5c6fafc553256ddda6a38a5e86792e3fed",
    "elapsed_wclock_time": 4.1594049301147455,
    "final acc": 0.9388999938964844,
    "last batch loss": 0.94189453125,
    "epoch_val_accs": [
        0.6782000064849854,
        0.7360999584197998,
        0.7976999878883362,
        0.7782999873161316,
        0.8348000049591064,
        0.8721999526023865,
        0.8655999898910522,
        0.9006999731063843,
        0.9164999723434448,
        0.9336999654769897
    ],
    "epoch_losses": [
        1.3935546875,
        1.279296875,
        1.203125,
        1.126953125,
        1.1474609375,
        1.091796875,
        1.0546875,
        1.033203125,
        0.970703125,
        0.94189453125
    ]
}