{
    "opt": {
        "train_epochs": 9.9,
        "batch_size": 1024,
        "lr": 11.5,
        "momentum": 0.85,
        "weight_decay": 0.0153,
        "bias_scaler": 64.0,
        "label_smoothing": 0.2,
        "whiten_bias_epochs": 3
    },
    "aug": {
        "flip": true,
        "translate": 2
    },
    "net": {
        "widths": {
            "block1": 64,
            "block2": 256,
            "block3": 256
        },
        "batchnorm_momentum": 0.6,
        "scaling_factor": 0.1111111111111111,
        "tta_level": 2
    },
    "random_seed": 99,
    "git_commit_hash": "85402c5c6fafc553256ddda6a38a5e86792e3fed",
    "elapsed_wclock_time": 4.121094768762589,
    "final acc": 0.9419999718666077,
    "last batch loss": 0.93896484375,
    "epoch_val_accs": [
        0.683899998664856,
        0.752299964427948,
        0.8043999671936035,
        0.835099995136261,
        0.8465999960899353,
        0.8781999945640564,
        0.8919000029563904,
        0.8923999667167664,
        0.9226999878883362,
        0.9347999691963196
    ],
    "epoch_losses": [
        1.38671875,
        1.2421875,
        1.1787109375,
        1.162109375,
        1.1083984375,
        1.1162109375,
        1.033203125,
        1.0419921875,
        0.98095703125,
        0.93896484375
    ]
}