{
    "opt": {
        "train_epochs": 9.9,
        "batch_size": 1024,
        "lr": 11.5,
        "momentum": 0.85,
        "weight_decay": 0.0153,
        "bias_scaler": 64.0,
        "label_smoothing": 0.2,
        "whiten_bias_epochs": 3
    },
    "aug": {
        "flip": true,
        "translate": 2
    },
    "net": {
        "widths": {
            "block1": 64,
            "block2": 256,
            "block3": 256
        },
        "batchnorm_momentum": 0.6,
        "scaling_factor": 0.1111111111111111,
        "tta_level": 2
    },
    "random_seed": 99,
    "git_commit_hash": "85402c5c6fafc553256ddda6a38a5e86792e3fed",
    "elapsed_wclock_time": 4.166210990905762,
    "final acc": 0.94159996509552,
    "last batch loss": 0.93701171875,
    "epoch_val_accs": [
        0.6024999618530273,
        0.6776999831199646,
        0.8051999807357788,
        0.8423999547958374,
        0.8538999557495117,
        0.8613999485969543,
        0.8834999799728394,
        0.9021999835968018,
        0.9210999608039856,
        0.9332000017166138
    ],
    "epoch_losses": [
        1.4501953125,
        1.2412109375,
        1.2060546875,
        1.1494140625,
        1.11328125,
        1.0791015625,
        1.0341796875,
        1.037109375,
        0.96923828125,
        0.93701171875
    ]
}