{
    "opt": {
        "train_epochs": 9.9,
        "batch_size": 1024,
        "lr": 11.5,
        "momentum": 0.85,
        "weight_decay": 0.0153,
        "bias_scaler": 64.0,
        "label_smoothing": 0.2,
        "whiten_bias_epochs": 3
    },
    "aug": {
        "flip": true,
        "translate": 2
    },
    "net": {
        "widths": {
            "block1": 64,
            "block2": 256,
            "block3": 256
        },
        "batchnorm_momentum": 0.6,
        "scaling_factor": 0.1111111111111111,
        "tta_level": 2
    },
    "random_seed": 99,
    "git_commit_hash": "85402c5c6fafc553256ddda6a38a5e86792e3fed",
    "elapsed_wclock_time": 4.035613364934922,
    "final acc": 0.9391999840736389,
    "last batch loss": 0.9384765625,
    "epoch_val_accs": [
        0.6693999767303467,
        0.7583000063896179,
        0.7680000066757202,
        0.8484999537467957,
        0.8538999557495117,
        0.8759999871253967,
        0.8949999809265137,
        0.9031999707221985,
        0.9246999621391296,
        0.9305999875068665
    ],
    "epoch_losses": [
        1.4150390625,
        1.25390625,
        1.212890625,
        1.1435546875,
        1.12109375,
        1.0859375,
        1.0205078125,
        1.0234375,
        0.96923828125,
        0.9384765625
    ]
}