{
    "opt": {
        "train_epochs": 9.9,
        "batch_size": 1024,
        "lr": 11.5,
        "momentum": 0.85,
        "weight_decay": 0.0153,
        "bias_scaler": 64.0,
        "label_smoothing": 0.2,
        "whiten_bias_epochs": 3
    },
    "aug": {
        "flip": true,
        "translate": 2
    },
    "net": {
        "widths": {
            "block1": 64,
            "block2": 256,
            "block3": 256
        },
        "batchnorm_momentum": 0.6,
        "scaling_factor": 0.1111111111111111,
        "tta_level": 2
    },
    "random_seed": 99,
    "git_commit_hash": "85402c5c6fafc553256ddda6a38a5e86792e3fed",
    "elapsed_wclock_time": 4.082324565172195,
    "final acc": 0.9386999607086182,
    "last batch loss": 0.94140625,
    "epoch_val_accs": [
        0.6883999705314636,
        0.7601000070571899,
        0.7436999678611755,
        0.7343999743461609,
        0.8578000068664551,
        0.8628000020980835,
        0.84579998254776,
        0.9059999585151672,
        0.9175999760627747,
        0.9319999814033508
    ],
    "epoch_losses": [
        1.4150390625,
        1.2802734375,
        1.2392578125,
        1.1953125,
        1.1298828125,
        1.0625,
        1.048828125,
        1.0166015625,
        0.98095703125,
        0.94140625
    ]
}