{
    "opt": {
        "train_epochs": 9.9,
        "batch_size": 1024,
        "lr": 11.5,
        "momentum": 0.85,
        "weight_decay": 0.0153,
        "bias_scaler": 64.0,
        "label_smoothing": 0.2,
        "whiten_bias_epochs": 3
    },
    "aug": {
        "flip": true,
        "translate": 2
    },
    "net": {
        "widths": {
            "block1": 64,
            "block2": 256,
            "block3": 256
        },
        "batchnorm_momentum": 0.6,
        "scaling_factor": 0.1111111111111111,
        "tta_level": 2
    },
    "random_seed": 99,
    "git_commit_hash": "85402c5c6fafc553256ddda6a38a5e86792e3fed",
    "elapsed_wclock_time": 4.118986051082611,
    "final acc": 0.9404999613761902,
    "last batch loss": 0.9462890625,
    "epoch_val_accs": [
        0.7014999985694885,
        0.6841999888420105,
        0.8069999814033508,
        0.8331999778747559,
        0.8438000082969666,
        0.85589998960495,
        0.8739999532699585,
        0.8885999917984009,
        0.9264000058174133,
        0.9333999752998352
    ],
    "epoch_losses": [
        1.4267578125,
        1.275390625,
        1.212890625,
        1.1416015625,
        1.1220703125,
        1.0966796875,
        1.060546875,
        1.015625,
        0.96630859375,
        0.9462890625
    ]
}