{
    "opt": {
        "train_epochs": 9.9,
        "batch_size": 1024,
        "lr": 11.5,
        "momentum": 0.85,
        "weight_decay": 0.0153,
        "bias_scaler": 64.0,
        "label_smoothing": 0.2,
        "whiten_bias_epochs": 3
    },
    "aug": {
        "flip": true,
        "translate": 2
    },
    "net": {
        "widths": {
            "block1": 64,
            "block2": 256,
            "block3": 256
        },
        "batchnorm_momentum": 0.6,
        "scaling_factor": 0.1111111111111111,
        "tta_level": 2
    },
    "random_seed": 99,
    "git_commit_hash": "85402c5c6fafc553256ddda6a38a5e86792e3fed",
    "elapsed_wclock_time": 4.17093407869339,
    "final acc": 0.9401999711990356,
    "last batch loss": 0.931640625,
    "epoch_val_accs": [
        0.5997999906539917,
        0.726099967956543,
        0.7524999976158142,
        0.8364999890327454,
        0.8456999659538269,
        0.8235999941825867,
        0.8779000043869019,
        0.9005999565124512,
        0.9235000014305115,
        0.9317999482154846
    ],
    "epoch_losses": [
        1.4306640625,
        1.28125,
        1.1962890625,
        1.12890625,
        1.12890625,
        1.0810546875,
        1.0634765625,
        1.015625,
        0.9814453125,
        0.931640625
    ]
}