{
    "opt": {
        "train_epochs": 9.9,
        "batch_size": 1024,
        "lr": 11.5,
        "momentum": 0.85,
        "weight_decay": 0.0153,
        "bias_scaler": 64.0,
        "label_smoothing": 0.2,
        "whiten_bias_epochs": 3
    },
    "aug": {
        "flip": true,
        "translate": 2
    },
    "net": {
        "widths": {
            "block1": 64,
            "block2": 256,
            "block3": 256
        },
        "batchnorm_momentum": 0.6,
        "scaling_factor": 0.1111111111111111,
        "tta_level": 2
    },
    "random_seed": 99,
    "git_commit_hash": "85402c5c6fafc553256ddda6a38a5e86792e3fed",
    "elapsed_wclock_time": 4.087247686862946,
    "final acc": 0.9412999749183655,
    "last batch loss": 0.9365234375,
    "epoch_val_accs": [
        0.7010999917984009,
        0.7541999816894531,
        0.7845999598503113,
        0.8356999754905701,
        0.8555999994277954,
        0.833299994468689,
        0.8947999477386475,
        0.9059000015258789,
        0.9246000051498413,
        0.9340999722480774
    ],
    "epoch_losses": [
        1.4189453125,
        1.263671875,
        1.1845703125,
        1.16796875,
        1.11328125,
        1.09375,
        1.0576171875,
        1.0166015625,
        0.9619140625,
        0.9365234375
    ]
}