{
    "opt": {
        "train_epochs": 9.9,
        "batch_size": 1024,
        "lr": 11.5,
        "momentum": 0.85,
        "weight_decay": 0.0153,
        "bias_scaler": 64.0,
        "label_smoothing": 0.2,
        "whiten_bias_epochs": 3
    },
    "aug": {
        "flip": true,
        "translate": 2
    },
    "net": {
        "widths": {
            "block1": 64,
            "block2": 256,
            "block3": 256
        },
        "batchnorm_momentum": 0.6,
        "scaling_factor": 0.1111111111111111,
        "tta_level": 2
    },
    "random_seed": 99,
    "git_commit_hash": "85402c5c6fafc553256ddda6a38a5e86792e3fed",
    "elapsed_wclock_time": 4.170665718078614,
    "final acc": 0.9396999478340149,
    "last batch loss": 0.9345703125,
    "epoch_val_accs": [
        0.656499981880188,
        0.7622999548912048,
        0.7843999862670898,
        0.8366000056266785,
        0.8367999792098999,
        0.8542999625205994,
        0.8725000023841858,
        0.906499981880188,
        0.9179999828338623,
        0.9302999973297119
    ],
    "epoch_losses": [
        1.443359375,
        1.2841796875,
        1.2197265625,
        1.1494140625,
        1.1357421875,
        1.0595703125,
        1.05078125,
        1.037109375,
        0.97802734375,
        0.9345703125
    ]
}