{
    "opt": {
        "train_epochs": 9.9,
        "batch_size": 1024,
        "lr": 11.5,
        "momentum": 0.85,
        "weight_decay": 0.0153,
        "bias_scaler": 64.0,
        "label_smoothing": 0.2,
        "whiten_bias_epochs": 3
    },
    "aug": {
        "flip": true,
        "translate": 2
    },
    "net": {
        "widths": {
            "block1": 64,
            "block2": 256,
            "block3": 256
        },
        "batchnorm_momentum": 0.6,
        "scaling_factor": 0.1111111111111111,
        "tta_level": 2
    },
    "random_seed": 99,
    "git_commit_hash": "85402c5c6fafc553256ddda6a38a5e86792e3fed",
    "elapsed_wclock_time": 4.125158571720124,
    "final acc": 0.9402999877929688,
    "last batch loss": 0.9453125,
    "epoch_val_accs": [
        0.7181999683380127,
        0.680899977684021,
        0.7518999576568604,
        0.8341999650001526,
        0.8509999513626099,
        0.8215999603271484,
        0.8550999760627747,
        0.8946999907493591,
        0.9188999533653259,
        0.9318999648094177
    ],
    "epoch_losses": [
        1.431640625,
        1.275390625,
        1.16796875,
        1.1533203125,
        1.142578125,
        1.08984375,
        1.0517578125,
        1.0048828125,
        0.9814453125,
        0.9453125
    ]
}