{
    "opt": {
        "train_epochs": 9.9,
        "batch_size": 1024,
        "lr": 11.5,
        "momentum": 0.85,
        "weight_decay": 0.0153,
        "bias_scaler": 64.0,
        "label_smoothing": 0.2,
        "whiten_bias_epochs": 3
    },
    "aug": {
        "flip": true,
        "translate": 2
    },
    "net": {
        "widths": {
            "block1": 64,
            "block2": 256,
            "block3": 256
        },
        "batchnorm_momentum": 0.6,
        "scaling_factor": 0.1111111111111111,
        "tta_level": 2
    },
    "random_seed": 99,
    "git_commit_hash": "85402c5c6fafc553256ddda6a38a5e86792e3fed",
    "elapsed_wclock_time": 4.12573567032814,
    "final acc": 0.9407999515533447,
    "last batch loss": 0.947265625,
    "epoch_val_accs": [
        0.6227999925613403,
        0.7714999914169312,
        0.7191999554634094,
        0.8242999911308289,
        0.8420999646186829,
        0.8470999598503113,
        0.8811999559402466,
        0.8889999985694885,
        0.9177999496459961,
        0.9309999942779541
    ],
    "epoch_losses": [
        1.427734375,
        1.2490234375,
        1.216796875,
        1.166015625,
        1.1220703125,
        1.0810546875,
        1.0380859375,
        1.0263671875,
        0.96240234375,
        0.947265625
    ]
}