{
    "opt": {
        "train_epochs": 9.9,
        "batch_size": 1024,
        "lr": 11.5,
        "momentum": 0.85,
        "weight_decay": 0.0153,
        "bias_scaler": 64.0,
        "label_smoothing": 0.2,
        "whiten_bias_epochs": 3
    },
    "aug": {
        "flip": true,
        "translate": 2
    },
    "net": {
        "widths": {
            "block1": 64,
            "block2": 256,
            "block3": 256
        },
        "batchnorm_momentum": 0.6,
        "scaling_factor": 0.1111111111111111,
        "tta_level": 2
    },
    "random_seed": 99,
    "git_commit_hash": "85402c5c6fafc553256ddda6a38a5e86792e3fed",
    "elapsed_wclock_time": 4.161068256139755,
    "final acc": 0.9380999803543091,
    "last batch loss": 0.94384765625,
    "epoch_val_accs": [
        0.6554999947547913,
        0.7206999659538269,
        0.8064999580383301,
        0.7990999817848206,
        0.85999995470047,
        0.8798999786376953,
        0.8925999999046326,
        0.9030999541282654,
        0.9233999848365784,
        0.9330999851226807
    ],
    "epoch_losses": [
        1.4609375,
        1.265625,
        1.193359375,
        1.142578125,
        1.1162109375,
        1.09765625,
        1.04296875,
        1.013671875,
        0.97216796875,
        0.94384765625
    ]
}