{
    "opt": {
        "train_epochs": 9.9,
        "batch_size": 1024,
        "lr": 11.5,
        "momentum": 0.85,
        "weight_decay": 0.0153,
        "bias_scaler": 64.0,
        "label_smoothing": 0.2,
        "whiten_bias_epochs": 3
    },
    "aug": {
        "flip": true,
        "translate": 2
    },
    "net": {
        "widths": {
            "block1": 64,
            "block2": 256,
            "block3": 256
        },
        "batchnorm_momentum": 0.6,
        "scaling_factor": 0.1111111111111111,
        "tta_level": 2
    },
    "random_seed": 99,
    "git_commit_hash": "85402c5c6fafc553256ddda6a38a5e86792e3fed",
    "elapsed_wclock_time": 4.115115624666214,
    "final acc": 0.9382999539375305,
    "last batch loss": 0.93359375,
    "epoch_val_accs": [
        0.6696999669075012,
        0.7459999918937683,
        0.778499960899353,
        0.8183000087738037,
        0.8454999923706055,
        0.8567000031471252,
        0.8423999547958374,
        0.902899980545044,
        0.9259999990463257,
        0.9322999715805054
    ],
    "epoch_losses": [
        1.4111328125,
        1.2666015625,
        1.2275390625,
        1.14453125,
        1.134765625,
        1.099609375,
        1.0361328125,
        1.02734375,
        0.97119140625,
        0.93359375
    ]
}