{
    "opt": {
        "train_epochs": 9.9,
        "batch_size": 1024,
        "lr": 11.5,
        "momentum": 0.85,
        "weight_decay": 0.0153,
        "bias_scaler": 64.0,
        "label_smoothing": 0.2,
        "whiten_bias_epochs": 3
    },
    "aug": {
        "flip": true,
        "translate": 2
    },
    "net": {
        "widths": {
            "block1": 64,
            "block2": 256,
            "block3": 256
        },
        "batchnorm_momentum": 0.6,
        "scaling_factor": 0.1111111111111111,
        "tta_level": 2
    },
    "random_seed": 99,
    "git_commit_hash": "85402c5c6fafc553256ddda6a38a5e86792e3fed",
    "elapsed_wclock_time": 4.128806725978851,
    "final acc": 0.9400999546051025,
    "last batch loss": 0.93994140625,
    "epoch_val_accs": [
        0.7037999629974365,
        0.7560999989509583,
        0.8278999924659729,
        0.8021000027656555,
        0.8470999598503113,
        0.7991999983787537,
        0.8925999999046326,
        0.8912999629974365,
        0.9136999845504761,
        0.9325999617576599
    ],
    "epoch_losses": [
        1.4501953125,
        1.2802734375,
        1.20703125,
        1.1611328125,
        1.1337890625,
        1.111328125,
        1.0576171875,
        1.021484375,
        0.9638671875,
        0.93994140625
    ]
}