{
    "opt": {
        "train_epochs": 9.9,
        "batch_size": 1024,
        "lr": 11.5,
        "momentum": 0.85,
        "weight_decay": 0.0153,
        "bias_scaler": 64.0,
        "label_smoothing": 0.2,
        "whiten_bias_epochs": 3
    },
    "aug": {
        "flip": true,
        "translate": 2
    },
    "net": {
        "widths": {
            "block1": 64,
            "block2": 256,
            "block3": 256
        },
        "batchnorm_momentum": 0.6,
        "scaling_factor": 0.1111111111111111,
        "tta_level": 2
    },
    "random_seed": 99,
    "git_commit_hash": "85402c5c6fafc553256ddda6a38a5e86792e3fed",
    "elapsed_wclock_time": 4.075189848184585,
    "final acc": 0.9377999901771545,
    "last batch loss": 0.947265625,
    "epoch_val_accs": [
        0.6947000026702881,
        0.7651999592781067,
        0.8192999958992004,
        0.8425999879837036,
        0.842199981212616,
        0.8326999545097351,
        0.8969999551773071,
        0.8896999955177307,
        0.9221999645233154,
        0.9303999543190002
    ],
    "epoch_losses": [
        1.484375,
        1.2470703125,
        1.173828125,
        1.1787109375,
        1.1318359375,
        1.091796875,
        1.0234375,
        1.0498046875,
        0.9794921875,
        0.947265625
    ]
}