{
    "opt": {
        "train_epochs": 9.9,
        "batch_size": 1024,
        "lr": 11.5,
        "momentum": 0.85,
        "weight_decay": 0.0153,
        "bias_scaler": 64.0,
        "label_smoothing": 0.2,
        "whiten_bias_epochs": 3
    },
    "aug": {
        "flip": true,
        "translate": 2
    },
    "net": {
        "widths": {
            "block1": 64,
            "block2": 256,
            "block3": 256
        },
        "batchnorm_momentum": 0.6,
        "scaling_factor": 0.1111111111111111,
        "tta_level": 2
    },
    "random_seed": 99,
    "git_commit_hash": "85402c5c6fafc553256ddda6a38a5e86792e3fed",
    "elapsed_wclock_time": 4.136965986967087,
    "final acc": 0.9417999982833862,
    "last batch loss": 0.93408203125,
    "epoch_val_accs": [
        0.6050999760627747,
        0.6796999573707581,
        0.7174999713897705,
        0.7728999853134155,
        0.8362999558448792,
        0.8689000010490417,
        0.8931999802589417,
        0.9052000045776367,
        0.920699954032898,
        0.9341999888420105
    ],
    "epoch_losses": [
        1.453125,
        1.3095703125,
        1.1953125,
        1.1787109375,
        1.1181640625,
        1.08203125,
        1.041015625,
        1.0263671875,
        0.97412109375,
        0.93408203125
    ]
}