{
    "opt": {
        "train_epochs": 9.9,
        "batch_size": 1024,
        "lr": 11.5,
        "momentum": 0.85,
        "weight_decay": 0.0153,
        "bias_scaler": 64.0,
        "label_smoothing": 0.2,
        "whiten_bias_epochs": 3
    },
    "aug": {
        "flip": true,
        "translate": 2
    },
    "net": {
        "widths": {
            "block1": 64,
            "block2": 256,
            "block3": 256
        },
        "batchnorm_momentum": 0.6,
        "scaling_factor": 0.1111111111111111,
        "tta_level": 2
    },
    "random_seed": 99,
    "git_commit_hash": "85402c5c6fafc553256ddda6a38a5e86792e3fed",
    "elapsed_wclock_time": 4.043085315465927,
    "final acc": 0.9404999613761902,
    "last batch loss": 0.94091796875,
    "epoch_val_accs": [
        0.7051999568939209,
        0.5884999632835388,
        0.7861999869346619,
        0.840999960899353,
        0.8443999886512756,
        0.8625999689102173,
        0.8872999548912048,
        0.8999999761581421,
        0.9186999797821045,
        0.9315999746322632
    ],
    "epoch_losses": [
        1.4453125,
        1.2705078125,
        1.193359375,
        1.1455078125,
        1.1044921875,
        1.09375,
        1.0361328125,
        1.009765625,
        0.978515625,
        0.94091796875
    ]
}