{
    "opt": {
        "train_epochs": 9.9,
        "batch_size": 1024,
        "lr": 11.5,
        "momentum": 0.85,
        "weight_decay": 0.0153,
        "bias_scaler": 64.0,
        "label_smoothing": 0.2,
        "whiten_bias_epochs": 3
    },
    "aug": {
        "flip": true,
        "translate": 2
    },
    "net": {
        "widths": {
            "block1": 64,
            "block2": 256,
            "block3": 256
        },
        "batchnorm_momentum": 0.6,
        "scaling_factor": 0.1111111111111111,
        "tta_level": 2
    },
    "random_seed": 99,
    "git_commit_hash": "85402c5c6fafc553256ddda6a38a5e86792e3fed",
    "elapsed_wclock_time": 4.0366539645195,
    "final acc": 0.9389999508857727,
    "last batch loss": 0.9423828125,
    "epoch_val_accs": [
        0.625,
        0.7774999737739563,
        0.7511999607086182,
        0.8180999755859375,
        0.802899956703186,
        0.8672999739646912,
        0.8852999806404114,
        0.8664999604225159,
        0.923799991607666,
        0.9334999918937683
    ],
    "epoch_losses": [
        1.5,
        1.2333984375,
        1.1943359375,
        1.1611328125,
        1.1669921875,
        1.0908203125,
        1.0478515625,
        1.029296875,
        0.990234375,
        0.9423828125
    ]
}