{
    "opt": {
        "train_epochs": 9.9,
        "batch_size": 1024,
        "lr": 11.5,
        "momentum": 0.85,
        "weight_decay": 0.0153,
        "bias_scaler": 64.0,
        "label_smoothing": 0.2,
        "whiten_bias_epochs": 3
    },
    "aug": {
        "flip": true,
        "translate": 2
    },
    "net": {
        "widths": {
            "block1": 64,
            "block2": 256,
            "block3": 256
        },
        "batchnorm_momentum": 0.6,
        "scaling_factor": 0.1111111111111111,
        "tta_level": 2
    },
    "random_seed": 99,
    "git_commit_hash": "85402c5c6fafc553256ddda6a38a5e86792e3fed",
    "elapsed_wclock_time": 4.119281586647034,
    "final acc": 0.9373999834060669,
    "last batch loss": 0.93701171875,
    "epoch_val_accs": [
        0.6473999619483948,
        0.7488999962806702,
        0.8083999752998352,
        0.6646999716758728,
        0.8061999678611755,
        0.8574999570846558,
        0.8962999582290649,
        0.9017999768257141,
        0.9182999730110168,
        0.9322999715805054
    ],
    "epoch_losses": [
        1.392578125,
        1.2861328125,
        1.212890625,
        1.1591796875,
        1.1298828125,
        1.0849609375,
        1.0224609375,
        1.0146484375,
        0.97509765625,
        0.93701171875
    ]
}