{
    "opt": {
        "train_epochs": 9.9,
        "batch_size": 1024,
        "lr": 11.5,
        "momentum": 0.85,
        "weight_decay": 0.0153,
        "bias_scaler": 64.0,
        "label_smoothing": 0.2,
        "whiten_bias_epochs": 3
    },
    "aug": {
        "flip": true,
        "translate": 2
    },
    "net": {
        "widths": {
            "block1": 64,
            "block2": 256,
            "block3": 256
        },
        "batchnorm_momentum": 0.6,
        "scaling_factor": 0.1111111111111111,
        "tta_level": 2
    },
    "random_seed": 99,
    "git_commit_hash": "85402c5c6fafc553256ddda6a38a5e86792e3fed",
    "elapsed_wclock_time": 4.118875909805298,
    "final acc": 0.9381999969482422,
    "last batch loss": 0.9365234375,
    "epoch_val_accs": [
        0.6766999959945679,
        0.7408999800682068,
        0.799299955368042,
        0.8057000041007996,
        0.8513000011444092,
        0.865399956703186,
        0.8878999948501587,
        0.9139999747276306,
        0.9218999743461609,
        0.9292999505996704
    ],
    "epoch_losses": [
        1.4404296875,
        1.271484375,
        1.189453125,
        1.1494140625,
        1.11328125,
        1.08984375,
        1.0634765625,
        1.009765625,
        0.974609375,
        0.9365234375
    ]
}