{
    "opt": {
        "train_epochs": 9.9,
        "batch_size": 1024,
        "lr": 11.5,
        "momentum": 0.85,
        "weight_decay": 0.0153,
        "bias_scaler": 64.0,
        "label_smoothing": 0.2,
        "whiten_bias_epochs": 3
    },
    "aug": {
        "flip": true,
        "translate": 2
    },
    "net": {
        "widths": {
            "block1": 64,
            "block2": 256,
            "block3": 256
        },
        "batchnorm_momentum": 0.6,
        "scaling_factor": 0.1111111111111111,
        "tta_level": 2
    },
    "random_seed": 99,
    "git_commit_hash": "85402c5c6fafc553256ddda6a38a5e86792e3fed",
    "elapsed_wclock_time": 4.121129116535187,
    "final acc": 0.9404000043869019,
    "last batch loss": 0.94140625,
    "epoch_val_accs": [
        0.6196999549865723,
        0.7414000034332275,
        0.7782999873161316,
        0.8440999984741211,
        0.8488999605178833,
        0.8305999636650085,
        0.8813999891281128,
        0.8994999527931213,
        0.921999990940094,
        0.9312999844551086
    ],
    "epoch_losses": [
        1.44140625,
        1.2861328125,
        1.1875,
        1.1494140625,
        1.142578125,
        1.0703125,
        1.048828125,
        0.99658203125,
        0.96484375,
        0.94140625
    ]
}