{
    "opt": {
        "train_epochs": 9.9,
        "batch_size": 1024,
        "lr": 11.5,
        "momentum": 0.85,
        "weight_decay": 0.0153,
        "bias_scaler": 64.0,
        "label_smoothing": 0.2,
        "whiten_bias_epochs": 3
    },
    "aug": {
        "flip": true,
        "translate": 2
    },
    "net": {
        "widths": {
            "block1": 64,
            "block2": 256,
            "block3": 256
        },
        "batchnorm_momentum": 0.6,
        "scaling_factor": 0.1111111111111111,
        "tta_level": 2
    },
    "random_seed": 99,
    "git_commit_hash": "85402c5c6fafc553256ddda6a38a5e86792e3fed",
    "elapsed_wclock_time": 4.14796040558815,
    "final acc": 0.9409999847412109,
    "last batch loss": 0.9462890625,
    "epoch_val_accs": [
        0.67249995470047,
        0.7595999836921692,
        0.8097999691963196,
        0.8080999851226807,
        0.8069999814033508,
        0.8887999653816223,
        0.8777999877929688,
        0.9041000008583069,
        0.9235999584197998,
        0.9332000017166138
    ],
    "epoch_losses": [
        1.412109375,
        1.283203125,
        1.2001953125,
        1.1650390625,
        1.1513671875,
        1.0830078125,
        1.0537109375,
        1.021484375,
        0.96826171875,
        0.9462890625
    ]
}