{
    "opt": {
        "train_epochs": 9.9,
        "batch_size": 1024,
        "lr": 11.5,
        "momentum": 0.85,
        "weight_decay": 0.0153,
        "bias_scaler": 64.0,
        "label_smoothing": 0.2,
        "whiten_bias_epochs": 3
    },
    "aug": {
        "flip": true,
        "translate": 2
    },
    "net": {
        "widths": {
            "block1": 64,
            "block2": 256,
            "block3": 256
        },
        "batchnorm_momentum": 0.6,
        "scaling_factor": 0.1111111111111111,
        "tta_level": 2
    },
    "random_seed": 99,
    "git_commit_hash": "85402c5c6fafc553256ddda6a38a5e86792e3fed",
    "elapsed_wclock_time": 4.119884779453279,
    "final acc": 0.9418999552726746,
    "last batch loss": 0.93359375,
    "epoch_val_accs": [
        0.6965999603271484,
        0.4964999854564667,
        0.7866999506950378,
        0.7416999936103821,
        0.8601999878883362,
        0.835599958896637,
        0.8776999711990356,
        0.8953999876976013,
        0.9240999817848206,
        0.9358999729156494
    ],
    "epoch_losses": [
        1.4150390625,
        1.28125,
        1.208984375,
        1.16796875,
        1.1279296875,
        1.115234375,
        1.0537109375,
        1.0244140625,
        0.984375,
        0.93359375
    ]
}