{
    "opt": {
        "train_epochs": 9.9,
        "batch_size": 1024,
        "lr": 11.5,
        "momentum": 0.85,
        "weight_decay": 0.0153,
        "bias_scaler": 64.0,
        "label_smoothing": 0.2,
        "whiten_bias_epochs": 3
    },
    "aug": {
        "flip": true,
        "translate": 2
    },
    "net": {
        "widths": {
            "block1": 64,
            "block2": 256,
            "block3": 256
        },
        "batchnorm_momentum": 0.6,
        "scaling_factor": 0.1111111111111111,
        "tta_level": 2
    },
    "random_seed": 99,
    "git_commit_hash": "85402c5c6fafc553256ddda6a38a5e86792e3fed",
    "elapsed_wclock_time": 4.128371731996537,
    "final acc": 0.9390999674797058,
    "last batch loss": 0.935546875,
    "epoch_val_accs": [
        0.6617000102996826,
        0.777999997138977,
        0.8008999824523926,
        0.7849999666213989,
        0.8147000074386597,
        0.8672999739646912,
        0.8944999575614929,
        0.9038999676704407,
        0.9180999994277954,
        0.9309999942779541
    ],
    "epoch_losses": [
        1.4052734375,
        1.203125,
        1.2158203125,
        1.1640625,
        1.138671875,
        1.1103515625,
        1.048828125,
        1.0087890625,
        0.9697265625,
        0.935546875
    ]
}