{
    "opt": {
        "train_epochs": 9.9,
        "batch_size": 1024,
        "lr": 11.5,
        "momentum": 0.85,
        "weight_decay": 0.0153,
        "bias_scaler": 64.0,
        "label_smoothing": 0.2,
        "whiten_bias_epochs": 3
    },
    "aug": {
        "flip": true,
        "translate": 2
    },
    "net": {
        "widths": {
            "block1": 64,
            "block2": 256,
            "block3": 256
        },
        "batchnorm_momentum": 0.6,
        "scaling_factor": 0.1111111111111111,
        "tta_level": 2
    },
    "random_seed": 99,
    "git_commit_hash": "85402c5c6fafc553256ddda6a38a5e86792e3fed",
    "elapsed_wclock_time": 4.1610363996028905,
    "final acc": 0.9407999515533447,
    "last batch loss": 0.94189453125,
    "epoch_val_accs": [
        0.5859000086784363,
        0.7360000014305115,
        0.7446999549865723,
        0.8060999512672424,
        0.8316999673843384,
        0.8331999778747559,
        0.8888999819755554,
        0.9037999510765076,
        0.9222999811172485,
        0.933899998664856
    ],
    "epoch_losses": [
        1.44921875,
        1.271484375,
        1.197265625,
        1.154296875,
        1.119140625,
        1.0966796875,
        1.056640625,
        1.005859375,
        0.9912109375,
        0.94189453125
    ]
}