{
    "opt": {
        "train_epochs": 9.9,
        "batch_size": 1024,
        "lr": 11.5,
        "momentum": 0.85,
        "weight_decay": 0.0153,
        "bias_scaler": 64.0,
        "label_smoothing": 0.2,
        "whiten_bias_epochs": 3
    },
    "aug": {
        "flip": true,
        "translate": 2
    },
    "net": {
        "widths": {
            "block1": 64,
            "block2": 256,
            "block3": 256
        },
        "batchnorm_momentum": 0.6,
        "scaling_factor": 0.1111111111111111,
        "tta_level": 2
    },
    "random_seed": 99,
    "git_commit_hash": "85402c5c6fafc553256ddda6a38a5e86792e3fed",
    "elapsed_wclock_time": 4.165212633371354,
    "final acc": 0.941100001335144,
    "last batch loss": 0.9423828125,
    "epoch_val_accs": [
        0.6487999558448792,
        0.7597000002861023,
        0.8375999927520752,
        0.8098999857902527,
        0.8484999537467957,
        0.8539999723434448,
        0.8919999599456787,
        0.9044999480247498,
        0.9218999743461609,
        0.9346999526023865
    ],
    "epoch_losses": [
        1.4375,
        1.2626953125,
        1.1708984375,
        1.173828125,
        1.1455078125,
        1.0771484375,
        1.037109375,
        1.0244140625,
        0.9697265625,
        0.9423828125
    ]
}