{
    "opt": {
        "train_epochs": 9.9,
        "batch_size": 1024,
        "lr": 11.5,
        "momentum": 0.85,
        "weight_decay": 0.0153,
        "bias_scaler": 64.0,
        "label_smoothing": 0.2,
        "whiten_bias_epochs": 3
    },
    "aug": {
        "flip": true,
        "translate": 2
    },
    "net": {
        "widths": {
            "block1": 64,
            "block2": 256,
            "block3": 256
        },
        "batchnorm_momentum": 0.6,
        "scaling_factor": 0.1111111111111111,
        "tta_level": 2
    },
    "random_seed": 99,
    "git_commit_hash": "85402c5c6fafc553256ddda6a38a5e86792e3fed",
    "elapsed_wclock_time": 4.171294764995576,
    "final acc": 0.9377999901771545,
    "last batch loss": 0.9345703125,
    "epoch_val_accs": [
        0.7185999751091003,
        0.774399995803833,
        0.7268999814987183,
        0.8248999714851379,
        0.8555999994277954,
        0.8238999843597412,
        0.8834999799728394,
        0.9047999978065491,
        0.921999990940094,
        0.9330999851226807
    ],
    "epoch_losses": [
        1.4287109375,
        1.2529296875,
        1.23046875,
        1.1396484375,
        1.14453125,
        1.0908203125,
        1.037109375,
        1.009765625,
        0.9765625,
        0.9345703125
    ]
}