{
    "opt": {
        "train_epochs": 9.9,
        "batch_size": 1024,
        "lr": 11.5,
        "momentum": 0.85,
        "weight_decay": 0.0153,
        "bias_scaler": 64.0,
        "label_smoothing": 0.2,
        "whiten_bias_epochs": 3
    },
    "aug": {
        "flip": true,
        "translate": 2
    },
    "net": {
        "widths": {
            "block1": 64,
            "block2": 256,
            "block3": 256
        },
        "batchnorm_momentum": 0.6,
        "scaling_factor": 0.1111111111111111,
        "tta_level": 2
    },
    "random_seed": 99,
    "git_commit_hash": "85402c5c6fafc553256ddda6a38a5e86792e3fed",
    "elapsed_wclock_time": 4.044127769708633,
    "final acc": 0.9396999478340149,
    "last batch loss": 0.9453125,
    "epoch_val_accs": [
        0.5938000082969666,
        0.7251999974250793,
        0.7899999618530273,
        0.8263999819755554,
        0.8700999617576599,
        0.8468999862670898,
        0.8980000019073486,
        0.9036999940872192,
        0.9220999479293823,
        0.9333999752998352
    ],
    "epoch_losses": [
        1.4296875,
        1.3203125,
        1.212890625,
        1.134765625,
        1.1044921875,
        1.087890625,
        1.05078125,
        1.0322265625,
        0.95458984375,
        0.9453125
    ]
}