{
    "opt": {
        "train_epochs": 9.9,
        "batch_size": 1024,
        "lr": 11.5,
        "momentum": 0.85,
        "weight_decay": 0.0153,
        "bias_scaler": 64.0,
        "label_smoothing": 0.2,
        "whiten_bias_epochs": 3
    },
    "aug": {
        "flip": true,
        "translate": 2
    },
    "net": {
        "widths": {
            "block1": 64,
            "block2": 256,
            "block3": 256
        },
        "batchnorm_momentum": 0.6,
        "scaling_factor": 0.1111111111111111,
        "tta_level": 2
    },
    "random_seed": 99,
    "git_commit_hash": "85402c5c6fafc553256ddda6a38a5e86792e3fed",
    "elapsed_wclock_time": 4.164502621889114,
    "final acc": 0.9438999891281128,
    "last batch loss": 0.95068359375,
    "epoch_val_accs": [
        0.6836999654769897,
        0.5126000046730042,
        0.7774999737739563,
        0.8281999826431274,
        0.8384999632835388,
        0.8708999752998352,
        0.8789999485015869,
        0.8981999754905701,
        0.9253999590873718,
        0.9323999881744385
    ],
    "epoch_losses": [
        1.427734375,
        1.33984375,
        1.2060546875,
        1.1474609375,
        1.130859375,
        1.0654296875,
        1.0361328125,
        1.0361328125,
        0.96826171875,
        0.95068359375
    ]
}