{
    "opt": {
        "train_epochs": 9.9,
        "batch_size": 1024,
        "lr": 11.5,
        "momentum": 0.85,
        "weight_decay": 0.0153,
        "bias_scaler": 64.0,
        "label_smoothing": 0.2,
        "whiten_bias_epochs": 3
    },
    "aug": {
        "flip": true,
        "translate": 2
    },
    "net": {
        "widths": {
            "block1": 64,
            "block2": 256,
            "block3": 256
        },
        "batchnorm_momentum": 0.6,
        "scaling_factor": 0.1111111111111111,
        "tta_level": 2
    },
    "random_seed": 99,
    "git_commit_hash": "85402c5c6fafc553256ddda6a38a5e86792e3fed",
    "elapsed_wclock_time": 4.169732464790344,
    "final acc": 0.9404999613761902,
    "last batch loss": 0.93701171875,
    "epoch_val_accs": [
        0.6628999710083008,
        0.6857999563217163,
        0.8197999596595764,
        0.8208999633789062,
        0.8359999656677246,
        0.8561999797821045,
        0.8867999911308289,
        0.8962000012397766,
        0.9228999614715576,
        0.9311999678611755
    ],
    "epoch_losses": [
        1.458984375,
        1.2626953125,
        1.16796875,
        1.142578125,
        1.1494140625,
        1.0859375,
        1.0546875,
        1.0302734375,
        0.9736328125,
        0.93701171875
    ]
}