{
    "opt": {
        "train_epochs": 9.9,
        "batch_size": 1024,
        "lr": 11.5,
        "momentum": 0.85,
        "weight_decay": 0.0153,
        "bias_scaler": 64.0,
        "label_smoothing": 0.2,
        "whiten_bias_epochs": 3
    },
    "aug": {
        "flip": true,
        "translate": 2
    },
    "net": {
        "widths": {
            "block1": 64,
            "block2": 256,
            "block3": 256
        },
        "batchnorm_momentum": 0.6,
        "scaling_factor": 0.1111111111111111,
        "tta_level": 2
    },
    "random_seed": 99,
    "git_commit_hash": "85402c5c6fafc553256ddda6a38a5e86792e3fed",
    "elapsed_wclock_time": 4.123577017784118,
    "final acc": 0.9386000037193298,
    "last batch loss": 0.94189453125,
    "epoch_val_accs": [
        0.6908000111579895,
        0.7586999535560608,
        0.7060999870300293,
        0.8432999849319458,
        0.8418999910354614,
        0.8690999746322632,
        0.8795999884605408,
        0.9043999910354614,
        0.9233999848365784,
        0.9310999512672424
    ],
    "epoch_losses": [
        1.4521484375,
        1.2529296875,
        1.220703125,
        1.1630859375,
        1.13671875,
        1.11328125,
        1.0478515625,
        1.0185546875,
        0.96484375,
        0.94189453125
    ]
}