{
    "opt": {
        "train_epochs": 9.9,
        "batch_size": 1024,
        "lr": 11.5,
        "momentum": 0.85,
        "weight_decay": 0.0153,
        "bias_scaler": 64.0,
        "label_smoothing": 0.2,
        "whiten_bias_epochs": 3
    },
    "aug": {
        "flip": true,
        "translate": 2
    },
    "net": {
        "widths": {
            "block1": 64,
            "block2": 256,
            "block3": 256
        },
        "batchnorm_momentum": 0.6,
        "scaling_factor": 0.1111111111111111,
        "tta_level": 2
    },
    "random_seed": 99,
    "git_commit_hash": "85402c5c6fafc553256ddda6a38a5e86792e3fed",
    "elapsed_wclock_time": 4.164352745056153,
    "final acc": 0.941100001335144,
    "last batch loss": 0.93994140625,
    "epoch_val_accs": [
        0.6839999556541443,
        0.7294999957084656,
        0.7091999650001526,
        0.8314999938011169,
        0.8357999920845032,
        0.870199978351593,
        0.8625999689102173,
        0.8964999914169312,
        0.9268999695777893,
        0.933899998664856
    ],
    "epoch_losses": [
        1.4580078125,
        1.25390625,
        1.171875,
        1.15625,
        1.1474609375,
        1.0771484375,
        1.0419921875,
        1.021484375,
        0.96875,
        0.93994140625
    ]
}