{
    "opt": {
        "train_epochs": 9.9,
        "batch_size": 1024,
        "lr": 11.5,
        "momentum": 0.85,
        "weight_decay": 0.0153,
        "bias_scaler": 64.0,
        "label_smoothing": 0.2,
        "whiten_bias_epochs": 3
    },
    "aug": {
        "flip": true,
        "translate": 2
    },
    "net": {
        "widths": {
            "block1": 64,
            "block2": 256,
            "block3": 256
        },
        "batchnorm_momentum": 0.6,
        "scaling_factor": 0.1111111111111111,
        "tta_level": 2
    },
    "random_seed": 99,
    "git_commit_hash": "85402c5c6fafc553256ddda6a38a5e86792e3fed",
    "elapsed_wclock_time": 4.126752619266511,
    "final acc": 0.939300000667572,
    "last batch loss": 0.9541015625,
    "epoch_val_accs": [
        0.7050999999046326,
        0.6419000029563904,
        0.7738999724388123,
        0.7031999826431274,
        0.8552999496459961,
        0.8636999726295471,
        0.8835999965667725,
        0.8988999724388123,
        0.91839998960495,
        0.9303999543190002
    ],
    "epoch_losses": [
        1.4375,
        1.2763671875,
        1.2158203125,
        1.1708984375,
        1.1337890625,
        1.1103515625,
        1.0439453125,
        1.0166015625,
        0.978515625,
        0.9541015625
    ]
}