{
    "opt": {
        "train_epochs": 9.9,
        "batch_size": 1024,
        "lr": 11.5,
        "momentum": 0.85,
        "weight_decay": 0.0153,
        "bias_scaler": 64.0,
        "label_smoothing": 0.2,
        "whiten_bias_epochs": 3
    },
    "aug": {
        "flip": true,
        "translate": 2
    },
    "net": {
        "widths": {
            "block1": 64,
            "block2": 256,
            "block3": 256
        },
        "batchnorm_momentum": 0.6,
        "scaling_factor": 0.1111111111111111,
        "tta_level": 2
    },
    "random_seed": 99,
    "git_commit_hash": "85402c5c6fafc553256ddda6a38a5e86792e3fed",
    "elapsed_wclock_time": 4.158346133470536,
    "final acc": 0.9393999576568604,
    "last batch loss": 0.94580078125,
    "epoch_val_accs": [
        0.6811000108718872,
        0.7371000051498413,
        0.7753999829292297,
        0.774399995803833,
        0.8507999777793884,
        0.8316999673843384,
        0.8851999640464783,
        0.901699960231781,
        0.9210999608039856,
        0.9329999685287476
    ],
    "epoch_losses": [
        1.40625,
        1.3125,
        1.2412109375,
        1.1611328125,
        1.119140625,
        1.099609375,
        1.0419921875,
        1.0009765625,
        0.97998046875,
        0.94580078125
    ]
}