{
    "opt": {
        "train_epochs": 9.9,
        "batch_size": 1024,
        "lr": 11.5,
        "momentum": 0.85,
        "weight_decay": 0.0153,
        "bias_scaler": 64.0,
        "label_smoothing": 0.2,
        "whiten_bias_epochs": 3
    },
    "aug": {
        "flip": true,
        "translate": 2
    },
    "net": {
        "widths": {
            "block1": 64,
            "block2": 256,
            "block3": 256
        },
        "batchnorm_momentum": 0.6,
        "scaling_factor": 0.1111111111111111,
        "tta_level": 2
    },
    "random_seed": 99,
    "git_commit_hash": "85402c5c6fafc553256ddda6a38a5e86792e3fed",
    "elapsed_wclock_time": 4.164878936767579,
    "final acc": 0.9387999773025513,
    "last batch loss": 0.93701171875,
    "epoch_val_accs": [
        0.5803999900817871,
        0.6958999633789062,
        0.8007999658584595,
        0.8075000047683716,
        0.8402000069618225,
        0.8538999557495117,
        0.8973999619483948,
        0.8987999558448792,
        0.9236999750137329,
        0.9319999814033508
    ],
    "epoch_losses": [
        1.408203125,
        1.255859375,
        1.201171875,
        1.15625,
        1.115234375,
        1.0869140625,
        1.05078125,
        1.0185546875,
        0.97314453125,
        0.93701171875
    ]
}