{
    "opt": {
        "train_epochs": 9.9,
        "batch_size": 1024,
        "lr": 11.5,
        "momentum": 0.85,
        "weight_decay": 0.0153,
        "bias_scaler": 64.0,
        "label_smoothing": 0.2,
        "whiten_bias_epochs": 3
    },
    "aug": {
        "flip": true,
        "translate": 2
    },
    "net": {
        "widths": {
            "block1": 64,
            "block2": 256,
            "block3": 256
        },
        "batchnorm_momentum": 0.6,
        "scaling_factor": 0.1111111111111111,
        "tta_level": 2
    },
    "random_seed": 99,
    "git_commit_hash": "85402c5c6fafc553256ddda6a38a5e86792e3fed",
    "elapsed_wclock_time": 4.161391893625259,
    "final acc": 0.9375,
    "last batch loss": 0.951171875,
    "epoch_val_accs": [
        0.6444000005722046,
        0.7238999605178833,
        0.7429999709129333,
        0.7543999552726746,
        0.8637999892234802,
        0.8496999740600586,
        0.8886999487876892,
        0.8969999551773071,
        0.9226999878883362,
        0.9320999979972839
    ],
    "epoch_losses": [
        1.4482421875,
        1.23828125,
        1.1953125,
        1.1533203125,
        1.130859375,
        1.111328125,
        1.0400390625,
        1.0205078125,
        0.97900390625,
        0.951171875
    ]
}