{
    "opt": {
        "train_epochs": 9.9,
        "batch_size": 1024,
        "lr": 11.5,
        "momentum": 0.85,
        "weight_decay": 0.0153,
        "bias_scaler": 64.0,
        "label_smoothing": 0.2,
        "whiten_bias_epochs": 3
    },
    "aug": {
        "flip": true,
        "translate": 2
    },
    "net": {
        "widths": {
            "block1": 64,
            "block2": 256,
            "block3": 256
        },
        "batchnorm_momentum": 0.6,
        "scaling_factor": 0.1111111111111111,
        "tta_level": 2
    },
    "random_seed": 99,
    "git_commit_hash": "85402c5c6fafc553256ddda6a38a5e86792e3fed",
    "elapsed_wclock_time": 4.170110336303711,
    "final acc": 0.9404000043869019,
    "last batch loss": 0.9404296875,
    "epoch_val_accs": [
        0.6663999557495117,
        0.6920999884605408,
        0.7877999544143677,
        0.8378999829292297,
        0.8504999876022339,
        0.8607999682426453,
        0.8836999535560608,
        0.899899959564209,
        0.9244999885559082,
        0.9334999918937683
    ],
    "epoch_losses": [
        1.4248046875,
        1.2353515625,
        1.2109375,
        1.16015625,
        1.13671875,
        1.0908203125,
        1.0478515625,
        0.99267578125,
        0.97021484375,
        0.9404296875
    ]
}