{
    "opt": {
        "train_epochs": 9.9,
        "batch_size": 1024,
        "lr": 11.5,
        "momentum": 0.85,
        "weight_decay": 0.0153,
        "bias_scaler": 64.0,
        "label_smoothing": 0.2,
        "whiten_bias_epochs": 3
    },
    "aug": {
        "flip": true,
        "translate": 2
    },
    "net": {
        "widths": {
            "block1": 64,
            "block2": 256,
            "block3": 256
        },
        "batchnorm_momentum": 0.6,
        "scaling_factor": 0.1111111111111111,
        "tta_level": 2
    },
    "random_seed": 99,
    "git_commit_hash": "85402c5c6fafc553256ddda6a38a5e86792e3fed",
    "elapsed_wclock_time": 4.043849937915803,
    "final acc": 0.9386999607086182,
    "last batch loss": 0.9453125,
    "epoch_val_accs": [
        0.6399999856948853,
        0.6502000093460083,
        0.7587999701499939,
        0.7953000068664551,
        0.8578000068664551,
        0.8596000075340271,
        0.8931999802589417,
        0.9013999700546265,
        0.9232999682426453,
        0.9311999678611755
    ],
    "epoch_losses": [
        1.4130859375,
        1.251953125,
        1.2158203125,
        1.1513671875,
        1.111328125,
        1.09375,
        1.0234375,
        1.001953125,
        0.95263671875,
        0.9453125
    ]
}