{
    "opt": {
        "train_epochs": 9.9,
        "batch_size": 1024,
        "lr": 11.5,
        "momentum": 0.85,
        "weight_decay": 0.0153,
        "bias_scaler": 64.0,
        "label_smoothing": 0.2,
        "whiten_bias_epochs": 3
    },
    "aug": {
        "flip": true,
        "translate": 2
    },
    "net": {
        "widths": {
            "block1": 64,
            "block2": 256,
            "block3": 256
        },
        "batchnorm_momentum": 0.6,
        "scaling_factor": 0.1111111111111111,
        "tta_level": 2
    },
    "random_seed": 99,
    "git_commit_hash": "85402c5c6fafc553256ddda6a38a5e86792e3fed",
    "elapsed_wclock_time": 4.122314500331878,
    "final acc": 0.9398999810218811,
    "last batch loss": 0.9267578125,
    "epoch_val_accs": [
        0.6226999759674072,
        0.6811999678611755,
        0.7881999611854553,
        0.7856999635696411,
        0.8513000011444092,
        0.8728999495506287,
        0.8775999546051025,
        0.9089999794960022,
        0.9217000007629395,
        0.9316999912261963
    ],
    "epoch_losses": [
        1.4658203125,
        1.2802734375,
        1.234375,
        1.203125,
        1.1279296875,
        1.080078125,
        1.0322265625,
        1.005859375,
        0.97607421875,
        0.9267578125
    ]
}