{
    "opt": {
        "train_epochs": 9.9,
        "batch_size": 1024,
        "lr": 11.5,
        "momentum": 0.85,
        "weight_decay": 0.0153,
        "bias_scaler": 64.0,
        "label_smoothing": 0.2,
        "whiten_bias_epochs": 3
    },
    "aug": {
        "flip": true,
        "translate": 2
    },
    "net": {
        "widths": {
            "block1": 64,
            "block2": 256,
            "block3": 256
        },
        "batchnorm_momentum": 0.6,
        "scaling_factor": 0.1111111111111111,
        "tta_level": 2
    },
    "random_seed": 99,
    "git_commit_hash": "85402c5c6fafc553256ddda6a38a5e86792e3fed",
    "elapsed_wclock_time": 4.1685089781284335,
    "final acc": 0.9387999773025513,
    "last batch loss": 0.93994140625,
    "epoch_val_accs": [
        0.545199990272522,
        0.7878999710083008,
        0.8057999610900879,
        0.8387999534606934,
        0.8197000026702881,
        0.8603000044822693,
        0.889799952507019,
        0.8989999890327454,
        0.9195999503135681,
        0.9325000047683716
    ],
    "epoch_losses": [
        1.4814453125,
        1.296875,
        1.2060546875,
        1.208984375,
        1.119140625,
        1.08984375,
        1.05859375,
        1.0263671875,
        0.9658203125,
        0.93994140625
    ]
}