{
    "opt": {
        "train_epochs": 9.9,
        "batch_size": 1024,
        "lr": 11.5,
        "momentum": 0.85,
        "weight_decay": 0.0153,
        "bias_scaler": 64.0,
        "label_smoothing": 0.2,
        "whiten_bias_epochs": 3
    },
    "aug": {
        "flip": true,
        "translate": 2
    },
    "net": {
        "widths": {
            "block1": 64,
            "block2": 256,
            "block3": 256
        },
        "batchnorm_momentum": 0.6,
        "scaling_factor": 0.1111111111111111,
        "tta_level": 2
    },
    "random_seed": 99,
    "git_commit_hash": "85402c5c6fafc553256ddda6a38a5e86792e3fed",
    "elapsed_wclock_time": 4.1514354884624485,
    "final acc": 0.9422999620437622,
    "last batch loss": 0.93896484375,
    "epoch_val_accs": [
        0.6880999803543091,
        0.7913999557495117,
        0.7655999660491943,
        0.778499960899353,
        0.8605999946594238,
        0.8714999556541443,
        0.8689999580383301,
        0.8880999684333801,
        0.9225999712944031,
        0.9336999654769897
    ],
    "epoch_losses": [
        1.4501953125,
        1.2548828125,
        1.21875,
        1.1796875,
        1.1103515625,
        1.099609375,
        1.046875,
        1.0185546875,
        0.962890625,
        0.93896484375
    ]
}