{
    "opt": {
        "train_epochs": 9.9,
        "batch_size": 1024,
        "lr": 11.5,
        "momentum": 0.85,
        "weight_decay": 0.0153,
        "bias_scaler": 64.0,
        "label_smoothing": 0.2,
        "whiten_bias_epochs": 3
    },
    "aug": {
        "flip": true,
        "translate": 2
    },
    "net": {
        "widths": {
            "block1": 64,
            "block2": 256,
            "block3": 256
        },
        "batchnorm_momentum": 0.6,
        "scaling_factor": 0.1111111111111111,
        "tta_level": 2
    },
    "random_seed": 99,
    "git_commit_hash": "85402c5c6fafc553256ddda6a38a5e86792e3fed",
    "elapsed_wclock_time": 4.037852131128311,
    "final acc": 0.9391999840736389,
    "last batch loss": 0.935546875,
    "epoch_val_accs": [
        0.6627999544143677,
        0.656499981880188,
        0.8055999875068665,
        0.8111000061035156,
        0.8438999652862549,
        0.842799961566925,
        0.8648999929428101,
        0.9052000045776367,
        0.9214999675750732,
        0.9304999709129333
    ],
    "epoch_losses": [
        1.4091796875,
        1.25,
        1.2158203125,
        1.123046875,
        1.109375,
        1.0966796875,
        1.048828125,
        1.0146484375,
        0.982421875,
        0.935546875
    ]
}