{
    "opt": {
        "train_epochs": 9.9,
        "batch_size": 1024,
        "lr": 11.5,
        "momentum": 0.85,
        "weight_decay": 0.0153,
        "bias_scaler": 64.0,
        "label_smoothing": 0.2,
        "whiten_bias_epochs": 3
    },
    "aug": {
        "flip": true,
        "translate": 2
    },
    "net": {
        "widths": {
            "block1": 64,
            "block2": 256,
            "block3": 256
        },
        "batchnorm_momentum": 0.6,
        "scaling_factor": 0.1111111111111111,
        "tta_level": 2
    },
    "random_seed": 99,
    "git_commit_hash": "85402c5c6fafc553256ddda6a38a5e86792e3fed",
    "elapsed_wclock_time": 12.55848388671875,
    "final acc": 0.9424999952316284,
    "last batch loss": 0.94189453125,
    "epoch_val_accs": [
        0.6420999765396118,
        0.7675999999046326,
        0.767300009727478,
        0.7944999933242798,
        0.8420000076293945,
        0.8726999759674072,
        0.8995999693870544,
        0.8956999778747559,
        0.9225999712944031,
        0.9339999556541443
    ],
    "epoch_losses": [
        1.4296875,
        1.2109375,
        1.2001953125,
        1.1728515625,
        1.119140625,
        1.0888671875,
        1.0498046875,
        1.01953125,
        0.95947265625,
        0.94189453125
    ]
}