{
    "opt": {
        "train_epochs": 9.9,
        "batch_size": 1024,
        "lr": 11.5,
        "momentum": 0.85,
        "weight_decay": 0.0153,
        "bias_scaler": 64.0,
        "label_smoothing": 0.2,
        "whiten_bias_epochs": 3
    },
    "aug": {
        "flip": true,
        "translate": 2
    },
    "net": {
        "widths": {
            "block1": 64,
            "block2": 256,
            "block3": 256
        },
        "batchnorm_momentum": 0.6,
        "scaling_factor": 0.1111111111111111,
        "tta_level": 2
    },
    "random_seed": 99,
    "git_commit_hash": "85402c5c6fafc553256ddda6a38a5e86792e3fed",
    "elapsed_wclock_time": 4.1264008424282075,
    "final acc": 0.9400999546051025,
    "last batch loss": 0.94140625,
    "epoch_val_accs": [
        0.6279999613761902,
        0.7807999849319458,
        0.818399965763092,
        0.8259999752044678,
        0.8446999788284302,
        0.8676999807357788,
        0.8837999701499939,
        0.9014999866485596,
        0.911300003528595,
        0.9333999752998352
    ],
    "epoch_losses": [
        1.4208984375,
        1.2802734375,
        1.2001953125,
        1.197265625,
        1.1376953125,
        1.1123046875,
        1.0458984375,
        1.033203125,
        0.97265625,
        0.94140625
    ]
}