{
    "opt": {
        "train_epochs": 9.9,
        "batch_size": 1024,
        "lr": 11.5,
        "momentum": 0.85,
        "weight_decay": 0.0153,
        "bias_scaler": 64.0,
        "label_smoothing": 0.2,
        "whiten_bias_epochs": 3
    },
    "aug": {
        "flip": true,
        "translate": 2
    },
    "net": {
        "widths": {
            "block1": 64,
            "block2": 256,
            "block3": 256
        },
        "batchnorm_momentum": 0.6,
        "scaling_factor": 0.1111111111111111,
        "tta_level": 2
    },
    "random_seed": 99,
    "git_commit_hash": "85402c5c6fafc553256ddda6a38a5e86792e3fed",
    "elapsed_wclock_time": 4.1152302527427675,
    "final acc": 0.9401999711990356,
    "last batch loss": 0.9345703125,
    "epoch_val_accs": [
        0.7276999950408936,
        0.7838999629020691,
        0.7443000078201294,
        0.823199987411499,
        0.8098999857902527,
        0.8337999582290649,
        0.8965999484062195,
        0.8952999711036682,
        0.9264999628067017,
        0.9333999752998352
    ],
    "epoch_losses": [
        1.4384765625,
        1.2353515625,
        1.19140625,
        1.1845703125,
        1.16796875,
        1.0859375,
        1.0400390625,
        1.0087890625,
        0.98193359375,
        0.9345703125
    ]
}