{
    "opt": {
        "train_epochs": 9.9,
        "batch_size": 1024,
        "lr": 11.5,
        "momentum": 0.85,
        "weight_decay": 0.0153,
        "bias_scaler": 64.0,
        "label_smoothing": 0.2,
        "whiten_bias_epochs": 3
    },
    "aug": {
        "flip": true,
        "translate": 2
    },
    "net": {
        "widths": {
            "block1": 64,
            "block2": 256,
            "block3": 256
        },
        "batchnorm_momentum": 0.6,
        "scaling_factor": 0.1111111111111111,
        "tta_level": 2
    },
    "random_seed": 99,
    "git_commit_hash": "85402c5c6fafc553256ddda6a38a5e86792e3fed",
    "elapsed_wclock_time": 4.036464581966399,
    "final acc": 0.9422000050544739,
    "last batch loss": 0.947265625,
    "epoch_val_accs": [
        0.6843999624252319,
        0.7755999565124512,
        0.6502000093460083,
        0.8011999726295471,
        0.833899974822998,
        0.8467999696731567,
        0.8890999555587769,
        0.9057999849319458,
        0.9244999885559082,
        0.9347999691963196
    ],
    "epoch_losses": [
        1.4208984375,
        1.267578125,
        1.193359375,
        1.1513671875,
        1.1162109375,
        1.0908203125,
        1.0546875,
        1.0146484375,
        0.97021484375,
        0.947265625
    ]
}