{
    "opt": {
        "train_epochs": 9.9,
        "batch_size": 1024,
        "lr": 11.5,
        "momentum": 0.85,
        "weight_decay": 0.0153,
        "bias_scaler": 64.0,
        "label_smoothing": 0.2,
        "whiten_bias_epochs": 3
    },
    "aug": {
        "flip": true,
        "translate": 2
    },
    "net": {
        "widths": {
            "block1": 64,
            "block2": 256,
            "block3": 256
        },
        "batchnorm_momentum": 0.6,
        "scaling_factor": 0.1111111111111111,
        "tta_level": 2
    },
    "random_seed": 99,
    "git_commit_hash": "85402c5c6fafc553256ddda6a38a5e86792e3fed",
    "elapsed_wclock_time": 4.160046771526337,
    "final acc": 0.9409999847412109,
    "last batch loss": 0.95166015625,
    "epoch_val_accs": [
        0.693399965763092,
        0.6929000020027161,
        0.8125999569892883,
        0.8264999985694885,
        0.8497999906539917,
        0.8691999912261963,
        0.88919997215271,
        0.899399995803833,
        0.9262999892234802,
        0.9341999888420105
    ],
    "epoch_losses": [
        1.4248046875,
        1.3046875,
        1.205078125,
        1.1796875,
        1.1298828125,
        1.080078125,
        1.0517578125,
        1.009765625,
        0.9677734375,
        0.95166015625
    ]
}