{
    "opt": {
        "train_epochs": 9.9,
        "batch_size": 1024,
        "lr": 11.5,
        "momentum": 0.85,
        "weight_decay": 0.0153,
        "bias_scaler": 64.0,
        "label_smoothing": 0.2,
        "whiten_bias_epochs": 3
    },
    "aug": {
        "flip": true,
        "translate": 2
    },
    "net": {
        "widths": {
            "block1": 64,
            "block2": 256,
            "block3": 256
        },
        "batchnorm_momentum": 0.6,
        "scaling_factor": 0.1111111111111111,
        "tta_level": 2
    },
    "random_seed": 99,
    "git_commit_hash": "85402c5c6fafc553256ddda6a38a5e86792e3fed",
    "elapsed_wclock_time": 4.046231513023376,
    "final acc": 0.9391999840736389,
    "last batch loss": 0.9453125,
    "epoch_val_accs": [
        0.6451999545097351,
        0.7304999828338623,
        0.758899986743927,
        0.8145999908447266,
        0.8687999844551086,
        0.8628000020980835,
        0.8894999623298645,
        0.8947999477386475,
        0.9281999468803406,
        0.934499979019165
    ],
    "epoch_losses": [
        1.4287109375,
        1.265625,
        1.2041015625,
        1.130859375,
        1.123046875,
        1.1005859375,
        1.029296875,
        1.0146484375,
        0.96435546875,
        0.9453125
    ]
}