{
    "opt": {
        "train_epochs": 9.9,
        "batch_size": 1024,
        "lr": 11.5,
        "momentum": 0.85,
        "weight_decay": 0.0153,
        "bias_scaler": 64.0,
        "label_smoothing": 0.2,
        "whiten_bias_epochs": 3
    },
    "aug": {
        "flip": true,
        "translate": 2
    },
    "net": {
        "widths": {
            "block1": 64,
            "block2": 256,
            "block3": 256
        },
        "batchnorm_momentum": 0.6,
        "scaling_factor": 0.1111111111111111,
        "tta_level": 2
    },
    "random_seed": 99,
    "git_commit_hash": "85402c5c6fafc553256ddda6a38a5e86792e3fed",
    "elapsed_wclock_time": 4.163365415811539,
    "final acc": 0.9393999576568604,
    "last batch loss": 0.93994140625,
    "epoch_val_accs": [
        0.6534000039100647,
        0.6671000123023987,
        0.8037999868392944,
        0.842799961566925,
        0.8684999942779541,
        0.8589999675750732,
        0.8560000061988831,
        0.8937999606132507,
        0.920799970626831,
        0.9315999746322632
    ],
    "epoch_losses": [
        1.4013671875,
        1.2783203125,
        1.1806640625,
        1.158203125,
        1.1396484375,
        1.1025390625,
        1.0400390625,
        1.0068359375,
        0.97021484375,
        0.93994140625
    ]
}