{
    "opt": {
        "train_epochs": 9.9,
        "batch_size": 1024,
        "lr": 11.5,
        "momentum": 0.85,
        "weight_decay": 0.0153,
        "bias_scaler": 64.0,
        "label_smoothing": 0.2,
        "whiten_bias_epochs": 3
    },
    "aug": {
        "flip": true,
        "translate": 2
    },
    "net": {
        "widths": {
            "block1": 64,
            "block2": 256,
            "block3": 256
        },
        "batchnorm_momentum": 0.6,
        "scaling_factor": 0.1111111111111111,
        "tta_level": 2
    },
    "random_seed": 99,
    "git_commit_hash": "85402c5c6fafc553256ddda6a38a5e86792e3fed",
    "elapsed_wclock_time": 4.134105651855469,
    "final acc": 0.9418999552726746,
    "last batch loss": 0.9375,
    "epoch_val_accs": [
        0.7005000114440918,
        0.7803999781608582,
        0.8030999898910522,
        0.8238999843597412,
        0.8306999802589417,
        0.8400999903678894,
        0.8896999955177307,
        0.9031999707221985,
        0.9223999977111816,
        0.933899998664856
    ],
    "epoch_losses": [
        1.4775390625,
        1.251953125,
        1.185546875,
        1.158203125,
        1.1357421875,
        1.103515625,
        1.0517578125,
        0.99755859375,
        0.9736328125,
        0.9375
    ]
}