{
    "opt": {
        "train_epochs": 9.9,
        "batch_size": 1024,
        "lr": 11.5,
        "momentum": 0.85,
        "weight_decay": 0.0153,
        "bias_scaler": 64.0,
        "label_smoothing": 0.2,
        "whiten_bias_epochs": 3
    },
    "aug": {
        "flip": true,
        "translate": 2
    },
    "net": {
        "widths": {
            "block1": 64,
            "block2": 256,
            "block3": 256
        },
        "batchnorm_momentum": 0.6,
        "scaling_factor": 0.1111111111111111,
        "tta_level": 2
    },
    "random_seed": 99,
    "git_commit_hash": "85402c5c6fafc553256ddda6a38a5e86792e3fed",
    "elapsed_wclock_time": 4.04216749715805,
    "final acc": 0.9412999749183655,
    "last batch loss": 0.939453125,
    "epoch_val_accs": [
        0.668999969959259,
        0.7739999890327454,
        0.6942999958992004,
        0.7971999645233154,
        0.835099995136261,
        0.8565999865531921,
        0.8926999568939209,
        0.8919000029563904,
        0.9202999472618103,
        0.9335999488830566
    ],
    "epoch_losses": [
        1.4169921875,
        1.26953125,
        1.2109375,
        1.181640625,
        1.1298828125,
        1.1015625,
        1.033203125,
        1.0390625,
        0.966796875,
        0.939453125
    ]
}