{
    "opt": {
        "train_epochs": 9.9,
        "batch_size": 1024,
        "lr": 11.5,
        "momentum": 0.85,
        "weight_decay": 0.0153,
        "bias_scaler": 64.0,
        "label_smoothing": 0.2,
        "whiten_bias_epochs": 3
    },
    "aug": {
        "flip": true,
        "translate": 2
    },
    "net": {
        "widths": {
            "block1": 64,
            "block2": 256,
            "block3": 256
        },
        "batchnorm_momentum": 0.6,
        "scaling_factor": 0.1111111111111111,
        "tta_level": 2
    },
    "random_seed": 99,
    "git_commit_hash": "85402c5c6fafc553256ddda6a38a5e86792e3fed",
    "elapsed_wclock_time": 4.129617103576661,
    "final acc": 0.9383999705314636,
    "last batch loss": 0.943359375,
    "epoch_val_accs": [
        0.6525999903678894,
        0.7700999975204468,
        0.7717999815940857,
        0.7317000031471252,
        0.8183000087738037,
        0.8853999972343445,
        0.8799999952316284,
        0.8807999491691589,
        0.9204999804496765,
        0.9301999807357788
    ],
    "epoch_losses": [
        1.419921875,
        1.2490234375,
        1.189453125,
        1.1728515625,
        1.13671875,
        1.08984375,
        1.0576171875,
        1.017578125,
        0.96923828125,
        0.943359375
    ]
}