{
    "opt": {
        "train_epochs": 9.9,
        "batch_size": 1024,
        "lr": 11.5,
        "momentum": 0.85,
        "weight_decay": 0.0153,
        "bias_scaler": 64.0,
        "label_smoothing": 0.2,
        "whiten_bias_epochs": 3
    },
    "aug": {
        "flip": true,
        "translate": 2
    },
    "net": {
        "widths": {
            "block1": 64,
            "block2": 256,
            "block3": 256
        },
        "batchnorm_momentum": 0.6,
        "scaling_factor": 0.1111111111111111,
        "tta_level": 2
    },
    "random_seed": 99,
    "git_commit_hash": "85402c5c6fafc553256ddda6a38a5e86792e3fed",
    "elapsed_wclock_time": 4.152205253839493,
    "final acc": 0.9402999877929688,
    "last batch loss": 0.939453125,
    "epoch_val_accs": [
        0.5762999653816223,
        0.684499979019165,
        0.7908999919891357,
        0.8042999505996704,
        0.8629999756813049,
        0.8834999799728394,
        0.8910999894142151,
        0.8804000020027161,
        0.923799991607666,
        0.9322999715805054
    ],
    "epoch_losses": [
        1.4375,
        1.25390625,
        1.201171875,
        1.1484375,
        1.1337890625,
        1.0771484375,
        1.041015625,
        1.0224609375,
        0.97119140625,
        0.939453125
    ]
}