{
    "opt": {
        "train_epochs": 9.9,
        "batch_size": 1024,
        "lr": 11.5,
        "momentum": 0.85,
        "weight_decay": 0.0153,
        "bias_scaler": 64.0,
        "label_smoothing": 0.2,
        "whiten_bias_epochs": 3
    },
    "aug": {
        "flip": true,
        "translate": 2
    },
    "net": {
        "widths": {
            "block1": 64,
            "block2": 256,
            "block3": 256
        },
        "batchnorm_momentum": 0.6,
        "scaling_factor": 0.1111111111111111,
        "tta_level": 2
    },
    "random_seed": 99,
    "git_commit_hash": "85402c5c6fafc553256ddda6a38a5e86792e3fed",
    "elapsed_wclock_time": 4.122898952960968,
    "final acc": 0.9394999742507935,
    "last batch loss": 0.9501953125,
    "epoch_val_accs": [
        0.7057999968528748,
        0.708299994468689,
        0.7622999548912048,
        0.8119999766349792,
        0.849299967288971,
        0.8420000076293945,
        0.8788999915122986,
        0.8791999816894531,
        0.9235000014305115,
        0.9325000047683716
    ],
    "epoch_losses": [
        1.41015625,
        1.3115234375,
        1.216796875,
        1.1201171875,
        1.115234375,
        1.0927734375,
        1.0341796875,
        1.0400390625,
        0.974609375,
        0.9501953125
    ]
}