{
    "opt": {
        "train_epochs": 9.9,
        "batch_size": 1024,
        "lr": 11.5,
        "momentum": 0.85,
        "weight_decay": 0.0153,
        "bias_scaler": 64.0,
        "label_smoothing": 0.2,
        "whiten_bias_epochs": 3
    },
    "aug": {
        "flip": true,
        "translate": 2
    },
    "net": {
        "widths": {
            "block1": 64,
            "block2": 256,
            "block3": 256
        },
        "batchnorm_momentum": 0.6,
        "scaling_factor": 0.1111111111111111,
        "tta_level": 2
    },
    "random_seed": 99,
    "git_commit_hash": "85402c5c6fafc553256ddda6a38a5e86792e3fed",
    "elapsed_wclock_time": 4.165782016992569,
    "final acc": 0.9414999485015869,
    "last batch loss": 0.95068359375,
    "epoch_val_accs": [
        0.566100001335144,
        0.7515000104904175,
        0.7978000044822693,
        0.7853999733924866,
        0.8154000043869019,
        0.8603999614715576,
        0.8797000050544739,
        0.9041999578475952,
        0.9238999485969543,
        0.9332000017166138
    ],
    "epoch_losses": [
        1.4677734375,
        1.2470703125,
        1.2158203125,
        1.14453125,
        1.142578125,
        1.0849609375,
        1.0302734375,
        1.0126953125,
        0.9697265625,
        0.95068359375
    ]
}