{
    "opt": {
        "train_epochs": 9.9,
        "batch_size": 1024,
        "lr": 11.5,
        "momentum": 0.85,
        "weight_decay": 0.0153,
        "bias_scaler": 64.0,
        "label_smoothing": 0.2,
        "whiten_bias_epochs": 3
    },
    "aug": {
        "flip": true,
        "translate": 2
    },
    "net": {
        "widths": {
            "block1": 64,
            "block2": 256,
            "block3": 256
        },
        "batchnorm_momentum": 0.6,
        "scaling_factor": 0.1111111111111111,
        "tta_level": 2
    },
    "random_seed": 99,
    "git_commit_hash": "85402c5c6fafc553256ddda6a38a5e86792e3fed",
    "elapsed_wclock_time": 4.1183134634494785,
    "final acc": 0.94159996509552,
    "last batch loss": 0.9443359375,
    "epoch_val_accs": [
        0.5968999862670898,
        0.7092999815940857,
        0.8282999992370605,
        0.8163999915122986,
        0.8496999740600586,
        0.8716999888420105,
        0.8894999623298645,
        0.892799973487854,
        0.9271000027656555,
        0.9350999593734741
    ],
    "epoch_losses": [
        1.3681640625,
        1.2490234375,
        1.1640625,
        1.1552734375,
        1.1142578125,
        1.087890625,
        1.025390625,
        1.009765625,
        0.96337890625,
        0.9443359375
    ]
}