{
    "opt": {
        "train_epochs": 9.9,
        "batch_size": 1024,
        "lr": 11.5,
        "momentum": 0.85,
        "weight_decay": 0.0153,
        "bias_scaler": 64.0,
        "label_smoothing": 0.2,
        "whiten_bias_epochs": 3
    },
    "aug": {
        "flip": true,
        "translate": 2
    },
    "net": {
        "widths": {
            "block1": 64,
            "block2": 256,
            "block3": 256
        },
        "batchnorm_momentum": 0.6,
        "scaling_factor": 0.1111111111111111,
        "tta_level": 2
    },
    "random_seed": 99,
    "git_commit_hash": "85402c5c6fafc553256ddda6a38a5e86792e3fed",
    "elapsed_wclock_time": 4.100181391000747,
    "final acc": 0.9394999742507935,
    "last batch loss": 0.9453125,
    "epoch_val_accs": [
        0.6381999850273132,
        0.6873999834060669,
        0.7630999684333801,
        0.7173999547958374,
        0.8531999588012695,
        0.8643999695777893,
        0.8855999708175659,
        0.901199996471405,
        0.920199990272522,
        0.9325000047683716
    ],
    "epoch_losses": [
        1.4296875,
        1.2744140625,
        1.1884765625,
        1.193359375,
        1.09765625,
        1.1142578125,
        1.0361328125,
        1.0068359375,
        0.96337890625,
        0.9453125
    ]
}