{
    "opt": {
        "train_epochs": 9.9,
        "batch_size": 1024,
        "lr": 11.5,
        "momentum": 0.85,
        "weight_decay": 0.0153,
        "bias_scaler": 64.0,
        "label_smoothing": 0.2,
        "whiten_bias_epochs": 3
    },
    "aug": {
        "flip": true,
        "translate": 2
    },
    "net": {
        "widths": {
            "block1": 64,
            "block2": 256,
            "block3": 256
        },
        "batchnorm_momentum": 0.6,
        "scaling_factor": 0.1111111111111111,
        "tta_level": 2
    },
    "random_seed": 99,
    "git_commit_hash": "85402c5c6fafc553256ddda6a38a5e86792e3fed",
    "elapsed_wclock_time": 4.032282980442047,
    "final acc": 0.9387999773025513,
    "last batch loss": 0.94091796875,
    "epoch_val_accs": [
        0.5565999746322632,
        0.73499995470047,
        0.8039000034332275,
        0.8115999698638916,
        0.8550999760627747,
        0.8361999988555908,
        0.8759999871253967,
        0.9079999923706055,
        0.9156000018119812,
        0.9309999942779541
    ],
    "epoch_losses": [
        1.478515625,
        1.314453125,
        1.2021484375,
        1.1611328125,
        1.1201171875,
        1.1103515625,
        1.0458984375,
        1.025390625,
        0.96630859375,
        0.94091796875
    ]
}