{
    "opt": {
        "train_epochs": 9.9,
        "batch_size": 1024,
        "lr": 11.5,
        "momentum": 0.85,
        "weight_decay": 0.0153,
        "bias_scaler": 64.0,
        "label_smoothing": 0.2,
        "whiten_bias_epochs": 3
    },
    "aug": {
        "flip": true,
        "translate": 2
    },
    "net": {
        "widths": {
            "block1": 64,
            "block2": 256,
            "block3": 256
        },
        "batchnorm_momentum": 0.6,
        "scaling_factor": 0.1111111111111111,
        "tta_level": 2
    },
    "random_seed": 99,
    "git_commit_hash": "85402c5c6fafc553256ddda6a38a5e86792e3fed",
    "elapsed_wclock_time": 4.04004479765892,
    "final acc": 0.9404000043869019,
    "last batch loss": 0.9423828125,
    "epoch_val_accs": [
        0.707099974155426,
        0.7576000094413757,
        0.7786999940872192,
        0.8021999597549438,
        0.868399977684021,
        0.8330999612808228,
        0.8831999897956848,
        0.9070999622344971,
        0.9250999689102173,
        0.9346999526023865
    ],
    "epoch_losses": [
        1.4013671875,
        1.25,
        1.23046875,
        1.150390625,
        1.1318359375,
        1.1015625,
        1.0439453125,
        1.013671875,
        0.9599609375,
        0.9423828125
    ]
}