{
    "opt": {
        "train_epochs": 9.9,
        "batch_size": 1024,
        "lr": 11.5,
        "momentum": 0.85,
        "weight_decay": 0.0153,
        "bias_scaler": 64.0,
        "label_smoothing": 0.2,
        "whiten_bias_epochs": 3
    },
    "aug": {
        "flip": true,
        "translate": 2
    },
    "net": {
        "widths": {
            "block1": 64,
            "block2": 256,
            "block3": 256
        },
        "batchnorm_momentum": 0.6,
        "scaling_factor": 0.1111111111111111,
        "tta_level": 2
    },
    "random_seed": 99,
    "git_commit_hash": "85402c5c6fafc553256ddda6a38a5e86792e3fed",
    "elapsed_wclock_time": 4.082489726781845,
    "final acc": 0.942799985408783,
    "last batch loss": 0.9375,
    "epoch_val_accs": [
        0.6764000058174133,
        0.6459999680519104,
        0.7462999820709229,
        0.8108999729156494,
        0.830299973487854,
        0.863099992275238,
        0.8860999941825867,
        0.9073999524116516,
        0.9246000051498413,
        0.9343000054359436
    ],
    "epoch_losses": [
        1.404296875,
        1.306640625,
        1.19140625,
        1.1259765625,
        1.1484375,
        1.07421875,
        1.0341796875,
        1.041015625,
        0.96337890625,
        0.9375
    ]
}