{
    "opt": {
        "train_epochs": 9.9,
        "batch_size": 1024,
        "lr": 11.5,
        "momentum": 0.85,
        "weight_decay": 0.0153,
        "bias_scaler": 64.0,
        "label_smoothing": 0.2,
        "whiten_bias_epochs": 3
    },
    "aug": {
        "flip": true,
        "translate": 2
    },
    "net": {
        "widths": {
            "block1": 64,
            "block2": 256,
            "block3": 256
        },
        "batchnorm_momentum": 0.6,
        "scaling_factor": 0.1111111111111111,
        "tta_level": 2
    },
    "random_seed": 99,
    "git_commit_hash": "85402c5c6fafc553256ddda6a38a5e86792e3fed",
    "elapsed_wclock_time": 4.16560765504837,
    "final acc": 0.939799964427948,
    "last batch loss": 0.93359375,
    "epoch_val_accs": [
        0.6575999855995178,
        0.7594999670982361,
        0.7035999894142151,
        0.8454999923706055,
        0.8504999876022339,
        0.8527999520301819,
        0.9002999663352966,
        0.9048999547958374,
        0.920799970626831,
        0.9314999580383301
    ],
    "epoch_losses": [
        1.4375,
        1.267578125,
        1.2021484375,
        1.1376953125,
        1.134765625,
        1.103515625,
        1.041015625,
        1.0166015625,
        0.9775390625,
        0.93359375
    ]
}