{
    "opt": {
        "train_epochs": 9.9,
        "batch_size": 1024,
        "lr": 11.5,
        "momentum": 0.85,
        "weight_decay": 0.0153,
        "bias_scaler": 64.0,
        "label_smoothing": 0.2,
        "whiten_bias_epochs": 3
    },
    "aug": {
        "flip": true,
        "translate": 2
    },
    "net": {
        "widths": {
            "block1": 64,
            "block2": 256,
            "block3": 256
        },
        "batchnorm_momentum": 0.6,
        "scaling_factor": 0.1111111111111111,
        "tta_level": 2
    },
    "random_seed": 99,
    "git_commit_hash": "85402c5c6fafc553256ddda6a38a5e86792e3fed",
    "elapsed_wclock_time": 4.159235572814941,
    "final acc": 0.939300000667572,
    "last batch loss": 0.943359375,
    "epoch_val_accs": [
        0.6550999879837036,
        0.7493999600410461,
        0.7662999629974365,
        0.812999963760376,
        0.828499972820282,
        0.8657999634742737,
        0.880899965763092,
        0.8947999477386475,
        0.9157999753952026,
        0.9289999604225159
    ],
    "epoch_losses": [
        1.451171875,
        1.279296875,
        1.1865234375,
        1.171875,
        1.1220703125,
        1.087890625,
        1.044921875,
        1.0283203125,
        0.96875,
        0.943359375
    ]
}