{
    "opt": {
        "train_epochs": 9.9,
        "batch_size": 1024,
        "lr": 11.5,
        "momentum": 0.85,
        "weight_decay": 0.0153,
        "bias_scaler": 64.0,
        "label_smoothing": 0.2,
        "whiten_bias_epochs": 3
    },
    "aug": {
        "flip": true,
        "translate": 2
    },
    "net": {
        "widths": {
            "block1": 64,
            "block2": 256,
            "block3": 256
        },
        "batchnorm_momentum": 0.6,
        "scaling_factor": 0.1111111111111111,
        "tta_level": 2
    },
    "random_seed": 99,
    "git_commit_hash": "85402c5c6fafc553256ddda6a38a5e86792e3fed",
    "elapsed_wclock_time": 4.159737005949021,
    "final acc": 0.94159996509552,
    "last batch loss": 0.94189453125,
    "epoch_val_accs": [
        0.6019999980926514,
        0.6078999638557434,
        0.7064999938011169,
        0.839199960231781,
        0.8399999737739563,
        0.8716999888420105,
        0.8876999616622925,
        0.899899959564209,
        0.9221999645233154,
        0.9346999526023865
    ],
    "epoch_losses": [
        1.486328125,
        1.27734375,
        1.232421875,
        1.1357421875,
        1.125,
        1.099609375,
        1.056640625,
        1.025390625,
        0.96435546875,
        0.94189453125
    ]
}