{
    "opt": {
        "train_epochs": 9.9,
        "batch_size": 1024,
        "lr": 11.5,
        "momentum": 0.85,
        "weight_decay": 0.0153,
        "bias_scaler": 64.0,
        "label_smoothing": 0.2,
        "whiten_bias_epochs": 3
    },
    "aug": {
        "flip": true,
        "translate": 2
    },
    "net": {
        "widths": {
            "block1": 64,
            "block2": 256,
            "block3": 256
        },
        "batchnorm_momentum": 0.6,
        "scaling_factor": 0.1111111111111111,
        "tta_level": 2
    },
    "random_seed": 99,
    "git_commit_hash": "85402c5c6fafc553256ddda6a38a5e86792e3fed",
    "elapsed_wclock_time": 4.119875672340393,
    "final acc": 0.9404999613761902,
    "last batch loss": 0.9443359375,
    "epoch_val_accs": [
        0.707099974155426,
        0.6333999633789062,
        0.7728999853134155,
        0.8314999938011169,
        0.8536999821662903,
        0.8664000034332275,
        0.8837999701499939,
        0.9043999910354614,
        0.9274999499320984,
        0.9335999488830566
    ],
    "epoch_losses": [
        1.427734375,
        1.3095703125,
        1.1689453125,
        1.1689453125,
        1.11328125,
        1.0986328125,
        1.0478515625,
        1.013671875,
        0.9755859375,
        0.9443359375
    ]
}