{
    "opt": {
        "train_epochs": 9.9,
        "batch_size": 1024,
        "lr": 11.5,
        "momentum": 0.85,
        "weight_decay": 0.0153,
        "bias_scaler": 64.0,
        "label_smoothing": 0.2,
        "whiten_bias_epochs": 3
    },
    "aug": {
        "flip": true,
        "translate": 2
    },
    "net": {
        "widths": {
            "block1": 64,
            "block2": 256,
            "block3": 256
        },
        "batchnorm_momentum": 0.6,
        "scaling_factor": 0.1111111111111111,
        "tta_level": 2
    },
    "random_seed": 99,
    "git_commit_hash": "85402c5c6fafc553256ddda6a38a5e86792e3fed",
    "elapsed_wclock_time": 4.126706421852112,
    "final acc": 0.9405999779701233,
    "last batch loss": 0.94140625,
    "epoch_val_accs": [
        0.6710999608039856,
        0.724399983882904,
        0.6419999599456787,
        0.8258999586105347,
        0.8323000073432922,
        0.8339999914169312,
        0.8865999579429626,
        0.9098999500274658,
        0.9235000014305115,
        0.9320999979972839
    ],
    "epoch_losses": [
        1.4306640625,
        1.279296875,
        1.208984375,
        1.208984375,
        1.1416015625,
        1.109375,
        1.0458984375,
        1.044921875,
        0.9697265625,
        0.94140625
    ]
}