{
    "opt": {
        "train_epochs": 9.9,
        "batch_size": 1024,
        "lr": 11.5,
        "momentum": 0.85,
        "weight_decay": 0.0153,
        "bias_scaler": 64.0,
        "label_smoothing": 0.2,
        "whiten_bias_epochs": 3
    },
    "aug": {
        "flip": true,
        "translate": 2
    },
    "net": {
        "widths": {
            "block1": 64,
            "block2": 256,
            "block3": 256
        },
        "batchnorm_momentum": 0.6,
        "scaling_factor": 0.1111111111111111,
        "tta_level": 2
    },
    "random_seed": 99,
    "git_commit_hash": "85402c5c6fafc553256ddda6a38a5e86792e3fed",
    "elapsed_wclock_time": 4.159628983974457,
    "final acc": 0.9381999969482422,
    "last batch loss": 0.931640625,
    "epoch_val_accs": [
        0.6872999668121338,
        0.7736999988555908,
        0.739799976348877,
        0.7555999755859375,
        0.8578999638557434,
        0.8631999492645264,
        0.8913999795913696,
        0.8923999667167664,
        0.9210000038146973,
        0.9327999949455261
    ],
    "epoch_losses": [
        1.4658203125,
        1.2568359375,
        1.201171875,
        1.1669921875,
        1.1357421875,
        1.087890625,
        1.0517578125,
        1.0263671875,
        0.97314453125,
        0.931640625
    ]
}