{
    "opt": {
        "train_epochs": 9.9,
        "batch_size": 1024,
        "lr": 11.5,
        "momentum": 0.85,
        "weight_decay": 0.0153,
        "bias_scaler": 64.0,
        "label_smoothing": 0.2,
        "whiten_bias_epochs": 3
    },
    "aug": {
        "flip": true,
        "translate": 2
    },
    "net": {
        "widths": {
            "block1": 64,
            "block2": 256,
            "block3": 256
        },
        "batchnorm_momentum": 0.6,
        "scaling_factor": 0.1111111111111111,
        "tta_level": 2
    },
    "random_seed": 99,
    "git_commit_hash": "85402c5c6fafc553256ddda6a38a5e86792e3fed",
    "elapsed_wclock_time": 4.161016975402832,
    "final acc": 0.9401999711990356,
    "last batch loss": 0.9423828125,
    "epoch_val_accs": [
        0.6151999831199646,
        0.7709999680519104,
        0.7561999559402466,
        0.8300999999046326,
        0.8733999729156494,
        0.8438000082969666,
        0.8855999708175659,
        0.8913999795913696,
        0.9246999621391296,
        0.9327999949455261
    ],
    "epoch_losses": [
        1.5068359375,
        1.2509765625,
        1.193359375,
        1.1484375,
        1.1455078125,
        1.115234375,
        1.044921875,
        1.0029296875,
        0.95556640625,
        0.9423828125
    ]
}