{
    "opt": {
        "train_epochs": 9.9,
        "batch_size": 1024,
        "lr": 11.5,
        "momentum": 0.85,
        "weight_decay": 0.0153,
        "bias_scaler": 64.0,
        "label_smoothing": 0.2,
        "whiten_bias_epochs": 3
    },
    "aug": {
        "flip": true,
        "translate": 2
    },
    "net": {
        "widths": {
            "block1": 64,
            "block2": 256,
            "block3": 256
        },
        "batchnorm_momentum": 0.6,
        "scaling_factor": 0.1111111111111111,
        "tta_level": 2
    },
    "random_seed": 99,
    "git_commit_hash": "85402c5c6fafc553256ddda6a38a5e86792e3fed",
    "elapsed_wclock_time": 4.241723571777343,
    "final acc": 0.9414999485015869,
    "last batch loss": 0.94287109375,
    "epoch_val_accs": [
        0.6366999745368958,
        0.7845999598503113,
        0.7838999629020691,
        0.7662999629974365,
        0.8597999811172485,
        0.8722999691963196,
        0.8922999501228333,
        0.8960999846458435,
        0.920699954032898,
        0.9339999556541443
    ],
    "epoch_losses": [
        1.443359375,
        1.2744140625,
        1.1875,
        1.130859375,
        1.125,
        1.0751953125,
        1.03515625,
        1.037109375,
        0.97119140625,
        0.94287109375
    ]
}