{
    "opt": {
        "train_epochs": 9.9,
        "batch_size": 1024,
        "lr": 11.5,
        "momentum": 0.85,
        "weight_decay": 0.0153,
        "bias_scaler": 64.0,
        "label_smoothing": 0.2,
        "whiten_bias_epochs": 3
    },
    "aug": {
        "flip": true,
        "translate": 2
    },
    "net": {
        "widths": {
            "block1": 64,
            "block2": 256,
            "block3": 256
        },
        "batchnorm_momentum": 0.6,
        "scaling_factor": 0.1111111111111111,
        "tta_level": 2
    },
    "random_seed": 99,
    "git_commit_hash": "85402c5c6fafc553256ddda6a38a5e86792e3fed",
    "elapsed_wclock_time": 4.08757763004303,
    "final acc": 0.9411999583244324,
    "last batch loss": 0.93896484375,
    "epoch_val_accs": [
        0.5789999961853027,
        0.7358999848365784,
        0.8162999749183655,
        0.8518999814987183,
        0.8593999743461609,
        0.8429999947547913,
        0.8833000063896179,
        0.9003999829292297,
        0.923799991607666,
        0.9322999715805054
    ],
    "epoch_losses": [
        1.44921875,
        1.24609375,
        1.1572265625,
        1.14453125,
        1.1484375,
        1.099609375,
        1.048828125,
        1.0283203125,
        0.9619140625,
        0.93896484375
    ]
}