{
    "opt": {
        "train_epochs": 9.9,
        "batch_size": 1024,
        "lr": 11.5,
        "momentum": 0.85,
        "weight_decay": 0.0153,
        "bias_scaler": 64.0,
        "label_smoothing": 0.2,
        "whiten_bias_epochs": 3
    },
    "aug": {
        "flip": true,
        "translate": 2
    },
    "net": {
        "widths": {
            "block1": 64,
            "block2": 256,
            "block3": 256
        },
        "batchnorm_momentum": 0.6,
        "scaling_factor": 0.1111111111111111,
        "tta_level": 2
    },
    "random_seed": 99,
    "git_commit_hash": "85402c5c6fafc553256ddda6a38a5e86792e3fed",
    "elapsed_wclock_time": 4.12045754647255,
    "final acc": 0.9404000043869019,
    "last batch loss": 0.94970703125,
    "epoch_val_accs": [
        0.6538000106811523,
        0.6958000063896179,
        0.798799991607666,
        0.7599999904632568,
        0.8543999791145325,
        0.8624999523162842,
        0.8885999917984009,
        0.8976999521255493,
        0.9230999946594238,
        0.9329999685287476
    ],
    "epoch_losses": [
        1.4560546875,
        1.2685546875,
        1.19921875,
        1.1513671875,
        1.1396484375,
        1.0791015625,
        1.060546875,
        1.0146484375,
        0.96240234375,
        0.94970703125
    ]
}