{
    "opt": {
        "train_epochs": 9.9,
        "batch_size": 1024,
        "lr": 11.5,
        "momentum": 0.85,
        "weight_decay": 0.0153,
        "bias_scaler": 64.0,
        "label_smoothing": 0.2,
        "whiten_bias_epochs": 3
    },
    "aug": {
        "flip": true,
        "translate": 2
    },
    "net": {
        "widths": {
            "block1": 64,
            "block2": 256,
            "block3": 256
        },
        "batchnorm_momentum": 0.6,
        "scaling_factor": 0.1111111111111111,
        "tta_level": 2
    },
    "random_seed": 99,
    "git_commit_hash": "85402c5c6fafc553256ddda6a38a5e86792e3fed",
    "elapsed_wclock_time": 4.166034969329834,
    "final acc": 0.9401999711990356,
    "last batch loss": 0.9482421875,
    "epoch_val_accs": [
        0.6446999907493591,
        0.717199981212616,
        0.7975999712944031,
        0.802899956703186,
        0.8637999892234802,
        0.7932999730110168,
        0.8940999507904053,
        0.9059000015258789,
        0.926099956035614,
        0.932699978351593
    ],
    "epoch_losses": [
        1.439453125,
        1.2783203125,
        1.2099609375,
        1.15234375,
        1.1328125,
        1.0908203125,
        1.0341796875,
        1.0263671875,
        0.96923828125,
        0.9482421875
    ]
}