{
    "opt": {
        "train_epochs": 9.9,
        "batch_size": 1024,
        "lr": 11.5,
        "momentum": 0.85,
        "weight_decay": 0.0153,
        "bias_scaler": 64.0,
        "label_smoothing": 0.2,
        "whiten_bias_epochs": 3
    },
    "aug": {
        "flip": true,
        "translate": 2
    },
    "net": {
        "widths": {
            "block1": 64,
            "block2": 256,
            "block3": 256
        },
        "batchnorm_momentum": 0.6,
        "scaling_factor": 0.1111111111111111,
        "tta_level": 2
    },
    "random_seed": 99,
    "git_commit_hash": "85402c5c6fafc553256ddda6a38a5e86792e3fed",
    "elapsed_wclock_time": 4.130545724391937,
    "final acc": 0.9420999884605408,
    "last batch loss": 0.94189453125,
    "epoch_val_accs": [
        0.6365999579429626,
        0.6843999624252319,
        0.736799955368042,
        0.7556999921798706,
        0.8337999582290649,
        0.8508999943733215,
        0.8912999629974365,
        0.8982999920845032,
        0.9217000007629395,
        0.9325999617576599
    ],
    "epoch_losses": [
        1.4658203125,
        1.2841796875,
        1.234375,
        1.1435546875,
        1.083984375,
        1.0771484375,
        1.044921875,
        1.0263671875,
        0.958984375,
        0.94189453125
    ]
}