{
    "opt": {
        "train_epochs": 9.9,
        "batch_size": 1024,
        "lr": 11.5,
        "momentum": 0.85,
        "weight_decay": 0.0153,
        "bias_scaler": 64.0,
        "label_smoothing": 0.2,
        "whiten_bias_epochs": 3
    },
    "aug": {
        "flip": true,
        "translate": 2
    },
    "net": {
        "widths": {
            "block1": 64,
            "block2": 256,
            "block3": 256
        },
        "batchnorm_momentum": 0.6,
        "scaling_factor": 0.1111111111111111,
        "tta_level": 2
    },
    "random_seed": 99,
    "git_commit_hash": "85402c5c6fafc553256ddda6a38a5e86792e3fed",
    "elapsed_wclock_time": 4.03214325785637,
    "final acc": 0.9405999779701233,
    "last batch loss": 0.95263671875,
    "epoch_val_accs": [
        0.6893999576568604,
        0.7536999583244324,
        0.7597999572753906,
        0.8327999711036682,
        0.8794999718666077,
        0.880899965763092,
        0.8840999603271484,
        0.9047999978065491,
        0.917199969291687,
        0.9307999610900879
    ],
    "epoch_losses": [
        1.3935546875,
        1.23046875,
        1.19140625,
        1.1865234375,
        1.130859375,
        1.103515625,
        1.0537109375,
        1.0048828125,
        0.986328125,
        0.95263671875
    ]
}