{
    "opt": {
        "train_epochs": 9.9,
        "batch_size": 1024,
        "lr": 11.5,
        "momentum": 0.85,
        "weight_decay": 0.0153,
        "bias_scaler": 64.0,
        "label_smoothing": 0.2,
        "whiten_bias_epochs": 3
    },
    "aug": {
        "flip": true,
        "translate": 2
    },
    "net": {
        "widths": {
            "block1": 64,
            "block2": 256,
            "block3": 256
        },
        "batchnorm_momentum": 0.6,
        "scaling_factor": 0.1111111111111111,
        "tta_level": 2
    },
    "random_seed": 99,
    "git_commit_hash": "85402c5c6fafc553256ddda6a38a5e86792e3fed",
    "elapsed_wclock_time": 4.093489453077316,
    "final acc": 0.9401999711990356,
    "last batch loss": 0.94189453125,
    "epoch_val_accs": [
        0.7071999907493591,
        0.7102000117301941,
        0.726099967956543,
        0.8093999624252319,
        0.8385999798774719,
        0.8351999521255493,
        0.8540999889373779,
        0.8930000066757202,
        0.9215999841690063,
        0.9323999881744385
    ],
    "epoch_losses": [
        1.4287109375,
        1.2880859375,
        1.18359375,
        1.169921875,
        1.1279296875,
        1.099609375,
        1.041015625,
        1.0126953125,
        0.96923828125,
        0.94189453125
    ]
}