{
    "opt": {
        "train_epochs": 9.9,
        "batch_size": 1024,
        "lr": 11.5,
        "momentum": 0.85,
        "weight_decay": 0.0153,
        "bias_scaler": 64.0,
        "label_smoothing": 0.2,
        "whiten_bias_epochs": 3
    },
    "aug": {
        "flip": true,
        "translate": 2
    },
    "net": {
        "widths": {
            "block1": 64,
            "block2": 256,
            "block3": 256
        },
        "batchnorm_momentum": 0.6,
        "scaling_factor": 0.1111111111111111,
        "tta_level": 2
    },
    "random_seed": 99,
    "git_commit_hash": "85402c5c6fafc553256ddda6a38a5e86792e3fed",
    "elapsed_wclock_time": 4.157706521749496,
    "final acc": 0.9408999681472778,
    "last batch loss": 0.9462890625,
    "epoch_val_accs": [
        0.4992999732494354,
        0.7911999821662903,
        0.7791000008583069,
        0.8138999938964844,
        0.8393999934196472,
        0.8729999661445618,
        0.8912000060081482,
        0.9043999910354614,
        0.9238999485969543,
        0.9337999820709229
    ],
    "epoch_losses": [
        1.451171875,
        1.248046875,
        1.197265625,
        1.1640625,
        1.1123046875,
        1.0986328125,
        1.0546875,
        1.013671875,
        0.97314453125,
        0.9462890625
    ]
}