{
    "opt": {
        "train_epochs": 9.9,
        "batch_size": 1024,
        "lr": 11.5,
        "momentum": 0.85,
        "weight_decay": 0.0153,
        "bias_scaler": 64.0,
        "label_smoothing": 0.2,
        "whiten_bias_epochs": 3
    },
    "aug": {
        "flip": true,
        "translate": 2
    },
    "net": {
        "widths": {
            "block1": 64,
            "block2": 256,
            "block3": 256
        },
        "batchnorm_momentum": 0.6,
        "scaling_factor": 0.1111111111111111,
        "tta_level": 2
    },
    "random_seed": 99,
    "git_commit_hash": "85402c5c6fafc553256ddda6a38a5e86792e3fed",
    "elapsed_wclock_time": 4.0726569762229925,
    "final acc": 0.9375999569892883,
    "last batch loss": 0.94287109375,
    "epoch_val_accs": [
        0.6613999605178833,
        0.676099956035614,
        0.7938999533653259,
        0.8240000009536743,
        0.847000002861023,
        0.871399998664856,
        0.8745999932289124,
        0.8880999684333801,
        0.9204999804496765,
        0.9311999678611755
    ],
    "epoch_losses": [
        1.435546875,
        1.302734375,
        1.19140625,
        1.130859375,
        1.12890625,
        1.091796875,
        1.04296875,
        1.0205078125,
        0.96826171875,
        0.94287109375
    ]
}