{
    "opt": {
        "train_epochs": 9.9,
        "batch_size": 1024,
        "lr": 11.5,
        "momentum": 0.85,
        "weight_decay": 0.0153,
        "bias_scaler": 64.0,
        "label_smoothing": 0.2,
        "whiten_bias_epochs": 3
    },
    "aug": {
        "flip": true,
        "translate": 2
    },
    "net": {
        "widths": {
            "block1": 64,
            "block2": 256,
            "block3": 256
        },
        "batchnorm_momentum": 0.6,
        "scaling_factor": 0.1111111111111111,
        "tta_level": 2
    },
    "random_seed": 99,
    "git_commit_hash": "85402c5c6fafc553256ddda6a38a5e86792e3fed",
    "elapsed_wclock_time": 4.039540321588516,
    "final acc": 0.9388999938964844,
    "last batch loss": 0.935546875,
    "epoch_val_accs": [
        0.6845999956130981,
        0.7723000049591064,
        0.7846999764442444,
        0.8550999760627747,
        0.8520999550819397,
        0.863599956035614,
        0.8883999586105347,
        0.8942999839782715,
        0.9196999669075012,
        0.9320999979972839
    ],
    "epoch_losses": [
        1.41015625,
        1.2412109375,
        1.1826171875,
        1.1484375,
        1.1435546875,
        1.09765625,
        1.0634765625,
        1.0244140625,
        0.98583984375,
        0.935546875
    ]
}