{
    "opt": {
        "train_epochs": 9.9,
        "batch_size": 1024,
        "lr": 11.5,
        "momentum": 0.85,
        "weight_decay": 0.0153,
        "bias_scaler": 64.0,
        "label_smoothing": 0.2,
        "whiten_bias_epochs": 3
    },
    "aug": {
        "flip": true,
        "translate": 2
    },
    "net": {
        "widths": {
            "block1": 64,
            "block2": 256,
            "block3": 256
        },
        "batchnorm_momentum": 0.6,
        "scaling_factor": 0.1111111111111111,
        "tta_level": 2
    },
    "random_seed": 99,
    "git_commit_hash": "85402c5c6fafc553256ddda6a38a5e86792e3fed",
    "elapsed_wclock_time": 4.15243469786644,
    "final acc": 0.9402999877929688,
    "last batch loss": 0.9541015625,
    "epoch_val_accs": [
        0.6791999936103821,
        0.7080000042915344,
        0.7019999623298645,
        0.8007999658584595,
        0.8539999723434448,
        0.871999979019165,
        0.8662999868392944,
        0.9089999794960022,
        0.9218999743461609,
        0.9312999844551086
    ],
    "epoch_losses": [
        1.42578125,
        1.259765625,
        1.216796875,
        1.15234375,
        1.140625,
        1.091796875,
        1.04296875,
        1.0244140625,
        0.962890625,
        0.9541015625
    ]
}