{
    "opt": {
        "train_epochs": 9.9,
        "batch_size": 1024,
        "lr": 11.5,
        "momentum": 0.85,
        "weight_decay": 0.0153,
        "bias_scaler": 64.0,
        "label_smoothing": 0.2,
        "whiten_bias_epochs": 3
    },
    "aug": {
        "flip": true,
        "translate": 2
    },
    "net": {
        "widths": {
            "block1": 64,
            "block2": 256,
            "block3": 256
        },
        "batchnorm_momentum": 0.6,
        "scaling_factor": 0.1111111111111111,
        "tta_level": 2
    },
    "random_seed": 99,
    "git_commit_hash": "85402c5c6fafc553256ddda6a38a5e86792e3fed",
    "elapsed_wclock_time": 4.157836579799652,
    "final acc": 0.9390999674797058,
    "last batch loss": 0.935546875,
    "epoch_val_accs": [
        0.6657999753952026,
        0.727899968624115,
        0.7423999905586243,
        0.8511999845504761,
        0.8319000005722046,
        0.8804000020027161,
        0.8923999667167664,
        0.906499981880188,
        0.9218999743461609,
        0.9333999752998352
    ],
    "epoch_losses": [
        1.451171875,
        1.2890625,
        1.1826171875,
        1.1396484375,
        1.1259765625,
        1.0615234375,
        1.029296875,
        1.0166015625,
        0.9619140625,
        0.935546875
    ]
}