{
    "opt": {
        "train_epochs": 9.9,
        "batch_size": 1024,
        "lr": 11.5,
        "momentum": 0.85,
        "weight_decay": 0.0153,
        "bias_scaler": 64.0,
        "label_smoothing": 0.2,
        "whiten_bias_epochs": 3
    },
    "aug": {
        "flip": true,
        "translate": 2
    },
    "net": {
        "widths": {
            "block1": 64,
            "block2": 256,
            "block3": 256
        },
        "batchnorm_momentum": 0.6,
        "scaling_factor": 0.1111111111111111,
        "tta_level": 2
    },
    "random_seed": 99,
    "git_commit_hash": "85402c5c6fafc553256ddda6a38a5e86792e3fed",
    "elapsed_wclock_time": 4.249505432128905,
    "final acc": 0.9402999877929688,
    "last batch loss": 0.94287109375,
    "epoch_val_accs": [
        0.6759999990463257,
        0.7055000066757202,
        0.8032999634742737,
        0.8129000067710876,
        0.833899974822998,
        0.8619999885559082,
        0.8831999897956848,
        0.9009999632835388,
        0.916700005531311,
        0.9330999851226807
    ],
    "epoch_losses": [
        1.435546875,
        1.2412109375,
        1.2197265625,
        1.150390625,
        1.1357421875,
        1.0947265625,
        1.048828125,
        1.0126953125,
        0.96435546875,
        0.94287109375
    ]
}