{
    "opt": {
        "train_epochs": 9.9,
        "batch_size": 1024,
        "lr": 11.5,
        "momentum": 0.85,
        "weight_decay": 0.0153,
        "bias_scaler": 64.0,
        "label_smoothing": 0.2,
        "whiten_bias_epochs": 3
    },
    "aug": {
        "flip": true,
        "translate": 2
    },
    "net": {
        "widths": {
            "block1": 64,
            "block2": 256,
            "block3": 256
        },
        "batchnorm_momentum": 0.6,
        "scaling_factor": 0.1111111111111111,
        "tta_level": 2
    },
    "random_seed": 99,
    "git_commit_hash": "85402c5c6fafc553256ddda6a38a5e86792e3fed",
    "elapsed_wclock_time": 4.164708653211594,
    "final acc": 0.9382999539375305,
    "last batch loss": 0.943359375,
    "epoch_val_accs": [
        0.6549999713897705,
        0.527899980545044,
        0.7896999716758728,
        0.8247999548912048,
        0.85589998960495,
        0.8348000049591064,
        0.8826999664306641,
        0.8996999859809875,
        0.9185000061988831,
        0.9323999881744385
    ],
    "epoch_losses": [
        1.42578125,
        1.322265625,
        1.189453125,
        1.1806640625,
        1.1064453125,
        1.0966796875,
        1.0517578125,
        1.02734375,
        0.96923828125,
        0.943359375
    ]
}