{
    "opt": {
        "train_epochs": 9.9,
        "batch_size": 1024,
        "lr": 11.5,
        "momentum": 0.85,
        "weight_decay": 0.0153,
        "bias_scaler": 64.0,
        "label_smoothing": 0.2,
        "whiten_bias_epochs": 3
    },
    "aug": {
        "flip": true,
        "translate": 2
    },
    "net": {
        "widths": {
            "block1": 64,
            "block2": 256,
            "block3": 256
        },
        "batchnorm_momentum": 0.6,
        "scaling_factor": 0.1111111111111111,
        "tta_level": 2
    },
    "random_seed": 99,
    "git_commit_hash": "85402c5c6fafc553256ddda6a38a5e86792e3fed",
    "elapsed_wclock_time": 4.034048900604248,
    "final acc": 0.9405999779701233,
    "last batch loss": 0.9345703125,
    "epoch_val_accs": [
        0.6768999695777893,
        0.769599974155426,
        0.8359999656677246,
        0.8179999589920044,
        0.850600004196167,
        0.8335999846458435,
        0.8867999911308289,
        0.8912999629974365,
        0.9221999645233154,
        0.9323999881744385
    ],
    "epoch_losses": [
        1.4423828125,
        1.2421875,
        1.19140625,
        1.1748046875,
        1.146484375,
        1.0849609375,
        1.041015625,
        1.0244140625,
        0.98291015625,
        0.9345703125
    ]
}