{
    "opt": {
        "train_epochs": 9.9,
        "batch_size": 1024,
        "lr": 11.5,
        "momentum": 0.85,
        "weight_decay": 0.0153,
        "bias_scaler": 64.0,
        "label_smoothing": 0.2,
        "whiten_bias_epochs": 3
    },
    "aug": {
        "flip": true,
        "translate": 2
    },
    "net": {
        "widths": {
            "block1": 64,
            "block2": 256,
            "block3": 256
        },
        "batchnorm_momentum": 0.6,
        "scaling_factor": 0.1111111111111111,
        "tta_level": 2
    },
    "random_seed": 99,
    "git_commit_hash": "85402c5c6fafc553256ddda6a38a5e86792e3fed",
    "elapsed_wclock_time": 4.123781005859375,
    "final acc": 0.9396999478340149,
    "last batch loss": 0.9365234375,
    "epoch_val_accs": [
        0.655299961566925,
        0.7434999942779541,
        0.7662999629974365,
        0.8068999648094177,
        0.7865999937057495,
        0.8624999523162842,
        0.887499988079071,
        0.9034000039100647,
        0.9196999669075012,
        0.9322999715805054
    ],
    "epoch_losses": [
        1.4521484375,
        1.30859375,
        1.173828125,
        1.1376953125,
        1.1474609375,
        1.103515625,
        1.0458984375,
        1.017578125,
        0.97265625,
        0.9365234375
    ]
}