{
    "opt": {
        "train_epochs": 9.9,
        "batch_size": 1024,
        "lr": 11.5,
        "momentum": 0.85,
        "weight_decay": 0.0153,
        "bias_scaler": 64.0,
        "label_smoothing": 0.2,
        "whiten_bias_epochs": 3
    },
    "aug": {
        "flip": true,
        "translate": 2
    },
    "net": {
        "widths": {
            "block1": 64,
            "block2": 256,
            "block3": 256
        },
        "batchnorm_momentum": 0.6,
        "scaling_factor": 0.1111111111111111,
        "tta_level": 2
    },
    "random_seed": 99,
    "git_commit_hash": "85402c5c6fafc553256ddda6a38a5e86792e3fed",
    "elapsed_wclock_time": 4.040857116699219,
    "final acc": 0.9393999576568604,
    "last batch loss": 0.94921875,
    "epoch_val_accs": [
        0.6399999856948853,
        0.6527000069618225,
        0.8007999658584595,
        0.7324000000953674,
        0.8387999534606934,
        0.8578999638557434,
        0.8878999948501587,
        0.9001999497413635,
        0.9194999933242798,
        0.9309999942779541
    ],
    "epoch_losses": [
        1.4150390625,
        1.31640625,
        1.193359375,
        1.1904296875,
        1.1279296875,
        1.080078125,
        1.03515625,
        1.015625,
        0.97509765625,
        0.94921875
    ]
}