{
    "opt": {
        "train_epochs": 9.9,
        "batch_size": 1024,
        "lr": 11.5,
        "momentum": 0.85,
        "weight_decay": 0.0153,
        "bias_scaler": 64.0,
        "label_smoothing": 0.2,
        "whiten_bias_epochs": 3
    },
    "aug": {
        "flip": true,
        "translate": 2
    },
    "net": {
        "widths": {
            "block1": 64,
            "block2": 256,
            "block3": 256
        },
        "batchnorm_momentum": 0.6,
        "scaling_factor": 0.1111111111111111,
        "tta_level": 2
    },
    "random_seed": 99,
    "git_commit_hash": "85402c5c6fafc553256ddda6a38a5e86792e3fed",
    "elapsed_wclock_time": 4.130189643859863,
    "final acc": 0.9388999938964844,
    "last batch loss": 0.9482421875,
    "epoch_val_accs": [
        0.6791999936103821,
        0.8032000064849854,
        0.8136999607086182,
        0.7831999659538269,
        0.833299994468689,
        0.8036999702453613,
        0.871999979019165,
        0.8986999988555908,
        0.9188999533653259,
        0.9335999488830566
    ],
    "epoch_losses": [
        1.4482421875,
        1.2236328125,
        1.16796875,
        1.15625,
        1.142578125,
        1.09765625,
        1.0771484375,
        1.0185546875,
        0.974609375,
        0.9482421875
    ]
}