{
    "opt": {
        "train_epochs": 9.9,
        "batch_size": 1024,
        "lr": 11.5,
        "momentum": 0.85,
        "weight_decay": 0.0153,
        "bias_scaler": 64.0,
        "label_smoothing": 0.2,
        "whiten_bias_epochs": 3
    },
    "aug": {
        "flip": true,
        "translate": 2
    },
    "net": {
        "widths": {
            "block1": 64,
            "block2": 256,
            "block3": 256
        },
        "batchnorm_momentum": 0.6,
        "scaling_factor": 0.1111111111111111,
        "tta_level": 2
    },
    "random_seed": 99,
    "git_commit_hash": "85402c5c6fafc553256ddda6a38a5e86792e3fed",
    "elapsed_wclock_time": 4.159314417362213,
    "final acc": 0.9409999847412109,
    "last batch loss": 0.9423828125,
    "epoch_val_accs": [
        0.6262999773025513,
        0.686199963092804,
        0.7827999591827393,
        0.835599958896637,
        0.8429999947547913,
        0.8399999737739563,
        0.8585999608039856,
        0.8700000047683716,
        0.9256999492645264,
        0.9340999722480774
    ],
    "epoch_losses": [
        1.44140625,
        1.2626953125,
        1.21484375,
        1.16796875,
        1.1015625,
        1.1123046875,
        1.0439453125,
        1.0166015625,
        0.970703125,
        0.9423828125
    ]
}