{
    "opt": {
        "train_epochs": 9.9,
        "batch_size": 1024,
        "lr": 11.5,
        "momentum": 0.85,
        "weight_decay": 0.0153,
        "bias_scaler": 64.0,
        "label_smoothing": 0.2,
        "whiten_bias_epochs": 3
    },
    "aug": {
        "flip": true,
        "translate": 2
    },
    "net": {
        "widths": {
            "block1": 64,
            "block2": 256,
            "block3": 256
        },
        "batchnorm_momentum": 0.6,
        "scaling_factor": 0.1111111111111111,
        "tta_level": 2
    },
    "random_seed": 99,
    "git_commit_hash": "85402c5c6fafc553256ddda6a38a5e86792e3fed",
    "elapsed_wclock_time": 4.149402000904084,
    "final acc": 0.939300000667572,
    "last batch loss": 0.947265625,
    "epoch_val_accs": [
        0.6275999546051025,
        0.778499960899353,
        0.7229999899864197,
        0.8226999640464783,
        0.8622999787330627,
        0.836899995803833,
        0.8860999941825867,
        0.8932999968528748,
        0.9210000038146973,
        0.9316999912261963
    ],
    "epoch_losses": [
        1.4345703125,
        1.2451171875,
        1.197265625,
        1.1494140625,
        1.134765625,
        1.0947265625,
        1.0263671875,
        1.0029296875,
        0.96044921875,
        0.947265625
    ]
}