{
    "opt": {
        "train_epochs": 9.9,
        "batch_size": 1024,
        "lr": 11.5,
        "momentum": 0.85,
        "weight_decay": 0.0153,
        "bias_scaler": 64.0,
        "label_smoothing": 0.2,
        "whiten_bias_epochs": 3
    },
    "aug": {
        "flip": true,
        "translate": 2
    },
    "net": {
        "widths": {
            "block1": 64,
            "block2": 256,
            "block3": 256
        },
        "batchnorm_momentum": 0.6,
        "scaling_factor": 0.1111111111111111,
        "tta_level": 2
    },
    "random_seed": 99,
    "git_commit_hash": "85402c5c6fafc553256ddda6a38a5e86792e3fed",
    "elapsed_wclock_time": 4.163975229740143,
    "final acc": 0.9424999952316284,
    "last batch loss": 0.94482421875,
    "epoch_val_accs": [
        0.7053999900817871,
        0.4876999855041504,
        0.8187999725341797,
        0.8055999875068665,
        0.8483999967575073,
        0.8517999649047852,
        0.8913999795913696,
        0.8978999853134155,
        0.9233999848365784,
        0.9327999949455261
    ],
    "epoch_losses": [
        1.400390625,
        1.3125,
        1.1904296875,
        1.169921875,
        1.134765625,
        1.0849609375,
        1.068359375,
        1.04296875,
        0.9775390625,
        0.94482421875
    ]
}