{
    "opt": {
        "train_epochs": 9.9,
        "batch_size": 1024,
        "lr": 11.5,
        "momentum": 0.85,
        "weight_decay": 0.0153,
        "bias_scaler": 64.0,
        "label_smoothing": 0.2,
        "whiten_bias_epochs": 3
    },
    "aug": {
        "flip": true,
        "translate": 2
    },
    "net": {
        "widths": {
            "block1": 64,
            "block2": 256,
            "block3": 256
        },
        "batchnorm_momentum": 0.6,
        "scaling_factor": 0.1111111111111111,
        "tta_level": 2
    },
    "random_seed": 99,
    "git_commit_hash": "85402c5c6fafc553256ddda6a38a5e86792e3fed",
    "elapsed_wclock_time": 4.082341510057449,
    "final acc": 0.9370999932289124,
    "last batch loss": 0.94970703125,
    "epoch_val_accs": [
        0.6367999911308289,
        0.6703000068664551,
        0.7586999535560608,
        0.8183000087738037,
        0.8561999797821045,
        0.8443999886512756,
        0.8865999579429626,
        0.8937000036239624,
        0.9182999730110168,
        0.9325999617576599
    ],
    "epoch_losses": [
        1.4638671875,
        1.306640625,
        1.2099609375,
        1.1474609375,
        1.119140625,
        1.080078125,
        1.04296875,
        1.01171875,
        0.97021484375,
        0.94970703125
    ]
}