{
    "opt": {
        "train_epochs": 9.9,
        "batch_size": 1024,
        "lr": 11.5,
        "momentum": 0.85,
        "weight_decay": 0.0153,
        "bias_scaler": 64.0,
        "label_smoothing": 0.2,
        "whiten_bias_epochs": 3
    },
    "aug": {
        "flip": true,
        "translate": 2
    },
    "net": {
        "widths": {
            "block1": 64,
            "block2": 256,
            "block3": 256
        },
        "batchnorm_momentum": 0.6,
        "scaling_factor": 0.1111111111111111,
        "tta_level": 2
    },
    "random_seed": 99,
    "git_commit_hash": "85402c5c6fafc553256ddda6a38a5e86792e3fed",
    "elapsed_wclock_time": 4.073532020807266,
    "final acc": 0.9404000043869019,
    "last batch loss": 0.9501953125,
    "epoch_val_accs": [
        0.7161999940872192,
        0.6977999806404114,
        0.8341999650001526,
        0.8330999612808228,
        0.8474999666213989,
        0.8723999857902527,
        0.8865000009536743,
        0.9003999829292297,
        0.9151999950408936,
        0.9348999857902527
    ],
    "epoch_losses": [
        1.427734375,
        1.2822265625,
        1.166015625,
        1.1640625,
        1.11328125,
        1.0869140625,
        1.0390625,
        1.0224609375,
        0.990234375,
        0.9501953125
    ]
}