{
    "opt": {
        "train_epochs": 9.9,
        "batch_size": 1024,
        "lr": 11.5,
        "momentum": 0.85,
        "weight_decay": 0.0153,
        "bias_scaler": 64.0,
        "label_smoothing": 0.2,
        "whiten_bias_epochs": 3
    },
    "aug": {
        "flip": true,
        "translate": 2
    },
    "net": {
        "widths": {
            "block1": 64,
            "block2": 256,
            "block3": 256
        },
        "batchnorm_momentum": 0.6,
        "scaling_factor": 0.1111111111111111,
        "tta_level": 2
    },
    "random_seed": 99,
    "git_commit_hash": "85402c5c6fafc553256ddda6a38a5e86792e3fed",
    "elapsed_wclock_time": 4.157281121730804,
    "final acc": 0.9412999749183655,
    "last batch loss": 0.9404296875,
    "epoch_val_accs": [
        0.7077999711036682,
        0.8071999549865723,
        0.8122999668121338,
        0.8297999501228333,
        0.8547999858856201,
        0.8560999631881714,
        0.8614999651908875,
        0.8824999928474426,
        0.9215999841690063,
        0.9354999661445618
    ],
    "epoch_losses": [
        1.427734375,
        1.2353515625,
        1.2138671875,
        1.150390625,
        1.115234375,
        1.09375,
        1.0390625,
        1.0107421875,
        0.97021484375,
        0.9404296875
    ]
}