{
    "opt": {
        "train_epochs": 9.9,
        "batch_size": 1024,
        "lr": 11.5,
        "momentum": 0.85,
        "weight_decay": 0.0153,
        "bias_scaler": 64.0,
        "label_smoothing": 0.2,
        "whiten_bias_epochs": 3
    },
    "aug": {
        "flip": true,
        "translate": 2
    },
    "net": {
        "widths": {
            "block1": 64,
            "block2": 256,
            "block3": 256
        },
        "batchnorm_momentum": 0.6,
        "scaling_factor": 0.1111111111111111,
        "tta_level": 2
    },
    "random_seed": 99,
    "git_commit_hash": "85402c5c6fafc553256ddda6a38a5e86792e3fed",
    "elapsed_wclock_time": 4.1648174531459805,
    "final acc": 0.937999963760376,
    "last batch loss": 0.94287109375,
    "epoch_val_accs": [
        0.6388999819755554,
        0.5663999915122986,
        0.7673999667167664,
        0.8212999701499939,
        0.8521999716758728,
        0.875499963760376,
        0.8876999616622925,
        0.8928999900817871,
        0.9221999645233154,
        0.9318999648094177
    ],
    "epoch_losses": [
        1.408203125,
        1.2958984375,
        1.22265625,
        1.1357421875,
        1.1259765625,
        1.109375,
        1.0341796875,
        1.03515625,
        0.9755859375,
        0.94287109375
    ]
}