{
    "opt": {
        "train_epochs": 9.9,
        "batch_size": 1024,
        "lr": 11.5,
        "momentum": 0.85,
        "weight_decay": 0.0153,
        "bias_scaler": 64.0,
        "label_smoothing": 0.2,
        "whiten_bias_epochs": 3
    },
    "aug": {
        "flip": true,
        "translate": 2
    },
    "net": {
        "widths": {
            "block1": 64,
            "block2": 256,
            "block3": 256
        },
        "batchnorm_momentum": 0.6,
        "scaling_factor": 0.1111111111111111,
        "tta_level": 2
    },
    "random_seed": 99,
    "git_commit_hash": "85402c5c6fafc553256ddda6a38a5e86792e3fed",
    "elapsed_wclock_time": 4.167614295959472,
    "final acc": 0.9412999749183655,
    "last batch loss": 0.9384765625,
    "epoch_val_accs": [
        0.5852999687194824,
        0.7551999688148499,
        0.8258000016212463,
        0.8235999941825867,
        0.8478999733924866,
        0.8720999956130981,
        0.8646999597549438,
        0.8639999628067017,
        0.9179999828338623,
        0.9314999580383301
    ],
    "epoch_losses": [
        1.4560546875,
        1.2529296875,
        1.2021484375,
        1.16015625,
        1.140625,
        1.099609375,
        1.052734375,
        1.0224609375,
        0.96630859375,
        0.9384765625
    ]
}