{
    "opt": {
        "train_epochs": 9.9,
        "batch_size": 1024,
        "lr": 11.5,
        "momentum": 0.85,
        "weight_decay": 0.0153,
        "bias_scaler": 64.0,
        "label_smoothing": 0.2,
        "whiten_bias_epochs": 3
    },
    "aug": {
        "flip": true,
        "translate": 2
    },
    "net": {
        "widths": {
            "block1": 64,
            "block2": 256,
            "block3": 256
        },
        "batchnorm_momentum": 0.6,
        "scaling_factor": 0.1111111111111111,
        "tta_level": 2
    },
    "random_seed": 99,
    "git_commit_hash": "85402c5c6fafc553256ddda6a38a5e86792e3fed",
    "elapsed_wclock_time": 4.128021346569062,
    "final acc": 0.9407999515533447,
    "last batch loss": 0.94677734375,
    "epoch_val_accs": [
        0.6829000115394592,
        0.6991999745368958,
        0.7578999996185303,
        0.8201999664306641,
        0.8361999988555908,
        0.859499990940094,
        0.892799973487854,
        0.895799994468689,
        0.9200999736785889,
        0.9297999739646912
    ],
    "epoch_losses": [
        1.4482421875,
        1.263671875,
        1.1943359375,
        1.171875,
        1.12109375,
        1.09765625,
        1.046875,
        1.0087890625,
        0.9775390625,
        0.94677734375
    ]
}