{
    "opt": {
        "train_epochs": 9.9,
        "batch_size": 1024,
        "lr": 11.5,
        "momentum": 0.85,
        "weight_decay": 0.0153,
        "bias_scaler": 64.0,
        "label_smoothing": 0.2,
        "whiten_bias_epochs": 3
    },
    "aug": {
        "flip": true,
        "translate": 2
    },
    "net": {
        "widths": {
            "block1": 64,
            "block2": 256,
            "block3": 256
        },
        "batchnorm_momentum": 0.6,
        "scaling_factor": 0.1111111111111111,
        "tta_level": 2
    },
    "random_seed": 99,
    "git_commit_hash": "85402c5c6fafc553256ddda6a38a5e86792e3fed",
    "elapsed_wclock_time": 4.245595252990723,
    "final acc": 0.9399999976158142,
    "last batch loss": 0.93896484375,
    "epoch_val_accs": [
        0.6531999707221985,
        0.7840999960899353,
        0.7947999835014343,
        0.7785999774932861,
        0.8143999576568604,
        0.8696999549865723,
        0.8930999636650085,
        0.8987999558448792,
        0.9197999835014343,
        0.9321999549865723
    ],
    "epoch_losses": [
        1.47265625,
        1.2451171875,
        1.16796875,
        1.1484375,
        1.158203125,
        1.1025390625,
        1.033203125,
        1.00390625,
        0.97509765625,
        0.93896484375
    ]
}