{
    "opt": {
        "train_epochs": 9.9,
        "batch_size": 1024,
        "lr": 11.5,
        "momentum": 0.85,
        "weight_decay": 0.0153,
        "bias_scaler": 64.0,
        "label_smoothing": 0.2,
        "whiten_bias_epochs": 3
    },
    "aug": {
        "flip": true,
        "translate": 2
    },
    "net": {
        "widths": {
            "block1": 64,
            "block2": 256,
            "block3": 256
        },
        "batchnorm_momentum": 0.6,
        "scaling_factor": 0.1111111111111111,
        "tta_level": 2
    },
    "random_seed": 99,
    "git_commit_hash": "85402c5c6fafc553256ddda6a38a5e86792e3fed",
    "elapsed_wclock_time": 4.1269567399024965,
    "final acc": 0.9398999810218811,
    "last batch loss": 0.9462890625,
    "epoch_val_accs": [
        0.6933000087738037,
        0.7402999997138977,
        0.7167999744415283,
        0.7953999638557434,
        0.8235999941825867,
        0.8682000041007996,
        0.8668999671936035,
        0.8883000016212463,
        0.9199000000953674,
        0.9317999482154846
    ],
    "epoch_losses": [
        1.4169921875,
        1.28125,
        1.2275390625,
        1.142578125,
        1.15625,
        1.076171875,
        1.0341796875,
        1.0244140625,
        0.96240234375,
        0.9462890625
    ]
}