{
    "opt": {
        "train_epochs": 9.9,
        "batch_size": 1024,
        "lr": 11.5,
        "momentum": 0.85,
        "weight_decay": 0.0153,
        "bias_scaler": 64.0,
        "label_smoothing": 0.2,
        "whiten_bias_epochs": 3
    },
    "aug": {
        "flip": true,
        "translate": 2
    },
    "net": {
        "widths": {
            "block1": 64,
            "block2": 256,
            "block3": 256
        },
        "batchnorm_momentum": 0.6,
        "scaling_factor": 0.1111111111111111,
        "tta_level": 2
    },
    "random_seed": 99,
    "git_commit_hash": "85402c5c6fafc553256ddda6a38a5e86792e3fed",
    "elapsed_wclock_time": 4.162231396913529,
    "final acc": 0.9411999583244324,
    "last batch loss": 0.93994140625,
    "epoch_val_accs": [
        0.7214999794960022,
        0.7346000075340271,
        0.7735999822616577,
        0.827299952507019,
        0.8288999795913696,
        0.7883999943733215,
        0.8998000025749207,
        0.8949999809265137,
        0.9259999990463257,
        0.9320999979972839
    ],
    "epoch_losses": [
        1.4345703125,
        1.2578125,
        1.2109375,
        1.1533203125,
        1.12890625,
        1.1279296875,
        1.02734375,
        1.013671875,
        0.96337890625,
        0.93994140625
    ]
}