{
    "opt": {
        "train_epochs": 9.9,
        "batch_size": 1024,
        "lr": 11.5,
        "momentum": 0.85,
        "weight_decay": 0.0153,
        "bias_scaler": 64.0,
        "label_smoothing": 0.2,
        "whiten_bias_epochs": 3
    },
    "aug": {
        "flip": true,
        "translate": 2
    },
    "net": {
        "widths": {
            "block1": 64,
            "block2": 256,
            "block3": 256
        },
        "batchnorm_momentum": 0.6,
        "scaling_factor": 0.1111111111111111,
        "tta_level": 2
    },
    "random_seed": 99,
    "git_commit_hash": "85402c5c6fafc553256ddda6a38a5e86792e3fed",
    "elapsed_wclock_time": 4.158565313100815,
    "final acc": 0.9396999478340149,
    "last batch loss": 0.93896484375,
    "epoch_val_accs": [
        0.6398000121116638,
        0.7889999747276306,
        0.791700005531311,
        0.8363999724388123,
        0.837399959564209,
        0.8762999773025513,
        0.882099986076355,
        0.8983999490737915,
        0.9254999756813049,
        0.9340999722480774
    ],
    "epoch_losses": [
        1.4599609375,
        1.26171875,
        1.1787109375,
        1.1943359375,
        1.1220703125,
        1.0732421875,
        1.0341796875,
        1.0263671875,
        0.96728515625,
        0.93896484375
    ]
}