{
    "opt": {
        "train_epochs": 9.9,
        "batch_size": 1024,
        "lr": 11.5,
        "momentum": 0.85,
        "weight_decay": 0.0153,
        "bias_scaler": 64.0,
        "label_smoothing": 0.2,
        "whiten_bias_epochs": 3
    },
    "aug": {
        "flip": true,
        "translate": 2
    },
    "net": {
        "widths": {
            "block1": 64,
            "block2": 256,
            "block3": 256
        },
        "batchnorm_momentum": 0.6,
        "scaling_factor": 0.1111111111111111,
        "tta_level": 2
    },
    "random_seed": 99,
    "git_commit_hash": "85402c5c6fafc553256ddda6a38a5e86792e3fed",
    "elapsed_wclock_time": 4.0291941034793854,
    "final acc": 0.9408999681472778,
    "last batch loss": 0.93798828125,
    "epoch_val_accs": [
        0.6839999556541443,
        0.7353999614715576,
        0.758899986743927,
        0.7953000068664551,
        0.8341000080108643,
        0.8748999834060669,
        0.8907999992370605,
        0.9106999635696411,
        0.9232999682426453,
        0.9333999752998352
    ],
    "epoch_losses": [
        1.400390625,
        1.2744140625,
        1.2060546875,
        1.1787109375,
        1.1513671875,
        1.0869140625,
        1.0458984375,
        1.0283203125,
        0.95263671875,
        0.93798828125
    ]
}