{
    "opt": {
        "train_epochs": 9.9,
        "batch_size": 1024,
        "lr": 11.5,
        "momentum": 0.85,
        "weight_decay": 0.0153,
        "bias_scaler": 64.0,
        "label_smoothing": 0.2,
        "whiten_bias_epochs": 3
    },
    "aug": {
        "flip": true,
        "translate": 2
    },
    "net": {
        "widths": {
            "block1": 64,
            "block2": 256,
            "block3": 256
        },
        "batchnorm_momentum": 0.6,
        "scaling_factor": 0.1111111111111111,
        "tta_level": 2
    },
    "random_seed": 99,
    "git_commit_hash": "85402c5c6fafc553256ddda6a38a5e86792e3fed",
    "elapsed_wclock_time": 4.045342046737671,
    "final acc": 0.9417999982833862,
    "last batch loss": 0.94921875,
    "epoch_val_accs": [
        0.6940000057220459,
        0.7324000000953674,
        0.7950999736785889,
        0.7563999891281128,
        0.8607999682426453,
        0.842799961566925,
        0.8858999609947205,
        0.8865000009536743,
        0.9236999750137329,
        0.930899977684021
    ],
    "epoch_losses": [
        1.4453125,
        1.263671875,
        1.1767578125,
        1.1796875,
        1.1181640625,
        1.099609375,
        1.046875,
        1.0146484375,
        0.96875,
        0.94921875
    ]
}